的	50155.13
我	50147.83
你	39629.27
是	28253.52
了	28210.53
不	20543.44
在	12811.05
他	11853.78
我们	11080.02
好	9977.13
有	8618.15
这	8554.9
就	8246.34
会	7927.17
吗	7428.1
要	7114.18
什么	7050.42
说	6765.38
她	6600.39
想	6325.1
一	6069.96
很	5979.28
知道	5864.84
人	5810.26
吧	5785.52
那	5666.37
来	5519.32
都	5294.71
个	5184
能	4967.91
去	4860.53
没	4754.83
和	4483.86
他们	4187.02
到	4159.42
对	3958.83
也	3928.9
啊	3903.92
还	3884.93
把	3712.28
让	3690.67
做	3647.59
给	3494.19
一个	3479.53
上	3409.33
你们	3366.85
过	3350.21
没有	3226.48
得	3135.62
看	3056.83
真	3053.82
着	2983.65
事	2912.82
这个	2744.19
怎么	2657.98
现在	2626.8
可以	2360.84
点	2315.14
呢	2287.93
如果	2277.94
只	2167.08
别	2082.63
哦	2068.17
但	2034.22
被	1958.33
走	1945.3
太	1942.11
这样	1916.59
里	1886.22
跟	1877.36
告诉	1824.99
因为	1783.29
自己	1728.29
再	1684.82
听	1636.18
这里	1606.72
快	1595.1
谁	1573.4
但是	1571.49
多	1568.12
用	1563.08
时候	1555.33
下	1549.34
已经	1543.29
谢谢	1533.9
为什么	1522.16
觉得	1521.68
天	1510.14
像	1497.29
这么	1463.1
它	1461.37
从	1410.37
先生	1396.99
找	1390.52
最	1385.06
喜欢	1375.58
可	1374.9
为	1358.26
大	1343.24
可能	1324.25
需要	1322.4
是的	1317.87
死	1313.28
次	1307.83
出	1275.36
那么	1245.85
干	1241.59
那个	1234.61
嘿	1227.4
们	1191.12
话	1189.39
而	1173.92
么	1166.14
东西	1136.54
应该	1127.12
孩子	1110.19
起来	1109.06
所以	1103.36
这些	1095.05
才	1094.48
两	1090.43
错	1078.09
还有	1071.11
又	1060.05
小	1042.34
中	1039.21
叫	1032.83
嗯	1032.57
该	1018.56
等	1014
问题	994.56
一起	980.4
拿	964.66
更	961.44
开始	957.66
帮	947.73
打	930.74
爱	927.73
带	926.15
时间	915.24
年	913.6
请	912.11
回	902
工作	899.97
然后	886.89
当	882.92
见	874.61
钱	871.06
噢	870.14
一样	860.33
事情	839.91
就是	838.75
吃	832.07
所有	827.18
开	816.24
一下	809.95
家	805.63
非常	804.14
看到	798.38
希望	794.66
那些	788.46
哪	786.52
当然	784.37
也许	777.52
行	776
朋友	775.55
妈妈	766.99
相信	766.07
前	763.51
嗨	755.22
认为	754
将	743.62
这儿	739.99
今天	737.78
明白	737.6
一直	731.85
看看	724.93
车	714.65
时	699.69
杀	697.69
地方	696.29
不过	695.54
呃	677.69
发生	673.75
几	668.65
回来	668.42
准备	661.83
找到	659.62
后	656.34
爸爸	653.72
一切	647.13
抱歉	642.78
比	637.06
感觉	635.39
些	634.52
只是	632.35
怎么样	625.58
出来	624.15
不要	616.43
对不起	612.52
问	609.75
离开	606.89
一点	606.38
一定	604.33
起	603.07
还是	596.13
发现	589.45
所	587.69
住	584.32
件	583.31
正	582.36
而且	578.42
并	578.12
必须	575.92
意思	573.5
放	569.33
不错	564.29
肯定	552.4
电话	547.72
为了	544.74
搞	544.41
棒	544.11
第一	542.29
妈	539.85
地	536.84
进	525.66
那样	521.51
大家	520.41
新	515.43
您	515.08
向	513.29
一些	510.72
三	504.26
那里	500.29
以为	494.3
高兴	491.26
嘛	491.02
老	490.39
位	487.92
过来	483.6
掉	481.15
先	478.74
等等	474.59
生活	474.51
之	471.11
买	469.97
种	468.48
医生	467.38
最后	453.1
之前	452.71
伙计	449.02
手	447.44
任何	444.7
很多	443.38
哪儿	443.35
这种	435.66
上帝	435.37
女人	428.9
名字	427.32
认识	426.39
坐	423.41
今晚	422.64
其他	422.19
喝	417.45
记得	414.29
家伙	412.74
与	408.39
或者	405.32
写	405.08
穿	404.99
弄	404.63
过去	401.98
哪里	401.56
啦	398.52
却	397.84
算	397.57
担心	394.62
继续	394.11
送	393.84
女孩	393.39
以	390
玩	388.51
亲爱	381.05
下来	380.01
成	373.78
条	372.86
够	369.76
父亲	369.61
以前	369.37
跑	367.61
月	365.25
早	363.23
美国	363.23
长	362.87
完全	359.74
宝贝	356.22
号	353.6
枪	353.24
狗	351.99
可是	349.93
世界	349.4
小时	349.04
重要	348.08
谈	347.37
别人	346.18
男人	346.03
头	345.25
机会	344.92
岁	344.48
出去	343.52
活	343.08
看见	341.08
者	339.44
打电话	336.52
喂	336.43
好像	334.28
得到	333.51
警察	333.15
完	332.73
张	332.26
儿子	330.88
之后	330.85
漂亮	328.86
分钟	328.77
接	327.01
场	326.8
再见	326.65
求	325.04
刚	324.56
如何	324.3
比赛	319.74
呀	318.96
情况	318.16
变	315.38
关系	315
真是	314.76
女士	314.31
本	313.77
马上	310.4
决定	307.57
见到	307.54
根本	307.36
关于	306.02
那儿	305.67
难	305.67
只要	305.13
里面	303.55
每	302.68
份	302.68
到底	302.06
了解	301.88
明天	301.31
站	300.51
结束	299.58
公司	299.46
成为	299.23
永远	299.17
帮助	299.08
来说	298.87
多少	297.05
哇	296.63
名	296.6
它们	296.1
总	295.05
确定	294.78
有人	294.43
清楚	293.2
晚上	285.39
安全	284.41
怎样	284.05
没什么	281.76
块	279.16
回家	279.02
留	276.39
周	275.47
愿意	273.98
计划	273.32
爸	272.87
俩	269.39
停	269.12
不能	268.85
他妈的	268.46
说话	267.84
另	267.48
心	266.94
花	266.7
她们	265.66
有些	264.98
门	264.68
感谢	264.11
谈谈	262.92
定	261.16
于	260.15
以后	259.28
管	259.25
照片	258.95
每个	258.89
欢迎	258.57
敢	258.27
兄弟	257.28
从来	255.79
总是	254.93
嘴	253.77
跳	253.26
拜托	252.07
女儿	251.89
抓	251.29
小姐	251.08
动	250.58
赢	249.3
消息	248.79
女	248.7
忙	248.67
或许	247.86
如此	247.57
队	247
无法	245.21
房子	245.12
拉	245
衣服	242.35
听说	241.4
救	241.31
参加	240.89
办法	240.23
睡	239.4
唯一	239.16
回去	238.27
人们	238.18
晚	237.58
该死	235.64
闭	235.32
选择	235.05
坏	233.76
原因	233.38
下去	231.53
受	231.2
连	229.71
好好	229.65
全	229.32
确实	227.45
挺	226.64
此	226.4
水	225.98
混蛋	225.72
杯	224.79
保证	224.02
学校	223.63
卖	222.82
信	222.08
接受	221.9
改变	221.6
舞	221.19
看来	221.07
高	221.04
麻烦	219.87
出现	218.26
打算	218.06
电影	216.09
试	215.55
身上	215.46
房间	214.87
美	214.63
不管	214.18
书	213.2
特别	212.57
注意	212.51
球	212.27
查	212.27
忘	212.24
甚至	211.65
保护	211.47
真正	211.35
结果	211.2
表现	211.11
拍	210.93
姆	210.67
其实	210.66
小心	209.32
进来	208.64
路	208.46
呆	208.16
四	208.04
久	207.65
当时	206.73
或	206.64
懂	206.37
只有	206.16
怎么办	204.82
第	203.96
马	202.58
讲	202.26
绝对	202.17
长官	202.11
员	201.6
进去	201.42
至少	201.21
律师	201.12
喔	199.72
整个	199.6
听到	199.57
表演	198.47
正在	198.32
无	198.17
已	197.81
笑	197.58
选	197.31
感到	197.1
那边	195.91
远	195.85
儿	195.82
故事	195.28
疯	195.25
换	194.98
结婚	194.8
猜	194.39
咱们	194.33
床	193.91
处理	193.7
妻子	193.58
进行	193.31
内	191.85
是否	191.79
段	191.67
令	191.53
刚刚	191.44
案子	191.17
行动	190.93
第二	190.15
努力	189.59
害怕	189.17
酒	188.93
发	188.48
调查	188.37
失去	188.22
歌	188.07
成功	187.95
唱	187.8
考虑	187.65
刚才	187.2
约会	186.82
节目	186.4
通过	185.29
之间	185.18
别的	185.12
学	185.09
开心	184.88
母亲	184.67
辆	184.52
主意	183.15
探	183.03
丈夫	182.28
待	181.93
变成	181.93
倒	181.6
离	181.48
解释	181.48
往	181.33
万	179.78
联系	179.48
派	178.89
关	178.8
证明	178.47
句	178.38
五	175.96
生命	175.82
有点	175.79
靠	175.58
解决	175.52
办公室	175.34
难道	175.13
作为	174.8
奇怪	173.88
生	173.37
由	172.86
男	172.15
极了	172.03
同意	171.67
如	171.31
游戏	170.87
帮忙	170.66
指	170.48
危险	170.24
讨厌	169.65
曾经	169.59
眼睛	169.11
外面	167.02
处	166.25
国家	166.22
看上去	165.92
总统	165.41
间	165.35
伤害	165.02
控制	164.99
最近	164.91
声音	164.64
糟	164.34
快乐	164.1
偷	163.98
首	163.98
可爱	163.89
进入	163.65
能够	163.44
事实上	162.79
哈	162.76
醒	162.67
分	162.61
完成	162.46
部	162.04
昨晚	161.98
同	161
医院	160.7
不行	160.64
半	160.64
而已	160.64
上面	159.87
样子	159.09
少	158.73
有趣	157.87
提	157.48
没关系	157.27
斯	156.86
杰克	156.17
真的	156.05
部分	155.96
要求	155.52
糟糕	155.4
除了	153.43
容易	153.4
保持	153.34
虽然	153.25
办	153.19
教	152.83
想到	152.83
理解	152.77
证据	152.56
加	152.33
脸	151.82
简单	151.7
不同	151.64
夫人	151.49
父母	151.46
重	151.4
恩	151.22
曾	150.57
事实	149.91
飞机	149.64
家庭	149.55
象	149.37
装	149.23
秘密	149.08
法	148.96
尸体	148.87
打开	148.72
季	148.06
检查	148.06
早上	147.65
玩笑	147.05
任务	146.93
现场	146.57
使	146.51
转	145.59
博士	145.5
直到	145.05
紧张	144.72
二	144.55
简直	144.37
放弃	143.77
小子	143.62
电视	143.56
强	143.5
不好意思	143.23
大概	143.2
的确	143.17
特	142.85
药	142.73
回到	142.7
男孩	142.46
音乐	142.37
身体	142.01
血	141.56
留下	140.7
方式	140.43
伤	140.37
怪	140.25
美元	140.13
监狱	139.24
莉	139.19
读	138.94
这边	138.64
重新	138.23
瞧	138.14
疯狂	138.08
收到	137.27
其中	137.21
片	137.03
想法	136.35
纽约	136.11
家里	136.02
黑	136.02
身	134.92
还要	134.86
作	134.17
后面	134.14
性	133.93
带来	133.9
昨天	133.64
不好	133.61
抓住	133.58
记录	133.55
点儿	133.31
老兄	133.16
来自	133.01
越	132.86
大学	132.8
照顾	132.68
太太	132.12
聪明	131.61
本来	131.61
加油	131.49
实际上	131.46
甜	131.16
怕	131.01
多久	130.92
并且	130.83
直接	130.65
对于	130.36
记	130.33
突然	130.15
啥	130.15
开枪	130.12
声	128.63
除非	128.15
集	128
店	127.97
酷	127.85
正常	127.61
死亡	127.41
终于	127.38
拥有	127.2
警	126.48
船	126.48
付	126.24
派对	126.12
遍	125.74
步	125.44
不再	125.35
鬼	125.26
咖啡	125.05
傻	124.96
阻止	124.57
想象	124.51
冷静	124.48
方法	124.42
犯	123.56
扔	123.56
祝	123.29
能力	123.29
完美	123.23
克	123.05
口	123.02
目标	122.9
娜	122.88
耶	122.81
日	122.64
有关	122.28
精神	122.19
另外	122.16
放松	121.98
丢	121.86
休息	121.47
每天	121.38
回答	121.32
凶手	121.15
负责	121.03
命	121.03
外	120.97
碰	120.88
介意	120.82
梦	120.82
试试	120.79
那天	120.22
系统	119.21
睡觉	119.21
滚	119
谋杀	118.91
礼物	118.88
那种	118.85
戴	118.85
各位	118.7
错误	118.61
子	118.4
随便	118.37
头发	117.9
藏	117.24
关心	117.03
底	117
干吗	116.97
兴趣	116.91
情	116.7
报告	116.61
从没	116.47
替	116.44
面	116.44
经历	116.29
六	116.2
飞	116.08
老师	115.63
气	115.18
不用	115.03
小孩	115.03
人类	114.97
冲	114.83
自由	114.71
支持	114.5
星期	114.38
脚	114.35
很快	114.35
毁	114.35
生气	114.11
建议	113.84
做到	113.78
套	113.75
哭	113.66
屁股	113.39
生日	113.28
晚安	113.16
否则	113.16
画	113.13
病	113.07
线	113.01
啡	113
光	112.65
安排	112.56
神	112.56
年轻	112.56
操	112.53
下面	112.41
姑娘	112.23
道	111.99
按	111.84
钥匙	111.81
法官	111.76
包	111.73
腿	111.7
自	111.58
选手	111.25
信息	111.04
整	110.53
投票	110.32
哥哥	110.29
手术	110.15
必要	110.15
身边	110.12
知	109.91
任何人	109.46
票	109.22
撒谎	109.19
武器	108.92
痛苦	108.74
全部	108.36
手机	108.33
忘记	108.27
存在	108.12
首先	108.03
组	108
照	107.82
交	107.73
以及	107.61
十	107.61
台	107.43
搬	107.25
个人	107.22
代表	106.9
坚持	106.84
意义	106.72
楼	106.72
承认	106.57
发誓	106.42
理由	106.42
显然	106.3
局	106.21
政府	105.79
这次	105.76
生意	105.7
眼	105.5
火	105.41
遇到	105.41
猫	105.05
即使	104.81
记住	104.75
到处	104.66
幸运	104.33
卡	104.21
洗	104.18
那时	104.15
干什么	104.09
事儿	104
混	103.8
犯罪	103.41
挂	103.23
跳舞	103.11
白痴	102.72
信任	102.57
新闻	102.57
未来	102.54
道歉	102.51
可怜	102.19
实在	102.13
骗	101.92
加入	101.89
病人	101.77
案	101.71
根	101.65
吓	101.59
治疗	101.32
原谅	101.32
行为	101.23
比较	100.99
边	100.9
双	100.87
婚礼	100.79
弟弟	100.64
组织	100.55
想想	100.49
见面	100.34
经常	100.28
城市	99.83
老板	99.83
合作	99.68
来到	99.59
一会儿	99.53
乱	99.32
词	99.29
尔	99.18
超	99.18
差不多	99.15
支	99
老婆	98.97
中心	98.91
可怕	98.91
笔	98.82
满	98.7
假	98.67
明显	98.55
研究	98.52
意识	98.37
附近	98.37
同性恋	98.31
打扰	98.13
好运	98.04
线索	97.39
面前	97.3
消失	97.27
妹妹	97.24
正确	97.15
位置	96.97
答应	96.61
收	96.49
砸	96.34
街	95.96
电脑	95.69
区	95.33
撞	94.97
借	94.94
秒	94.61
似乎	94.11
放下	94.08
力量	93.9
命令	93.81
同时	93.75
提供	93.69
威胁	93.63
输	93.54
号码	93.48
日子	93.48
座	93.36
比如	93.01
哪个	93.01
剩下	92.95
严重	92.71
感	92.35
享受	92.29
战争	92.26
恭喜	92.2
杀死	92.2
其	92.02
影响	91.96
利用	91.75
恨	91.72
杀人	91.31
脱	91.28
陪	91.19
失踪	90.95
认真	90.86
真相	90.8
法律	90.74
训练	90.59
米	90.44
值得	90.41
阿	90.35
主	90.32
有意思	90.29
热	90.17
使用	89.93
差	89.91
方面	89.88
银行	89.52
恐怖	89.25
尽	88.86
原来	88.83
警官	88.77
性感	88.62
自杀	88.5
酒吧	88.47
讨论	88.41
同样	88.21
身份	88.06
说明	88.03
什么样	88.03
安静	87.97
岛	87.94
模特	87.91
多么	87.79
足够	87.79
饿	87.73
学生	87.7
红	87.4
鸡	87.37
养	87.31
下午	87.28
仍然	87.1
一旦	87.1
追	86.92
动作	86.92
谢	86.89
意味着	86.83
受到	86.66
群	86.54
之一	86.48
因	86.45
约	86.36
第三	86.36
赶	86.21
面对	86.18
怀疑	86.09
慢	86.06
居然	86.03
就要	85.94
拒绝	85.85
家人	85.85
雷	85.64
演员	85.58
烧	85.46
真实	85.4
交易	85.31
破	85.22
停止	85.14
人生	85.02
清	84.9
因此	84.84
恶心	84.84
受伤	84.72
夜	84.57
婊子	84.33
属于	84.27
舞蹈	83.88
根据	83.85
几乎	83.7
算是	83.65
演	83.62
尼	83.53
答案	83.5
出色	83.44
目前	83.41
活动	83.26
锁	83.17
梦想	83.17
最终	83.08
大人	82.99
再次	82.99
既然	82.96
人员	82.9
英雄	82.84
坐下	82.78
感受	82.72
副	82.69
事件	82.69
吻	82.66
罪	82.27
逃	82.24
通知	82.15
不得不	82.15
无论	82.09
放开	82.07
刀	81.71
后来	81.68
愿	81.65
适合	81.56
允许	81.5
失望	81.5
意见	81.26
获得	81.14
要是	81.05
近	80.99
数	80.69
公寓	80.66
文件	80.43
只能	80.01
白	80.01
寻找	80.01
攻击	79.8
烂	79.77
不然	79.32
邀请	79.32
尽管	79.2
姐姐	79.14
浪费	78.82
多谢	78.73
女朋友	78.73
动物	78.58
一半	78.49
某个	78.46
躲	78.46
为何	78.4
要么	78.34
逼	78.28
欠	78.19
轮	78.07
试图	78.04
反应	77.86
西	77.68
一边	77.33
听见	77.27
舒服	77.21
失败	77.21
通	77.21
有时	77.12
一般	77.09
蛋	77.03
介绍	77
意外	76.88
字	76.67
入	76.61
责任	76.58
食物	76.34
洛杉矶	76.34
遗憾	76.31
反正	76.28
杀手	76.28
设计	76.25
封	76.25
赢得	76.16
正是	76.13
证人	75.86
美丽	75.83
压力	75.75
味道	75.54
淘汰	75.54
鱼	75.48
厉害	75.48
射	75.42
室	75.3
醉	75.24
蠢	75.24
未	75.12
德	75
私人	74.97
某	74.88
出发	74.79
伟大	74.64
兴奋	74.64
观众	74.61
臭	74.49
达	74.37
自从	74.34
钟	74.2
子弹	74.17
垃圾	74.08
叔叔	74.08
男朋友	73.87
疼	73.84
毒品	73.72
签	73.6
不必	73.57
反对	73.57
颗	73.39
停下	73.3
肉	73.21
测试	73.12
精彩	73.12
金	73
感情	72.91
有时候	72.82
袭击	72.79
演出	72.65
一生	72.65
不在乎	72.62
朝	72.62
呼吸	72.59
明星	72.56
机	72.38
城	72.38
超级	72.35
灵魂	72.29
破坏	72.23
只不过	72.2
房	72.05
愉快	72.02
爆炸	71.93
迟到	71.93
带走	71.9
晚餐	71.78
开玩笑	71.72
角色	71.63
脑子	71.57
路上	71.51
见鬼	71.42
杂志	71.39
秀	71.24
服务	71.15
合适	71.1
学习	71.1
顿	71.01
便	70.95
包括	70.83
累	70.8
汽车	70.74
时刻	70.44
单	70.38
广告	70.26
哥们	70.23
英国	70.2
样	69.9
笨蛋	69.9
冷	69.84
圾	69.75
相当	69.72
投	69.69
闻	69.66
公平	69.63
玩意	69.58
及	69.55
鞋	69.52
屁	69.52
盯	69.43
自然	69.4
堆	69.34
历史	69.31
深	69.28
取	69.22
法庭	69.22
俱乐部	69.07
通常	69.04
拯救	68.98
差点	68.86
啤酒	68.86
咬	68.68
短	68.65
地球	68.35
紧	68.35
透	68.26
受害者	68.2
力	67.91
愚蠢	67.85
炸弹	67.61
帅	67.61
踢	67.55
联邦	67.4
评委	67.16
客气	67.1
造成	67.1
经过	67.1
周末	67.07
星	67.07
信号	67.07
跟踪	67.04
推	67.04
喝酒	67.04
关键	67.01
下次	67.01
充满	67.01
断	66.95
其它	66.89
再说	66.83
空	66.83
抱	66.74
究竟	66.71
美好	66.68
班	66.62
架	66.59
圣	66.59
恐怕	66.56
准	66.45
抢	66.42
课	66.36
习惯	66.27
现实	66.27
做出	66.24
上班	66.21
躺	66.18
越来越	66.06
山	65.97
名单	65.94
不幸	65.82
恢复	65.79
确认	65.76
聚会	65.76
怀孕	65.76
公园	65.76
绑架	65.55
部落	65.49
肯	65.46
资料	65.31
干净	65.25
婚姻	65.19
痛	65.16
亲	64.98
教堂	64.87
皮	64.78
鸟	64.75
爽	64.75
健康	64.63
客户	64.63
圈	64.63
脑袋	64.54
不够	64.48
嘘	64.42
前面	64.33
分手	64.33
方向	64.27
心理	64.15
幸福	64.12
树	64.09
救命	64.06
接着	64.06
项	63.97
疯子	63.88
赛	63.76
将军	63.73
技术	63.67
吃饭	63.64
传	63.58
困难	63.55
不许	63.49
某种	63.49
记忆	63.43
乐队	63.37
紧急	63.37
高中	63.34
听听	63.2
正好	63.08
州	63.08
毫无	63.02
提醒	62.99
旅行	62.96
惊喜	62.87
拿走	62.87
接近	62.84
逮捕	62.72
吵	62.57
旁边	62.54
激动	62.48
骄傲	62.42
而是	62.36
利	62.36
牌	62.33
八	62.3
成员	62.24
监视	62.12
女性	62
权利	61.97
说谎	61.94
圣诞	61.79
黑人	61.79
警方	61.74
法国	61.68
毛	61.65
错过	61.59
警告	61.53
老天	61.5
吉	61.47
惹	61.47
酒店	61.44
抽	61.23
之类	61.17
王	61.17
冠军	61.02
尝试	60.96
教练	60.9
常	60.81
对方	60.69
随时	60.69
弹	60.6
敌人	60.54
搭档	60.45
从未	60.45
帐	60.36
谈话	60.3
度	60.3
背	60.3
节	60.19
排	60.07
约翰	60.07
许多	60.04
人物	60.04
头儿	60.01
叫做	60.01
猪	59.95
感激	59.92
随	59.62
中国	59.44
牛	59.32
瓶	59.29
蛋糕	59.23
吸	59.2
顺利	59.17
死者	59.14
傻瓜	59.05
英里	58.99
嫁	58.99
挑战	58.93
死去	58.84
上去	58.81
七	58.78
职业	58.58
菜	58.52
改	58.49
地址	58.4
意	58.4
赚	58.4
不少	58.31
地狱	58.16
于是	58.13
自我	58.13
非	58.07
对付	58.07
好事	58.04
唔	58.04
元	57.98
祈祷	57.98
编	57.92
收拾	57.86
客人	57.8
状态	57.77
战	57.71
亚	57.65
周围	57.59
报道	57.56
戏	57.5
参与	57.38
运动	57.32
彼此	57.23
荣幸	57.2
会议	57.17
到达	57.14
爬	57.11
赌	57.11
显示	57.08
队伍	57.06
立刻	57.03
绝不	57
舞台	56.97
吐	56.97
奶奶	56.94
配	56.91
取消	56.88
离婚	56.85
等待	56.85
爱情	56.82
尽力	56.82
十分	56.64
尊重	56.64
教授	56.58
去年	56.55
语	56.4
超过	56.37
丝	56.34
开车	56.28
仍	56.22
寄	56.22
器	56.22
聊	56.16
指纹	56.01
庆祝	55.98
住手	55.95
娘	55.86
偶像	55.83
同志	55.83
裤子	55.77
军队	55.74
假装	55.74
想起	55.71
侦探	55.71
狂	55.71
拖	55.36
实验室	55.24
顺便	55.24
吹	55
害	54.94
或是	54.91
修	54.91
在乎	54.85
无聊	54.82
状况	54.79
目的	54.7
恶魔	54.67
确保	54.64
心脏	54.55
似的	54.46
舞会	54.43
急	54.43
风	54.37
耍	54.37
罗	54.34
家族	54.31
慢慢	54.25
低	54.25
剩	54.22
战斗	54.16
饭	54.04
脑	54.01
复杂	54.01
社会	53.81
烦	53.78
故意	53.75
邻居	53.75
今年	53.72
调	53.69
心里	53.69
展示	53.69
意大利	53.66
起诉	53.63
哥	53.6
好人	53.6
国王	53.6
长大	53.57
类	53.48
交给	53.36
瑞	53.33
尿	53.3
屎	53.27
陪审团	53.18
项目	53.15
集中	53.06
实话	53.06
表情	53
冒险	52.97
好处	52.94
格	52.94
左	52.85
海	52.82
吸血鬼	52.76
胜利	52.73
竟然	52.67
普通	52.61
官	52.58
直	52.52
表示	52.49
印象	52.4
出生	52.26
进展	52.23
估计	52.11
乐	52.08
地点	52.05
经理	52.02
轻松	51.99
乐意	51.99
作用	51.84
右	51.81
举	51.81
安	51.78
期待	51.75
师	51.69
小伙子	51.69
保险	51.66
天使	51.66
落	51.66
难以置信	51.63
录	51.63
单独	51.63
反	51.6
队长	51.6
著名	51.54
理	51.54
日本	51.51
专家	51.48
为止	51.45
具	51.39
墨西哥	51.36
旅馆	51.33
邪恶	51.27
赶快	51.21
不知	51.18
更加	51.18
层	51.15
挖	51.15
好几	51.09
风格	51.06
免费	51.06
追踪	51
伤心	51
每次	51
报纸	50.97
机器	50.94
式	50.94
塞	50.91
解雇	50.77
颜色	50.77
好莱坞	50.74
无关	50.71
时光	50.68
记者	50.65
方	50.62
尽快	50.62
价值	50.59
仔细	50.56
巧克力	50.47
女生	50.38
挑	50.35
辣	50.35
互相	50.32
切	50.32
招	50.32
炸	50.29
墙	50.29
流	50.17
厕所	50.14
无辜	50.11
彻底	50.08
搭	50.05
相	50.02
权	49.96
翻	49.96
摆	49.9
过程	49.87
上次	49.84
申请	49.72
压	49.69
手上	49.69
烤	49.66
请求	49.63
原	49.54
圣诞节	49.54
某些	49.51
人民	49.51
恐惧	49.45
谈论	49.36
命运	49.36
小组	49.33
引起	49.25
发展	49.19
分子	49.16
白人	49.04
惊讶	48.98
灯	48.98
桌子	48.92
巴	48.86
毕业	48.83
练习	48.8
黑暗	48.74
机场	48.71
事业	48.71
稍	48.65
仅	48.56
不可思议	48.5
结	48.5
爷爷	48.44
会儿	48.44
正式	48.38
厨房	48.38
特殊	48.26
扯	48.2
专业	48.14
老实	48.14
晚饭	48.08
吸引	48.02
年代	48.02
士兵	48.02
蓝	47.99
以来	47.87
心情	47.84
难过	47.84
型	47.81
呐	47.78
报	47.78
屋子	47.75
制造	47.75
全都	47.69
打赌	47.55
中间	47.52
退	47.49
唱歌	47.43
冒	47.4
伦敦	47.37
至	47.34
特工	47.28
镇	47.28
停车	47.19
奖	47.19
雇	47.19
冰	47.16
戒指	47.16
回头	47.16
洞	47.13
祝贺	47.13
案件	47.04
条件	46.98
若	46.95
作品	46.95
手里	46.92
爱上	46.86
则	46.8
档案	46.74
千万	46.74
去世	46.71
靠近	46.71
一刻	46.59
应	46.53
饼	46.53
规则	46.47
接到	46.44
付出	46.41
队员	46.32
帽子	46.29
协议	46.29
说服	46.26
上周	46.26
何	46.26
电	46.23
司机	46.2
搜查	46.17
产生	46.14
千	46.09
布	46.06
时代	46.03
接触	46.03
卡车	46
抢劫	45.94
碰到	45.94
神父	45.88
规矩	45.85
洛	45.73
之中	45.7
火车	45.7
说实话	45.67
什	45.64
糖	45.61
旧	45.61
逃跑	45.61
灵	45.49
般	45.49
部门	45.49
基本	45.43
控	45.37
出租车	45.37
分析	45.34
代价	45.31
地区	45.28
背叛	45.28
趟	45.28
天堂	45.25
拍摄	45.25
年轻人	45.19
导致	45.19
脸上	45.19
对待	45.16
主人	45.16
表	45.1
释放	45.04
困	44.89
大街	44.89
箱子	44.86
耶稣	44.83
由于	44.83
宣布	44.77
乔	44.65
执行	44.62
物	44.56
报警	44.56
不对	44.54
密码	44.45
红色	44.45
骗子	44.39
货	44.3
空间	44.27
折磨	44.18
油	44.06
尸	43.94
留言	43.88
熊	43.82
想念	43.79
而言	43.79
值	43.79
倍	43.76
擦	43.67
尤其	43.64
卷	43.64
经验	43.61
盒子	43.61
艘	43.58
干杯	43.58
看法	43.55
大脑	43.55
共	43.52
罪犯	43.49
不到	43.46
问问	43.43
干掉	43.37
指控	43.34
星球	43.34
录像	43.22
刺	43.19
程序	43.19
情报	43.19
炒	43.19
情绪	43.1
今	43.1
怪物	43.1
创造	43.1
杀害	43.07
内心	43.04
暴力	42.93
脏	42.9
走开	42.87
事故	42.84
艺术	42.81
满意	42.81
大多数	42.78
速度	42.72
神经	42.72
汤姆	42.72
牺牲	42.66
勇敢	42.63
愤怒	42.57
合	42.51
奇	42.48
数字	42.48
咪	42.48
纸	42.45
地上	42.42
范围	42.42
称	42.42
骑	42.42
尽量	42.42
太阳	42.3
午餐	42.3
提出	42.3
暂时	42.27
据	42.27
午饭	42.27
优秀	42.12
亲自	42.09
迟	42.06
歌曲	42.06
婴儿	42
极	41.97
兰	41.94
笑话	41.94
可惜	41.94
响	41.88
石头	41.88
英尺	41.82
屋	41.76
省	41.76
细节	41.73
顶	41.73
科学	41.7
迷	41.7
笨	41.7
塔	41.7
有的	41.67
道理	41.64
船长	41.61
撒	41.58
歌手	41.58
上校	41.58
运气	41.55
主要	41.52
烟	41.49
同事	41.49
餐厅	41.49
喊	41.49
各	41.46
魔	41.46
美女	41.41
距离	41.35
毒	41.26
讲话	41.23
有所	41.23
制作	41.23
莱	41.2
摔	41.2
街上	41.2
团队	41.05
早就	40.99
鼻子	40.96
相处	40.96
罢了	40.93
绝	40.9
归	40.9
度过	40.9
拳	40.84
关注	40.81
德国	40.78
大部分	40.75
窗户	40.75
奇迹	40.72
空气	40.69
护士	40.69
分享	40.6
萨	40.6
被捕	40.6
基	40.57
后悔	40.48
信仰	40.48
保安	40.45
变态	40.45
媒体	40.45
赶紧	40.42
匹	40.39
角	40.39
所谓	40.39
建立	40.36
印	40.33
无所谓	40.24
变化	40.21
表达	40.21
大约	40.18
东	40.15
一辈子	40.15
仅仅	40
华盛顿	39.97
造	39.97
姐妹	39.94
神秘	39.91
实现	39.91
市	39.88
维	39.86
瞧瞧	39.86
政治	39.86
症	39.83
第四	39.83
魔鬼	39.8
查理	39.74
孤独	39.74
蒂	39.74
内容	39.71
巨大	39.71
宝宝	39.65
惩罚	39.62
加上	39.59
开门	39.47
蓝色	39.44
退出	39.41
鬼魂	39.38
对手	39.38
前进	39.38
怎	39.38
乔治	39.35
神奇	39.32
牧师	39.29
年级	39.26
辜	39.26
代	39.23
登	39.23
环境	39.23
提到	39.23
杂种	39.23
刺激	39.2
我会	39.17
凭	39.14
规定	39.14
好多	39.11
雨	39.11
磅	39.08
警长	39.02
最佳	38.99
受害人	38.9
废话	38.75
效果	38.72
伤口	38.72
咯	38.6
魔法	38.48
独自	38.42
现金	38.39
夺	38.39
掌握	38.36
麦克	38.33
儿童	38.33
女孩子	38.31
强大	38.31
分开	38.25
租	38.22
杰	38.19
佬	38.16
承诺	38.16
脖子	38.13
检察官	38.13
好看	38.13
间谍	38.13
篇	38.07
玩具	38.04
车上	38.01
机器人	37.92
满足	37.89
打败	37.86
不见	37.83
确信	37.83
不管怎样	37.83
科	37.83
传统	37.83
浪漫	37.77
哼	37.68
念	37.68
巴黎	37.65
重复	37.62
和平	37.62
欣赏	37.62
留下来	37.59
天气	37.56
绑	37.53
守	37.5
一一	37.5
态度	37.44
尴尬	37.44
诺	37.41
你好	37.38
难以	37.35
林	37.35
支票	37.23
拼	37.23
好玩	37.17
早餐	37.17
茶	37.11
唯	37.08
自信	37.02
上学	36.99
放在	36.96
生物	36.96
理论	36.96
角度	36.87
年纪	36.87
轻	36.84
弗兰克	36.84
观察	36.81
九	36.78
老鼠	36.78
击	36.75
龙	36.73
埋	36.7
男友	36.67
盖	36.58
关掉	36.58
吃惊	36.58
大楼	36.55
移动	36.55
商店	36.49
妓女	36.49
不断	36.43
能量	36.43
解	36.4
熟悉	36.4
牙	36.4
闹	36.34
公主	36.34
有效	36.34
美金	36.34
滑	36.31
夜晚	36.28
清醒	36.28
指望	36.25
猜猜	36.25
感染	36.25
也就是说	36.25
露	36.25
抛弃	36.22
摸	36.22
单身	36.19
思考	36.19
板	36.16
好吃	36.07
女王	36.07
波	36.07
趴下	36.04
胖	36.04
认	36.01
勒	36.01
揍	35.95
地图	35.95
按照	35.95
美妙	35.95
失陪	35.92
关闭	35.89
擅长	35.89
幻想	35.83
药物	35.83
狼	35.83
模	35.8
忍受	35.8
面包	35.8
不仅仅	35.8
甩	35.77
伙伴	35.77
女友	35.77
世纪	35.74
大麻	35.71
插	35.71
比尔	35.71
达到	35.65
运	35.65
回忆	35.62
邮件	35.62
明	35.59
史	35.56
动手	35.53
妮	35.47
总之	35.38
英语	35.35
能否	35.35
可不	35.29
椅子	35.29
干活	35.29
鞋子	35.26
清理	35.26
相同	35.26
陛下	35.26
胜	35.23
完毕	35.23
箱	35.23
血液	35.23
大卫	35.18
无论如何	35.18
味	35.15
保佑	35.12
重点	35.12
在场	35.12
最高	35.09
需	35.09
体	35.03
上尉	35.03
不可	34.97
教育	34.94
谎言	34.94
遇见	34.94
耳朵	34.91
世上	34.91
葬礼	34.88
某人	34.85
拜	34.85
婚	34.82
城里	34.82
委员会	34.79
机构	34.79
亮	34.73
程度	34.67
碎	34.67
盘	34.67
裙子	34.67
即将	34.67
钻石	34.64
受不了	34.61
图	34.58
艰难	34.58
在于	34.58
教训	34.52
坦白	34.49
议员	34.49
全国	34.49
订	34.46
慈善	34.46
餐馆	34.46
夫	34.4
罗马	34.4
皮肤	34.37
部队	34.34
区别	34.34
背后	34.28
装置	34.25
全世界	34.25
权力	34.22
三明治	34.22
棒球	34.19
聊聊	34.13
新鲜	34.13
左右	34.1
放心	34.1
学会	34.07
费	34.04
痕迹	33.95
稳定	33.92
尊敬	33.89
河	33.83
司	33.83
区域	33.77
坚强	33.77
数据	33.77
玻璃	33.77
勇气	33.74
镜头	33.74
员工	33.65
保	33.62
联盟	33.62
扇	33.6
阳光	33.57
好奇	33.57
觉	33.54
审判	33.54
了不起	33.54
基地	33.48
砍	33.48
假设	33.48
聊天	33.45
之外	33.45
嫉妒	33.45
借口	33.42
土地	33.42
平	33.39
保姆	33.36
摇滚	33.36
放手	33.33
抱怨	33.3
注意力	33.3
页	33.21
承受	33.21
签名	33.18
时尚	33.12
的话	33.09
文章	33.09
打架	33.09
病毒	33.09
天赋	33.09
整天	33.09
海滩	33.06
设备	33
打击	32.94
泡	32.88
描述	32.88
神像	32.85
医疗	32.82
袋	32.82
类似	32.82
隐藏	32.79
硬	32.79
语言	32.76
标准	32.76
激情	32.76
注射	32.73
治	32.73
车子	32.73
阁下	32.64
当作	32.64
工	32.64
南	32.61
奥	32.58
许	32.55
娶	32.52
文	32.49
处于	32.43
犹太人	32.43
提要	32.43
投资	32.43
过分	32.43
对象	32.4
期	32.4
见见	32.4
一致	32.4
贴	32.37
转移	32.34
管理	32.34
保密	32.31
摆脱	32.31
助手	32.31
魅力	32.31
实验	32.28
误会	32.25
启动	32.22
哟	32.22
建	32.22
恋爱	32.22
小时候	32.19
话题	32.19
市场	32.13
栋	32.1
木	32.1
团	32.07
练	32.05
迷人	32.02
加州	32.02
桥	32.02
建筑	31.99
迪	31.96
举行	31.93
损失	31.93
码	31.93
王子	31.93
丹	31.87
退后	31.87
自豪	31.84
肚子	31.84
伊	31.81
开除	31.75
不仅	31.75
夏天	31.75
饼干	31.72
证	31.69
母	31.63
麦	31.6
可笑	31.6
热情	31.57
作证	31.54
好笑	31.54
说法	31.54
开口	31.54
国际	31.51
仪式	31.51
投入	31.48
成熟	31.45
恋	31.42
谋杀案	31.39
混乱	31.39
信心	31.39
当成	31.39
经	31.39
惨	31.36
联络	31.33
癌症	31.3
抬	31.3
爵士	31.3
表明	31.3
飞行	31.27
剑	31.21
幅	31.21
老公	31.21
注	31.18
天才	31.18
工具	31.15
骨头	31.15
送给	31.15
言	31.12
踩	31.12
忍	31.09
醒来	31.06
市长	31.06
男生	31.06
发射	31.03
之内	31.03
考试	31.03
生存	31
犯人	31
名人	30.97
海军	30.97
第五	30.94
假如	30.94
纹	30.88
结局	30.88
化	30.85
非法	30.82
合同	30.82
剪	30.82
竞争	30.82
小家伙	30.82
没事儿	30.79
争取	30.79
判	30.79
接下来	30.76
乔伊	30.73
胸	30.73
人人	30.73
车祸	30.7
当地	30.7
信用卡	30.67
早晨	30.64
滚开	30.61
微笑	30.61
人家	30.61
电梯	30.55
辈子	30.52
出口	30.52
左边	30.52
爆	30.52
托	30.52
动机	30.49
礼拜	30.49
蛇	30.49
乖	30.47
黑色	30.44
名叫	30.44
欺骗	30.44
监控	30.44
发出	30.41
拍照	30.41
船上	30.38
穿过	30.35
并非	30.35
彼得	30.35
做爱	30.35
同学	30.35
非洲	30.32
警报	30.29
出局	30.26
内部	30.23
人质	30.23
一会	30.2
扮演	30.17
北	30.14
服	30.11
系	30.11
姿势	30.11
宇宙	30.08
瞎	30.08
面试	30.02
汤	30.02
最新	29.99
丽	29.99
卧室	29.99
远离	29.99
剧本	29.96
请问	29.96
手指	29.93
盒	29.93
证实	29.9
哎	29.9
迈阿密	29.87
一路	29.84
游	29.78
姓	29.78
资格	29.78
作家	29.75
辞职	29.72
被告	29.72
钱包	29.72
客	29.72
诚实	29.69
贱人	29.69
合法	29.66
粉丝	29.63
级	29.6
谢天谢地	29.6
救救	29.6
搜索	29.57
好久	29.57
工厂	29.57
留给	29.54
走运	29.54
吸毒	29.54
独立	29.54
到来	29.51
查查	29.48
决赛	29.48
食	29.45
手段	29.45
扣	29.45
顾客	29.42
农场	29.39
网络	29.36
口袋	29.33
方便	29.3
时机	29.27
存	29.27
毛病	29.27
香	29.24
百	29.24
印度	29.21
交流	29.21
辩护	29.21
打扮	29.21
晕	29.21
黄	29.18
起码	29.18
嫌犯	29.15
公开	29.15
行李	29.12
玛丽	29.12
璃	29.12
宁愿	29.09
隐瞒	29.09
观点	29.06
地板	29.03
悲伤	29
尖叫	29
网上	29
说不定	29
小丑	28.97
剧	28.97
小说	28.94
年龄	28.94
交换	28.94
雪	28.86
符合	28.86
娅	28.82
拥抱	28.77
万一	28.77
社区	28.71
助理	28.68
发明	28.62
通话	28.62
贵	28.59
交通	28.59
演唱	28.53
重大	28.5
组合	28.5
思想	28.5
唱片	28.47
骑士	28.47
洗手间	28.47
哈哈	28.47
楼上	28.44
载	28.44
逮	28.41
圣诞老人	28.41
镜	28.41
针对	28.38
肥	28.38
一分	28.38
具体	28.32
版	28.32
领导	28.29
共同	28.29
曲	28.26
洗澡	28.26
针	28.26
填	28.14
稍微	28.14
饮料	28.08
公路	28.08
闪	28.05
铁	28.05
主题	28.05
海盗	28.05
一点儿	28.05
既	28.05
幸存者	28.02
增加	27.96
当中	27.96
牙齿	27.93
敲	27.9
绕	27.87
头脑	27.87
主任	27.87
直升机	27.84
渴望	27.81
领	27.81
校长	27.78
加拿大	27.78
驾驶	27.75
溜	27.75
全力	27.75
一团糟	27.72
太空	27.69
生病	27.66
艾	27.6
聚	27.6
适应	27.6
福尔摩斯	27.6
列	27.57
应付	27.57
物品	27.57
坏人	27.57
湿	27.54
撑	27.54
毁灭	27.48
诅咒	27.48
眼神	27.42
虫	27.39
古怪	27.36
财产	27.36
任	27.34
进攻	27.31
剂	27.25
伙	27.25
然而	27.22
辛苦	27.22
水平	27.22
发型	27.16
打断	27.16
报复	27.16
吵架	27.16
一整天	27.16
服装	27.13
敬	27.13
作业	27.13
高级	27.13
将来	27.1
耐心	27.1
欧洲	27.07
风险	27.07
挡	27.07
沙发	27.07
强奸	27.04
后果	27.01
移	27.01
拨	27.01
荒谬	27.01
即	27.01
个性	27.01
最好	26.98
男性	26.95
收集	26.95
交往	26.95
国	26.95
中尉	26.89
取得	26.89
卡尔	26.89
致命	26.89
引	26.86
卫星	26.86
期望	26.83
嘲笑	26.83
立即	26.83
避免	26.83
尬	26.81
松	26.8
供	26.8
保留	26.77
批	26.77
挤	26.74
各种	26.74
在家	26.74
眼前	26.74
捡	26.71
冒犯	26.71
禁止	26.71
持续	26.68
台上	26.68
纳	26.68
游泳	26.59
电子	26.59
没法	26.59
猴子	26.56
熟	26.56
娃娃	26.56
告	26.56
没事	26.56
经济	26.56
检	26.56
达成	26.53
芝加哥	26.53
夫妇	26.5
座位	26.5
学院	26.5
牛奶	26.47
逃走	26.47
获胜	26.44
一面	26.44
采取	26.41
毫无疑问	26.41
新娘	26.38
升	26.35
类型	26.35
购物	26.32
但愿	26.32
金属	26.29
绿色	26.29
抽烟	26.29
竞选	26.29
合理	26.29
检测	26.29
完蛋	26.26
期间	26.26
航班	26.26
暗	26.26
白色	26.23
心中	26.23
嘴里	26.23
库	26.23
小镇	26.2
产品	26.2
兵	26.2
精力	26.2
退休	26.2
亲密	26.17
礼貌	26.17
地下	26.17
胡说	26.17
老朋友	26.17
指挥	26.14
强壮	26.14
割	26.14
对劲	26.11
认出	26.11
制服	26.11
坏事	26.08
查出	26.05
丑	26.05
自动	26.05
法院	26.05
西班牙	26.02
直播	26.02
普	25.99
拜拜	25.99
提前	25.99
宗教	25.96
蠢货	25.96
坐牢	25.96
森	25.96
招呼	25.96
崩溃	25.96
依然	25.93
平静	25.93
乘	25.87
右边	25.87
内裤	25.84
不久	25.84
牢	25.81
冲浪	25.81
外套	25.79
大事	25.79
吓坏	25.79
掌	25.79
陷入	25.79
蹲	25.76
发表	25.73
回报	25.73
威尔	25.73
初	25.73
演讲	25.7
俄国	25.67
滴	25.67
底下	25.64
便宜	25.64
何时	25.64
戒	25.64
关门	25.61
经纪人	25.61
停车场	25.58
判断	25.58
成长	25.58
试验	25.55
丹尼	25.55
做梦	25.52
每年	25.49
奶酪	25.46
礼	25.46
陌生人	25.43
喷	25.43
抛	25.43
止	25.4
深刻	25.37
管用	25.37
军	25.34
地下室	25.34
划	25.34
流血	25.31
光临	25.31
密	25.28
衬衫	25.28
陛	25.26
金发	25.25
摧毁	25.25
胳膊	25.22
他人	25.19
俄罗斯	25.19
哥们儿	25.19
异常	25.16
色	25.13
疾病	25.13
职责	25.1
心脏病	25.1
公众	25.1
战士	25.1
展现	25.1
楼下	25.07
章	25.07
妞	25.04
大量	25.04
影	25.04
诗	25.01
李	24.98
门口	24.95
证词	24.95
斗	24.95
整理	24.95
森林	24.92
调查局	24.92
占	24.92
强迫	24.92
注定	24.89
暗示	24.89
手臂	24.86
前往	24.86
豁免	24.86
当事人	24.83
呼	24.83
咱	24.83
有空	24.83
百万	24.8
楼梯	24.8
唉	24.8
呼叫	24.8
同情	24.8
背景	24.77
下班	24.74
士	24.74
比如说	24.68
绝望	24.68
法语	24.68
救护车	24.68
防	24.65
野	24.65
全新	24.65
侠	24.65
西德	24.65
说说	24.62
湖	24.62
沮丧	24.62
模仿	24.62
事务所	24.59
灾难	24.59
采访	24.56
评价	24.53
你家	24.53
正义	24.53
网站	24.53
所在	24.53
参议员	24.53
凶器	24.5
局长	24.5
成绩	24.47
强烈	24.47
网	24.41
意味	24.38
垒	24.38
喜剧	24.35
殿下	24.32
碗	24.29
负	24.29
上课	24.29
荣誉	24.29
尝尝	24.29
考	24.29
设计师	24.26
挣	24.26
莫	24.24
违反	24.24
阶段	24.24
否认	24.24
商量	24.21
什么的	24.21
出于	24.18
蒙	24.18
站住	24.15
牛仔	24.15
尼克	24.15
香槟	24.15
偷走	24.09
艺术家	24.09
屋里	24.06
克莱尔	24.06
欧	24.03
技巧	24.03
情感	24
中央	23.97
提议	23.97
逃避	23.94
每周	23.94
罪名	23.91
街区	23.91
频道	23.88
时期	23.85
公共	23.85
物质	23.85
传说	23.85
射击	23.82
伸	23.82
音	23.82
即便	23.82
眼镜	23.82
愿望	23.79
屋顶	23.79
起床	23.79
兔子	23.76
大赛	23.76
形象	23.76
皮特	23.76
事物	23.76
袋子	23.76
鲍勃	23.73
发疯	23.7
以外	23.7
绳子	23.7
圣经	23.67
可能性	23.67
别无选择	23.67
血迹	23.64
美味	23.64
总部	23.64
阿姨	23.61
发挥	23.58
机密	23.58
主角	23.58
安娜	23.55
纪念	23.55
全球	23.55
警察局	23.55
倒霉	23.55
胸部	23.52
劲	23.49
恶	23.49
旁	23.49
忠诚	23.49
胡子	23.49
大哥	23.46
小妞	23.46
橄榄球	23.46
体内	23.46
拔	23.46
外星人	23.43
毕竟	23.43
走廊	23.4
墙上	23.4
症状	23.34
当初	23.34
道德	23.34
骨	23.31
睡着	23.31
萄	23.31
安慰	23.28
宝	23.28
系列	23.28
有着	23.28
趣	23.25
肌肉	23.25
保重	23.22
科学家	23.22
快要	23.19
震惊	23.19
娱乐	23.19
反抗	23.16
噩梦	23.16
心灵	23.13
应得	23.13
奶	23.13
掩护	23.04
睁	23.01
土	23.01
镜子	23.01
情人	22.95
经典	22.95
活力	22.95
父	22.92
职	22.92
图书馆	22.89
显得	22.89
谎	22.89
死刑	22.89
进步	22.86
追求	22.86
爱尔兰	22.86
亨利	22.83
苹果	22.83
南方	22.83
天生	22.83
傻子	22.83
浴室	22.8
求婚	22.8
传奇	22.8
杆	22.77
苦	22.77
料	22.74
枚	22.71
喽	22.71
石	22.71
会见	22.68
走路	22.66
手中	22.66
想见	22.63
涂	22.63
伊拉克	22.6
不止	22.6
顾问	22.57
障碍	22.57
危机	22.54
趁	22.54
敏感	22.54
博物馆	22.51
周五	22.48
摄像机	22.48
失	22.48
打破	22.45
手下	22.45
文化	22.42
马克	22.42
遵守	22.39
飞船	22.39
保守	22.36
维持	22.36
主管	22.36
刮	22.36
绿	22.33
主义	22.33
常常	22.3
摄影师	22.27
煮	22.24
营地	22.24
承担	22.21
指挥官	22.21
凶	22.21
大厅	22.18
缺	22.18
泰	22.18
出事	22.18
打扫	22.18
拆	22.18
希腊	22.18
花园	22.18
四处	22.18
术	22.18
订婚	22.18
世	22.15
豁免权	22.15
郡	22.15
草	22.15
遭	22.15
罐	22.12
广播	22.12
西班牙语	22.12
威士忌	22.12
厌倦	22.12
大声	22.09
天空	22.09
粘	22.06
妙	22.06
本地	22.06
冰箱	22.03
沙	22.03
万岁	22.03
合伙人	22
视频	22
答	22
治安	21.97
穿着	21.97
出卖	21.97
标记	21.97
全身	21.97
专门	21.97
外科	21.94
钢琴	21.94
会面	21.94
女郎	21.94
复仇	21.94
数学	21.91
至于	21.91
商	21.91
篮球	21.88
登记	21.88
尝	21.88
骂	21.88
护	21.85
指导	21.85
界	21.85
诊所	21.82
流行	21.82
材料	21.82
揭晓	21.82
不安	21.79
昏迷	21.79
帮帮	21.79
搜	21.79
午夜	21.76
相关	21.76
身材	21.73
汤米	21.73
讽刺	21.7
齐	21.67
凌晨	21.67
校	21.67
侮辱	21.67
海岸	21.67
晋级	21.64
直觉	21.64
兹	21.61
作出	21.61
古	21.55
保罗	21.52
废物	21.52
暴露	21.52
绅士	21.49
虫子	21.49
台词	21.46
地盘	21.43
公民	21.43
抓紧	21.43
看起来	21.43
鸡蛋	21.43
残忍	21.4
摄像头	21.37
关上	21.37
播	21.37
造型	21.37
孩儿	21.37
对话	21.34
圆	21.34
不论	21.34
镇上	21.31
我家	21.28
小姑娘	21.28
沉默	21.28
详细	21.28
严肃	21.25
嫌疑犯	21.25
钻	21.25
迹象	21.25
神圣	21.25
空中	21.22
度假	21.22
整整	21.22
航空	21.22
探长	21.22
开火	21.19
仓库	21.19
吉他	21.16
码头	21.16
庭	21.13
顺	21.13
散	21.13
随着	21.13
放到	21.11
巧合	21.11
山姆	21.08
怀	21.05
配合	21.05
称呼	21.05
女子	21.05
具有	21.02
好样	21.02
大不了	21.02
刚好	21.02
本人	21.02
补偿	20.99
忏悔	20.99
跟着	20.99
明早	20.99
第六	20.99
自行车	20.99
喜	20.96
休	20.93
犹太	20.93
逗	20.93
标志	20.93
现	20.93
患	20.9
蜘蛛	20.9
狗屁	20.9
汉堡	20.9
着急	20.87
冲动	20.87
带子	20.87
演奏	20.84
亲眼	20.84
善	20.81
富有	20.81
幻觉	20.78
封面	20.78
赚钱	20.78
缠	20.78
羊	20.78
周六	20.75
偷偷	20.75
对抗	20.72
城堡	20.72
蛮	20.72
降落	20.69
巧	20.69
杀人犯	20.66
平常	20.66
摇	20.66
按摩	20.66
本身	20.66
疑犯	20.66
奴隶	20.63
熬	20.63
赶上	20.63
吓人	20.63
枪击	20.6
迈克尔	20.6
功夫	20.6
乡村	20.6
完整	20.57
苏格兰	20.57
在意	20.57
嘴巴	20.54
老大	20.54
大道	20.51
拜访	20.51
迈克	20.51
詹姆斯	20.51
相互	20.51
样本	20.48
决不	20.48
黑帮	20.48
肩膀	20.45
宣传	20.45
严格	20.45
奖励	20.45
悲剧	20.42
买卖	20.42
交谈	20.42
引擎	20.36
遇	20.36
膝盖	20.36
印第安	20.33
谈判	20.33
股	20.33
形	20.33
瘦	20.33
医学	20.3
以下	20.3
日记	20.3
蕾	20.3
隔壁	20.3
运动员	20.27
商业	20.27
食品	20.27
自私	20.27
解开	20.24
下手	20.24
乖乖	20.24
闯进	20.24
提高	20.24
晚点	20.24
宰	20.24
其他人	20.18
贼	20.18
沙漠	20.18
档	20.18
凯文	20.15
亿	20.15
手套	20.15
偶尔	20.15
种族	20.12
必	20.12
色情	20.12
宫	20.12
面临	20.12
等于	20.12
赶到	20.09
当心	20.09
入侵	20.09
经营	20.06
出席	20.06
量	20.06
课程	20.06
字母	20.03
家长	20.03
萝	20.03
舌头	20.03
消灭	20
胖子	20
仔	19.97
项链	19.97
实际	19.97
缝	19.97
乐趣	19.97
得知	19.97
虐待	19.94
舔	19.94
幕	19.94
面具	19.94
快速	19.94
预约	19.94
比利	19.94
电视台	19.91
起飞	19.91
友好	19.88
薪水	19.88
哈里	19.85
相反	19.85
惊	19.82
没用	19.82
波士顿	19.79
劝	19.76
资金	19.76
室友	19.76
做好	19.76
明晚	19.76
原则	19.76
妹	19.76
理智	19.76
哪怕	19.76
封锁	19.73
夹	19.73
诉讼	19.73
吞	19.73
高度	19.7
纪录	19.7
玉米	19.7
基因	19.7
上司	19.7
宠物	19.67
灰	19.67
晚会	19.67
瞒	19.67
广场	19.64
职位	19.61
称为	19.61
黄色	19.61
可恶	19.58
星星	19.58
踏	19.58
一百	19.58
扎	19.55
制	19.55
确切	19.55
族	19.55
支援	19.55
限制	19.55
找回	19.55
之下	19.53
肮脏	19.53
大夫	19.5
澡	19.5
无数	19.5
排练	19.5
评论	19.47
与众不同	19.47
烫	19.47
善良	19.47
可悲	19.44
不准	19.44
基金	19.44
球队	19.44
友谊	19.41
侧	19.41
餐	19.38
出门	19.38
王八	19.35
大会	19.32
位子	19.32
不会	19.32
上场	19.32
投降	19.32
表面	19.32
击中	19.29
欢呼	19.29
足	19.29
主席	19.29
准确	19.29
智慧	19.29
灵感	19.23
漫画	19.23
莎拉	19.23
性爱	19.23
易	19.23
饭店	19.23
主动	19.23
平时	19.2
钉	19.17
对面	19.14
囚犯	19.14
骗人	19.14
且	19.14
联合	19.14
异	19.11
角落	19.11
漏	19.11
预言	19.11
大师	19.08
气氛	19.08
批准	19.08
静	19.08
脾气	19.05
碎片	19.05
无罪	19.05
逃脱	19.05
价格	19.05
策略	19.05
老头	19.05
嘻	19.05
可靠	19.02
领先	19.02
装备	19.02
体验	19.02
亲爱的	19.02
妳	19.02
素	19.02
坏蛋	19.02
中午	18.99
录音	18.99
照看	18.99
阿门	18.99
货车	18.96
得分	18.96
编辑	18.93
忘掉	18.93
性格	18.93
流氓	18.93
独舞	18.93
优势	18.93
声明	18.93
馅饼	18.93
行事	18.93
临时	18.93
黄金	18.93
明年	18.9
懂得	18.9
排除	18.9
欲	18.87
小孩子	18.87
克里斯	18.87
温柔	18.87
夫妻	18.84
成交	18.84
耳	18.81
皇后	18.81
鼓励	18.81
签字	18.81
金钱	18.78
尽可能	18.78
读书	18.78
成就	18.78
教会	18.78
老人	18.78
率	18.75
消防	18.75
方案	18.75
形容	18.75
警卫	18.75
矮	18.75
树林	18.72
吼	18.72
到此为止	18.72
一无所知	18.72
设	18.72
利益	18.72
寻求	18.72
古巴	18.69
收回	18.69
发动	18.66
怪异	18.66
心跳	18.66
集团	18.63
地铁	18.63
询问	18.63
道路	18.63
军事	18.63
捐	18.63
协助	18.6
及时	18.6
超人	18.6
销售	18.57
迷路	18.57
体育	18.57
结论	18.57
平衡	18.57
鲨鱼	18.57
接吻	18.57
乘客	18.57
精	18.54
隔	18.54
通道	18.54
价钱	18.54
人群	18.54
动力	18.51
西蒙	18.51
托尼	18.48
阴谋	18.48
慢慢来	18.48
良好	18.48
尺	18.48
性命	18.45
桌	18.45
为此	18.45
赶走	18.42
二十	18.42
手枪	18.39
工人	18.39
自愿	18.39
维加斯	18.36
孤单	18.36
棵	18.36
协会	18.36
啰	18.36
喉咙	18.33
足球	18.27
目击	18.27
爆发	18.27
祝福	18.27
清白	18.27
一两	18.27
争	18.27
措施	18.27
困扰	18.21
陷害	18.21
进一步	18.18
胡	18.18
款	18.18
瞄准	18.18
化学	18.18
荒唐	18.15
调整	18.15
审讯	18.15
随意	18.15
人选	18.15
少校	18.15
场景	18.12
飞行员	18.12
惊人	18.09
围	18.09
一家	18.09
康复	18.06
策划	18.06
火灾	18.03
费用	18.03
弥补	18.03
胃	18
大门	18
连接	18
韩国	17.98
理想	17.98
党	17.98
过敏	17.98
凯特	17.95
吉姆	17.92
点子	17.92
科技	17.92
包裹	17.92
工资	17.92
杜	17.92
小小的	17.92
衣	17.92
妇女	17.89
来源	17.89
判决	17.89
刻	17.89
路线	17.89
地毯	17.86
依靠	17.86
扔掉	17.86
裸体	17.86
陷阱	17.86
公正	17.86
总算	17.86
真心	17.83
来着	17.83
古老	17.83
不妙	17.83
伪装	17.83
兮	17.83
宴会	17.83
委托	17.83
白宫	17.8
发送	17.8
犬	17.8
冲突	17.8
指示	17.77
只好	17.77
柜	17.77
散步	17.77
化妆	17.77
郎	17.74
莎	17.74
别提	17.74
博	17.74
上午	17.74
捅	17.74
剧院	17.71
卑鄙	17.71
端	17.71
怀念	17.71
宽恕	17.71
握	17.71
原本	17.71
见识	17.71
贝	17.68
所作所为	17.68
创意	17.65
代替	17.65
汁	17.65
人士	17.65
干脆	17.62
户	17.62
脆弱	17.62
水果	17.62
这家	17.62
局里	17.62
玩玩	17.59
幸	17.59
争霸	17.59
侵犯	17.59
一百万	17.59
无意	17.59
温暖	17.56
珠宝	17.56
提起	17.56
大伙	17.53
器官	17.53
讨	17.53
出版	17.53
切断	17.53
玫瑰	17.53
崇拜	17.5
前妻	17.5
失败者	17.5
考验	17.5
罪行	17.5
效劳	17.47
时装	17.47
稍后	17.47
搬家	17.47
主持	17.47
男子	17.47
罪恶	17.47
活儿	17.47
用来	17.44
视	17.44
远远	17.44
哈利	17.44
扫描	17.41
假期	17.41
题	17.41
缺乏	17.38
义务	17.38
连续	17.38
一时	17.38
猛	17.38
白天	17.35
欲望	17.35
魔术	17.35
连环	17.35
蜜蜂	17.32
之所以	17.32
拉斯维加斯	17.32
除	17.32
实力	17.32
精灵	17.32
夸张	17.29
失控	17.29
桌上	17.29
一千	17.29
赌博	17.29
处境	17.26
礼服	17.26
卧底	17.26
零	17.26
专辑	17.23
保存	17.23
晃	17.23
修好	17.23
曼	17.23
感动	17.23
继承	17.23
如今	17.2
打球	17.2
染	17.2
祖母	17.2
老爹	17.2
企图	17.17
沾	17.17
不如	17.17
裤	17.17
雇佣	17.17
保险箱	17.17
隔离	17.17
西装	17.17
福	17.17
罚	17.14
晓得	17.14
旅	17.14
厨	17.14
迟早	17.14
电台	17.14
无能为力	17.14
生涯	17.11
护照	17.11
後	17.08
知识	17.08
开会	17.08
支付	17.08
领袖	17.05
小偷	17.05
观看	17.05
挣扎	17.05
球员	17.05
丁	17.05
英寸	17.05
推荐	17.05
骚扰	17.02
收养	17.02
引爆	16.99
裸	16.99
节日	16.99
难堪	16.99
硬币	16.99
许可	16.99
成年人	16.99
深呼吸	16.99
吻合	16.99
汇报	16.96
丢脸	16.96
难受	16.96
放屁	16.96
鼓掌	16.96
旅程	16.93
奖金	16.93
热狗	16.93
马丁	16.93
片子	16.9
末日	16.9
糖果	16.9
目击者	16.9
地面	16.87
待会儿	16.87
过度	16.87
撕	16.87
桩	16.87
捉	16.87
声称	16.87
亚瑟	16.84
咨询	16.84
出庭	16.84
包围	16.84
提示	16.84
肺	16.84
糊涂	16.84
院	16.84
燃烧	16.81
豪华	16.78
毒气	16.78
拳击	16.78
亚当	16.75
修女	16.75
混合	16.75
争吵	16.75
私	16.75
轻易	16.72
青	16.72
幽默	16.72
明智	16.72
走走	16.69
后退	16.69
桶	16.69
困惑	16.69
武装	16.69
指甲	16.66
透露	16.66
斗争	16.66
录像带	16.66
感恩节	16.66
计	16.66
灯光	16.66
基督	16.66
酱	16.63
选举	16.63
威廉	16.63
劫	16.6
追查	16.6
上车	16.6
环	16.6
冰淇淋	16.6
用不着	16.57
好受	16.57
足以	16.57
相爱	16.57
厂	16.57
不赖	16.54
软	16.54
人口	16.54
出名	16.54
夹克	16.54
触	16.51
鼠	16.51
违法	16.51
帮派	16.51
隐私	16.51
陈	16.51
街头	16.51
内衣	16.48
银	16.48
夏威夷	16.48
稳	16.48
功能	16.48
第七	16.45
明确	16.45
口音	16.45
闯入	16.42
旋转	16.42
品牌	16.42
穿越	16.4
刷	16.4
虎	16.4
有意	16.4
回顾	16.4
扁	16.37
孙子	16.37
把握	16.37
嫌疑人	16.37
激烈	16.37
汗	16.34
丢掉	16.34
相机	16.34
授权	16.34
象是	16.31
恕	16.31
欢乐	16.31
毒贩	16.31
委托人	16.31
收入	16.31
老弟	16.31
钓鱼	16.28
酸	16.28
公里	16.28
扶	16.25
集合	16.25
车站	16.25
私下	16.25
抚养	16.25
秘书	16.25
环节	16.25
同伴	16.25
闯	16.22
非得	16.22
堂	16.22
全体	16.22
事先	16.22
说了算	16.22
凯蒂	16.19
尽情	16.19
狠	16.16
扭	16.16
啦啦队	16.16
这部	16.16
做饭	16.16
怪兽	16.16
基础	16.13
残酷	16.13
使命	16.13
返回	16.13
杯子	16.13
害羞	16.13
帝国	16.13
寻	16.1
场合	16.1
酒精	16.1
星期五	16.07
游泳池	16.07
幽灵	16.07
模型	16.07
诡异	16.07
直说	16.07
准时	16.07
画面	16.07
部长	16.07
牛肉	16.04
下降	16.04
可疑	16.04
恶梦	16.04
复制	16.04
然	16.04
疼痛	16.04
粉	16.01
摄影	16.01
闪电	16.01
积极	16.01
灭	16.01
假释	16.01
巴斯	16.01
评估	15.98
解除	15.98
免	15.98
车库	15.98
通讯	15.98
早安	15.98
身后	15.95
降	15.95
华生	15.95
早点	15.95
盘子	15.95
着呢	15.92
如同	15.92
给予	15.92
建造	15.92
典型	15.92
呵呵	15.92
破产	15.92
获	15.92
查看	15.89
伪造	15.89
出场	15.89
名义	15.89
崔	15.89
半夜	15.89
赌场	15.89
富	15.89
力气	15.86
立	15.86
掩盖	15.86
官司	15.86
东京	15.86
过夜	15.86
发作	15.83
以上	15.83
挑选	15.83
团结	15.83
除掉	15.8
救援	15.8
速	15.8
趴	15.8
民	15.77
翘	15.77
开头	15.77
一模一样	15.74
入口	15.74
险	15.74
接手	15.74
收看	15.74
诱惑	15.71
窗	15.71
十二	15.68
遭到	15.68
火箭	15.68
胡扯	15.68
眼里	15.68
安迪	15.65
伴	15.65
瓦	15.65
袜子	15.65
容	15.65
暂停	15.62
华	15.62
做法	15.62
负担	15.62
惹麻烦	15.62
从不	15.59
沙滩	15.59
社交	15.59
烦恼	15.59
着火	15.56
轮胎	15.56
移民	15.56
团体	15.56
上来	15.56
有用	15.56
得了	15.56
抹	15.53
抢走	15.53
村	15.53
查尔斯	15.53
举办	15.53
眼泪	15.53
营	15.53
思	15.5
待命	15.5
关联	15.5
倾向	15.5
日期	15.5
赞成	15.5
战场	15.5
热爱	15.5
摩托车	15.5
鹿	15.47
保住	15.47
击败	15.47
转身	15.47
统治	15.47
遭遇	15.47
无线电	15.47
取决于	15.47
游行	15.44
胡说八道	15.44
形式	15.44
嘴唇	15.44
妻	15.44
谷	15.41
矛盾	15.41
弃	15.41
现象	15.41
结合	15.41
怪人	15.41
相似	15.41
后备	15.38
玩偶	15.38
领域	15.38
边缘	15.38
头部	15.38
清单	15.38
振作	15.38
充分	15.38
复活	15.38
双胞胎	15.38
决	15.38
一阵子	15.38
哪些	15.38
修理	15.35
肖恩	15.35
希特勒	15.35
笑容	15.32
价	15.32
据说	15.32
电池	15.32
厅	15.32
居民	15.32
平安	15.29
搬走	15.29
蜡烛	15.29
星期六	15.29
亲人	15.29
厄	15.29
家乡	15.29
菲	15.29
可卡因	15.26
迅速	15.26
精神病	15.26
棺材	15.26
测	15.23
领带	15.23
牛排	15.23
情形	15.23
差劲	15.23
前途	15.23
边上	15.23
立场	15.23
意志	15.23
仁慈	15.23
手表	15.23
隧道	15.2
现代	15.2
导弹	15.2
无比	15.2
一向	15.2
成立	15.2
甜蜜	15.2
野兽	15.17
弱	15.17
移植	15.17
本事	15.17
突破	15.17
曼哈顿	15.17
尾	15.14
妨碍	15.14
评审	15.14
摩	15.14
爱人	15.14
液	15.11
未婚妻	15.11
双手	15.11
挥	15.11
一共	15.11
巫师	15.08
终	15.08
碰巧	15.08
指令	15.08
装饰	15.05
伦	15.05
鲍尔	15.05
麦克斯	15.05
石油	15.05
忏	15.03
舌	15.02
朗	15.02
保释	15.02
写信	15.02
诊断	14.99
撤退	14.99
姓名	14.99
奶油	14.99
沿着	14.99
老天爷	14.99
悲惨	14.96
资源	14.96
瓶子	14.96
叛徒	14.96
成人	14.96
模式	14.93
抗	14.9
鸡肉	14.9
教师	14.9
中士	14.87
君	14.87
忽略	14.87
风暴	14.87
基于	14.87
西部	14.87
预测	14.87
一阵	14.87
优雅	14.85
外表	14.85
埃及	14.85
幕后	14.82
沃尔特	14.82
小事	14.82
苏	14.82
独特	14.82
法医	14.82
额外	14.79
沉	14.79
同一个	14.79
干扰	14.79
减少	14.76
房租	14.76
田	14.76
国会	14.76
作案	14.76
牵	14.76
防守	14.76
欺负	14.76
挽救	14.73
数据库	14.73
体会	14.73
腰	14.7
生产	14.7
上台	14.7
泥	14.67
珍妮	14.67
一万	14.67
街道	14.67
播放	14.67
大海	14.64
医师	14.64
脱离	14.64
酗酒	14.64
光明	14.64
贷款	14.61
此刻	14.61
羞辱	14.61
哈罗	14.61
寻常	14.58
女神	14.58
质疑	14.55
节奏	14.55
胆小鬼	14.55
补	14.55
柏林	14.55
狠狠	14.55
堵	14.55
歌词	14.52
钓	14.52
亲戚	14.52
高尔夫	14.52
拼命	14.52
枕头	14.52
香水	14.52
路过	14.52
英	14.52
外婆	14.49
旧金山	14.49
加速	14.49
地震	14.49
才华	14.49
机票	14.49
早饭	14.49
情节	14.46
玩儿	14.46
弗	14.46
昏	14.46
警员	14.46
转变	14.46
操作	14.46
最初	14.43
死因	14.43
组成	14.43
施	14.43
各自	14.43
武士	14.43
摘	14.43
喜爱	14.43
人体	14.43
专心	14.4
屏幕	14.4
参观	14.4
杰夫	14.4
一番	14.4
演唱会	14.37
枪杀	14.37
告别	14.37
吊	14.34
亲吻	14.34
简	14.34
贡献	14.31
地位	14.31
琼斯	14.31
内疚	14.31
运作	14.31
不利	14.31
深处	14.31
荡妇	14.31
靴子	14.31
住处	14.31
始终	14.31
车辆	14.28
呵	14.28
火鸡	14.28
唇	14.28
打交道	14.28
几百	14.28
过于	14.28
凯尔	14.25
隆	14.25
安妮	14.25
井	14.25
毙	14.25
账户	14.25
图像	14.25
撒旦	14.25
致	14.25
同伙	14.25
赶来	14.22
股票	14.22
丰富	14.22
插手	14.22
访问	14.22
设法	14.19
哎呀	14.19
慷慨	14.19
迷失	14.19
细胞	14.19
验尸	14.19
每晚	14.19
押	14.19
汉	14.16
形成	14.16
来临	14.16
了结	14.16
行业	14.16
苏联	14.16
潜力	14.16
外遇	14.13
沙拉	14.13
遵命	14.13
主持人	14.1
举动	14.1
倒数	14.1
费城	14.1
看不到	14.07
鸽子	14.07
戏剧	14.07
少女	14.07
就算	14.07
小队	14.04
奈	14.04
执照	14.04
保镖	14.04
童	14.04
热线	14.04
抗议	14.04
军人	14.01
周年	13.98
身份证	13.98
偏	13.98
沟通	13.98
旅游	13.98
政策	13.95
指责	13.95
八卦	13.95
偶	13.95
汽油	13.95
哭泣	13.95
财富	13.95
没门	13.95
伯	13.95
星期天	13.95
献	13.92
侄子	13.92
泰勒	13.92
叶	13.92
良心	13.92
公	13.92
舞步	13.89
永不	13.89
嗑	13.89
容忍	13.89
氓	13.88
周日	13.86
空军	13.86
依	13.86
使得	13.86
卡片	13.86
恤	13.86
脱衣舞	13.86
健身	13.86
驾	13.86
分离	13.83
后门	13.83
战胜	13.83
纯	13.83
佛罗里达	13.83
倒下	13.83
披	13.8
渣	13.8
果汁	13.8
被迫	13.8
毛巾	13.77
大众	13.77
狂欢	13.77
亲手	13.77
寂寞	13.77
未婚夫	13.77
清除	13.77
尊严	13.77
演戏	13.77
定位	13.74
帽	13.74
没准	13.74
芯片	13.74
核弹	13.74
单位	13.74
收音机	13.71
手铐	13.71
百老汇	13.71
作战	13.71
论文	13.68
韩	13.68
遗嘱	13.68
平民	13.68
作者	13.68
多亏	13.65
艳	13.65
体重	13.65
向前	13.65
伴侣	13.65
巴西	13.65
预感	13.65
固定	13.62
业	13.62
友	13.62
口味	13.62
锻炼	13.62
感冒	13.62
豫	13.6
小朋友	13.59
注册	13.59
遭受	13.59
肿瘤	13.59
状	13.56
气味	13.56
名声	13.56
发布	13.56
英俊	13.56
工作室	13.56
木头	13.56
预算	13.56
果然	13.53
锁定	13.53
图片	13.53
首席	13.53
公布	13.53
患者	13.53
余生	13.53
敲门	13.53
新年	13.53
品	13.5
痕	13.5
引发	13.5
戴夫	13.5
阴影	13.5
影片	13.5
高手	13.5
村子	13.47
滋味	13.47
手法	13.47
鲍比	13.47
右手	13.47
海洋	13.47
霍华德	13.47
爱好	13.47
乐观	13.44
创伤	13.44
至今	13.44
预备	13.44
损伤	13.44
作弊	13.44
涉及	13.44
征服	13.44
果	13.44
小屋	13.41
罗杰	13.41
搬进	13.38
认罪	13.38
友善	13.38
称之为	13.38
骨折	13.38
报仇	13.38
蝙蝠	13.38
全家	13.38
禁	13.38
春天	13.35
浑身	13.35
打搅	13.35
荣	13.35
亲近	13.35
争论	13.35
人数	13.35
众	13.32
回归	13.32
公车	13.32
安全带	13.32
州长	13.32
丹尼斯	13.29
布置	13.29
上升	13.29
听话	13.29
收藏	13.29
鲁	13.29
尽头	13.29
泄露	13.27
治愈	13.27
名片	13.27
勒索	13.27
天上	13.27
陌生	13.27
商场	13.24
着迷	13.24
佳	13.24
回复	13.24
当晚	13.24
典礼	13.24
驾照	13.24
参赛	13.24
鸭子	13.24
业余	13.24
炸药	13.24
安息	13.21
召唤	13.21
皆	13.21
巴士	13.21
索	13.21
产	13.21
抵抗	13.21
战术	13.21
传送	13.21
人才	13.21
重建	13.18
批评	13.18
说是	13.18
深入	13.18
局面	13.18
浪	13.18
操纵	13.18
逃离	13.18
设置	13.15
回应	13.15
滚蛋	13.15
失业	13.15
香烟	13.15
毫不	13.15
咙	13.13
将要	13.12
歪	13.12
问好	13.12
难怪	13.12
克服	13.12
上门	13.12
全面	13.12
鸡尾酒	13.12
按钮	13.12
超市	13.12
探索者	13.09
两者	13.09
计算	13.09
公爵	13.09
收获	13.09
瘾君子	13.09
奇妙	13.09
消除	13.06
守卫	13.06
歇	13.06
是不是	13.06
代理	13.06
克鲁	13.06
喘	13.06
牢房	13.06
有利	13.06
排队	13.06
要不然	13.06
厨师	13.06
捐赠	13.03
例如	13.03
扮	13.03
莉莉	13
冬天	13
佛	13
场面	13
当年	13
纯粹	13
尖	13
有史以来	13
约定	13
防止	13
无关紧要	12.97
来电	12.97
窝	12.97
报应	12.97
海边	12.97
荣耀	12.97
脑海	12.97
控告	12.97
幢	12.97
镇子	12.94
轿车	12.94
超越	12.94
明明	12.94
谨慎	12.94
合约	12.94
斯坦	12.94
植物	12.94
官员	12.91
呦	12.91
原始	12.91
时空	12.88
甲	12.88
凯瑟琳	12.88
神经病	12.88
塑料	12.88
服用	12.85
不惜	12.85
全美超	12.85
发火	12.85
祷告	12.85
服务员	12.85
犹豫	12.85
永恒	12.82
从此	12.82
出价	12.82
放学	12.82
祖父	12.82
回见	12.82
弱点	12.82
穷	12.79
恶作剧	12.79
下载	12.79
蜜月	12.79
投诉	12.79
雇员	12.79
月亮	12.79
家具	12.79
凯	12.79
企业	12.79
狮子	12.76
凉	12.76
拽	12.76
赞	12.76
旅途	12.76
高潮	12.76
服从	12.73
盐	12.73
真诚	12.73
信念	12.73
住嘴	12.73
第八	12.73
老家伙	12.73
火焰	12.73
音乐会	12.73
温度	12.73
极度	12.7
接通	12.7
市民	12.7
深深	12.7
青少年	12.7
皇家	12.7
贿赂	12.7
基本上	12.7
展开	12.7
后台	12.67
卡拉	12.67
奥斯卡	12.67
故障	12.67
出售	12.67
金子	12.67
饱	12.67
伯爵	12.67
女巫	12.67
签署	12.67
猜测	12.64
相比	12.64
双方	12.64
数量	12.64
罗伯特	12.64
对了	12.64
舱	12.64
颈	12.64
匹配	12.61
窒息	12.61
僵尸	12.61
象征	12.58
打仗	12.58
创作	12.58
牌子	12.58
卫生	12.58
处女	12.58
陷	12.58
小声	12.55
分散	12.55
逛	12.55
开放	12.55
老是	12.55
大型	12.52
搜寻	12.52
冻	12.52
忍不住	12.52
住院	12.52
浴缸	12.52
球场	12.52
何不	12.52
告知	12.52
指出	12.49
迪克	12.49
哈哈哈	12.49
咋	12.49
竟	12.46
坟墓	12.46
降临	12.46
文明	12.46
官方	12.46
候选人	12.46
夜总会	12.46
勇士	12.46
牙医	12.46
三十	12.46
棕色	12.46
宗	12.46
晒	12.46
推测	12.46
审问	12.43
舰队	12.43
计算机	12.43
曲子	12.43
实施	12.43
舒适	12.43
见证	12.43
核	12.43
大象	12.4
魔力	12.4
头疼	12.4
呜	12.4
厚	12.4
晚宴	12.4
玛	12.4
贵族	12.4
附	12.37
以防万一	12.37
弯	12.37
威	12.34
戳	12.34
敞开	12.34
因素	12.34
郁闷	12.34
陈述	12.34
普通人	12.34
希	12.34
不足	12.31
好听	12.31
帕	12.31
赐	12.31
边境	12.31
仙	12.31
发给	12.28
疗法	12.28
壮	12.28
掩饰	12.28
疑问	12.28
挡住	12.28
操心	12.28
维护	12.25
雾	12.25
例子	12.25
献给	12.25
终点	12.25
做成	12.25
条子	12.25
纳粹	12.25
亚洲	12.22
屠杀	12.22
走向	12.22
野蛮	12.22
会议室	12.22
芬	12.22
望	12.22
提名	12.22
调情	12.22
亚历克斯	12.22
董事会	12.22
躲避	12.22
生死	12.22
口香糖	12.19
从前	12.19
豆	12.19
火炬	12.19
厌恶	12.19
花样	12.19
留意	12.19
完事	12.16
播出	12.16
亲生	12.16
运用	12.16
天真	12.16
仆人	12.16
暖	12.16
滑稽	12.16
鼓	12.16
怎么着	12.16
漫长	12.13
解脱	12.13
懦夫	12.13
责怪	12.13
终结	12.13
港	12.13
共事	12.13
西雅图	12.13
来不及	12.1
狂热	12.1
赞助	12.1
大人物	12.1
土豆	12.1
新泽西	12.07
德克萨斯	12.07
裂缝	12.07
工程	12.07
偶然	12.07
烦人	12.07
讲讲	12.07
康	12.07
舞伴	12.04
谜	12.04
正当	12.04
堕落	12.04
翅膀	12.04
丹尼尔	12.04
掌声	12.04
杰瑞	12.04
结尾	12.04
有名	12.04
预料	12.04
高速	12.01
赞同	12.01
合并	12.01
台步	12.01
上演	12.01
史蒂夫	11.98
用于	11.98
奖学金	11.98
辩	11.98
伊丽莎白	11.98
丢人	11.98
做事	11.98
处在	11.98
撤	11.98
负责人	11.98
狱	11.98
小费	11.95
极端	11.95
实习生	11.95
丛林	11.95
听证会	11.95
链	11.95
杰西	11.95
年度	11.95
列车	11.95
看出	11.92
极其	11.92
师傅	11.92
线路	11.92
香肠	11.92
拖车	11.89
机械	11.89
届	11.86
可乐	11.86
共度	11.86
舰	11.86
纸条	11.86
助	11.86
污染	11.86
拘留	11.86
决心	11.86
坚信	11.86
刹车	11.83
从事	11.83
位于	11.83
马戏团	11.83
传播	11.83
每当	11.83
幸好	11.8
裁判	11.8
商人	11.8
大胆	11.8
雇用	11.8
宽	11.8
歌唱	11.8
融入	11.8
花钱	11.8
避开	11.8
巡逻	11.77
小小	11.77
暴	11.77
吸烟	11.77
分裂	11.77
笔记本	11.77
香蕉	11.77
军官	11.77
婆	11.77
侵入	11.77
伏特	11.77
马桶	11.77
少年	11.77
噪音	11.77
单子	11.77
确	11.74
兔	11.74
扫	11.74
把戏	11.74
独	11.74
各地	11.74
置	11.74
迎接	11.74
手头	11.72
头痛	11.72
蝴蝶	11.72
彩	11.72
碟	11.72
呕吐	11.72
定义	11.72
反而	11.72
真话	11.69
孤儿	11.69
想像	11.69
下巴	11.69
发泄	11.66
恐吓	11.66
影像	11.66
清洁	11.66
折	11.66
口径	11.66
童年	11.66
哈佛	11.66
总裁	11.66
茱	11.66
羞耻	11.66
粗	11.63
追捕	11.63
罩	11.63
尾巴	11.63
串	11.63
视线	11.63
帐篷	11.63
轨道	11.63
剪刀	11.6
箭	11.6
点心	11.6
卡住	11.6
氧气	11.6
遗传	11.6
抽屉	11.6
嚼	11.6
困境	11.6
头绪	11.6
血压	11.6
十足	11.57
会员	11.57
长期	11.57
朵	11.57
拉拉	11.57
中学	11.54
勾引	11.54
此事	11.54
巨人	11.54
携带	11.54
急救	11.54
克罗伊	11.54
马车	11.54
守护	11.51
阵	11.51
不明	11.51
焦虑	11.51
狡猾	11.51
海伦	11.51
刻薄	11.51
检验	11.51
过世	11.51
宿	11.48
德州	11.48
误解	11.48
鉴于	11.48
风景	11.48
鼻	11.48
一下子	11.48
贱	11.48
写作	11.48
无效	11.48
共同点	11.48
大厦	11.45
寸	11.45
著	11.45
例外	11.45
震撼	11.45
垮	11.45
慌	11.45
海洛因	11.45
丑陋	11.45
打动	11.42
赞美	11.42
回合	11.42
假发	11.42
电视剧	11.42
减肥	11.39
来得及	11.39
其余	11.39
地步	11.39
执法	11.39
星期一	11.39
打包	11.39
威利	11.39
跳跃	11.39
电力	11.39
自在	11.39
保卫	11.39
原地	11.39
服务生	11.39
掐	11.39
民主	11.39
檬	11.38
撤销	11.36
宾馆	11.36
说来	11.36
妄想	11.36
磨	11.36
事务	11.36
命名	11.36
防御	11.36
指引	11.33
院子	11.33
解放	11.33
司法	11.33
创	11.33
客厅	11.33
一无所有	11.33
预定	11.33
跪下	11.33
标	11.33
轮椅	11.3
软弱	11.3
谣言	11.3
新人	11.3
结构	11.3
回想	11.3
鹰	11.3
咒	11.3
越南	11.3
无视	11.3
好转	11.27
大小	11.27
装作	11.27
版本	11.27
管道	11.27
十字架	11.27
接管	11.27
乱七八糟	11.27
洒	11.27
被害人	11.27
缺少	11.24
校园	11.24
报酬	11.24
备	11.24
动静	11.24
教室	11.24
证件	11.24
雅	11.24
监禁	11.24
热烈	11.24
发言	11.21
不是	11.21
后院	11.21
兽	11.21
谎话	11.18
无论是	11.18
艾米	11.18
摔倒	11.18
泰德	11.18
辩论	11.18
仇恨	11.18
代码	11.18
能源	11.18
大使	11.15
领养	11.15
聚集	11.15
布鲁克林	11.15
胃口	11.15
周二	11.12
值钱	11.12
流放	11.12
着想	11.12
丧失	11.12
雪茄	11.12
琳达	11.12
展	11.12
上衣	11.12
人性	11.12
铺	11.09
粗鲁	11.09
离家	11.09
叫醒	11.09
开场	11.09
辐射	11.09
卢	11.09
减	11.09
下落	11.06
落后	11.06
带领	11.06
拉丁	11.06
萨拉	11.06
传染	11.06
童子军	11.06
休假	11.06
逊	11.06
隧	11.04
撤离	11.03
不要紧	11.03
朝鲜	11.03
额	11.03
山上	11.03
手腕	11.03
特征	11.03
实习	11.03
睡眠	11.03
真名	11
购买	11
恐慌	11
前科	11
挪	11
忽视	11
误	11
提升	11
感应	11
前任	10.97
迫不及待	10.97
歌声	10.97
老虎	10.97
议会	10.97
大火	10.94
卷入	10.94
蛋蛋	10.94
赔偿	10.94
潜水	10.94
咒语	10.94
游艇	10.91
念头	10.91
甩掉	10.91
药品	10.91
健	10.91
暗杀	10.91
办事	10.91
异性	10.91
光荣	10.91
小鬼	10.88
赐予	10.88
逻辑	10.88
挨	10.88
宾	10.88
违背	10.88
雷斯	10.88
瞬间	10.85
酒鬼	10.85
正经	10.85
遗产	10.85
通往	10.85
物理	10.85
较	10.85
圈套	10.85
肥皂	10.85
倒是	10.85
看待	10.82
降低	10.82
云	10.82
薯条	10.82
路边	10.82
毯子	10.82
惊奇	10.79
输入	10.79
前夫	10.79
含	10.79
扔下	10.79
管子	10.79
登场	10.79
人格	10.79
拿下	10.79
拦	10.79
绳	10.79
轻轻	10.76
用品	10.76
账单	10.76
戴维	10.76
布鲁斯	10.76
取笑	10.76
罐子	10.76
沃恩	10.76
四周	10.76
珍贵	10.76
不得	10.73
头盔	10.73
车牌	10.73
思维	10.73
帮手	10.73
起立	10.73
眼中	10.73
相遇	10.73
质量	10.73
焦	10.7
先进	10.7
心理学	10.7
无家可归	10.7
宝贵	10.7
夏	10.7
论	10.7
赔	10.7
真理	10.67
市中心	10.67
来信	10.67
永	10.67
级别	10.67
马路	10.67
竞赛	10.67
三点	10.67
想不到	10.64
情景	10.64
妆	10.64
赛季	10.64
搅	10.64
察觉	10.64
医	10.64
病情	10.64
概念	10.61
毒药	10.61
誓	10.61
学期	10.61
匿名	10.61
招待	10.61
垫	10.61
扎克	10.61
评判	10.58
认得	10.58
短暂	10.58
引导	10.58
安装	10.58
荷兰	10.58
逐渐	10.58
修改	10.58
革命	10.58
选票	10.58
岩石	10.58
嫌疑	10.55
迷惑	10.55
船员	10.55
湾	10.55
学位	10.55
干涉	10.55
前门	10.55
相符	10.55
发光	10.52
细	10.52
英格兰	10.52
泳池	10.52
星系	10.52
结案	10.52
交叉	10.52
元首	10.49
意愿	10.49
取代	10.49
闷	10.49
饶	10.49
切除	10.49
睡衣	10.49
接收	10.49
证物	10.49
遗忘	10.46
恐	10.46
刀子	10.46
备用	10.46
本该	10.46
扳机	10.46
枪支	10.43
分别	10.43
珀	10.43
艾伦	10.43
独一无二	10.43
梅林	10.43
这时	10.43
人间	10.43
娘娘腔	10.43
誓言	10.4
计时	10.4
嗓音	10.4
成千上万	10.4
梅	10.4
羞愧	10.4
民众	10.4
本能	10.4
大大	10.37
俄	10.37
督察	10.37
蔬菜	10.37
修复	10.37
迈尔斯	10.37
从小	10.37
装满	10.37
阿曼	10.37
斯科特	10.37
专	10.37
吓唬	10.37
认定	10.34
语气	10.34
此时	10.34
灌	10.34
难忘	10.34
左手	10.34
天天	10.34
拳头	10.34
添	10.34
碰上	10.34
握手	10.31
设施	10.31
奋斗	10.31
难度	10.31
抵达	10.31
南部	10.31
一秒	10.31
手术室	10.31
行星	10.31
有力	10.31
赌注	10.31
一流	10.31
珍惜	10.31
成果	10.31
培养	10.31
周四	10.28
先知	10.28
秩序	10.28
里斯	10.28
哩	10.28
男士	10.28
锅	10.28
形状	10.28
打倒	10.28
猎人	10.28
悲哀	10.25
中毒	10.25
艺	10.25
发觉	10.25
私家	10.25
改造	10.25
短裤	10.25
砰	10.25
坑	10.25
跑步	10.25
呈	10.25
韦恩	10.25
傻事	10.25
傲慢	10.22
头号	10.22
胶	10.22
装修	10.22
离去	10.22
门票	10.22
勾	10.22
反击	10.22
开通	10.22
日落	10.22
爱德华	10.22
中校	10.19
影子	10.19
催	10.19
没错	10.19
居住	10.19
卫生间	10.19
癖	10.19
军方	10.19
成分	10.19
阴	10.19
其次	10.16
别墅	10.16
艾迪	10.16
凶杀	10.16
网球	10.16
呈现	10.16
莫里斯	10.16
大叔	10.14
诺言	10.14
吉尔	10.14
拍卖	10.14
筹	10.14
笼子	10.14
买家	10.14
国土	10.14
已婚	10.14
憎恨	10.14
驾车	10.14
社	10.14
识别	10.11
狙击手	10.11
走过	10.11
小学	10.11
和解	10.11
青蛙	10.11
火星	10.11
失误	10.11
元素	10.11
扑克	10.11
等候	10.11
臀部	10.11
蜜	10.08
大战	10.08
薄	10.08
露出	10.08
房屋	10.08
编排	10.08
贪婪	10.08
缩小	10.08
铃	10.08
虚构	10.08
底线	10.08
税	10.08
程	10.08
传达	10.08
以色列	10.08
镇定	10.05
阁楼	10.05
打招呼	10.05
捏	10.05
村庄	10.05
卫	10.05
报导	10.05
阿富汗	10.05
清晰	10.05
主教	10.05
法案	10.05
汉城	10.05
就绪	10.05
宿舍	10.02
废	10.02
麻醉	10.02
实话实说	10.02
细菌	10.02
队友	10.02
仪器	10.02
品味	10.02
标签	10.02
客房	10.02
无知	10.02
眼光	10.02
表格	10.02
王国	10.02
大便	9.99
往常	9.99
毛衣	9.99
麻	9.99
亲热	9.99
放大	9.99
星际	9.99
赖	9.99
杰出	9.99
督	9.99
低调	9.99
耶鲁	9.99
棕榈	9.99
除此之外	9.99
急诊室	9.99
比特	9.99
婚纱	9.96
坦克	9.96
风趣	9.96
首相	9.96
诞生	9.96
乳	9.96
呗	9.93
痒	9.93
死神	9.93
金色	9.93
持	9.93
适当	9.93
忠实	9.93
享用	9.93
微	9.93
浓	9.93
指定	9.9
着陆	9.9
管理员	9.9
以便	9.9
小型	9.9
怒	9.9
巨	9.9
符号	9.9
旗	9.9
摔跤	9.9
鉴定	9.87
仿佛	9.87
没收	9.87
肾	9.87
必需	9.87
阅读	9.87
花花	9.87
伤亡	9.87
护理	9.87
这时候	9.84
凯伦	9.84
来讲	9.84
蹦	9.84
递给	9.84
纤维	9.84
选中	9.84
骑马	9.84
盗窃	9.84
当真	9.84
奖品	9.84
肚	9.84
公子	9.84
梦幻	9.84
无疑	9.84
推销	9.84
尿布	9.84
布莱恩	9.84
今日	9.84
源	9.84
宣誓	9.84
要不	9.81
心思	9.81
浴	9.81
贩毒	9.81
道别	9.81
勃	9.81
柜子	9.81
终身	9.78
史密斯	9.78
寿	9.78
跪	9.78
信封	9.78
几千	9.78
应当	9.78
长久	9.78
开拍	9.78
墓地	9.78
需求	9.78
煎	9.78
升级	9.78
堪	9.78
瑞士	9.78
捣乱	9.78
纠缠	9.78
雷达	9.78
哄	9.78
猎	9.75
安心	9.75
淹死	9.75
福利	9.75
赛车	9.75
出狱	9.75
瑟	9.75
宝藏	9.75
畜生	9.75
甘	9.75
花费	9.75
卡特	9.72
性骚扰	9.72
牵扯	9.72
雕像	9.72
说来话长	9.72
没空	9.72
争执	9.72
循环	9.72
一早	9.72
探索	9.72
停手	9.72
马特	9.72
驱逐	9.72
病房	9.72
大衣	9.69
付给	9.69
局势	9.69
军士	9.69
清洗	9.69
主妇	9.69
财务	9.69
菜单	9.69
业务	9.69
怪胎	9.69
顺序	9.69
柠檬	9.66
自身	9.66
剥	9.66
峡谷	9.66
肉体	9.66
运行	9.66
运输	9.66
仪	9.66
貌似	9.66
梦见	9.66
终止	9.66
模样	9.66
上网	9.66
北方	9.66
葡萄酒	9.66
制定	9.66
猴	9.66
瑞秋	9.66
熏	9.66
枪声	9.63
青年	9.63
正直	9.63
专注	9.63
出走	9.63
登陆	9.63
肝脏	9.63
收据	9.63
含义	9.63
传言	9.63
频率	9.63
看守	9.6
尊	9.6
资助	9.6
筹码	9.6
老远	9.6
传递	9.6
蝠	9.59
拖延	9.57
徽章	9.57
骗局	9.57
以往	9.57
优先	9.57
八点	9.57
动物园	9.57
凑	9.57
安全感	9.57
争夺	9.57
探险	9.57
辩护律师	9.57
挖掘	9.57
杀戮	9.57
宁可	9.54
逍遥法外	9.54
乡下	9.54
赋予	9.54
回避	9.54
圈子	9.54
工程师	9.54
哈维	9.54
强盗	9.54
蝴	9.52
一块儿	9.51
裁决	9.51
燃料	9.51
妥协	9.51
大陆	9.51
堡	9.51
自首	9.51
草莓	9.51
败	9.51
兼	9.51
警惕	9.51
神话	9.51
命中	9.51
桃	9.51
暑假	9.51
供应	9.48
天下	9.48
料到	9.48
催眠	9.48
消	9.48
当天	9.48
脚趾	9.48
耽误	9.48
精确	9.48
流浪汉	9.48
显	9.48
大块头	9.48
问候	9.45
语音	9.45
点燃	9.45
份子	9.45
待遇	9.45
之上	9.45
通信	9.45
模拟	9.45
张开	9.45
棘手	9.45
过量	9.45
紧紧	9.45
胜过	9.42
拦住	9.42
维多利亚	9.42
血管	9.42
血统	9.42
姨妈	9.42
今后	9.42
摆平	9.42
提问	9.42
钞票	9.42
小鸟	9.39
知名	9.39
依赖	9.39
林肯	9.39
朴	9.39
演绎	9.39
上瘾	9.39
穆斯林	9.39
夜里	9.39
顶级	9.39
气色	9.36
意图	9.36
核心	9.36
琴	9.36
打工	9.36
坚定	9.36
开发	9.36
非凡	9.36
脸色	9.36
倾听	9.36
提取	9.36
好日子	9.36
等到	9.36
加强	9.36
镑	9.36
电源	9.36
萨姆	9.36
虾	9.36
维修	9.33
玩弄	9.33
不光	9.33
文字	9.33
姜	9.33
新郎	9.33
预见	9.33
亚伦	9.3
进屋	9.3
职员	9.3
保龄球	9.3
编剧	9.3
市区	9.3
数目	9.3
诗人	9.3
家园	9.3
第九	9.3
开工	9.3
鲜血	9.3
英镑	9.3
隐形	9.3
召集	9.3
获取	9.3
肯尼迪	9.3
吩咐	9.3
无情	9.3
童话	9.3
法子	9.3
查克	9.27
姑妈	9.27
集会	9.27
下场	9.27
渐渐	9.27
丫头	9.27
豪	9.27
电视机	9.27
月球	9.27
闪开	9.27
尚	9.27
老二	9.27
保管	9.24
脱身	9.24
唐	9.24
行踪	9.24
乳房	9.24
上诉	9.24
均	9.24
质	9.24
吸引力	9.24
高尚	9.24
光线	9.24
浮	9.24
伤痕	9.24
本质	9.24
偏见	9.24
解散	9.21
坦诚	9.21
定罪	9.21
阴道	9.21
海上	9.21
情人节	9.21
麦克风	9.21
躲开	9.21
弟兄	9.18
焦点	9.18
无耻	9.18
抱抱	9.18
仍旧	9.18
季节	9.18
战略	9.18
伏	9.18
篮	9.18
水管	9.18
打住	9.15
恶意	9.15
手脚	9.15
统一	9.15
遇害	9.15
攻	9.15
模糊	9.15
肩	9.15
水晶	9.15
外国	9.12
剧场	9.12
指向	9.12
叮	9.12
己	9.12
封闭	9.12
手册	9.12
首要	9.12
厌烦	9.12
衬衣	9.12
管家	9.12
脉搏	9.12
埃文	9.12
补充	9.09
走私	9.09
不怕	9.09
死人	9.09
分配	9.09
嘉宾	9.09
低估	9.09
花生	9.09
紫色	9.09
出路	9.09
瓜	9.06
纪念日	9.06
动脉	9.06
头骨	9.06
开庭	9.06
掏	9.06
介	9.06
带有	9.06
魂	9.06
赶回	9.03
路易斯	9.03
艺术品	9.03
凤凰	9.03
形势	9
引诱	9
山羊	9
目睹	9
潜在	9
恶化	9
终极	9
别处	9
未知	9
键	9
求救	9
越狱	9
讲述	9
多数	8.97
真人	8.97
胸口	8.97
介入	8.97
软件	8.97
福特	8.97
出自	8.97
平等	8.97
行不通	8.97
随后	8.97
忠	8.97
滑雪	8.97
共和党	8.94
零件	8.94
多余	8.94
援助	8.94
枪手	8.94
青春	8.94
祭	8.94
独处	8.94
浅	8.94
持有	8.94
南瓜	8.94
顾	8.94
勋章	8.94
会计	8.94
相片	8.94
莫斯科	8.94
乘坐	8.94
发抖	8.91
监督	8.91
阻碍	8.91
开启	8.91
称作	8.91
宪法	8.91
道具	8.91
疏散	8.91
超出	8.91
幼稚	8.91
背包	8.91
歧视	8.88
极限	8.88
击球	8.88
胆	8.88
诺亚	8.88
煎饼	8.88
气球	8.88
星期二	8.88
那位	8.88
从头	8.88
严厉	8.88
丢失	8.88
面子	8.88
工业	8.88
激励	8.88
往后	8.88
水手	8.88
使劲	8.85
廉价	8.85
伊恩	8.85
耳环	8.85
残	8.85
会上	8.85
体贴	8.85
特定	8.85
耻辱	8.85
有毒	8.85
港口	8.85
日常	8.85
豆子	8.82
撒尿	8.82
走人	8.82
引用	8.82
怜悯	8.82
才能	8.82
信件	8.82
电线	8.82
曝光	8.82
行程	8.82
撞击	8.82
扑	8.82
也好	8.82
本性	8.82
埃迪	8.82
逍	8.82
露营	8.79
草坪	8.79
古董	8.79
飘	8.79
各个	8.79
面条	8.79
画家	8.79
纯洁	8.79
陪伴	8.79
无限	8.79
男孩子	8.79
穷人	8.76
唤醒	8.76
加利福尼亚	8.76
基金会	8.76
体力	8.76
致死	8.76
性生活	8.76
强硬	8.76
正面	8.76
周一	8.73
珍	8.73
贴心	8.73
情侣	8.73
窗外	8.73
财宝	8.73
国内	8.73
随机	8.73
压抑	8.7
知觉	8.7
气体	8.7
访	8.7
城镇	8.7
发烧	8.7
阿拉伯	8.7
无能	8.7
召	8.7
渴	8.7
冰激凌	8.7
属	8.67
重视	8.67
流浪	8.67
完了	8.67
下令	8.67
下水道	8.67
苍蝇	8.67
大腿	8.67
杜威	8.67
信箱	8.67
艾玛	8.67
精子	8.67
灰色	8.67
巴基斯坦	8.67
面对面	8.67
电击	8.67
进化	8.64
最低	8.64
发行	8.64
扭曲	8.64
博客	8.64
好友	8.64
发脾气	8.64
偷窃	8.64
面孔	8.64
哥伦比亚	8.64
尼尔	8.64
善于	8.64
黄油	8.64
推迟	8.64
转转	8.64
通行证	8.64
烤肉	8.64
每人	8.64
缺点	8.61
设定	8.61
柯	8.61
费耶德	8.61
挽回	8.61
遥远	8.61
前来	8.61
氏	8.61
单词	8.61
球迷	8.61
彩排	8.61
集体	8.59
着手	8.59
星期三	8.59
改进	8.59
洋葱	8.59
头衔	8.59
物体	8.59
烧烤	8.59
途径	8.59
激光	8.59
狐狸	8.59
爱河	8.59
同一	8.59
房地产	8.59
永久	8.56
吉娜	8.56
勤	8.56
时髦	8.56
抉择	8.56
丑闻	8.56
姐	8.56
双重	8.56
铐	8.56
脚踝	8.56
出错	8.56
硬盘	8.56
五十	8.56
英文	8.56
上路	8.56
照相	8.56
加油站	8.56
唠叨	8.56
高跟鞋	8.56
炫耀	8.56
技能	8.53
身子	8.53
挣钱	8.53
出租	8.53
监视器	8.53
轰	8.53
画廊	8.53
艾美	8.53
帕特里克	8.53
乳头	8.53
警徽	8.53
审	8.53
口信	8.53
破案	8.53
芭蕾	8.53
精英	8.53
减轻	8.5
有限	8.5
急事	8.5
男女	8.5
分心	8.5
米奇	8.5
现代舞	8.5
目光	8.5
渡	8.5
举手	8.5
举止	8.5
寡妇	8.5
摇摆	8.5
生长	8.5
架子	8.5
碰头	8.5
甲板	8.5
化妆品	8.5
邮	8.47
力克	8.47
镇静	8.47
保障	8.47
打发	8.47
吸收	8.47
名誉	8.47
处置	8.47
采用	8.47
笔记	8.47
首都	8.47
庆幸	8.47
测验	8.47
医学院	8.47
演示	8.47
他家	8.47
弥	8.44
解剖	8.44
刑事	8.44
路障	8.44
靓	8.44
走着瞧	8.44
束	8.44
精神病院	8.44
诶	8.44
统计	8.44
服务器	8.44
挑战赛	8.44
与此同时	8.44
腐烂	8.44
护送	8.44
容器	8.44
高贵	8.44
律	8.44
担任	8.44
生理	8.44
空白	8.41
幻	8.41
发音	8.41
窃听器	8.41
联合国	8.41
打猎	8.41
川	8.41
渡过	8.41
泄漏	8.41
怪不得	8.41
陆战队	8.41
洗手	8.41
捞	8.41
海选	8.41
失常	8.41
音乐剧	8.41
推进	8.41
融化	8.41
门外	8.38
前方	8.38
伤疤	8.38
跨	8.38
裙	8.38
鳄鱼	8.38
皮带	8.38
随身	8.38
吉米	8.35
奉献	8.35
劫持	8.35
场所	8.35
馆	8.35
转换	8.35
祖国	8.35
军团	8.35
嗷	8.35
布朗	8.35
公事	8.35
感人	8.35
培训	8.35
裔	8.35
传球	8.35
六点	8.35
县	8.32
解救	8.32
飞往	8.32
打碎	8.32
霍	8.32
自卫	8.32
通向	8.32
海报	8.32
警戒	8.32
闪亮	8.32
顺着	8.32
猎物	8.32
要命	8.29
幸存	8.29
十五	8.29
黛	8.29
犯规	8.29
常规	8.29
改善	8.29
酒后	8.29
大吃一惊	8.29
长相	8.29
路易	8.29
北部	8.29
航	8.29
精心	8.29
无礼	8.29
过错	8.29
恶棍	8.26
那年	8.26
牵涉	8.26
那段	8.26
激怒	8.26
安东尼	8.26
太平洋	8.26
高层	8.26
表弟	8.26
总共	8.26
何处	8.26
蠢事	8.23
德语	8.23
固执	8.23
文学	8.23
摄影机	8.23
团伙	8.23
冷酷	8.23
疑	8.23
一同	8.23
床单	8.23
陪审员	8.23
桑	8.23
眼睁睁	8.2
理查德	8.2
好比	8.2
面部	8.2
衰	8.2
自尊	8.2
窗口	8.2
途中	8.2
学费	8.2
发掘	8.17
茜	8.17
打听	8.17
贾	8.17
打斗	8.17
劳	8.17
圣地亚哥	8.17
血腥	8.17
智	8.17
登台	8.17
星期四	8.17
火花	8.17
债	8.17
不良	8.14
坐标	8.14
须	8.14
脚下	8.14
纪	8.14
肤色	8.14
处方	8.14
苏打	8.14
龙虾	8.14
劳驾	8.14
平均	8.14
虚弱	8.14
目的地	8.14
勉强	8.14
这项	8.14
决斗	8.14
功课	8.14
彩虹	8.14
和谐	8.14
日程	8.14
榜样	8.14
情报局	8.14
用心	8.11
关照	8.11
气息	8.11
此外	8.11
纠正	8.11
巨星	8.11
乱动	8.11
贝丝	8.11
赫尔	8.11
生来	8.11
条款	8.11
制度	8.11
让开	8.08
纵火	8.08
十万	8.08
澳大利亚	8.08
离谱	8.08
炮	8.08
房产	8.08
劳拉	8.08
谋杀罪	8.08
托马斯	8.08
羡慕	8.08
鲍	8.08
救世主	8.08
海底	8.08
抑郁	8.08
侄女	8.08
几率	8.08
健身房	8.08
锯	8.05
透过	8.05
猜想	8.05
赛马	8.05
包装	8.05
损坏	8.05
马歇尔	8.05
持枪	8.05
咪咪	8.05
中断	8.05
瘾	8.05
入室	8.05
赎	8.05
乐园	8.05
加里	8.02
去掉	8.02
鬼混	8.02
情愿	8.02
担保	8.02
场地	8.02
液体	8.02
报答	8.02
阴茎	8.02
教导	8.02
特权	8.02
恐龙	8.02
英勇	8.02
棍子	8.02
魔术师	8.02
恰好	8.02
番	8.02
米歇尔	8.02
甜美	8.02
粒	8.02
犯法	8.02
势力	7.99
认可	7.99
筒	7.99
闲	7.99
住所	7.99
采	7.99
求助	7.99
致敬	7.99
扩大	7.99
您好	7.99
伽	7.99
四分	7.99
实	7.99
杰克·鲍尔	7.99
京	7.99
老家	7.99
相对	7.99
罗伊	7.99
单纯	7.99
仗	7.96
曲棍球	7.96
好些	7.96
袜	7.96
可信	7.96
资产	7.96
钩	7.96
锤子	7.96
布什	7.96
录取	7.96
东部	7.96
克隆	7.96
国外	7.96
交出	7.96
干酪	7.96
整形	7.96
沙子	7.96
占领	7.96
注视	7.93
甚	7.93
加密	7.93
套房	7.93
飓风	7.93
剥夺	7.93
出血	7.93
导师	7.93
杰作	7.93
征兆	7.93
富翁	7.93
病例	7.93
销毁	7.93
饥饿	7.93
要紧	7.9
阳台	7.9
心意	7.9
自称	7.9
哈罗德	7.9
画画	7.9
火山	7.9
上级	7.9
愁	7.9
牛仔裤	7.9
涉嫌	7.9
逃犯	7.9
财政	7.9
冰块	7.87
依旧	7.87
磕	7.87
使者	7.87
差别	7.87
遗弃	7.87
缺陷	7.87
火力	7.87
上个月	7.87
剃	7.87
憋	7.87
火腿	7.87
制止	7.87
安定	7.84
贱货	7.84
门锁	7.84
小伙	7.84
好戏	7.84
后背	7.84
身高	7.84
老太太	7.84
漆	7.84
赎金	7.84
心烦	7.84
言论	7.84
活该	7.84
简历	7.84
欢	7.84
利润	7.84
恰当	7.84
拨打	7.84
部位	7.84
传来	7.84
罗斯	7.84
胜任	7.81
贝蒂	7.81
看好	7.81
脂肪	7.81
妥	7.81
副作用	7.81
零钱	7.81
自责	7.81
同情心	7.81
运转	7.81
很难说	7.81
开战	7.81
窗帘	7.81
切开	7.81
收视率	7.81
爹	7.81
苏珊	7.81
从中	7.81
重量	7.78
露面	7.78
埋葬	7.78
加快	7.78
咖啡店	7.78
步行	7.78
塌	7.78
预	7.78
华丽	7.78
常见	7.78
烧伤	7.78
请便	7.78
布丁	7.78
大喊大叫	7.78
瑜	7.78
磁带	7.78
占据	7.78
稳住	7.78
丝毫	7.78
综合症	7.78
格林	7.78
烟雾	7.78
岗位	7.75
植	7.75
疤	7.75
前提	7.75
暖和	7.75
不但	7.75
粉红	7.75
迷恋	7.75
信徒	7.75
正事	7.75
睾丸	7.75
取出	7.75
横	7.75
颁奖	7.75
答复	7.75
诡计	7.75
懒	7.75
虔诚	7.75
激	7.75
木偶	7.75
参赛者	7.75
凶杀案	7.75
妖	7.75
捆	7.75
防护	7.75
凯利	7.72
媒	7.72
商品	7.72
反复	7.72
波特	7.72
中弹	7.72
撬	7.72
敌	7.72
生化	7.72
飙	7.72
债务	7.72
余地	7.72
过时	7.72
避	7.72
片段	7.72
大伙儿	7.72
滑板	7.72
删	7.72
本案	7.72
被害	7.72
预计	7.72
书店	7.69
於	7.69
说笑	7.69
私事	7.69
佐	7.69
洞穴	7.69
出差	7.69
偷情	7.69
盗	7.69
阿拉	7.69
沃	7.69
摩托	7.69
招供	7.69
美分	7.69
义	7.69
服役	7.66
性关系	7.66
下车	7.66
戒毒	7.66
宣称	7.66
首领	7.66
崩	7.66
请客	7.66
抗拒	7.66
织	7.66
台阶	7.66
口供	7.66
演说	7.66
民族	7.66
西方	7.66
国防部	7.66
听众	7.66
赤	7.63
赦免	7.63
麦片	7.63
肋骨	7.63
铃声	7.63
脚步	7.63
光芒	7.63
难关	7.63
掉头	7.63
弹药	7.63
坠入	7.63
幽默感	7.63
菲尔	7.63
停电	7.63
末	7.63
过人	7.63
时不时	7.6
爆米花	7.6
莎士比亚	7.6
用力	7.6
不满	7.6
涨	7.6
揭露	7.6
突出	7.6
辣椒	7.6
粉色	7.6
新生	7.6
辛普森	7.6
盛大	7.6
大地	7.57
近来	7.57
多年	7.57
知情	7.57
来回	7.57
因果	7.57
出示	7.57
说唱	7.57
经受	7.57
迷你	7.57
拐	7.57
野餐	7.57
秋天	7.57
办到	7.57
探戈	7.57
比方	7.57
契约	7.57
进出	7.54
聋	7.54
屈服	7.54
发狂	7.54
地道	7.54
广	7.54
裹	7.54
分成	7.54
尺寸	7.54
储	7.54
转向	7.54
家中	7.54
无敌	7.54
传真	7.54
破裂	7.54
强调	7.51
空手	7.51
肿	7.51
监听	7.51
膜	7.51
辞	7.51
两边	7.51
弘	7.51
奖杯	7.51
沃特	7.51
美梦	7.51
鹅	7.51
激活	7.51
胸罩	7.48
优点	7.48
好意	7.48
空调	7.48
记号	7.48
诈骗	7.48
是非	7.48
诱饵	7.48
飞龙	7.48
莓	7.48
崭新	7.48
亦	7.48
老鹰	7.48
展览	7.48
活跃	7.48
马修	7.48
转告	7.48
人心	7.48
借用	7.48
琳	7.48
咐	7.47
笑声	7.45
下雨	7.45
履行	7.45
九点	7.45
宝石	7.45
海湾	7.45
祈求	7.45
一无所获	7.45
垃圾桶	7.45
删除	7.45
昂贵	7.45
特警	7.45
登机	7.45
刺伤	7.45
体温	7.45
彩票	7.45
照相机	7.45
约瑟夫	7.45
豆腐	7.42
回收	7.42
会长	7.42
祸	7.42
心碎	7.42
禽兽	7.42
沉重	7.42
汽水	7.42
处决	7.42
化验	7.42
出手	7.42
没戏	7.42
读者	7.42
毕	7.42
偏离	7.42
家属	7.42
选出	7.42
钟头	7.42
加倍	7.39
整容	7.39
配方	7.39
蚂蚁	7.39
那场	7.39
分数	7.39
舅舅	7.39
偷看	7.39
包里克	7.39
歌剧	7.39
摩根	7.39
收费	7.39
僵硬	7.39
演习	7.39
马蒂	7.39
束缚	7.39
平凡	7.36
波兰	7.36
认同	7.36
达拉斯	7.36
烂摊子	7.36
全力以赴	7.36
樱桃	7.36
忧郁	7.36
挑起	7.36
功	7.36
底特律	7.36
袭	7.36
夸	7.36
亡	7.36
活生生	7.36
罪案	7.36
传单	7.33
减速	7.33
瘫痪	7.33
黎明	7.33
阿姆斯特丹	7.33
顽固	7.33
狄	7.33
圣母	7.33
奴	7.33
忽然	7.33
鲜花	7.33
免得	7.33
上千	7.33
泼	7.33
基督徒	7.33
办案	7.33
贩卖	7.33
入狱	7.33
巴迪	7.33
企鹅	7.33
比喻	7.33
湖边	7.3
身旁	7.3
奉	7.3
中途	7.3
加班	7.3
包含	7.3
亚历山大	7.3
农民	7.3
万能	7.3
万分	7.3
口红	7.3
协调	7.3
皇帝	7.3
窃	7.3
整夜	7.3
比萨	7.3
今夜	7.3
收买	7.3
墅	7.28
外出	7.27
凯撒	7.27
代号	7.27
镇静剂	7.27
大学生	7.27
奏效	7.27
危害	7.27
缘故	7.27
跟随	7.27
夸奖	7.27
志愿者	7.27
毒素	7.27
铅笔	7.27
会合	7.27
诱人	7.27
罕见	7.27
狩猎	7.27
拉开	7.27
棍	7.27
就此	7.27
后座	7.24
盾	7.24
水中	7.24
安宁	7.24
为难	7.24
恶劣	7.24
炸掉	7.24
升起	7.24
铁路	7.24
眨眼	7.24
老头子	7.24
兄	7.24
上钩	7.24
拼图	7.24
妇	7.24
兑现	7.24
起初	7.24
刺杀	7.24
停留	7.24
碰面	7.24
各就各位	7.24
默契	7.24
婪	7.24
追逐	7.21
陆军	7.21
计程车	7.21
嘿嘿	7.21
转弯	7.21
截	7.21
当场	7.21
巫婆	7.21
当面	7.21
一级	7.21
四点	7.21
休想	7.21
毫米	7.21
腐败	7.21
榈	7.19
油漆	7.18
往事	7.18
片刻	7.18
方位	7.18
房东	7.18
脚印	7.18
辛	7.18
纪念品	7.18
分辨	7.18
激进	7.18
照着	7.18
责备	7.18
松鼠	7.18
春	7.18
月光	7.18
到位	7.18
显而易见	7.18
惊慌	7.15
复	7.15
夏洛特	7.15
肝	7.15
恩怨	7.15
衣柜	7.15
难得	7.15
男子汉	7.15
哲学	7.15
视觉	7.15
腰带	7.15
拉里	7.15
实情	7.15
侏儒	7.15
溅	7.15
里头	7.15
温	7.15
巴库	7.15
少数	7.15
功劳	7.15
法则	7.15
早期	7.15
众人	7.15
剂量	7.15
寇	7.15
查明	7.12
运送	7.12
按时	7.12
当局	7.12
苔	7.12
反映	7.12
道奇	7.12
伴娘	7.12
弱智	7.12
变形	7.12
嚷嚷	7.12
绰号	7.12
安置	7.09
摸摸	7.09
增长	7.09
宁静	7.09
戴尔	7.09
此地	7.09
信赖	7.09
红灯	7.09
恺撒	7.09
喝茶	7.09
葡萄	7.09
原告	7.09
熟人	7.09
环球	7.09
行政	7.09
入睡	7.09
摇滚乐	7.09
靠边	7.09
得出	7.09
编造	7.06
体育馆	7.06
伸出	7.06
往往	7.06
柏	7.06
货物	7.06
衣橱	7.06
嫌	7.06
瘟疫	7.06
机关	7.06
阻挡	7.06
一部分	7.06
氧	7.06
这块	7.06
跌	7.06
战役	7.06
猪头	7.06
高尔夫球	7.06
共享	7.06
埃	7.06
告发	7.06
上楼	7.06
传闻	7.06
席	7.06
替代	7.06
柜台	7.06
再也	7.04
极大	7.04
点火	7.04
凯西	7.04
权威	7.04
梯子	7.04
羞	7.04
偿还	7.04
言语	7.04
倾	7.04
牧场	7.04
猪肉	7.04
五点	7.04
墙壁	7.04
上下	7.04
作风	7.04
掺	7.04
味儿	7.04
拿到	7.04
龙卷风	7.04
滑冰	7.04
无权	7.04
垫底	7.04
殴打	7.04
破烂	7.04
肾上腺	7.04
以至于	7.01
戈	7.01
俄语	7.01
小品	7.01
立马	7.01
更衣室	7.01
克拉	7.01
火车站	7.01
倾诉	7.01
池	7.01
恰恰	7.01
四十	7.01
温馨	7.01
越过	7.01
游客	7.01
签约	7.01
抄	6.98
天花板	6.98
编号	6.98
艾莉	6.98
罢工	6.98
无力	6.98
爹地	6.98
亚特兰大	6.98
悄悄	6.98
早已	6.98
智商	6.98
有请	6.98
漏洞	6.98
藏身	6.98
眉毛	6.98
迈	6.95
击倒	6.95
抖	6.95
孕	6.95
自以为是	6.95
丧命	6.95
帝	6.95
住口	6.95
天分	6.95
脸部	6.95
世人	6.95
乌龟	6.95
族人	6.95
举起	6.95
烧毁	6.95
上士	6.95
势	6.95
一块	6.95
兜	6.95
传票	6.92
抵押	6.92
岩	6.92
米勒	6.92
贸易	6.92
退缩	6.92
炖	6.92
骚	6.92
泰国	6.92
失效	6.92
香港	6.92
环保	6.92
贝卡	6.92
女仆	6.92
讯	6.92
接待	6.92
赫	6.89
鸟儿	6.89
惊吓	6.89
范	6.89
华尔兹	6.89
缩	6.89
监护	6.89
捐献	6.89
电影院	6.89
监护权	6.89
营救	6.89
通告	6.89
庭审	6.89
国民	6.89
办公	6.89
便利	6.89
天主教	6.89
强制	6.89
高速公路	6.89
荷	6.89
政客	6.89
后援	6.86
戒酒	6.86
朝着	6.86
此时此刻	6.86
溜走	6.86
捕	6.86
骆驼	6.86
衫	6.86
步枪	6.86
敲诈	6.86
山谷	6.86
特色	6.86
脏话	6.86
发布会	6.86
现身	6.86
家门	6.86
丹佛	6.86
奇特	6.86
免疫	6.86
烹饪	6.86
妓	6.86
听从	6.86
具备	6.83
咳	6.83
地带	6.83
卷进	6.83
小弟	6.83
圣人	6.83
澄清	6.83
出众	6.83
劫匪	6.83
休息室	6.83
蟑螂	6.83
抬头	6.83
不至于	6.83
海里	6.83
何况	6.83
扩散	6.83
顶尖	6.83
逃亡	6.83
辅导	6.83
得意	6.83
依据	6.8
一塌糊涂	6.8
性交	6.8
发起	6.8
兽医	6.8
担忧	6.8
扯淡	6.8
伊迪	6.8
默	6.8
眼下	6.8
深度	6.8
无助	6.8
竭尽全力	6.8
基督教	6.8
预期	6.8
陶	6.8
传输	6.8
强暴	6.8
过失	6.8
效力	6.77
拧	6.77
伞	6.77
土耳其	6.77
独家	6.77
图案	6.77
泡泡	6.77
特点	6.77
布拉格	6.77
柔软	6.77
松开	6.77
宅	6.77
吗啡	6.77
虽	6.77
悬	6.77
吃醋	6.77
一对	6.77
找寻	6.77
伤感	6.77
畜	6.77
身亡	6.74
后代	6.74
纪律	6.74
化疗	6.74
对比	6.74
赏金	6.74
羽毛	6.74
杉	6.74
秘	6.74
似	6.74
警车	6.74
哈里斯	6.74
卡通	6.74
拿手	6.74
清洁工	6.74
老式	6.74
汉堡包	6.74
孔	6.74
罪过	6.74
王后	6.74
规划	6.74
悲痛	6.71
演播室	6.71
权限	6.71
胡萝卜	6.71
邀	6.71
拘捕	6.71
中止	6.71
劲儿	6.71
这笔	6.71
游荡	6.71
出入	6.71
杜克	6.71
自找	6.71
色彩	6.71
各种各样	6.71
闪耀	6.71
沃克	6.71
执	6.71
构成	6.71
支撑	6.71
条例	6.71
强行	6.71
抗争	6.71
几百万	6.71
航行	6.71
陨石	6.71
蘑菇	6.68
多次	6.68
姑姑	6.68
木乃伊	6.68
消化	6.68
眉	6.68
对准	6.68
薄饼	6.68
酒馆	6.68
围巾	6.68
尘	6.68
车道	6.68
淋	6.68
车厢	6.68
归来	6.68
壁橱	6.68
忆	6.68
阿根廷	6.68
性行为	6.68
话说	6.68
战利品	6.68
警监	6.68
同胞	6.65
中风	6.65
想象力	6.65
心扉	6.65
十几	6.65
疫苗	6.65
牵连	6.65
悬崖	6.65
第十	6.65
伴随	6.65
艾比	6.65
境地	6.65
厌	6.65
耐	6.65
胎	6.65
占有	6.65
传出	6.65
胶带	6.65
橡胶	6.62
好心	6.62
目	6.62
仙女	6.62
团聚	6.62
搏	6.62
体现	6.62
胆量	6.62
精液	6.62
沼泽	6.62
恋人	6.62
冥	6.59
周三	6.59
与否	6.59
折腾	6.59
亵渎	6.59
法学院	6.59
大餐	6.59
出动	6.59
裂	6.59
案例	6.59
中间人	6.59
可不可以	6.59
体面	6.59
祖先	6.59
骨灰	6.59
导航	6.59
合格	6.59
无线	6.59
另一方面	6.59
惹火	6.59
热水	6.59
珍珠	6.59
讯息	6.59
含有	6.59
乐器	6.59
含量	6.59
恼火	6.59
规律	6.59
看样子	6.56
野马	6.56
癫痫	6.56
碧	6.56
舍	6.56
扬	6.56
存活	6.56
密切	6.56
深夜	6.56
冷冻	6.56
不得了	6.56
联	6.56
孤儿院	6.56
糖尿病	6.56
眼熟	6.56
探望	6.56
胎儿	6.56
临床	6.56
胡闹	6.56
仓	6.56
找乐	6.56
例	6.56
迟钝	6.53
外界	6.53
性别	6.53
罗伯	6.53
淫	6.53
心爱	6.53
友情	6.53
贾斯汀	6.53
行驶	6.53
开动	6.53
帕克	6.53
终生	6.53
拇指	6.53
巴马	6.53
理性	6.53
投球	6.53
得以	6.53
修道院	6.53
举报	6.53
外交	6.5
效应	6.5
颇	6.5
克拉克	6.5
中部	6.5
关押	6.5
杂	6.5
斗牛	6.5
驱	6.5
尼斯	6.5
避孕套	6.5
河里	6.5
事态	6.5
烟草	6.5
准则	6.5
废弃	6.5
盼	6.5
出院	6.5
葛	6.47
鬼话	6.47
大钱	6.47
欧文	6.47
亲口	6.47
监护人	6.47
覆盖	6.47
报名	6.47
庄园	6.47
伴郎	6.47
在座	6.47
初步	6.47
公斤	6.47
震	6.47
碍	6.47
芭蕾舞	6.47
署	6.47
得逞	6.47
否定	6.47
韦德	6.47
观念	6.47
暴躁	6.47
异议	6.47
坏话	6.47
邪	6.44
爪子	6.44
约翰逊	6.44
先前	6.44
递	6.44
薄荷	6.44
储藏室	6.44
纸巾	6.44
那会儿	6.44
示范	6.44
热身	6.44
腹部	6.44
皇室	6.44
盘问	6.44
瑞典	6.44
鼓舞	6.44
休斯	6.44
旅店	6.44
浇	6.44
阿拉斯加	6.41
看成	6.41
正常人	6.41
至关重要	6.41
滥用	6.41
自负	6.41
院长	6.41
怨恨	6.41
看门	6.41
怀着	6.41
边界	6.41
电报	6.41
改天	6.41
发动机	6.41
静脉	6.41
恳求	6.41
大惊小怪	6.41
挑剔	6.41
眼球	6.41
增援	6.41
菌	6.41
洛克	6.41
规模	6.41
吉普	6.38
居	6.38
召开	6.38
以免	6.38
来往	6.38
飞翔	6.38
怨	6.38
心底	6.38
佩服	6.38
骑车	6.38
笔迹	6.38
通缉	6.38
特技	6.38
艰苦	6.38
住址	6.38
损害	6.38
嗓子	6.38
杰基	6.38
无赖	6.38
眼皮	6.38
诉	6.38
鲨	6.38
孩	6.38
日志	6.38
生还	6.35
房顶	6.35
整体	6.35
肠	6.35
舞动	6.35
扰乱	6.35
重罪	6.35
打劫	6.35
难题	6.35
搭配	6.35
找麻烦	6.35
统统	6.35
坠毁	6.35
忠告	6.35
音乐家	6.35
物证	6.35
暴风雨	6.35
暴徒	6.35
美军	6.35
酸奶	6.35
鸭	6.35
胆子	6.35
都会	6.35
错乱	6.32
启发	6.32
饮食	6.32
手工	6.32
突发	6.32
热门	6.32
叉	6.32
报社	6.32
偷听	6.32
报到	6.32
开张	6.32
审查	6.32
营养	6.32
乏味	6.32
幼儿园	6.32
子宫	6.32
占用	6.32
闻到	6.32
千年	6.32
帅气	6.32
吨	6.32
聪明人	6.32
半辈子	6.32
个子	6.32
髦	6.32
推翻	6.29
盆	6.29
放过	6.29
突击	6.29
呆子	6.29
药片	6.29
虚伪	6.29
匆忙	6.29
谴责	6.29
测量	6.29
艺人	6.29
弗兰基	6.29
威力	6.29
战机	6.29
潜艇	6.29
玛莎	6.29
痛恨	6.29
七点	6.29
警卫队	6.26
蜂	6.26
时速	6.26
吸取	6.26
敬礼	6.26
自大	6.26
从而	6.26
薯	6.26
飞过	6.26
机长	6.26
及格	6.26
互联网	6.26
格斗	6.26
吹牛	6.26
轻微	6.23
注入	6.23
捐款	6.23
前台	6.23
辨认	6.23
特意	6.23
脸蛋	6.23
楚	6.23
激发	6.23
何必	6.23
女佣	6.23
起火	6.23
巡演	6.23
成天	6.23
影响力	6.23
肪	6.21
看护	6.2
可耻	6.2
永生	6.2
兜风	6.2
卸	6.2
发财	6.2
嗒	6.2
凯莉	6.2
压迫	6.2
蜂蜜	6.2
风声	6.2
教皇	6.2
像样	6.2
一无是处	6.2
瞎说	6.2
布赖恩	6.2
共识	6.2
姿态	6.2
银色	6.2
墓	6.2
奖赏	6.2
钉子	6.2
海豚	6.2
强势	6.2
饭碗	6.2
来看	6.2
下士	6.17
搜集	6.17
拦截	6.17
宇航员	6.17
珠	6.17
火柴	6.17
租金	6.17
清新	6.17
继父	6.17
比分	6.17
众多	6.17
人情	6.17
防卫	6.17
巡回	6.17
丸	6.14
谱	6.14
屁话	6.14
金融	6.14
正要	6.14
界限	6.14
专用	6.14
直言	6.14
南茜	6.14
快快	6.14
剩余	6.14
袖手旁观	6.14
救助	6.14
聆听	6.14
品尝	6.14
窃听	6.14
距	6.14
胆小	6.14
病历	6.14
抉	6.13
可行	6.11
囚禁	6.11
怒火	6.11
种子	6.11
不已	6.11
树上	6.11
雕塑	6.11
柯达	6.11
前线	6.11
瘤	6.11
装扮	6.11
平台	6.11
路口	6.11
臀	6.11
快感	6.11
带到	6.11
经纪	6.11
理念	6.11
乐团	6.11
派出	6.11
欺诈	6.11
共和国	6.08
外加	6.08
大多	6.08
用餐	6.08
脆	6.08
小便	6.08
玛利亚	6.08
马拉松	6.08
手势	6.08
淡	6.08
嫩	6.08
隐蔽	6.08
目录	6.08
望远镜	6.08
螃蟹	6.08
充足	6.08
称职	6.08
驴	6.08
冒昧	6.08
棉	6.08
邮箱	6.08
能耐	6.08
格雷	6.08
抑制	6.08
教徒	6.08
排名	6.08
人工	6.08
说服力	6.08
可言	6.05
投手	6.05
轮子	6.05
产业	6.05
触摸	6.05
锦标赛	6.05
江	6.05
群众	6.05
金枪鱼	6.05
过不去	6.05
毒瘾	6.05
口气	6.05
阳	6.05
到场	6.05
公关	6.05
闪光	6.05
昂	6.05
熊猫	6.05
散发	6.05
一瞬间	6.05
纳米	6.05
休庭	6.05
水泥	6.05
荷尔蒙	6.05
景色	6.05
气质	6.02
任命	6.02
旋律	6.02
波斯	6.02
久等	6.02
巡警	6.02
再度	6.02
巫术	6.02
毒蛇	6.02
刘易斯	6.02
车门	6.02
起见	6.02
碳	6.02
争议	6.02
齿	6.02
拉链	6.02
戈登	6.02
琢磨	6.02
采集	6.02
大规模	6.02
皇冠	6.02
孙女	6.02
教书	6.02
宣言	6.02
品质	6.02
螂	6
管闲事	5.99
耗子	5.99
流感	5.99
算数	5.99
俘虏	5.99
加把劲	5.99
堵住	5.99
颠倒	5.99
氪	5.99
随心所欲	5.99
车票	5.99
天亮	5.99
上星期	5.99
绝妙	5.99
现状	5.99
罐头	5.99
宫殿	5.99
等级	5.99
拿破仑	5.99
探测器	5.99
大使馆	5.99
宽容	5.99
被盗	5.99
巴克	5.99
未经	5.99
美貌	5.99
圣诞树	5.96
破碎	5.96
并非如此	5.96
总结	5.96
场上	5.96
彻	5.96
弟	5.96
结实	5.96
开关	5.96
爪	5.96
乱跑	5.96
喇叭	5.96
都市	5.96
金牌	5.96
驳回	5.96
特区	5.96
上头	5.96
摩西	5.96
严	5.96
初恋	5.96
更为	5.96
学学	5.96
拳王	5.96
复原	5.96
温泉	5.96
痛快	5.96
美食	5.96
潜入	5.96
景象	5.96
拒	5.93
十点	5.93
冰球	5.93
民主党	5.93
莫名其妙	5.93
河边	5.93
认输	5.93
追寻	5.93
不大	5.93
典	5.93
敬意	5.93
公交	5.93
恶毒	5.93
鲸鱼	5.93
建筑师	5.93
肌	5.93
杀人狂	5.93
型号	5.93
绑匪	5.93
选美	5.93
旗帜	5.93
虐	5.93
服刑	5.9
百分	5.9
安保	5.9
放逐	5.9
期限	5.9
跳动	5.9
手续	5.9
好不容易	5.9
遗体	5.9
分歧	5.9
专栏	5.9
餐桌	5.9
综合	5.9
探测	5.9
维克多	5.9
洋	5.9
智力	5.9
老友	5.9
婚前	5.87
补给	5.87
新奥尔良	5.87
下毒	5.87
流动	5.87
迪斯科	5.87
用户	5.87
动用	5.87
再生	5.87
优美	5.87
打中	5.87
处死	5.87
园	5.87
歉意	5.87
黑洞	5.87
总监	5.87
筹款	5.87
百分之百	5.87
协定	5.87
芝士	5.87
愧疚	5.87
上百	5.87
当选	5.87
木屋	5.87
年头	5.87
俱	5.87
增强	5.87
谋	5.87
同居	5.87
古代	5.84
野营	5.84
时间表	5.84
哀悼	5.84
书面	5.84
胜利者	5.84
烤箱	5.84
侦察	5.84
搭讪	5.84
转动	5.84
悚	5.84
提案	5.84
受苦	5.84
反常	5.84
原先	5.84
邦德	5.84
肺部	5.84
预告	5.84
哪边	5.84
坦	5.84
武	5.84
热闹	5.84
最先	5.81
陆战	5.81
导	5.81
黑夜	5.81
肢体	5.81
遥控	5.81
骷髅	5.81
壁炉	5.81
壶	5.81
缝合	5.81
癌	5.81
低头	5.81
景	5.81
优	5.81
莫莉	5.81
恋情	5.81
冰冷	5.78
煎熬	5.78
松子	5.78
绷	5.78
时报	5.78
重演	5.78
威尼斯	5.78
放出	5.78
手镯	5.78
适用	5.78
尽力而为	5.78
乌鸦	5.78
失落	5.78
艾滋病	5.78
刑	5.78
工会	5.78
耽搁	5.78
壳	5.78
尤	5.78
高中生	5.78
有幸	5.78
围绕	5.78
弄清	5.78
送命	5.78
略	5.78
看作	5.75
最为	5.75
砖	5.75
空虚	5.75
旨意	5.75
延长	5.75
回电	5.75
照料	5.75
东方	5.75
反感	5.75
乌	5.75
索菲	5.75
潜	5.75
亿万	5.75
光彩	5.75
法师	5.75
安德鲁	5.75
颤抖	5.75
外公	5.72
苍白	5.72
芙	5.72
置于	5.72
延	5.72
二级	5.72
养活	5.72
踪迹	5.72
沟	5.72
兼职	5.72
没完	5.72
动人	5.72
视为	5.72
巨型	5.72
欧元	5.72
品位	5.72
否决	5.72
交代	5.72
恨死	5.72
忙碌	5.72
排斥	5.72
活命	5.72
郊区	5.69
透顶	5.69
地产	5.69
设想	5.69
利息	5.69
伸展	5.69
脱光	5.69
贤	5.69
用处	5.69
浑	5.69
坐坐	5.69
重力	5.69
雅各布	5.69
咻	5.69
大屠杀	5.69
至极	5.69
行走	5.69
营业	5.69
终究	5.69
充电	5.69
主宰	5.69
烟花	5.69
痊愈	5.69
父子	5.69
每月	5.69
花生酱	5.66
联赛	5.66
堡垒	5.66
咳嗽	5.66
阳性	5.66
许诺	5.66
瘀	5.66
教父	5.66
偷窥	5.66
改编	5.66
稿	5.66
北边	5.66
悍	5.66
橘子	5.66
议案	5.66
指南	5.63
楼顶	5.63
内在	5.63
粗暴	5.63
贫穷	5.63
佩	5.63
炫	5.63
雪橇	5.63
不怎么	5.63
斗士	5.63
延续	5.63
画像	5.63
挑逗	5.63
视力	5.63
唐娜	5.63
帅哥	5.63
人身	5.63
爱好者	5.63
翻过	5.63
几十	5.63
瞄	5.63
西北	5.63
遥控器	5.63
进度	5.6
烦心	5.6
消费	5.6
忍耐	5.6
问话	5.6
题目	5.6
灭绝	5.6
栅栏	5.6
弹壳	5.6
国度	5.6
生前	5.6
手淫	5.6
把柄	5.6
样品	5.6
棉花	5.6
机上	5.6
窗子	5.6
实行	5.6
铜	5.6
提交	5.6
晕倒	5.6
激素	5.6
喷泉	5.6
歌迷	5.6
支点	5.6
坠落	5.6
水面	5.6
富人	5.6
美洲	5.6
隐	5.6
融合	5.6
抛开	5.6
学者	5.6
霉	5.57
吾	5.57
期盼	5.57
寒冷	5.57
奥斯汀	5.57
发电机	5.57
白费	5.57
好感	5.57
肖	5.57
痴迷	5.57
验	5.57
闲逛	5.57
复活节	5.57
避难所	5.57
虚	5.57
岸	5.57
快递	5.57
黑手党	5.57
比基尼	5.57
动脉瘤	5.57
泰迪	5.57
啃	5.57
动手术	5.57
签证	5.57
芭芭拉	5.57
扮成	5.57
学徒	5.57
闹着玩	5.57
尚未	5.57
同行	5.57
逛逛	5.57
岁月	5.57
格兰特	5.57
漏掉	5.57
重返	5.54
征	5.54
专长	5.54
咖啡馆	5.54
确凿	5.54
领地	5.54
来得	5.54
欢笑	5.54
灭亡	5.54
瞎子	5.54
为生	5.54
急需	5.54
取悦	5.54
家里人	5.54
军火	5.54
松手	5.54
球赛	5.54
庆典	5.54
暗号	5.54
哎哟	5.54
贝克	5.54
调头	5.54
告密	5.54
人造	5.54
理会	5.54
约束	5.54
凡	5.54
教学	5.54
预订	5.54
卖力	5.54
效率	5.51
指派	5.51
披萨	5.51
查找	5.51
来访	5.51
膛	5.51
值班	5.51
约翰尼	5.51
缉毒	5.51
止痛药	5.51
此案	5.51
沉迷	5.51
增	5.51
辩解	5.51
低级	5.51
哔	5.51
部署	5.51
合成	5.51
在内	5.51
合身	5.51
万物	5.51
参军	5.51
跟进	5.51
罪人	5.51
中转站	5.51
莲	5.51
驯	5.48
额头	5.48
不通	5.48
中年	5.48
愉悦	5.48
室内	5.48
踪	5.48
从来不	5.48
文书	5.48
特种部队	5.48
许可证	5.48
为人	5.48
琼	5.48
领导者	5.48
太空船	5.48
密室	5.48
鱿鱼	5.48
参	5.48
仇	5.48
香草	5.48
耗	5.48
拴	5.48
购	5.48
墨	5.48
控诉	5.48
重量级	5.48
侏	5.47
补救	5.46
知晓	5.46
用场	5.46
奥德莉	5.46
对头	5.46
揭发	5.46
牲	5.46
放假	5.46
记载	5.46
苛刻	5.46
建筑物	5.46
核武器	5.46
战友	5.46
体系	5.46
绷带	5.46
五角大楼	5.46
麦迪逊	5.46
叫声	5.46
推出	5.46
性欲	5.46
老子	5.46
供给	5.43
橙汁	5.43
毛发	5.43
原子弹	5.43
埋伏	5.43
不妥	5.43
大个子	5.43
教养	5.43
异教徒	5.43
疲惫	5.43
路程	5.43
曲线	5.43
咸	5.43
失血	5.43
鲁莽	5.43
换句话说	5.43
乳酪	5.43
冻死	5.43
误导	5.43
大自然	5.43
温和	5.43
复合	5.43
临	5.43
兄妹	5.43
生效	5.43
核磁共振	5.43
蜥蜴	5.43
洗洗	5.43
紧密	5.43
不顾	5.4
门前	5.4
抚摸	5.4
强力	5.4
信用	5.4
抗生素	5.4
简短	5.4
天性	5.4
煤气	5.4
搏斗	5.4
灯塔	5.4
标题	5.4
海外	5.4
成年	5.4
缓解	5.4
巴里	5.4
褐色	5.4
青春期	5.4
罗宾	5.4
休闲	5.4
伤痛	5.4
水准	5.4
预防	5.4
罗尼	5.4
疑惑	5.4
被告人	5.4
外头	5.37
碰见	5.37
户外	5.37
残骸	5.37
管理局	5.37
情妇	5.37
爵士舞	5.37
弗朗西斯	5.37
格列登科	5.37
关节	5.37
添麻烦	5.37
金库	5.37
安眠药	5.37
受损	5.37
耀眼	5.37
应有	5.37
工地	5.37
耳机	5.37
没意思	5.37
直线	5.37
争斗	5.37
火药	5.37
柯林斯	5.37
好家伙	5.37
表妹	5.37
新婚	5.37
推断	5.37
护卫	5.37
刷牙	5.34
嗜	5.34
阿姆斯特朗	5.34
书呆子	5.34
关机	5.34
昆虫	5.34
圣地	5.34
谦虚	5.34
竟敢	5.34
偷偷摸摸	5.34
愚弄	5.34
代理人	5.34
雄	5.34
拾	5.34
保险柜	5.34
特质	5.34
掌管	5.34
起点	5.34
手榴弹	5.34
孕妇	5.34
同谋	5.34
歉	5.34
简报	5.34
微波炉	5.34
怪事	5.34
拍卖会	5.34
师父	5.34
便车	5.31
两百万	5.31
重重	5.31
一般来说	5.31
次数	5.31
讨好	5.31
铲子	5.31
杨	5.31
洁	5.31
死尸	5.31
挠	5.31
从今	5.31
果冻	5.31
除去	5.31
伊娃	5.31
迷信	5.31
堕胎	5.31
缘	5.31
出身	5.31
沿	5.31
复苏	5.31
应急	5.31
灿烂	5.31
清晨	5.31
提及	5.31
鼻涕	5.31
上将	5.31
上空	5.31
开膛	5.31
世间	5.31
贩子	5.31
出国	5.31
逃逸	5.31
蜡	5.31
表演者	5.31
拐角	5.31
人命	5.31
科迪	5.28
观	5.28
罗密欧	5.28
任意	5.28
野心	5.28
薇	5.28
遮	5.28
客观	5.28
泡菜	5.28
监管	5.28
劳伦斯	5.28
侦查	5.28
小提琴	5.28
酒瓶	5.28
控制室	5.28
大家庭	5.28
没命	5.28
五千	5.28
季度	5.28
南边	5.28
雇主	5.28
有助于	5.28
万事	5.28
瞪	5.28
撕裂	5.28
强奸犯	5.28
种族主义	5.25
酋长	5.25
重现	5.25
杂货店	5.25
飞来	5.25
理所当然	5.25
头头	5.25
坚决	5.25
靴	5.25
迷茫	5.25
秘方	5.25
豹	5.25
净	5.25
试演	5.25
就位	5.25
早晚	5.25
戏剧性	5.25
就是了	5.25
痪	5.25
身手	5.22
差错	5.22
肃静	5.22
流泪	5.22
玩耍	5.22
射线	5.22
职务	5.22
本次	5.22
诗歌	5.22
迷宫	5.22
金币	5.22
难民	5.22
赎罪	5.22
无处不在	5.22
自制	5.22
振	5.22
无处	5.22
挑衅	5.22
残留	5.22
闪闪	5.22
视野	5.22
领主	5.22
汤尼	5.22
乡巴佬	5.22
秘鲁	5.22
乱来	5.22
腹	5.22
过日子	5.22
花瓶	5.22
有事	5.22
蹩脚	5.22
决不会	5.22
术语	5.22
满满	5.22
粉碎	5.22
同盟	5.22
粉红色	5.22
判断力	5.22
源头	5.19
特里	5.19
漫步	5.19
外部	5.19
小巷	5.19
变异	5.19
亲切	5.19
突袭	5.19
伊朗	5.19
不知所措	5.19
动身	5.19
定下	5.19
摊	5.19
出轨	5.19
累死	5.19
打火机	5.19
落入	5.19
公道	5.19
炉子	5.19
血型	5.19
感想	5.19
西服	5.19
泥土	5.19
疏远	5.19
听取	5.19
多多	5.16
走动	5.16
内战	5.16
门铃	5.16
敏	5.16
擅自	5.16
影星	5.16
毒死	5.16
草地	5.16
耳光	5.16
名下	5.16
梦寐以求	5.16
绳索	5.16
直升飞机	5.16
必然	5.16
对讲机	5.16
猎犬	5.16
鲜	5.16
送货	5.16
比例	5.16
满嘴	5.16
罪孽	5.16
寄生虫	5.16
番茄酱	5.16
私生活	5.13
医护	5.13
奔	5.13
进程	5.13
坨	5.13
铅	5.13
示	5.13
艾米莉	5.13
训	5.13
蔓延	5.13
安顿	5.13
兴	5.13
坚果	5.13
头晕	5.13
妖精	5.13
黑客	5.13
两三	5.13
揭开	5.13
废墟	5.13
闲聊	5.13
婆婆	5.13
阴暗	5.13
熏肉	5.13
敏锐	5.13
翼	5.13
辉煌	5.13
假定	5.13
一带	5.13
铲	5.13
成名	5.13
逃命	5.13
香味	5.13
爱心	5.13
售	5.13
扒	5.13
办公桌	5.13
书房	5.1
剧情	5.1
迫使	5.1
下雪	5.1
勾搭	5.1
腕	5.1
此次	5.1
缩写	5.1
风尚	5.1
长话短说	5.1
抽出	5.1
俗	5.1
退役	5.1
密封	5.1
菲利普	5.1
付费	5.1
扫地	5.1
海关	5.1
夜间	5.1
致力	5.1
有益	5.1
不好过	5.1
光速	5.1
水下	5.1
弹道	5.1
庞	5.1
过期	5.1
痫	5.1
追随	5.07
进城	5.07
狱警	5.07
消极	5.07
夏令营	5.07
妒忌	5.07
打印	5.07
出击	5.07
丧生	5.07
混账	5.07
曼尼	5.07
叠	5.07
竭尽	5.07
轰动	5.07
审理	5.07
冠	5.07
神经质	5.07
擦伤	5.07
遛	5.07
震动	5.07
没完没了	5.07
呼唤	5.07
长老	5.07
参议院	5.07
余	5.07
玛格丽特	5.07
眨	5.07
响起	5.07
效忠	5.04
大炮	5.04
剧组	5.04
中东	5.04
设立	5.04
下星期	5.04
外边	5.04
气死	5.04
柯蒂斯	5.04
日历	5.04
锁门	5.04
沉浸	5.04
延期	5.04
荣恩	5.04
冷漠	5.04
全场	5.04
勿	5.04
跑道	5.04
首饰	5.04
乞求	5.04
北极	5.04
弦	5.04
航线	5.04
退学	5.04
膝	5.04
序列	5.04
奥运会	5.01
姬	5.01
体型	5.01
集中营	5.01
小人	5.01
天主教徒	5.01
同步	5.01
拥挤	5.01
黑社会	5.01
电流	5.01
孤	5.01
神灵	5.01
物种	5.01
苦难	5.01
牙刷	5.01
海狸	5.01
登录	5.01
遥	5.01
救人	5.01
安全部	5.01
蒸发	5.01
肾脏	5.01
饥渴	5.01
淘气	5.01
本书	5.01
管制	5.01
苏菲	5.01
抵	5.01
停职	5.01
人力	5.01
周刊	4.98
看望	4.98
缓慢	4.98
妓院	4.98
勇	4.98
发自	4.98
加大	4.98
来宾	4.98
猎杀	4.98
透明	4.98
鞋带	4.98
竖	4.98
揪	4.98
尽管如此	4.98
梨	4.98
丢弃	4.98
涌	4.98
存款	4.98
盲目	4.98
禁闭	4.98
兰迪	4.98
夜班	4.98
冲击	4.98
建设	4.98
潮	4.98
类固醇	4.98
矿	4.98
节省	4.98
泪	4.98
扫兴	4.98
脂	4.98
潜意识	4.98
诸如此类	4.98
袍	4.98
晚间	4.98
小路	4.95
我国	4.95
腻	4.95
畏惧	4.95
降落伞	4.95
课堂	4.95
留住	4.95
狮	4.95
擅	4.95
流逝	4.95
否	4.95
复习	4.95
绕道	4.95
以此	4.95
尼古拉斯	4.95
服药	4.95
茉莉	4.95
墨水	4.95
血样	4.95
斯蒂芬	4.95
处罚	4.95
钢	4.95
米莉	4.95
海浪	4.95
人权	4.95
打造	4.95
更换	4.95
臭味	4.95
频繁	4.95
热心	4.95
榨	4.95
收购	4.95
付清	4.95
支配	4.95
活泼	4.95
播报	4.95
唇膏	4.95
饪	4.95
水上	4.92
时常	4.92
安吉拉	4.92
诸	4.92
效	4.92
野外	4.92
印记	4.92
女招待	4.92
幻象	4.92
差事	4.92
树枝	4.92
傲	4.92
打牌	4.92
劳动	4.92
正轨	4.92
证书	4.92
克制	4.92
戴维斯	4.92
帖	4.92
壮观	4.92
报案	4.92
射门	4.92
数百万	4.92
拼写	4.92
上身	4.92
全身心	4.92
假日	4.92
布洛克	4.92
个头	4.92
芥末	4.92
选民	4.92
交待	4.92
热衷	4.92
牌照	4.89
套装	4.89
无缘无故	4.89
淑女	4.89
流传	4.89
毒性	4.89
蓄意	4.89
内森	4.89
野生	4.89
灵活	4.89
角逐	4.89
房客	4.89
可怜虫	4.89
好球	4.89
爆破	4.89
跳伞	4.89
电车	4.89
皱	4.89
心上	4.89
肤浅	4.89
住宅	4.89
家务	4.89
思念	4.89
矿工	4.89
跌倒	4.89
归还	4.89
账	4.89
崎	4.89
洗礼	4.89
假扮	4.89
募捐	4.89
差点儿	4.89
相识	4.89
插入	4.89
成本	4.89
塞勒	4.89
旅客	4.89
头等舱	4.89
冰冻	4.86
好说	4.86
内脏	4.86
科幻	4.86
捧	4.86
栏	4.86
本意	4.86
袖子	4.86
民事	4.86
源自	4.86
车队	4.86
面罩	4.86
激动人心	4.86
毁坏	4.86
欣慰	4.86
热带	4.86
称赞	4.86
体操	4.86
削	4.86
痴	4.86
邦	4.86
马子	4.86
美容	4.86
参考	4.86
无所事事	4.86
槽	4.86
条约	4.86
每日	4.86
一贯	4.86
麻省	4.83
溜冰	4.83
茄子	4.83
遮住	4.83
大鱼	4.83
群体	4.83
股份	4.83
迷住	4.83
心烦意乱	4.83
这会儿	4.83
即兴	4.83
当做	4.83
炒鱿鱼	4.83
邮局	4.83
丰满	4.83
失礼	4.83
侵略	4.83
爱因斯坦	4.83
调味	4.83
一来	4.83
四分之一	4.83
紧身	4.83
真心话	4.83
躲藏	4.83
过节	4.83
动议	4.83
州立	4.83
积	4.83
人手	4.83
山顶	4.83
刑警	4.8
留心	4.8
冬	4.8
下流	4.8
屠夫	4.8
圣灵	4.8
重组	4.8
笑脸	4.8
以内	4.8
触动	4.8
比利时	4.8
组建	4.8
分娩	4.8
车窗	4.8
牙膏	4.8
丫	4.8
胡言乱语	4.8
为所欲为	4.8
上方	4.8
国安	4.8
更新	4.8
拐杖	4.8
拨号	4.8
玉	4.8
撑住	4.8
讯号	4.8
相见	4.8
韦伯	4.8
限	4.8
未成年	4.8
授予	4.8
巴德	4.8
替换	4.8
推理	4.8
惫	4.8
卢克	4.77
伊莎贝尔	4.77
乃	4.77
悠	4.77
咖啡因	4.77
玩牌	4.77
迹	4.77
人行道	4.77
面谈	4.77
轰炸	4.77
埃里克	4.77
忠于	4.77
挚爱	4.77
提早	4.77
佛罗多	4.77
底部	4.77
轻而易举	4.77
蛋白质	4.77
警署	4.77
推销员	4.77
眠	4.77
感恩	4.77
庞大	4.77
垃圾箱	4.77
验证	4.77
储存	4.77
美人	4.77
勋爵	4.77
罗德	4.77
过后	4.77
拳击手	4.77
古典	4.74
白白	4.74
慰	4.74
坡	4.74
行头	4.74
私奔	4.74
爵士乐	4.74
拖鞋	4.74
潮流	4.74
不择手段	4.74
出头	4.74
包袱	4.74
两千	4.74
覆	4.74
扛	4.74
金刚	4.74
受益	4.74
番茄	4.74
会计师	4.74
淫荡	4.74
取回	4.74
嗅	4.74
武力	4.74
五月	4.74
夏日	4.74
纽扣	4.74
千真万确	4.74
灯泡	4.74
比不上	4.74
徘徊	4.74
庞德	4.74
思路	4.74
公牛	4.74
侧面	4.74
招募	4.74
传唤	4.74
表哥	4.74
少见	4.74
接替	4.74
胶片	4.74
逃生	4.74
指使	4.71
周到	4.71
动摇	4.71
臂	4.71
村民	4.71
备忘录	4.71
字条	4.71
舰长	4.71
可否	4.71
尤物	4.71
改革	4.71
囊	4.71
节哀	4.71
返校	4.71
遗言	4.71
美人鱼	4.71
破解	4.71
泡沫	4.71
澳洲	4.71
旅行者	4.71
负罪感	4.71
互	4.71
公文包	4.71
负面	4.71
逮捕令	4.71
摩擦	4.71
事后	4.71
替身	4.71
前所未有	4.71
拳手	4.71
氯	4.71
背部	4.71
上百万	4.71
捍卫	4.71
演技	4.71
梦想成真	4.71
层次	4.71
辅助	4.68
加仑	4.68
托比	4.68
勾当	4.68
方向盘	4.68
劈	4.68
外国人	4.68
戒备	4.68
乎	4.68
老太婆	4.68
桃子	4.68
艾伯特	4.68
严密	4.68
药丸	4.68
障	4.68
通宵	4.68
玷污	4.68
五万	4.68
河流	4.68
跑车	4.68
阴性	4.68
初次	4.68
原理	4.68
阿里	4.68
一大早	4.68
预先	4.68
有机	4.68
无可奉告	4.68
奇异	4.68
家门口	4.68
将近	4.65
好话	4.65
植入	4.65
引人注目	4.65
种种	4.65
点头	4.65
吊死	4.65
外衣	4.65
气候	4.65
透气	4.65
布坎南	4.65
创新	4.65
移民局	4.65
信托	4.65
庇护	4.65
蛋白	4.65
西边	4.65
直至	4.65
读读	4.65
饮	4.65
霜	4.65
奶牛	4.65
三千	4.65
贝尔	4.65
散开	4.65
渠道	4.65
温迪	4.65
苏醒	4.65
条纹	4.65
猎枪	4.65
椰子	4.65
掘	4.62
外号	4.62
完工	4.62
一千万	4.62
伸手	4.62
糖浆	4.62
谋生	4.62
地雷	4.62
哈尔	4.62
换上	4.62
名牌	4.62
无尽	4.62
奔驰	4.62
垂	4.62
绯闻	4.62
药剂	4.62
塑造	4.62
汇	4.62
当前	4.62
天然	4.62
啊啊	4.62
变性	4.62
强悍	4.62
飞车	4.62
主编	4.62
刺客	4.62
深表	4.62
棚	4.62
梦境	4.62
坏处	4.62
检察院	4.62
高档	4.62
还击	4.62
三百	4.62
灰姑娘	4.59
凡人	4.59
孟菲斯	4.59
宋	4.59
消毒	4.59
大西洋	4.59
精疲力尽	4.59
手稿	4.59
马赛	4.59
得主	4.59
把门	4.59
怀里	4.59
粪	4.59
喝彩	4.59
现有	4.59
污点	4.59
快活	4.59
修正案	4.59
一日	4.59
收益	4.59
技	4.59
徒	4.59
预谋	4.59
热量	4.59
况且	4.59
发射器	4.56
坚	4.56
福音	4.56
炮弹	4.56
明信片	4.56
痉挛	4.56
站台	4.56
捕捉	4.56
净化	4.56
要害	4.56
二战	4.56
斯坦福	4.56
收场	4.56
放纵	4.56
此处	4.56
怀抱	4.56
分头	4.56
妖怪	4.56
数码	4.56
心目	4.56
讨价还价	4.56
紧身衣	4.56
实践	4.56
布雷克	4.56
违规	4.56
向上	4.56
风流	4.56
摩尔	4.56
班机	4.56
咧	4.56
骑警	4.56
香料	4.56
上海	4.56
纽	4.56
秘诀	4.56
口水	4.56
瀑布	4.56
无害	4.56
钝	4.56
超大	4.56
散布	4.56
偏偏	4.56
多管闲事	4.56
框	4.56
充	4.56
从头到尾	4.56
年长	4.56
远程	4.56
勺子	4.56
麻痹	4.53
后卫	4.53
十字	4.53
东区	4.53
阿尔巴尼亚	4.53
加热	4.53
告密者	4.53
零食	4.53
出没	4.53
贵宾	4.53
疗程	4.53
挥手	4.53
蒙在鼓里	4.53
修补	4.53
传讯	4.53
岂	4.53
总理	4.53
尊贵	4.53
深感	4.53
安全局	4.53
锋利	4.53
园丁	4.53
闹钟	4.53
笨拙	4.53
录音带	4.53
特制	4.53
支持者	4.53
开胃	4.53
救济	4.53
士官	4.53
精明	4.53
付款	4.53
寺	4.53
盟友	4.53
老兵	4.53
灰尘	4.53
腌	4.53
得罪	4.53
拖住	4.5
指数	4.5
让步	4.5
枝	4.5
流产	4.5
流言	4.5
配对	4.5
驶	4.5
头版	4.5
山洞	4.5
宣判	4.5
里奇	4.5
正题	4.5
电话线	4.5
乔纳森	4.5
毁掉	4.5
百万富翁	4.5
隆重	4.5
军用	4.5
特地	4.5
布道	4.5
海龟	4.5
银河	4.5
坚守	4.5
机遇	4.5
拷贝	4.5
女皇	4.5
邮票	4.5
学员	4.5
薪	4.5
垫子	4.5
高明	4.5
偏执	4.5
吴	4.5
蒂娜	4.5
大方	4.47
泳装	4.47
看病	4.47
十八	4.47
意料	4.47
扭转	4.47
永别	4.47
嘣	4.47
洪水	4.47
貌	4.47
关乎	4.47
诽谤	4.47
出海	4.47
常客	4.47
分类	4.47
林德曼	4.47
前程	4.47
苦恼	4.47
衡量	4.47
别扭	4.47
踹	4.47
坠机	4.47
夏季	4.47
普林斯顿	4.47
谷仓	4.47
惯	4.47
咕	4.47
录制	4.47
纸杯	4.47
专利	4.47
情绪化	4.47
高速路	4.47
脉冲	4.47
入学	4.47
口哨	4.47
驾驶员	4.47
龟	4.47
声誉	4.47
何方	4.47
公立	4.47
有害	4.47
光头	4.47
病态	4.47
杀光	4.47
乔丹	4.47
洛根	4.47
马铃薯	4.44
维也纳	4.44
发达	4.44
区分	4.44
销量	4.44
领导人	4.44
分局	4.44
分居	4.44
混进	4.44
意想不到	4.44
遗漏	4.44
社团	4.44
詹姆士	4.44
泊	4.44
玛丽亚	4.44
伯尼	4.44
明了	4.44
宁	4.44
娃	4.44
试试看	4.44
编码	4.44
瓦斯	4.44
厘米	4.44
重要性	4.44
一次性	4.44
摇头	4.44
检查官	4.44
愈	4.44
叛军	4.44
承包商	4.44
拣	4.44
入伙	4.44
喜悦	4.44
超速	4.44
老哥	4.44
指挥部	4.44
个别	4.44
西南	4.44
紫	4.41
漂	4.41
了如指掌	4.41
战斗机	4.41
双人	4.41
米兰达	4.41
风头	4.41
变种	4.41
进食	4.41
抓捕	4.41
不可避免	4.41
篮子	4.41
刻意	4.41
机灵	4.41
天线	4.41
盲人	4.41
通报	4.41
争辩	4.41
老伙计	4.41
马库斯	4.41
暗中	4.41
上报	4.41
木板	4.41
驻	4.41
预报	4.41
藏匿	4.41
化身	4.41
收留	4.41
化合物	4.41
水池	4.41
矮子	4.41
无与伦比	4.41
背面	4.41
白兰地	4.38
单身汉	4.38
巴特	4.38
地理	4.38
店主	4.38
盼望	4.38
文森特	4.38
琪	4.38
头目	4.38
音响	4.38
米饭	4.38
罢休	4.38
捷径	4.38
猩猩	4.38
泪水	4.38
昔	4.38
挪开	4.38
险境	4.38
感激不尽	4.38
玛雅	4.38
磨蹭	4.38
不久前	4.38
精致	4.38
活人	4.38
螃	4.36
没劲	4.35
握住	4.35
空地	4.35
十六	4.35
凡事	4.35
陆地	4.35
谭	4.35
捉弄	4.35
认错	4.35
服饰	4.35
泉	4.35
逝去	4.35
抢救	4.35
凭空	4.35
把手	4.35
吞噬	4.35
淋浴	4.35
挥舞	4.35
亲身	4.35
肥胖	4.35
壁	4.35
两万	4.35
伎俩	4.35
躯体	4.35
自如	4.35
开支	4.35
积蓄	4.35
歌星	4.35
惧怕	4.35
残疾	4.35
照办	4.35
料理	4.35
巴尔的摩	4.35
糕	4.35
海豹	4.35
六月	4.35
懒得	4.35
夥	4.35
一代	4.35
涂鸦	4.35
惭愧	4.35
教区	4.35
迄今为止	4.32
招待会	4.32
消耗	4.32
泽	4.32
抬高	4.32
喋喋不休	4.32
泳	4.32
穿梭	4.32
配乐	4.32
触发	4.32
卖淫	4.32
股东	4.32
出彩	4.32
传感器	4.32
巷子	4.32
叛国	4.32
孙	4.32
恶人	4.32
手提箱	4.32
咦	4.32
五百	4.32
赛场	4.32
拔掉	4.32
开端	4.32
请假	4.32
诠释	4.32
丹麦	4.32
线条	4.32
歌舞	4.32
肠子	4.32
叛变	4.32
糊弄	4.32
捣蛋	4.32
橄榄	4.32
生育	4.32
发育	4.32
恐惧症	4.32
外勤	4.29
一如既往	4.29
大名	4.29
百合	4.29
大桥	4.29
彻头彻尾	4.29
突击队	4.29
查清	4.29
愈合	4.29
性质	4.29
浏览	4.29
会谈	4.29
创造力	4.29
修车	4.29
心事	4.29
宇	4.29
酮	4.29
风度	4.29
分解	4.29
疲倦	4.29
亨德森	4.29
胡迪	4.29
动画片	4.29
救生员	4.29
粒子	4.29
毕生	4.29
宣读	4.29
辜负	4.29
继	4.29
全美	4.29
白金	4.29
北美	4.29
甚么	4.29
献身	4.29
女伴	4.29
歹徒	4.29
掷	4.29
斑	4.29
法警	4.29
活活	4.29
外甥	4.26
故乡	4.26
印刷	4.26
栽	4.26
阿司匹林	4.26
贫困	4.26
后腿	4.26
枪战	4.26
恭维	4.26
打烊	4.26
猫头鹰	4.26
斗篷	4.26
梯	4.26
糗	4.26
常识	4.26
正中	4.26
内幕	4.26
司令	4.26
醋	4.26
同类	4.26
密探	4.26
长岛	4.26
反驳	4.26
反射	4.26
踢踏舞	4.26
鉴	4.26
感知	4.26
盎司	4.26
奶子	4.26
招牌	4.26
许愿	4.26
抽筋	4.26
市里	4.26
止血	4.26
政权	4.26
匪	4.26
玛姬	4.26
岁数	4.26
讪	4.25
幻影	4.23
多半	4.23
看穿	4.23
十四	4.23
缺席	4.23
舞厅	4.23
迫害	4.23
锤	4.23
换取	4.23
关灯	4.23
蹭	4.23
粥	4.23
真面目	4.23
字典	4.23
胶水	4.23
伪君子	4.23
描绘	4.23
取名	4.23
喉	4.23
平息	4.23
准许	4.23
政治家	4.23
失明	4.23
市政厅	4.23
一清二楚	4.23
平行	4.23
盲	4.23
善事	4.23
窜	4.23
诸位	4.23
预想	4.23
吵闹	4.23
沙龙	4.23
干预	4.23
王牌	4.23
乐于	4.23
爱国	4.23
床垫	4.23
人头	4.23
媛	4.21
滩	4.2
搂	4.2
弗吉尼亚	4.2
麻醉剂	4.2
外来	4.2
卢卡斯	4.2
鞠躬	4.2
证券	4.2
进口	4.2
朱玛	4.2
种类	4.2
池塘	4.2
死地	4.2
乔安娜	4.2
卜	4.2
获奖	4.2
低落	4.2
簿	4.2
心怀	4.2
心声	4.2
奔跑	4.2
波多黎各	4.2
接球	4.2
惯例	4.2
头顶	4.2
肩上	4.2
汉娜	4.2
照样	4.2
垃圾堆	4.2
妞儿	4.2
加勒比	4.2
币	4.2
事发	4.2
主张	4.2
更改	4.2
融洽	4.2
寄宿	4.2
毕业生	4.2
阿萨德	4.2
乡	4.2
孤身一人	4.2
司法部	4.2
理发	4.2
懦弱	4.2
甲壳	4.2
送死	4.2
访谈	4.2
髅	4.18
空姐	4.17
侯	4.17
近乎	4.17
离奇	4.17
波比	4.17
内阁	4.17
本杰明	4.17
拾一	4.17
枪械	4.17
死活	4.17
兴奋剂	4.17
闻名	4.17
短期	4.17
较量	4.17
做主	4.17
起誓	4.17
夺取	4.17
向导	4.17
详情	4.17
熄灭	4.17
这天	4.17
海莉	4.17
皮包	4.17
善意	4.17
敌意	4.17
敌军	4.17
冻结	4.17
克雷塞	4.17
填补	4.17
杂耍	4.17
情不自禁	4.17
少爷	4.17
揉	4.17
看重	4.17
探访	4.17
三角	4.17
挪威	4.17
凳子	4.14
一时间	4.14
裁缝	4.14
写字	4.14
并肩	4.14
章鱼	4.14
惊叹	4.14
素食	4.14
徒步	4.14
撤回	4.14
暖气	4.14
淹没	4.14
坦率	4.14
可可	4.14
生动	4.14
公务	4.14
纱	4.14
前行	4.14
黑道	4.14
放射	4.14
正点	4.14
吸食	4.14
行者	4.14
芭	4.14
回信	4.14
忠心	4.14
鲑鱼	4.14
花招	4.14
合伙	4.14
马克思	4.14
饱受	4.14
闹剧	4.14
北京	4.14
费劲	4.14
东北	4.14
拷问	4.14
感性	4.14
虽说	4.14
考察	4.14
昏倒	4.14
国旗	4.14
盯住	4.14
鄙视	4.14
上当	4.14
强项	4.14
层面	4.14
巢	4.14
操场	4.14
际	4.14
光辉	4.14
胡言	4.14
谨	4.14
接头	4.14
订单	4.14
鬼鬼祟祟	4.11
钢铁	4.11
痣	4.11
镖	4.11
伺候	4.11
赏	4.11
用途	4.11
中文	4.11
要点	4.11
诺拉	4.11
触犯	4.11
软糖	4.11
早起	4.11
医药	4.11
腔	4.11
骑兵	4.11
变动	4.11
说教	4.11
放火	4.11
风光	4.11
伊芙	4.11
疲劳	4.11
打官司	4.11
屑	4.11
男爵	4.11
吃光	4.11
社长	4.11
叛逆	4.11
海水	4.11
整齐	4.11
潘	4.11
便士	4.11
失手	4.11
失眠	4.11
杰森	4.11
命案	4.11
暴动	4.11
无私	4.11
未成年人	4.11
代言人	4.11
滥	4.11
病假	4.11
背心	4.11
远处	4.11
天知道	4.11
防线	4.11
高大	4.11
款待	4.08
菠萝	4.08
列出	4.08
轮流	4.08
般配	4.08
消沉	4.08
捎	4.08
戒烟	4.08
不妨	4.08
里昂	4.08
前后	4.08
炎	4.08
断绝	4.08
兔崽子	4.08
半死	4.08
希尔	4.08
兰花	4.08
副本	4.08
火爆	4.08
特德	4.08
难为情	4.08
年鉴	4.08
模范	4.08
主机	4.08
共有	4.08
克里斯蒂	4.08
构思	4.08
未遂	4.08
一心	4.08
尚宇	4.08
同性	4.08
损	4.08
罚款	4.08
日报	4.08
候	4.05
商务	4.05
手指头	4.05
消逝	4.05
奥利弗	4.05
注重	4.05
放射性	4.05
门徒	4.05
哮喘	4.05
稀有	4.05
呻吟	4.05
蟹	4.05
内线	4.05
克格勃	4.05
要塞	4.05
葬	4.05
死胡同	4.05
她家	4.05
改装	4.05
淤	4.05
名称	4.05
常人	4.05
怀特	4.05
斯坦利	4.05
僵	4.05
放荡	4.05
心血	4.05
孤立	4.05
坟	4.05
果酱	4.05
洗衣机	4.05
奎	4.05
药店	4.05
飞越	4.05
华氏	4.05
栗	4.05
造就	4.05
巴掌	4.05
全能	4.05
矶	4.05
失事	4.05
回过	4.05
救护	4.05
流浪者	4.05
替补	4.05
珍娜	4.05
上十	4.05
浸	4.05
共产党	4.05
复印	4.05
驴子	4.05
罗恩	4.05
胆敢	4.05
攀	4.05
映	4.02
不可理喻	4.02
丽塔	4.02
百姓	4.02
到头来	4.02
不用说	4.02
蛋卷	4.02
嘎	4.02
科尔	4.02
突	4.02
弃权	4.02
胜负	4.02
大脚	4.02
橙色	4.02
不堪	4.02
撞车	4.02
赛跑	4.02
血清	4.02
婶婶	4.02
敬畏	4.02
开业	4.02
赞扬	4.02
遵循	4.02
赞赏	4.02
防火墙	4.02
口中	4.02
掠夺	4.02
巡回演出	4.02
盏	4.02
慈悲	4.02
推动	4.02
棋	4.02
猎手	4.02
相亲	4.02
萝卜	3.99
折断	3.99
身处	3.99
刊登	3.99
气象	3.99
认知	3.99
华尔街	3.99
颠	3.99
葡萄牙语	3.99
下集	3.99
方舟	3.99
丽莎	3.99
粗糙	3.99
不曾	3.99
如下	3.99
出丑	3.99
柳	3.99
拆除	3.99
总的来说	3.99
朱	3.99
开诚布公	3.99
脊椎	3.99
奢侈	3.99
跟班	3.99
延伸	3.99
行进	3.99
胺	3.99
执行官	3.99
殖民地	3.99
纳杉	3.99
纯属	3.99
左撇子	3.99
上映	3.99
通风	3.99
口渴	3.99
喘气	3.99
麻木	3.99
血缘	3.99
失灵	3.99
秋	3.99
化名	3.99
精通	3.99
保释金	3.99
词语	3.99
空缺	3.96
马西墨斯	3.96
泳衣	3.96
柄	3.96
流畅	3.96
梅毒	3.96
小兄弟	3.96
出乎意料	3.96
脱水	3.96
佩顿	3.96
错事	3.96
腾达	3.96
不便	3.96
星座	3.96
吸气	3.96
替罪羊	3.96
杰克逊	3.96
溪	3.96
启示	3.96
扣押	3.96
手动	3.96
元老	3.96
毒物	3.96
财	3.96
步伐	3.96
做人	3.96
手艺	3.96
担	3.96
回话	3.96
硬汉	3.96
击打	3.96
杰西卡	3.96
艾拉	3.96
记不清	3.96
平安无事	3.96
金字塔	3.96
三分	3.96
穿梭机	3.96
话语	3.96
日语	3.96
小宝宝	3.96
一举一动	3.96
投篮	3.96
胡话	3.96
挫折	3.96
乔治娅	3.96
新手	3.96
大号	3.93
大姐	3.93
重逢	3.93
野猫	3.93
匙	3.93
极为	3.93
脑震荡	3.93
遍布	3.93
付账	3.93
一路顺风	3.93
有线电视	3.93
延迟	3.93
救活	3.93
侬	3.93
动态	3.93
布鲁诺	3.93
痴呆	3.93
拥	3.93
研究生	3.93
自便	3.93
处处	3.93
堂兄	3.93
转悠	3.93
颤	3.93
志	3.93
即时	3.93
磁	3.93
闹鬼	3.93
威尔逊	3.93
敷	3.93
工夫	3.93
决策	3.93
杰米	3.93
环绕	3.93
施舍	3.93
坎	3.93
筹集	3.93
调出	3.93
衰竭	3.93
脉	3.93
疏忽	3.93
民谣	3.93
马厩	3.93
散播	3.93
核对	3.93
键盘	3.93
启	3.93
伏击	3.93
推开	3.93
萨利	3.93
咆哮	3.93
雳	3.93
视而不见	3.91
卡斯特罗	3.91
置身	3.91
叉子	3.91
艾米丽	3.91
卡门	3.91
油门	3.91
转机	3.91
树木	3.91
粗俗	3.91
法式	3.91
摄影棚	3.91
藐视	3.91
克莱	3.91
搭乘	3.91
网页	3.91
创建	3.91
施展	3.91
饶恕	3.91
伟	3.91
斧头	3.91
里边	3.91
深渊	3.91
虚假	3.91
长发	3.91
火把	3.91
乞丐	3.91
连锁	3.91
厄尼	3.91
上天	3.91
全速	3.91
割断	3.91
朋	3.91
骨髓	3.91
钟声	3.91
案情	3.91
电缆	3.91
冈	3.91
殡仪馆	3.91
贝壳	3.91
屈	3.91
坠	3.91
超模	3.91
余下	3.91
是因为	3.91
匕首	3.91
蜴	3.89
桑德拉	3.88
伸张	3.88
想方设法	3.88
魅	3.88
麦卡锡	3.88
沸腾	3.88
群岛	3.88
例行	3.88
吸尘器	3.88
宣告	3.88
草率	3.88
日出	3.88
动听	3.88
炸鸡	3.88
驱使	3.88
坏主意	3.88
篝火	3.88
习俗	3.88
妃	3.88
农夫	3.88
弯曲	3.88
合唱团	3.88
铭记	3.88
微妙	3.88
巧妙	3.88
残暴	3.88
火热	3.88
南美	3.88
枕	3.88
疤痕	3.88
生于	3.88
剪辑	3.88
取胜	3.88
月经	3.88
冒充	3.88
紧迫	3.88
相连	3.88
椅	3.88
衷心	3.88
同感	3.88
拉丁语	3.88
怪罪	3.88
膏	3.88
墨西哥人	3.88
绊倒	3.88
衅	3.86
大兵	3.85
逝	3.85
下属	3.85
喵	3.85
迫切	3.85
周边	3.85
裘	3.85
制造商	3.85
身心	3.85
手掌	3.85
和尚	3.85
皇	3.85
纠纷	3.85
梳	3.85
备份	3.85
无话可说	3.85
舷	3.85
耶路撒冷	3.85
捏造	3.85
羔羊	3.85
宵禁	3.85
上层	3.85
充实	3.85
脸红	3.85
曹	3.85
醉鬼	3.85
一旁	3.85
储备	3.85
被害者	3.85
顺路	3.85
人马	3.85
观光	3.85
玛吉	3.85
粪便	3.85
小菜	3.82
进军	3.82
进场	3.82
足迹	3.82
托举	3.82
步入	3.82
领土	3.82
爱国者	3.82
中世纪	3.82
落地	3.82
气罐	3.82
头巾	3.82
嬉皮士	3.82
心愿	3.82
黑市	3.82
自行	3.82
守则	3.82
达西	3.82
巡	3.82
渗透	3.82
转播	3.82
案发	3.82
世事	3.82
领事馆	3.82
阿尔梅达	3.82
拘留所	3.82
主公	3.82
充斥	3.82
洋娃娃	3.82
宣扬	3.82
蚊子	3.82
暴君	3.82
巴格达	3.82
脑筋	3.82
秃头	3.82
四月	3.82
莫斯	3.82
奖章	3.82
爱意	3.82
杂碎	3.82
临死	3.82
表扬	3.82
颁发	3.82
吹嘘	3.82
单元	3.82
探视	3.82
拉拉队	3.82
追赶	3.79
十一	3.79
粗话	3.79
灌输	3.79
逗留	3.79
卵	3.79
妥当	3.79
迪斯尼	3.79
下达	3.79
棒棒糖	3.79
淹	3.79
树叶	3.79
运动鞋	3.79
挨饿	3.79
看透	3.79
存放	3.79
打针	3.79
项圈	3.79
故	3.79
起草	3.79
糊	3.79
苗条	3.79
智能	3.79
当兵	3.79
藉	3.79
享有	3.79
向往	3.79
南非	3.79
燃	3.79
暗算	3.79
在案	3.79
一见钟情	3.79
立正	3.79
隐秘	3.79
起源	3.79
鹦鹉	3.79
耳边	3.79
贝拉	3.79
洗衣	3.79
无畏	3.79
潜质	3.79
赌徒	3.79
厢	3.79
整洁	3.79
满怀	3.79
厨子	3.79
佳人	3.79
未必	3.79
尽兴	3.79
宠	3.76
大力	3.76
大头	3.76
每时每刻	3.76
终结者	3.76
漫漫	3.76
消磨	3.76
熬夜	3.76
普遍	3.76
指手画脚	3.76
打嗝	3.76
半身	3.76
经费	3.76
盾牌	3.76
扣子	3.76
迷糊	3.76
雪莉	3.76
肇事	3.76
下定决心	3.76
彭	3.76
贵干	3.76
数千	3.76
雪山	3.76
描写	3.76
顾虑	3.76
侍者	3.76
开价	3.76
思绪	3.76
施加	3.76
尼克松	3.76
全副	3.76
休克	3.76
快餐	3.76
狙击	3.76
北面	3.76
布景	3.76
标语	3.76
必定	3.76
摄	3.76
了断	3.76
拆散	3.76
洗耳恭听	3.76
丰厚	3.76
侥幸	3.76
学业	3.76
养老金	3.76
装傻	3.76
丝绸	3.76
美满	3.76
士气	3.76
一体	3.76
排骨	3.76
哒	3.76
受宠若惊	3.76
联谊会	3.76
本色	3.76
王冠	3.76
汉克	3.76
分发	3.76
幸亏	3.73
爱米丽	3.73
外人	3.73
研发	3.73
萨尔瓦多	3.73
击落	3.73
点点	3.73
庆	3.73
供词	3.73
引力	3.73
钳	3.73
出演	3.73
撞见	3.73
分队	3.73
打手	3.73
攻击性	3.73
钻头	3.73
创造性	3.73
世界大战	3.73
橘	3.73
后者	3.73
修正	3.73
显眼	3.73
转交	3.73
犹大	3.73
截然不同	3.73
明日	3.73
移交	3.73
搏击	3.73
月份	3.73
原料	3.73
理应	3.73
临终	3.73
弓	3.73
收缩	3.73
繁殖	3.73
人世	3.73
活埋	3.73
罗丝	3.73
萨达姆	3.73
萨克斯	3.7
好奇心	3.7
大奖	3.7
安吉	3.7
大气	3.7
穿透	3.7
耗尽	3.7
忍心	3.7
击掌	3.7
虱子	3.7
门卫	3.7
安抚	3.7
罗马尼亚	3.7
雪花	3.7
自言自语	3.7
饰	3.7
大致	3.7
堵塞	3.7
抓走	3.7
轴	3.7
大王	3.7
筋	3.7
看得见	3.7
收容所	3.7
续	3.7
放置	3.7
贺	3.7
双面	3.7
低下	3.7
带路	3.7
圆满	3.7
俄亥俄州	3.7
虚拟	3.7
伯特	3.7
应用	3.7
征求	3.7
微型	3.7
巴拿马	3.7
直奔	3.7
忽悠	3.7
环游	3.7
偿	3.7
六十	3.7
深色	3.7
荒野	3.7
词汇	3.7
餐具	3.7
漫	3.7
破灭	3.7
被子	3.7
法令	3.7
钦佩	3.7
奋力	3.7
萨斯	3.7
老人家	3.7
沐浴	3.67
外伤	3.67
足足	3.67
十七	3.67
堵车	3.67
匈牙利	3.67
完善	3.67
硫磺	3.67
货币	3.67
消遣	3.67
海鲜	3.67
发热	3.67
乔什	3.67
舱门	3.67
绝大多数	3.67
舞池	3.67
树立	3.67
医务室	3.67
好坏	3.67
狂人	3.67
弹琴	3.67
摆弄	3.67
浓度	3.67
浣熊	3.67
交配	3.67
瞧见	3.67
斑点	3.67
述	3.67
维生素	3.67
升高	3.67
长度	3.67
便条	3.67
绝地	3.67
波特兰	3.67
不得已	3.67
录音机	3.67
反馈	3.67
主导	3.67
反省	3.67
失窃	3.67
鲁本	3.67
手术刀	3.67
发号施令	3.67
惠	3.67
本土	3.67
表态	3.67
上吊	3.67
润	3.67
墟	3.67
睫	3.67
集装箱	3.64
破门而入	3.64
不适	3.64
忘却	3.64
瓜葛	3.64
票数	3.64
针头	3.64
冬季	3.64
丘	3.64
尼日利亚	3.64
珊	3.64
入选	3.64
内尔	3.64
改过自新	3.64
对外	3.64
博比	3.64
刑期	3.64
遇难	3.64
布拉德	3.64
绘	3.64
步骤	3.64
黑手	3.64
布鲁克	3.64
亚美尼亚人	3.64
奥兹	3.64
艾尔	3.64
灾	3.64
天地	3.64
冷却	3.64
协商	3.64
缠住	3.64
副手	3.64
海绵	3.64
电话亭	3.64
婆娘	3.64
艰辛	3.64
才华横溢	3.64
巡逻队	3.64
秋季	3.64
时分	3.64
牢牢	3.64
作呕	3.64
弱小	3.64
眼看	3.64
蒸汽	3.64
布莱克	3.64
法定	3.64
虚张声势	3.64
残疾人	3.64
咽	3.64
卡洛斯	3.64
养育	3.61
铃铛	3.61
十三	3.61
危急	3.61
去向	3.61
店铺	3.61
胸腔	3.61
概率	3.61
店员	3.61
捉住	3.61
大臣	3.61
显现	3.61
色拉	3.61
鲍伯	3.61
炸毁	3.61
捷克	3.61
皱纹	3.61
通奸	3.61
密西西比	3.61
发亮	3.61
明亮	3.61
平方	3.61
管辖	3.61
残杀	3.61
萨曼莎	3.61
消防队	3.61
互动	3.61
上好	3.61
叶子	3.61
花朵	3.61
停火	3.61
超度	3.61
玛莉	3.61
佣人	3.61
强度	3.61
接纳	3.61
武术	3.61
贫民窟	3.61
倒塌	3.61
馈	3.61
小个子	3.61
无所不能	3.61
克劳斯	3.61
古人	3.58
行得通	3.58
医务	3.58
彗星	3.58
地牢	3.58
封杀	3.58
岗	3.58
创始人	3.58
抽空	3.58
偏僻	3.58
史蒂芬	3.58
查询	3.58
关头	3.58
潮湿	3.58
里拉	3.58
康妮	3.58
布兰达	3.58
拷	3.58
打折	3.58
衣着	3.58
衣物	3.58
两百	3.58
字眼	3.58
孬种	3.58
鸡皮疙瘩	3.58
心不在焉	3.58
山脉	3.58
育	3.58
挨打	3.58
讯问	3.58
战舰	3.58
肋	3.58
施压	3.58
疗	3.58
训练有素	3.58
笼罩	3.58
到期	3.58
残局	3.58
上市	3.58
碾	3.58
起伏	3.58
忧伤	3.58
低于	3.58
帮凶	3.58
扩张	3.58
学术	3.58
惹恼	3.58
无穷	3.58
微弱	3.58
摄像	3.58
派遣	3.58
责	3.58
间接	3.58
撕碎	3.58
差距	3.55
大局	3.55
继承人	3.55
留情	3.55
渐	3.55
悲观	3.55
体育场	3.55
罢	3.55
坚固	3.55
偷袭	3.55
心想	3.55
肥猪	3.55
曹操	3.55
颜	3.55
改动	3.55
迷幻药	3.55
崇高	3.55
追溯	3.55
山里	3.55
冷战	3.55
调节	3.55
共鸣	3.55
债券	3.55
务必	3.55
绘画	3.55
全程	3.55
持久	3.55
自欺欺人	3.55
句子	3.55
撇	3.55
冒烟	3.55
彼	3.55
姓氏	3.55
顶楼	3.55
罗比	3.55
单车	3.55
费心	3.55
众所周知	3.55
盔甲	3.55
掰	3.55
得救	3.55
鼓手	3.55
咖喱	3.55
攒	3.55
话筒	3.55
身为	3.52
擦屁股	3.52
慎重	3.52
完好	3.52
溺水	3.52
方圆	3.52
波动	3.52
埋藏	3.52
划船	3.52
换换	3.52
露天	3.52
埋怨	3.52
渔夫	3.52
扭伤	3.52
促使	3.52
匠	3.52
重心	3.52
辨	3.52
打入	3.52
容许	3.52
摆布	3.52
变为	3.52
霸	3.52
游戏机	3.52
金额	3.52
伪证	3.52
风云	3.52
定律	3.52
奉陪	3.52
发言人	3.52
名气	3.52
奥莉芙	3.52
挑战性	3.52
称号	3.52
疑虑	3.52
东边	3.52
奏	3.52
注射器	3.52
调动	3.52
原样	3.52
藤	3.52
亏	3.52
追随者	3.52
暴风雪	3.52
预兆	3.52
搅和	3.52
就是说	3.52
微不足道	3.52
弹头	3.52
女主人	3.52
抽搐	3.52
笛	3.52
相伴	3.52
水槽	3.52
推广	3.52
暴风	3.52
假象	3.52
排列	3.52
粮食	3.52
吉祥物	3.49
楼层	3.49
凯勒	3.49
统治者	3.49
往来	3.49
洲	3.49
雷蒙德	3.49
内奸	3.49
枪口	3.49
追究	3.49
空闲	3.49
观赏	3.49
睫毛	3.49
数百	3.49
金鱼	3.49
晚礼服	3.49
打的	3.49
恰恰相反	3.49
头颅	3.49
国防	3.49
不道德	3.49
量子	3.49
筹备	3.49
特洛伊	3.49
牙买加	3.49
不顾一切	3.49
一线	3.49
市政府	3.49
班长	3.49
厄运	3.49
掌权	3.49
西区	3.49
内务部	3.49
邮差	3.49
洗钱	3.49
法规	3.49
光顾	3.49
选拔	3.49
限度	3.49
得体	3.49
全心全意	3.49
团团转	3.49
盖子	3.49
同一天	3.49
嗜好	3.46
嘿嘿嘿	3.46
叙述	3.46
柬埔寨	3.46
犹	3.46
棕	3.46
胸前	3.46
油画	3.46
驾驭	3.46
强迫症	3.46
配偶	3.46
下课	3.46
彩色	3.46
联想	3.46
气愤	3.46
小气	3.46
空袭	3.46
抵制	3.46
契	3.46
布伦南	3.46
兆头	3.46
沉睡	3.46
前景	3.46
难免	3.46
迎来	3.46
行列	3.46
脱颖而出	3.46
柴	3.46
人气	3.46
激起	3.46
手电筒	3.46
班级	3.46
特写	3.46
巷	3.46
示威	3.46
贵重	3.46
戒毒所	3.46
荡	3.46
彼特	3.46
赤裸	3.46
牢狱	3.46
颜料	3.46
装甲	3.46
卖命	3.46
辛迪	3.46
入伍	3.46
避难	3.46
热血	3.46
捷	3.46
阿波罗	3.46
患有	3.46
防备	3.46
送来	3.46
漂浮	3.46
罗克	3.46
未婚	3.46
娩	3.44
大半	3.43
小鸡	3.43
保全	3.43
伊迪丝	3.43
锡	3.43
算计	3.43
中场	3.43
走狗	3.43
诚意	3.43
邮递员	3.43
属实	3.43
镇长	3.43
关爱	3.43
权益	3.43
计较	3.43
白日梦	3.43
别针	3.43
绊	3.43
谕	3.43
机枪	3.43
米尔	3.43
黑白	3.43
醉醺醺	3.43
器材	3.43
风情	3.43
寂静	3.43
裁	3.43
恨不得	3.43
电动	3.43
酿酒	3.43
退伍	3.43
绒	3.43
平局	3.43
废除	3.43
归咎	3.43
嗡嗡	3.43
擦掉	3.43
半天	3.43
稍稍	3.43
行使	3.43
闪烁	3.43
决定权	3.43
敏捷	3.43
试探	3.43
舞女	3.43
大猩猩	3.43
胡椒	3.43
始	3.43
畸形	3.43
瑞德	3.43
核实	3.43
合众国	3.43
约瑟	3.43
希拉里	3.43
大拇指	3.43
四肢	3.43
干燥	3.43
高音	3.43
碰碰	3.43
王位	3.43
教士	3.43
水流	3.43
新兵	3.43
决不能	3.43
袱	3.42
出人意料	3.4
跨越	3.4
性病	3.4
天子	3.4
踢球	3.4
列表	3.4
制裁	3.4
科罗拉多	3.4
前额	3.4
出境	3.4
帕默尔	3.4
稍候	3.4
前天	3.4
绿灯	3.4
找上门	3.4
双关	3.4
草原	3.4
健忘	3.4
车轮	3.4
娘娘	3.4
音量	3.4
修剪	3.4
医疗队	3.4
鱼子酱	3.4
和善	3.4
控制权	3.4
影迷	3.4
自家	3.4
庇护所	3.4
放任	3.4
备受	3.4
伯恩	3.4
享	3.4
蚁	3.4
读数	3.4
侦	3.4
丰盛	3.4
妄	3.4
纯净	3.4
原子	3.4
初中	3.4
滋	3.4
身无分文	3.4
起死回生	3.4
嗅觉	3.4
假牙	3.4
皇宫	3.4
部下	3.4
蹊跷	3.4
背负	3.4
缓	3.4
雷鸟	3.4
早日	3.4
总督	3.4
忙于	3.4
徘	3.39
徊	3.39
指头	3.37
柠檬水	3.37
大爷	3.37
期末	3.37
日程表	3.37
使唤	3.37
牛津	3.37
无声	3.37
三分之一	3.37
麦特	3.37
长大成人	3.37
运动衫	3.37
小溪	3.37
盗贼	3.37
打乱	3.37
扣留	3.37
放走	3.37
哈利路亚	3.37
安德森	3.37
烈火	3.37
明知	3.37
应对	3.37
神志	3.37
请勿	3.37
在逃	3.37
上街	3.37
巨额	3.37
渺小	3.37
微小	3.37
守护神	3.37
海蒂	3.37
九月	3.37
伴奏	3.37
防范	3.37
峰	3.37
部件	3.37
成像	3.37
托儿所	3.37
综合征	3.37
议论	3.37
烦躁	3.37
生父	3.37
节食	3.37
过滤	3.37
由此	3.37
单单	3.37
弹奏	3.37
粉碎机	3.37
看似	3.34
多疑	3.34
折扣	3.34
通心粉	3.34
指点	3.34
下台	3.34
射程	3.34
迪安	3.34
特长	3.34
干洗店	3.34
离职	3.34
加工	3.34
尾声	3.34
跆拳道	3.34
多米尼克	3.34
杀人案	3.34
敬佩	3.34
分泌	3.34
难闻	3.34
心头	3.34
苦苦	3.34
自传	3.34
左侧	3.34
遗书	3.34
泛	3.34
答对	3.34
朱利安	3.34
拌	3.34
哈特	3.34
简称	3.34
无时无刻	3.34
改正	3.34
行李箱	3.34
自尊心	3.34
当今	3.34
络	3.34
特瑞	3.34
厄尔	3.34
哈萨克斯坦	3.34
禁令	3.34
口号	3.34
原型	3.34
已故	3.34
敌对	3.34
作对	3.34
一派	3.34
振奋	3.34
继母	3.34
遵从	3.34
字面	3.34
人事	3.34
胡乱	3.34
一天到晚	3.34
高空	3.34
未曾	3.34
腐蚀	3.34
宠坏	3.34
骚乱	3.31
螺丝	3.31
瘸	3.31
吉利	3.31
流露	3.31
销售员	3.31
算法	3.31
灭火	3.31
枪子	3.31
剁	3.31
的士	3.31
耍花招	3.31
足球队	3.31
好歹	3.31
堤	3.31
气管	3.31
执政官	3.31
文治	3.31
铁轨	3.31
乌克兰	3.31
府	3.31
抵挡	3.31
茨	3.31
怀旧	3.31
广告牌	3.31
启程	3.31
听证	3.31
姿	3.31
食谱	3.31
药房	3.31
拆开	3.31
券	3.31
记忆力	3.31
离不开	3.31
归功	3.31
肯塔基	3.31
倾斜	3.31
烟囱	3.31
当地人	3.31
懂事	3.31
火警	3.31
地窖	3.31
纠结	3.31
初级	3.31
摇篮	3.31
芮	3.31
高峰	3.31
戴维·帕默尔	3.31
借助	3.31
炉	3.31
旗子	3.31
不同寻常	3.31
傻笑	3.31
丽贝卡	3.31
济	3.31
相应	3.31
听力	3.31
瘩	3.31
疙	3.31
五百万	3.28
安然	3.28
剧中	3.28
工具箱	3.28
截住	3.28
识字	3.28
发球	3.28
席位	3.28
挤出	3.28
昵	3.28
不要脸	3.28
玩乐	3.28
大蒜	3.28
欢快	3.28
裂开	3.28
气概	3.28
优惠	3.28
组员	3.28
强有力	3.28
手帕	3.28
遗失	3.28
混淆	3.28
格雷西	3.28
赛程	3.28
阴险	3.28
机动	3.28
急诊	3.28
雷克斯	3.28
挖苦	3.28
冤枉	3.28
上边	3.28
事迹	3.28
军情	3.28
残废	3.28
竞	3.28
上等	3.28
承办	3.28
反叛	3.28
开销	3.28
养老院	3.28
刀锋	3.28
摇晃	3.28
长途	3.28
归队	3.28
战线	3.28
干洗	3.28
无名	3.28
倒闭	3.28
斑马	3.28
腓	3.28
航海	3.28
翻身	3.28
强劲	3.28
生火	3.28
事事	3.28
限于	3.28
碰撞	3.28
梭	3.28
愤世嫉俗	3.28
割伤	3.28
老娘	3.28
巴比	3.28
携	3.28
猥	3.27
外围	3.25
书籍	3.25
亮点	3.25
第一夫人	3.25
裁定	3.25
德军	3.25
培根	3.25
岸边	3.25
伊桑	3.25
联手	3.25
礼节	3.25
麦琪	3.25
之际	3.25
信守	3.25
母女	3.25
格雷格	3.25
账本	3.25
出面	3.25
墨镜	3.25
途	3.25
至上	3.25
倾倒	3.25
猎户座	3.25
享乐	3.25
犹太教	3.25
傀儡	3.25
舵	3.25
菲奥娜	3.25
苏丹	3.25
有鬼	3.25
挡路	3.25
完美无缺	3.25
子女	3.25
伯纳德	3.25
栏杆	3.25
推进器	3.25
聪	3.25
饭菜	3.25
逼迫	3.25
马文	3.25
病症	3.25
帆	3.25
拭目以待	3.25
富裕	3.25
芭芭	3.25
毫不犹豫	3.25
弱者	3.25
岩浆	3.25
戴安娜	3.22
搜捕	3.22
流水	3.22
下水	3.22
靶子	3.22
发放	3.22
致电	3.22
表决	3.22
猛虎	3.22
弓箭	3.22
漆黑	3.22
安然无恙	3.22
栓	3.22
里尔	3.22
广泛	3.22
喷射	3.22
腊肠	3.22
和蔼	3.22
成问题	3.22
米娜	3.22
一席之地	3.22
信奉	3.22
右侧	3.22
摇摆舞	3.22
树丛	3.22
推荐信	3.22
家教	3.22
泡汤	3.22
图书	3.22
克里夫兰	3.22
面向	3.22
平原	3.22
希伯来	3.22
一连串	3.22
曲目	3.22
全然	3.22
起居室	3.22
皮革	3.22
儿科	3.22
奖项	3.22
火化	3.22
梦游	3.22
船只	3.22
拍拍	3.22
冥王星	3.22
交火	3.22
体检	3.22
招惹	3.22
一月	3.22
仁	3.22
美术	3.22
枯燥	3.22
顺道	3.22
相聚	3.22
花儿	3.22
本尼	3.22
从天而降	3.22
高雅	3.22
传教士	3.22
惦记	3.22
按摩师	3.22
小册子	3.22
包厢	3.19
房门	3.19
汇合	3.19
春季	3.19
嘟	3.19
流星	3.19
即刻	3.19
筋疲力尽	3.19
极品	3.19
病菌	3.19
野人	3.19
交战	3.19
引来	3.19
盛	3.19
监	3.19
福克斯	3.19
打探	3.19
记性	3.19
丧	3.19
正规	3.19
贫民区	3.19
想必	3.19
苯	3.19
偷拍	3.19
宝马	3.19
脸颊	3.19
女装	3.19
艾琳	3.19
归宿	3.19
烈	3.19
皮蒂	3.19
退回	3.19
照亮	3.19
瑞奇	3.19
厮	3.19
马萨诸塞州	3.19
嘴边	3.19
自然而然	3.19
行家	3.19
阿诺德	3.19
缠身	3.19
哑巴	3.19
一手	3.19
品种	3.19
莫利	3.19
格斯	3.19
儿时	3.19
水牛	3.19
衰老	3.19
心术	3.19
公告	3.19
冰山	3.16
安稳	3.16
大牢	3.16
窄	3.16
扼杀	3.16
下方	3.16
走火	3.16
发牢骚	3.16
笔录	3.16
解读	3.16
不符	3.16
俏	3.16
情书	3.16
揭	3.16
灭口	3.16
圣徒	3.16
不当	3.16
共产主义	3.16
跳出	3.16
自助餐	3.16
粉末	3.16
戏院	3.16
转达	3.16
图表	3.16
短片	3.16
珀西	3.16
长袍	3.16
荷马	3.16
说道	3.16
首府	3.16
抽签	3.16
玛丽安	3.16
聋子	3.16
女队	3.16
静静	3.16
法兰克	3.16
不如说	3.16
长长的	3.16
毯	3.16
行凶	3.16
受审	3.16
平面	3.16
疗养院	3.16
通通	3.16
赞助商	3.16
调皮	3.16
受得了	3.16
法西斯	3.16
女婿	3.16
电路	3.16
及其	3.16
精美	3.16
向日葵	3.16
本子	3.16
司法部长	3.16
少量	3.16
高校	3.16
光滑	3.16
转圈	3.16
讲座	3.16
斜	3.16
毫升	3.16
嚷	3.16
教官	3.16
纽约州	3.16
掀起	3.16
从未有过	3.16
疑点	3.16
个个	3.16
贺卡	3.13
大亨	3.13
空洞	3.13
猛烈	3.13
谜团	3.13
诚恳	3.13
关怀	3.13
蠢驴	3.13
念书	3.13
蒙特利尔	3.13
飞弹	3.13
飞快	3.13
玻	3.13
心态	3.13
草图	3.13
篱笆	3.13
城外	3.13
骰子	3.13
风筝	3.13
揭穿	3.13
邀请函	3.13
午	3.13
电视网	3.13
痒痒	3.13
酒会	3.13
冷淡	3.13
喜好	3.13
正派	3.13
疱疹	3.13
陈年	3.13
江湖	3.13
柔	3.13
卫兵	3.13
布满	3.13
部族	3.13
上流	3.13
口令	3.13
贬低	3.13
凉快	3.13
熟练	3.13
探讨	3.13
啪	3.13
富家	3.13
订购	3.13
种植	3.13
酥	3.13
围栏	3.13
支柱	3.13
凝	3.13
反过来	3.13
化装	3.13
疯狗	3.13
泵	3.13
卵子	3.13
插嘴	3.13
爱戴	3.13
册	3.13
募集	3.13
煞	3.13
白马王子	3.13
还债	3.13
忙活	3.13
新书	3.13
妇人	3.13
入手	3.1
错觉	3.1
摘掉	3.1
吊销	3.1
依照	3.1
理发店	3.1
时段	3.1
点菜	3.1
意念	3.1
溺死	3.1
橱窗	3.1
辫子	3.1
怒气	3.1
胸膛	3.1
加冕	3.1
申请表	3.1
识	3.1
气温	3.1
阿纳金	3.1
唾液	3.1
打下	3.1
陪同	3.1
饰演	3.1
入场	3.1
金门	3.1
放映	3.1
俺	3.1
饮酒	3.1
来源于	3.1
步兵	3.1
老年人	3.1
短路	3.1
挨着	3.1
菈	3.1
塑料袋	3.1
杏仁	3.1
礼仪	3.1
哪样	3.1
取向	3.1
感情用事	3.1
削减	3.1
接待员	3.1
墓碑	3.1
谐音	3.1
改头换面	3.1
国务院	3.1
主使	3.1
球鞋	3.1
在世	3.1
肯特	3.1
岳父	3.1
通行	3.1
君主	3.1
杂志社	3.1
收银	3.1
强者	3.1
地铁站	3.1
稀	3.1
桑迪	3.1
胡须	3.1
同名	3.1
推向	3.1
格力	3.1
单干	3.1
绞死	3.1
笼	3.07
安东	3.07
理发师	3.07
露西	3.07
下滑	3.07
玩艺	3.07
朱诺	3.07
电器	3.07
赡养费	3.07
商标	3.07
行贿	3.07
私立	3.07
村里	3.07
护身符	3.07
重症	3.07
裂痕	3.07
并发症	3.07
钢笔	3.07
来去	3.07
重伤	3.07
豌豆	3.07
心智	3.07
马里	3.07
物理学家	3.07
尺码	3.07
做做	3.07
宽敞	3.07
分部	3.07
心肠	3.07
伊凡	3.07
搜查证	3.07
责任感	3.07
无动于衷	3.07
平分	3.07
体谅	3.07
手推车	3.07
葡萄干	3.07
兴致	3.07
爱丽丝	3.07
旺	3.07
火烧	3.07
视角	3.07
斯隆	3.07
上前	3.07
伊斯兰	3.07
设计图	3.07
民间	3.07
尼基	3.07
起步	3.07
抹掉	3.07
麦当劳	3.07
嬉	3.07
颅	3.07
投资者	3.07
傻话	3.07
顺风	3.07
戏弄	3.07
越界	3.07
努	3.07
受罪	3.07
接生	3.07
病史	3.07
佣金	3.07
忒	3.07
苏西	3.07
满身	3.07
文档	3.07
制成	3.07
远方	3.07
顺从	3.07
繁忙	3.07
烊	3.05
肇	3.05
十月	3.04
根源	3.04
氢	3.04
酬劳	3.04
灌醉	3.04
骨骼	3.04
列为	3.04
惊恐	3.04
中奖	3.04
濒临	3.04
中立	3.04
孩子气	3.04
健全	3.04
换班	3.04
铲除	3.04
重申	3.04
不测	3.04
圣洁	3.04
出格	3.04
惊慌失措	3.04
粉刷	3.04
老老实实	3.04
实实在在	3.04
联合会	3.04
前夜	3.04
运河	3.04
紊乱	3.04
小分队	3.04
盐湖城	3.04
风味	3.04
优惠券	3.04
车主	3.04
耳熟	3.04
研究所	3.04
影院	3.04
质问	3.04
帮会	3.04
见解	3.04
沾满	3.04
乙	3.04
半数	3.04
绳之以法	3.04
当班	3.04
神殿	3.04
华纳	3.04
隐身	3.04
呕	3.04
定期	3.04
穴	3.04
玛托博	3.04
伍迪	3.04
导游	3.04
浦	3.04
战俘	3.04
凑合	3.04
羊水	3.04
熨	3.04
三万	3.04
无理	3.04
窃取	3.04
此后	3.04
锋	3.04
乌瑞纳斯	3.04
格蕾	3.04
水源	3.04
过渡	3.04
老年	3.04
特辑	3.04
永久性	3.04
毅	3.03
自主	3.01
颠覆	3.01
膨胀	3.01
崇拜者	3.01
看管	3.01
完结	3.01
马克斯	3.01
碍事	3.01
危及	3.01
养家	3.01
尘土	3.01
国税局	3.01
后边	3.01
得不到	3.01
当众	3.01
办理	3.01
打拳	3.01
恩惠	3.01
伊森	3.01
放慢	3.01
车位	3.01
附加	3.01
朱丽叶	3.01
包扎	3.01
面积	3.01
小题大做	3.01
伦巴	3.01
薄荷糖	3.01
开展	3.01
押韵	3.01
当着	3.01
农业	3.01
出版社	3.01
泰秀	3.01
军校	3.01
抑郁症	3.01
耶酥	3.01
新型	3.01
叨	3.01
台风	3.01
举杯	3.01
评	3.01
并肩作战	3.01
急切	3.01
结盟	3.01
巴比伦	3.01
莱尔	3.01
深陷	3.01
无可	3.01
谅解	3.01
加以	3.01
蓝图	3.01
生计	3.01
眷顾	3.01
土著	3.01
不省人事	3.01
收听	3.01
日元	3.01
收工	3.01
太阳系	3.01
麻烦事	3.01
伤势	3.01
过激	3.01
单人	3.01
入场券	3.01
疑心	3.01
歇斯底里	3.01
西瓜	3.01
钥	2.98
冰川	2.98
断定	2.98
幸免	2.98
琐事	2.98
胜算	2.98
徒弟	2.98
聘请	2.98
中等	2.98
池子	2.98
动画	2.98
卧	2.98
硬化	2.98
时钟	2.98
大肆	2.98
不为人知	2.98
畅销	2.98
不时	2.98
外貌	2.98
药剂师	2.98
橡树	2.98
后头	2.98
小看	2.98
款式	2.98
亚利桑那州	2.98
克雷	2.98
定论	2.98
食堂	2.98
噎	2.98
伊莲	2.98
合影	2.98
邪教	2.98
钱财	2.98
组装	2.98
输赢	2.98
大都会	2.98
洗衣店	2.98
牢记	2.98
犹如	2.98
迭	2.98
稻草	2.98
赴	2.98
结识	2.98
刃	2.98
斯塔克伍德	2.98
骨架	2.98
嘉年华	2.98
直视	2.98
全盘	2.98
说到做到	2.98
冥想	2.98
研讨会	2.98
跨过	2.98
何在	2.98
行刑	2.98
审视	2.98
斯巴达	2.98
顶端	2.98
丰	2.98
费力	2.98
凹	2.98
甜品	2.98
狐步	2.98
浮现	2.98
卡迪拉克	2.98
臭名昭著	2.98
约瑟芬	2.98
斗殴	2.98
毫克	2.98
美酒	2.98
灰烬	2.98
紊	2.97
大好	2.95
多嘴	2.95
恐怖主义	2.95
通风口	2.95
修士	2.95
奸	2.95
用尽	2.95
程式	2.95
讣告	2.95
呛	2.95
史杜	2.95
腾	2.95
情结	2.95
大选	2.95
蜜糖	2.95
唬	2.95
纵火犯	2.95
弹簧	2.95
带入	2.95
获救	2.95
津	2.95
埃德蒙	2.95
烈酒	2.95
所在地	2.95
吟	2.95
竞标	2.95
浴盆	2.95
市政	2.95
修建	2.95
传染病	2.95
前辈	2.95
源于	2.95
想来	2.95
说到底	2.95
礼堂	2.95
起舞	2.95
肖像	2.95
纸牌	2.95
夺冠	2.95
拷打	2.95
憎恶	2.95
微风	2.95
逆转	2.95
酶	2.95
贝多芬	2.95
狄克逊	2.95
直面	2.95
价值观	2.95
事宜	2.95
白血病	2.95
照耀	2.95
醇	2.95
扫帚	2.95
噗	2.95
马力	2.95
詹森	2.95
收起	2.95
越战	2.95
太阳能	2.95
插头	2.95
着装	2.95
大提琴	2.95
氧化	2.95
太平间	2.95
舍不得	2.95
银行家	2.95
储蓄	2.95
外形	2.92
鸣	2.92
史蒂文	2.92
笑柄	2.92
周游	2.92
笑笑	2.92
够呛	2.92
电子游戏	2.92
下药	2.92
屠	2.92
罗拉	2.92
疯人院	2.92
栽赃	2.92
不容	2.92
鱼雷	2.92
诀窍	2.92
孟买	2.92
斗志	2.92
可口	2.92
州政府	2.92
音频	2.92
遗物	2.92
言行	2.92
敬重	2.92
箫	2.92
趋势	2.92
怀表	2.92
信服	2.92
斧子	2.92
电磁	2.92
装有	2.92
平庸	2.92
切割	2.92
垒球	2.92
蒙古	2.92
败类	2.92
熄	2.92
柔道	2.92
蒙蔽	2.92
懒惰	2.92
克林顿	2.92
卡拉狄加	2.92
佛罗里达州	2.92
竞技	2.92
合金	2.92
马利	2.92
柱	2.92
投稿	2.92
表姐	2.92
爱慕	2.92
轨迹	2.92
交际	2.92
盘旋	2.92
鸟类	2.92
爱娃	2.92
猿	2.92
橙	2.92
小心翼翼	2.92
泥巴	2.92
坐船	2.89
毒害	2.89
看台	2.89
真主	2.89
以牙还牙	2.89
大米	2.89
默默	2.89
发怒	2.89
确诊	2.89
并不	2.89
哇奥	2.89
题材	2.89
近期	2.89
行医	2.89
瓷砖	2.89
走投无路	2.89
引出	2.89
剃刀	2.89
天鹅	2.89
瞎扯	2.89
重金属	2.89
摆动	2.89
凶残	2.89
里德	2.89
主人公	2.89
凭借	2.89
糟蹋	2.89
弹性	2.89
草药	2.89
半径	2.89
尼娜	2.89
伊安	2.89
傻乎乎	2.89
游乐园	2.89
艾德	2.89
名堂	2.89
勇猛	2.89
主观	2.89
海格	2.89
特有	2.89
柱子	2.89
文物	2.89
逆	2.89
变换	2.89
庙	2.89
英亩	2.89
赝品	2.89
标识	2.89
旁观者	2.89
南极	2.89
必胜	2.89
衬	2.89
果子	2.89
祖	2.89
行径	2.89
恰	2.89
吓倒	2.89
门廊	2.89
叛乱	2.89
盖尤斯	2.89
园艺	2.89
无用	2.89
繁荣	2.89
赌局	2.89
过道	2.89
格外	2.89
拉丁文	2.89
求生	2.89
生锈	2.89
格伦	2.89
老奶奶	2.89
俯卧撑	2.89
悟	2.89
撕开	2.89
个体	2.89
援	2.86
小麦	2.86
点评	2.86
黑名单	2.86
流淌	2.86
下棋	2.86
陶醉	2.86
弗洛伊德	2.86
种马	2.86
撤出	2.86
银河系	2.86
澳	2.86
野性	2.86
漏水	2.86
谈心	2.86
毛茸茸	2.86
圣殿	2.86
小刀	2.86
挣脱	2.86
小吃	2.86
减弱	2.86
资	2.86
察	2.86
公务员	2.86
马德里	2.86
新墨西哥州	2.86
照镜子	2.86
巫	2.86
叼	2.86
辨别	2.86
常理	2.86
名言	2.86
嘲弄	2.86
恩赐	2.86
狮子王	2.86
铁匠	2.86
迷航	2.86
休斯顿	2.86
叫喊	2.86
起身	2.86
先例	2.86
庄稼	2.86
剪子	2.86
奥地利	2.86
重温	2.86
艾丽	2.86
海滨	2.86
底层	2.86
买主	2.86
吠	2.86
暗语	2.86
跑腿	2.86
警力	2.86
反悔	2.86
凡是	2.86
渺茫	2.86
提防	2.86
濑	2.86
密谋	2.86
战死	2.86
共处	2.86
尸骨	2.86
招数	2.86
就职	2.86
高于	2.86
赠送	2.86
议长	2.86
候补	2.86
选项	2.86
半点	2.86
背着	2.86
半生	2.86
娜蒂娅	2.86
哈瓦那	2.86
逼供	2.86
利奥	2.86
翠	2.86
胡迪尼	2.86
浪子	2.86
黄蜂	2.86
钟爱	2.86
丐	2.84
非正式	2.83
捣	2.83
私生子	2.83
书名	2.83
列入	2.83
击毙	2.83
轮廓	2.83
毛毛	2.83
捕鱼	2.83
辈	2.83
氛围	2.83
德鲁	2.83
门诊	2.83
圣父	2.83
小区	2.83
枪毙	2.83
瓷器	2.83
权势	2.83
浑蛋	2.83
吸管	2.83
方程式	2.83
委内瑞拉	2.83
悬赏	2.83
亲属	2.83
掩体	2.83
米兰	2.83
演变	2.83
二氧化碳	2.83
车手	2.83
食言	2.83
温斯顿	2.83
肛门	2.83
图纸	2.83
面粉	2.83
呸	2.83
转化	2.83
神明	2.83
神智	2.83
霹雳	2.83
帕姆	2.83
深受	2.83
例行公事	2.83
无名氏	2.83
失调	2.83
委员	2.83
实体	2.83
无从	2.83
出炉	2.83
链子	2.83
登山	2.83
希腊人	2.83
凑巧	2.83
胁迫	2.83
战后	2.83
违抗	2.83
道恩	2.83
作曲家	2.83
龌龊	2.83
守口如瓶	2.83
潜逃	2.83
三月	2.83
餐巾	2.83
惹事	2.83
唱票	2.83
痛楚	2.83
克里斯托弗	2.83
总体	2.83
教义	2.83
伤员	2.83
规	2.83
过头	2.83
气流	2.83
构造	2.83
独角兽	2.83
听命	2.83
慌张	2.83
得病	2.83
鹦	2.82
后排	2.8
棋子	2.8
弗雷德	2.8
凯瑞	2.8
烘	2.8
腾出	2.8
健壮	2.8
油箱	2.8
晋升	2.8
灵敏	2.8
维克	2.8
极力	2.8
素材	2.8
去除	2.8
哼哼	2.8
点名	2.8
认证	2.8
领队	2.8
泄密	2.8
差异	2.8
指明	2.8
符咒	2.8
析	2.8
收藏家	2.8
达芙妮	2.8
前排	2.8
分明	2.8
雨水	2.8
判定	2.8
肌肤	2.8
步步	2.8
金矿	2.8
血肉	2.8
受害	2.8
勺	2.8
赛段	2.8
罗斯福	2.8
开学	2.8
平和	2.8
按住	2.8
肺炎	2.8
全权	2.8
竞争力	2.8
海鸥	2.8
迈出	2.8
种族歧视	2.8
弯腰	2.8
偷懒	2.8
规范	2.8
美景	2.8
伊莲娜	2.8
高傲	2.8
约克	2.8
詹	2.8
嘉	2.8
本领	2.8
毋庸置疑	2.8
良知	2.8
收敛	2.8
陀	2.8
无需	2.8
寝室	2.8
潜伏	2.8
老爷	2.8
防护罩	2.8
活口	2.8
鹉	2.8
蹊	2.8
匕	2.8
篝	2.78
游手好闲	2.77
邋遢	2.77
书包	2.77
幌子	2.77
梳子	2.77
辅	2.77
解答	2.77
橱柜	2.77
瞳孔	2.77
算算	2.77
托德	2.77
死党	2.77
希德	2.77
创立	2.77
不禁	2.77
气压	2.77
十字路口	2.77
奥林匹克	2.77
服部	2.77
大气层	2.77
后裔	2.77
打垮	2.77
仿	2.77
捐助	2.77
不仅如此	2.77
除外	2.77
出奇	2.77
苦头	2.77
径直	2.77
雕	2.77
启用	2.77
奉命	2.77
音符	2.77
肉丸	2.77
器械	2.77
奢华	2.77
货运	2.77
难看	2.77
跳蚤	2.77
打通	2.77
日复一日	2.77
酪	2.77
法拉利	2.77
西红柿	2.77
境界	2.77
弗莱彻	2.77
说辞	2.77
受惊	2.77
地形	2.77
钩子	2.77
臭虫	2.77
烟火	2.77
芝麻	2.77
熔岩	2.77
挺身而出	2.77
携手	2.77
显微镜	2.77
帆船	2.77
静止	2.77
邓	2.77
双臂	2.77
粮	2.77
口头	2.77
顶层	2.77
挡风	2.77
盛宴	2.77
暴乱	2.77
匆匆	2.77
恰巧	2.77
卡文	2.77
超乎	2.77
获得者	2.77
洪	2.77
螺旋	2.77
塔克	2.77
分布	2.77
强尼	2.77
黏	2.77
戴茜	2.77
汉纳	2.77
出行	2.77
复职	2.77
卷发	2.77
储藏	2.77
胜地	2.74
尤金	2.74
心胸	2.74
剧烈	2.74
徒劳	2.74
卸下	2.74
三百万	2.74
老掉牙	2.74
复印件	2.74
促进	2.74
任性	2.74
职业道德	2.74
赠	2.74
聚光灯	2.74
本市	2.74
舞曲	2.74
用作	2.74
召回	2.74
陀螺	2.74
啤	2.74
情理	2.74
贴身	2.74
大理石	2.74
劳伦	2.74
毫无用处	2.74
态	2.74
肉饼	2.74
收藏品	2.74
夕	2.74
智利	2.74
榜	2.74
严峻	2.74
驻扎	2.74
处事	2.74
扫描仪	2.74
眼罩	2.74
小意思	2.74
自助	2.74
货色	2.74
偷盗	2.74
酒杯	2.74
星巴克	2.74
新泽西州	2.74
至此	2.74
警觉	2.74
天主	2.74
屋大维	2.74
忧虑	2.74
筹划	2.74
阿基	2.74
庄严	2.74
施工	2.74
呜呼	2.74
南面	2.74
东欧	2.74
推倒	2.74
马尔科姆	2.74
管教	2.74
合得来	2.74
卡莱尔	2.74
木材	2.74
猪排	2.74
美国队	2.74
晨	2.74
有线	2.74
鳄	2.74
挟持	2.74
表白	2.74
卧倒	2.74
高地	2.74
昆	2.74
伊甸园	2.74
围裙	2.74
有钱	2.74
盖尔	2.74
老百姓	2.74
招聘	2.74
外壳	2.71
集结	2.71
阑尾	2.71
纵容	2.71
屋檐	2.71
退休金	2.71
一事无成	2.71
蓬	2.71
赶路	2.71
下任	2.71
令人	2.71
精彩绝伦	2.71
再婚	2.71
引人注意	2.71
商讨	2.71
塑胶	2.71
杰拉德	2.71
富兰克林	2.71
杜普利	2.71
诱拐	2.71
犀牛	2.71
好使	2.71
气势	2.71
不愧	2.71
如意	2.71
技师	2.71
眼镜蛇	2.71
好手	2.71
心地	2.71
挫败	2.71
后天	2.71
色鬼	2.71
清真寺	2.71
日内瓦	2.71
货真价实	2.71
断层	2.71
谚语	2.71
半岛	2.71
立法	2.71
会场	2.71
好玩儿	2.71
珠子	2.71
出马	2.71
机制	2.71
牙科	2.71
释怀	2.71
圆形	2.71
切尔	2.71
反面	2.71
黄瓜	2.71
清静	2.71
充当	2.71
绵羊	2.71
专访	2.71
蹬	2.71
呼吁	2.71
工钱	2.71
特蕾西	2.71
公墓	2.71
君子	2.71
卓越	2.71
鱼儿	2.71
不论是	2.71
瘸子	2.71
插曲	2.71
维吉尼亚	2.71
马匹	2.71
含糊	2.71
中餐	2.71
丧气	2.71
掏钱	2.71
祝愿	2.71
辛勤	2.71
尽早	2.71
叮当	2.71
凯迪拉克	2.71
谢意	2.71
南希	2.71
纯真	2.71
侥	2.69
缓刑	2.68
多种	2.68
户头	2.68
周期	2.68
卢瑟	2.68
培	2.68
领悟	2.68
书本	2.68
时日	2.68
虚幻	2.68
诋毁	2.68
亚利桑那	2.68
脚趾头	2.68
无条件	2.68
发生器	2.68
不停	2.68
沉没	2.68
气泡	2.68
大雨	2.68
坚硬	2.68
制品	2.68
仙人掌	2.68
星光	2.68
宣战	2.68
爷	2.68
天狼星	2.68
装饰品	2.68
小说家	2.68
潇洒	2.68
姥姥	2.68
敬爱	2.68
正当防卫	2.68
资本	2.68
罢手	2.68
协	2.68
排行榜	2.68
克斯	2.68
录像机	2.68
肤	2.68
弥撒	2.68
摩洛哥	2.68
棒子	2.68
韦	2.68
当代	2.68
虚无	2.68
木马	2.68
块头	2.68
稿子	2.68
文件夹	2.68
鸡奸	2.68
鲸	2.68
乌冬	2.68
实地	2.68
桔子	2.68
屏蔽	2.68
取证	2.68
公然	2.68
筷子	2.68
相貌	2.68
脑浆	2.68
搁	2.68
筛选	2.68
巴巴拉	2.68
夸大	2.68
雷鸣	2.68
大侠	2.68
破译	2.68
莱拉	2.68
刮目相看	2.68
过瘾	2.68
浪潮	2.68
萧条	2.68
后方	2.65
有所不同	2.65
唐人街	2.65
文凭	2.65
谣传	2.65
中介	2.65
春假	2.65
论坛	2.65
趁着	2.65
村长	2.65
轨	2.65
用具	2.65
产物	2.65
焊	2.65
追击	2.65
座椅	2.65
顽强	2.65
二手	2.65
安详	2.65
丙	2.65
节约	2.65
输家	2.65
接线员	2.65
猥亵	2.65
两码事	2.65
资深	2.65
名词	2.65
定居	2.65
尼尔森	2.65
音调	2.65
受孕	2.65
立案	2.65
瑕疵	2.65
开创	2.65
裤裆	2.65
史莱克	2.65
隔间	2.65
持械	2.65
实质	2.65
素质	2.65
电话簿	2.65
害人	2.65
清扫	2.65
艾瑞克	2.65
布料	2.65
上任	2.65
兜里	2.65
女权	2.65
超声波	2.65
齐心协力	2.65
逢	2.65
沼	2.65
营销	2.65
税收	2.65
寄托	2.65
寄养	2.65
一亿	2.65
入境	2.65
阶级	2.65
光年	2.65
游侠	2.65
越是	2.65
靶	2.65
高温	2.65
高涨	2.65
爱抚	2.65
收取	2.65
高超	2.65
政变	2.65
接入	2.65
精力充沛	2.65
罗嗦	2.65
喱	2.65
嗦	2.63
够格	2.62
历险	2.62
良	2.62
套餐	2.62
外地	2.62
集市	2.62
钞	2.62
曾祖父	2.62
久仰	2.62
暂	2.62
高个子	2.62
卡森	2.62
算命	2.62
素描	2.62
野猪	2.62
力度	2.62
促成	2.62
城墙	2.62
小人物	2.62
惊险	2.62
哇哇	2.62
灵光	2.62
谜语	2.62
成百上千	2.62
鼬	2.62
飞碟	2.62
爱护	2.62
菲律宾	2.62
圭	2.62
拥护	2.62
凭着	2.62
鉴别	2.62
名额	2.62
抑或	2.62
炼狱	2.62
跟不上	2.62
瞩目	2.62
判刑	2.62
汪	2.62
红帽	2.62
住宿	2.62
利兹	2.62
判处	2.62
斯蒂夫	2.62
山脊	2.62
同位素	2.62
制药	2.62
郑重	2.62
高利贷	2.62
天国	2.62
通用	2.62
五分	2.62
抓起	2.62
仓促	2.62
生母	2.62
合唱	2.62
特纳	2.62
叛国罪	2.62
台球	2.62
东面	2.62
晒太阳	2.62
熄灯	2.62
上交	2.62
细心	2.62
害虫	2.62
导管	2.62
蔑视	2.62
快步	2.62
扑灭	2.62
河豚	2.62
无所畏惧	2.62
志愿	2.62
兜圈子	2.62
脸庞	2.62
长远	2.62
蒂姆	2.62
贞	2.62
出世	2.62
救火	2.62
阵营	2.62
谢莉	2.62
三八	2.62
苑	2.62
舞姿	2.62
硕士	2.62
郊外	2.62
格温	2.62
临近	2.62
疯牛病	2.62
鞭子	2.62
温哥华	2.62
石膏	2.62
父女	2.62
糕点	2.62
历史性	2.62
难以忍受	2.62
医治	2.59
巴克斯特	2.59
进发	2.59
大巴	2.59
张扬	2.59
加菲	2.59
片断	2.59
梅根	2.59
问答	2.59
碱	2.59
算账	2.59
门罗	2.59
内华达	2.59
领头	2.59
先是	2.59
司令官	2.59
毕加索	2.59
著作	2.59
篮球队	2.59
校友	2.59
重播	2.59
枪法	2.59
贪心	2.59
亭	2.59
所有权	2.59
获利	2.59
荷莉	2.59
毒液	2.59
监测	2.59
切尔西	2.59
首脑	2.59
递交	2.59
丑恶	2.59
烟灰缸	2.59
抛锚	2.59
长椅	2.59
急速	2.59
采纳	2.59
公鸡	2.59
调调	2.59
舒	2.59
新西兰	2.59
底片	2.59
通电话	2.59
连累	2.59
鲁比	2.59
海王星	2.59
伍德	2.59
祖父母	2.59
决战	2.59
升空	2.59
采购	2.59
滑头	2.59
搅拌	2.59
酒水	2.59
维克托	2.59
入院	2.59
桥梁	2.59
莫兰	2.59
铝	2.59
钙	2.59
拎	2.59
头等	2.59
有色	2.59
新星	2.59
贫血	2.56
搞鬼	2.56
踏板	2.56
压倒	2.56
大军	2.56
万无一失	2.56
成绩单	2.56
流程	2.56
体制	2.56
走近	2.56
下葬	2.56
蛋黄	2.56
托付	2.56
焕然一新	2.56
内华达州	2.56
布兰顿	2.56
让路	2.56
交际舞	2.56
不只	2.56
职权	2.56
院里	2.56
牵挂	2.56
里加	2.56
卖弄	2.56
出乎	2.56
践踏	2.56
证人席	2.56
葱	2.56
剽窃	2.56
慕尼黑	2.56
查案	2.56
莫扎特	2.56
双亲	2.56
艾莉丝	2.56
揭示	2.56
运营	2.56
开幕式	2.56
洗衣房	2.56
添加	2.56
变革	2.56
密度	2.56
哑	2.56
挚友	2.56
甭	2.56
归于	2.56
机智	2.56
悼念	2.56
河水	2.56
斯通	2.56
特大	2.56
烧着	2.56
婴	2.56
柔和	2.56
围墙	2.56
焚	2.56
鸡翅	2.56
煽	2.56
回车	2.56
开饭	2.56
行当	2.56
急于	2.56
禁忌	2.56
致意	2.56
聚餐	2.56
连锁店	2.56
磁场	2.56
寻觅	2.56
耶和华	2.56
斩	2.56
一对一	2.56
勤奋	2.56
詹妮	2.56
措辞	2.56
罗迪	2.56
停战	2.56
人道	2.56
桑拿	2.56
格兰	2.56
高处	2.56
野牛	2.56
津贴	2.56
内出血	2.56
哲学家	2.56
被动	2.56
拉尔夫	2.56
面包店	2.56
新奇	2.56
签发	2.56
淆	2.56
赡	2.54
小船	2.53
橙子	2.53
凯丽	2.53
太平	2.53
布兰登	2.53
大意	2.53
大洋	2.53
天晓得	2.53
走漏	2.53
安吉尔	2.53
下一代	2.53
认清	2.53
手提包	2.53
加薪	2.53
解密	2.53
娜娜	2.53
领会	2.53
无济于事	2.53
跃	2.53
生殖器	2.53
一家子	2.53
泡泡糖	2.53
有鉴于此	2.53
重归于好	2.53
防弹衣	2.53
科林斯	2.53
恰到好处	2.53
截获	2.53
头皮	2.53
半路	2.53
光天化日	2.53
头像	2.53
劳工	2.53
脚尖	2.53
转角	2.53
字幕	2.53
断裂	2.53
不知不觉	2.53
惨剧	2.53
束手无策	2.53
晃悠	2.53
清清楚楚	2.53
置之不理	2.53
木匠	2.53
警报器	2.53
纸张	2.53
历	2.53
加布里埃尔	2.53
鼻孔	2.53
庭院	2.53
喊叫	2.53
保险金	2.53
无稽之谈	2.53
悉尼	2.53
肯尼	2.53
高压	2.53
皮夹	2.53
叹息	2.53
顶住	2.53
顶嘴	2.53
顶峰	2.53
盹	2.53
急性	2.53
推论	2.53
花瓣	2.53
美德	2.53
未能	2.53
敢于	2.53
印第安纳	2.53
复生	2.53
斯特丝	2.53
日夜	2.53
议程	2.53
玛拉	2.53
痘	2.53
撕下	2.53
起重机	2.53
迎	2.53
祭品	2.53
鞋底	2.53
骼	2.52
搐	2.52
亮相	2.5
卑微	2.5
身影	2.5
光明正大	2.5
董事	2.5
梅尔	2.5
路人	2.5
发臭	2.5
限量	2.5
残留物	2.5
配备	2.5
外行	2.5
颠簸	2.5
兆	2.5
铁链	2.5
回国	2.5
美国人	2.5
星期日	2.5
运动场	2.5
交道	2.5
日光	2.5
曼波	2.5
自觉	2.5
自相残杀	2.5
绿卡	2.5
担架	2.5
抢先	2.5
定做	2.5
回音	2.5
涅	2.5
混凝土	2.5
遗孀	2.5
柯林	2.5
转给	2.5
图画	2.5
轻举妄动	2.5
宾客	2.5
砖头	2.5
独裁者	2.5
篷	2.5
飞跃	2.5
闷闷不乐	2.5
深情	2.5
辖区	2.5
圆圈	2.5
幸运儿	2.5
天皇	2.5
狐	2.5
侵蚀	2.5
谷物	2.5
皮鞋	2.5
刘	2.5
杀虫剂	2.5
污渍	2.5
充气	2.5
实用	2.5
肿胀	2.5
过早	2.5
牡蛎	2.5
调料	2.5
开阔	2.5
建成	2.5
潜水员	2.5
马提尼	2.5
此生	2.5
顶替	2.5
神魂	2.5
乱套	2.5
肥料	2.5
制造者	2.5
精华	2.5
支出	2.5
人种	2.5
亲友	2.5
眼线	2.5
子民	2.5
航向	2.5
远走高飞	2.5
关禁闭	2.5
脑瘤	2.5
王者	2.5
蒸	2.5
座右铭	2.5
交情	2.5
生意人	2.5
威廉姆斯	2.5
教派	2.5
玩火	2.5
传话	2.5
比萨饼	2.5
格洛丽亚	2.5
逃兵	2.5
毫发	2.5
土壤	2.5
避孕药	2.5
同僚	2.5
生命体	2.5
阵地	2.5
核查	2.5
索尔	2.47
开门见山	2.47
真品	2.47
大妈	2.47
拖累	2.47
卢比	2.47
关节炎	2.47
雷管	2.47
象棋	2.47
加重	2.47
留神	2.47
镶	2.47
邻里	2.47
哪门子	2.47
玛琳	2.47
乔恩	2.47
再现	2.47
骡子	2.47
纳税人	2.47
钚	2.47
融	2.47
甜言蜜语	2.47
多莉	2.47
只用	2.47
低音	2.47
浓缩	2.47
存货	2.47
铁木真	2.47
弹孔	2.47
信誉	2.47
布伦达	2.47
分量	2.47
岔子	2.47
车程	2.47
名流	2.47
踪影	2.47
珠熙	2.47
息	2.47
低温	2.47
巅峰	2.47
有把握	2.47
幽	2.47
深信	2.47
车头	2.47
平手	2.47
作响	2.47
便是	2.47
同等	2.47
残余	2.47
标本	2.47
兑换	2.47
实时	2.47
东东	2.47
微粒	2.47
凝视	2.47
溶	2.47
合拍	2.47
敌方	2.47
珈	2.47
维他命	2.47
干细胞	2.47
猎鹰	2.47
雷切尔	2.47
税务	2.47
吼叫	2.47
复发	2.47
理睬	2.47
航道	2.47
不起眼	2.47
手杖	2.47
生态	2.47
阉	2.47
梵蒂冈	2.47
活捉	2.47
内布拉斯加	2.47
乱糟糟	2.47
防水	2.47
觉察	2.47
过往	2.47
哲	2.47
哨	2.44
大片	2.44
真情	2.44
受训	2.44
卑	2.44
趁机	2.44
私自	2.44
卡默洛特	2.44
拉丁美洲	2.44
安检	2.44
对策	2.44
真谛	2.44
大权	2.44
不单	2.44
泄气	2.44
植物人	2.44
药膏	2.44
填写	2.44
傍晚	2.44
斐济	2.44
犯案	2.44
风车	2.44
一方面	2.44
円	2.44
毒枭	2.44
逃亡者	2.44
发言权	2.44
挥霍	2.44
低声	2.44
跤	2.44
形态	2.44
飞机场	2.44
冷水	2.44
国标舞	2.44
卓	2.44
到手	2.44
竖起	2.44
泼妇	2.44
开机	2.44
切口	2.44
浩	2.44
烟斗	2.44
完好无损	2.44
江户	2.44
进进出出	2.44
请教	2.44
伟人	2.44
鼻血	2.44
俊	2.44
返	2.44
敦	2.44
照常	2.44
染色体	2.44
机车	2.44
假冒	2.44
黄昏	2.44
灌木丛	2.44
役	2.44
蛛丝马迹	2.44
磨损	2.44
尿床	2.44
化学反应	2.44
核桃	2.44
汉斯	2.44
维纳斯	2.44
拖拉机	2.44
飞艇	2.44
德里克	2.44
氨	2.44
送到	2.44
本职工作	2.44
从此以后	2.44
防火	2.44
人类学	2.41
套间	2.41
最最	2.41
喀	2.41
死讯	2.41
鼹鼠	2.41
油井	2.41
站立	2.41
高高在上	2.41
席卷	2.41
促销	2.41
仰慕	2.41
德行	2.41
塞巴斯蒂安	2.41
卷宗	2.41
莉娜	2.41
惬意	2.41
不屈	2.41
矫正	2.41
治病	2.41
如愿	2.41
沙瑞西	2.41
赛道	2.41
宣泄	2.41
葡萄园	2.41
延误	2.41
大白天	2.41
正巧	2.41
蹄	2.41
朱尼尔	2.41
遗留	2.41
赎回	2.41
言辞	2.41
信条	2.41
手雷	2.41
档子	2.41
开场白	2.41
宠爱	2.41
薄弱	2.41
只顾	2.41
胰岛素	2.41
薰	2.41
决议	2.41
明媚	2.41
磁铁	2.41
无名小卒	2.41
盐水	2.41
能动	2.41
死心	2.41
垂死	2.41
全局	2.41
钮	2.41
佑	2.41
矛	2.41
文森	2.41
血债	2.41
煽动	2.41
刽子手	2.41
起义	2.41
初期	2.41
臭气	2.41
牢固	2.41
羊羔	2.41
佐清	2.41
遭殃	2.41
调子	2.41
原意	2.41
耿耿于怀	2.41
三四	2.41
精密	2.41
莱曼	2.41
无瑕	2.41
巴哈马	2.41
轻率	2.41
投放	2.41
管工	2.41
杂技	2.41
王朝	2.41
装束	2.41
莫非	2.41
腰部	2.41
暴行	2.41
莎伦	2.41
艇	2.41
参选	2.41
中产阶级	2.41
还原	2.41
谢利	2.41
奥克兰	2.41
份儿	2.41
比尔·布坎南	2.41
标志性	2.41
玑	2.38
镇压	2.38
以致	2.38
眩晕	2.38
卑劣	2.38
裸露	2.38
鬼子	2.38
筑	2.38
牛顿	2.38
巡游	2.38
锚	2.38
要挟	2.38
哇塞	2.38
舞台剧	2.38
查阅	2.38
胜诉	2.38
情歌	2.38
忧	2.38
些许	2.38
曼谷	2.38
骑手	2.38
嵌	2.38
奥马哈	2.38
山庄	2.38
空位	2.38
扪心自问	2.38
担当	2.38
说明书	2.38
宵	2.38
沉溺	2.38
安乐死	2.38
色狼	2.38
信使	2.38
天衣无缝	2.38
社保	2.38
署名	2.38
公共场所	2.38
瞧不起	2.38
夏娃	2.38
汀	2.38
薇薇	2.38
择	2.38
驾驶舱	2.38
肺癌	2.38
公元前	2.38
归属	2.38
工作者	2.38
神仙	2.38
似曾相识	2.38
提拔	2.38
显著	2.38
旺盛	2.38
穴居	2.38
农	2.38
火势	2.38
卡哈纳	2.38
球手	2.38
污水	2.38
瓦解	2.38
细微	2.38
痰	2.38
闹事	2.38
狗崽子	2.38
夹子	2.38
茬	2.38
牺牲品	2.38
板球	2.38
罕	2.38
公款	2.38
俗气	2.38
囚	2.38
决定性	2.38
板子	2.38
扩展	2.38
削弱	2.38
面纱	2.38
暂时性	2.38
晾	2.38
窝囊废	2.38
云霄	2.38
作曲	2.38
一度	2.38
珍爱	2.38
止住	2.38
说不清	2.38
光亮	2.38
全天候	2.38
龄	2.38
潜能	2.38
布里斯托	2.38
少尉	2.38
胶卷	2.38
特赦	2.38
觉着	2.38
精髓	2.38
墨西哥城	2.38
防弹	2.38
喂养	2.38
得力	2.38
新任	2.38
人为	2.38
漂流	2.38
洗劫	2.38
囱	2.37
安危	2.35
冰棍	2.35
可观	2.35
姊妹	2.35
裁员	2.35
大干一场	2.35
贾巴	2.35
齿轮	2.35
波浪	2.35
卡莉	2.35
凌	2.35
肉桂	2.35
着魔	2.35
旋风	2.35
捕获	2.35
坞	2.35
问讯	2.35
极点	2.35
塑	2.35
捉摸	2.35
无懈可击	2.35
凯尔特	2.35
欢喜	2.35
不祥	2.35
欢心	2.35
速决	2.35
纪念碑	2.35
不合	2.35
小报	2.35
茵	2.35
竹	2.35
安葬	2.35
姗	2.35
节拍	2.35
仙境	2.35
游说	2.35
沉醉	2.35
危在旦夕	2.35
凶猛	2.35
麦洛	2.35
雨果	2.35
正视	2.35
克利夫兰	2.35
旋	2.35
停车位	2.35
车间	2.35
摩西德	2.35
零花钱	2.35
短裙	2.35
混沌	2.35
信教	2.35
特性	2.35
数额	2.35
格雷斯	2.35
军事基地	2.35
诈	2.35
协作	2.35
人道主义	2.35
垂直	2.35
尖锐	2.35
请柬	2.35
免受	2.35
侵害	2.35
垃圾袋	2.35
深思熟虑	2.35
蒙蒂	2.35
行好	2.35
结晶	2.35
开脱	2.35
牲口	2.35
禁欲	2.35
告辞	2.35
作祟	2.35
救星	2.35
贝利	2.35
宙斯	2.35
救生	2.35
试唱	2.35
阻	2.35
甜头	2.35
频	2.35
资料库	2.35
小动作	2.35
禁闭室	2.35
鲁斯特	2.35
讲究	2.35
材	2.35
悔恨	2.35
隶属	2.35
用功	2.35
就座	2.35
儡	2.35
傀	2.35
看中	2.33
书桌	2.33
大堂	2.33
凯恩	2.33
空前	2.33
指南针	2.33
斧	2.33
执勤	2.33
纪录片	2.33
撂	2.33
诚挚	2.33
陶瓷	2.33
赶往	2.33
厕	2.33
下贱	2.33
不耐烦	2.33
本月	2.33
供应商	2.33
俘获	2.33
御	2.33
灌木	2.33
颁	2.33
麻醉药	2.33
减掉	2.33
违	2.33
对峙	2.33
校服	2.33
编程	2.33
局部	2.33
奥运	2.33
果仁	2.33
咔	2.33
官僚	2.33
亲笔	2.33
学生会	2.33
旁观	2.33
退路	2.33
劫机	2.33
特里普	2.33
缩短	2.33
饵	2.33
自找麻烦	2.33
巢穴	2.33
一窍不通	2.33
未免	2.33
雷蒙	2.33
霹雳舞	2.33
鲁迪	2.33
挪用	2.33
碟子	2.33
齐全	2.33
住房	2.33
刀片	2.33
聘	2.33
当下	2.33
倒车	2.33
夺得	2.33
诚信	2.33
突变	2.33
阿奇	2.33
主题曲	2.33
缅因州	2.33
玻利维亚	2.33
污秽	2.33
底细	2.33
海地	2.33
布雷	2.33
珍宝	2.33
幸灾乐祸	2.33
全镇	2.33
振动	2.33
卫队	2.33
抽身	2.33
调戏	2.33
禁区	2.33
顶多	2.33
工作服	2.33
致以	2.33
赫克托	2.33
招手	2.33
公式	2.33
贝比	2.33
擒	2.33
厚道	2.33
骇	2.33
支架	2.33
业主	2.33
无故	2.33
无暇	2.33
钳子	2.33
鬼脸	2.33
汝	2.33
胡来	2.33
彻夜	2.33
维克特	2.33
高呼	2.33
本片	2.33
相像	2.33
布莱德	2.33
理疗	2.33
哈勃	2.33
代课	2.33
干系	2.33
格子	2.33
水母	2.33
教唆	2.33
胆怯	2.33
阵子	2.33
倡	2.33
小车	2.3
婚约	2.3
识破	2.3
保健	2.3
无足轻重	2.3
白粉	2.3
呼喊	2.3
流汗	2.3
科克	2.3
抚慰	2.3
咯咯	2.3
任职	2.3
轻柔	2.3
笠	2.3
尽职	2.3
大韩	2.3
八月	2.3
来历	2.3
人工智能	2.3
抵御	2.3
浆果	2.3
爬山	2.3
缴	2.3
无心	2.3
莱斯利	2.3
雕刻	2.3
肢解	2.3
高尔夫球场	2.3
罪魁祸首	2.3
奉承	2.3
搭理	2.3
伍	2.3
大主教	2.3
莎莉	2.3
犹他州	2.3
杆菌	2.3
呣	2.3
酊	2.3
堂弟	2.3
海岸线	2.3
偷渡	2.3
钛	2.3
退化	2.3
骗术	2.3
悬念	2.3
公认	2.3
艾力	2.3
自作聪明	2.3
农庄	2.3
平稳	2.3
初衷	2.3
台下	2.3
有待	2.3
竞争者	2.3
全市	2.3
合乎	2.3
奈德	2.3
松树	2.3
威尔森	2.3
皮疹	2.3
租约	2.3
儿女	2.3
唐突	2.3
复制品	2.3
南京	2.3
晶体	2.3
摆放	2.3
结成	2.3
浆	2.3
口子	2.3
相提并论	2.3
摆设	2.3
带回	2.3
脸孔	2.3
女尸	2.3
营造	2.3
单调	2.3
阶层	2.3
林赛	2.3
搓	2.3
忘恩负义	2.3
熟食	2.3
腐朽	2.3
逃课	2.3
法老	2.3
水蛭	2.3
传媒	2.3
表亲	2.3
孩童	2.3
强加	2.3
总管	2.3
危险性	2.3
告终	2.3
寺庙	2.3
破损	2.3
背弃	2.3
鱼缸	2.3
狂欢节	2.3
崛起	2.3
评论家	2.3
卡洛琳	2.3
磨难	2.3
规章	2.3
爆炸物	2.3
顺带	2.3
稼	2.28
醒悟	2.27
解毒剂	2.27
长成	2.27
猛禽	2.27
狂犬病	2.27
旧事	2.27
司令部	2.27
贡	2.27
死路一条	2.27
发票	2.27
任由	2.27
朝圣	2.27
轻视	2.27
内涵	2.27
踢腿	2.27
办事处	2.27
胸脯	2.27
卷心菜	2.27
歇歇	2.27
补贴	2.27
仰	2.27
奴役	2.27
迪拜	2.27
杀人罪	2.27
挫	2.27
独身	2.27
凯纳斯顿	2.27
籍	2.27
撮合	2.27
源泉	2.27
资讯	2.27
正经事	2.27
遗愿	2.27
总而言之	2.27
维奥莱特	2.27
艾莉森	2.27
纵	2.27
迎合	2.27
调度	2.27
报价	2.27
出人头地	2.27
阻挠	2.27
晶	2.27
铁丝网	2.27
副总	2.27
驯服	2.27
境况	2.27
现今	2.27
现任	2.27
提姆	2.27
依我看	2.27
手术台	2.27
通缉令	2.27
匪徒	2.27
体形	2.27
冻僵	2.27
开花	2.27
不可收拾	2.27
熟知	2.27
腔调	2.27
邮报	2.27
亡灵	2.27
熊熊	2.27
胡桃	2.27
间隔	2.27
检察长	2.27
告诫	2.27
制毒	2.27
交涉	2.27
乔希	2.27
同音	2.27
箍	2.27
逼真	2.27
民兵	2.27
成败	2.27
斜坡	2.27
察看	2.27
句号	2.27
利索	2.27
亚特兰蒂斯	2.27
一角	2.27
一身	2.27
馊主意	2.27
睡梦	2.27
投资人	2.27
花脸	2.27
扫荡	2.27
游乐场	2.24
暗地里	2.24
慢性	2.24
柠檬汁	2.24
坍塌	2.24
涮	2.24
保养	2.24
闪光灯	2.24
葛雷尔	2.24
披风	2.24
局外人	2.24
历程	2.24
波波	2.24
动感	2.24
自来水	2.24
卡丽	2.24
留恋	2.24
言归正传	2.24
用意	2.24
下船	2.24
陆	2.24
减价	2.24
好不	2.24
记事本	2.24
逼近	2.24
大阪	2.24
二月	2.24
障碍物	2.24
舍弃	2.24
合情合理	2.24
里弄	2.24
饶舌	2.24
电影节	2.24
蹂躏	2.24
米克	2.24
首长	2.24
沉闷	2.24
敬请	2.24
母亲节	2.24
做作	2.24
渡轮	2.24
玲	2.24
风扇	2.24
洁米	2.24
栅	2.24
账号	2.24
随时随地	2.24
数以千计	2.24
路径	2.24
战车	2.24
冲洗	2.24
版权	2.24
迫击炮	2.24
结肠	2.24
乒乓球	2.24
装载	2.24
阻塞	2.24
乔纳斯	2.24
耻	2.24
收押	2.24
慈善家	2.24
剑桥	2.24
切片	2.24
数学家	2.24
课题	2.24
切换	2.24
屏住	2.24
绝非	2.24
失火	2.24
重蹈覆辙	2.24
后脑勺	2.24
便衣	2.24
曼德拉	2.24
乌托邦	2.24
连体	2.24
田地	2.24
国务卿	2.24
奶头	2.24
福斯特	2.24
拍马屁	2.24
萦绕	2.24
牲畜	2.24
不值一提	2.24
无常	2.24
阔	2.24
远足	2.24
一头	2.24
霍奇	2.24
学历	2.24
演艺	2.24
军营	2.24
袍子	2.24
莫尔	2.24
日光浴	2.24
增大	2.24
歪曲	2.24
瑞克	2.24
客串	2.24
难以启齿	2.24
姨	2.24
巡视	2.24
斯大林	2.24
秃顶	2.24
病床	2.24
阵亡	2.24
老妇	2.24
贝隆	2.24
贝茜	2.24
光彩照人	2.24
展出	2.24
筝	2.24
水落石出	2.21
五十万	2.21
醒目	2.21
十亿	2.21
辛辛那提	2.21
逍遥	2.21
体育课	2.21
身分	2.21
折叠	2.21
象牙	2.21
毛孩	2.21
评分	2.21
宴	2.21
站点	2.21
往日	2.21
巴不得	2.21
疯疯癫癫	2.21
岛屿	2.21
提款机	2.21
解数	2.21
时差	2.21
乡下人	2.21
毛毯	2.21
漫游	2.21
辅导员	2.21
妇科	2.21
中队	2.21
宜	2.21
行军	2.21
狱中	2.21
白蚁	2.21
汞	2.21
穿戴	2.21
不朽	2.21
不能不	2.21
触手	2.21
克洛伊	2.21
调查组	2.21
出类拔萃	2.21
茉	2.21
精疲力竭	2.21
宝剑	2.21
打打	2.21
飞人	2.21
核电站	2.21
常用	2.21
沉思	2.21
麦坤	2.21
逞	2.21
指指点点	2.21
梁	2.21
雨林	2.21
半途而废	2.21
包容	2.21
名模	2.21
侦破	2.21
心肝	2.21
铺盖	2.21
缸	2.21
非人	2.21
竭力	2.21
策	2.21
改写	2.21
物资	2.21
挨揍	2.21
苏黎世	2.21
礼品	2.21
立体	2.21
芳	2.21
亲眼目睹	2.21
肥肉	2.21
调解	2.21
夏普	2.21
平淡	2.21
艾滋	2.21
艾文	2.21
取暖	2.21
汉普顿	2.21
穆	2.21
殖民	2.21
巫女	2.21
掠	2.21
上山	2.21
主修	2.21
委婉	2.21
通缉犯	2.21
住户	2.21
哥伦布	2.21
仪表	2.21
夜色	2.21
羊毛	2.21
赛事	2.21
煤	2.21
检查员	2.21
世道	2.21
感官	2.21
噢噢	2.21
结交	2.21
左轮手枪	2.21
一臂之力	2.21
试穿	2.21
纱布	2.21
倒退	2.21
档次	2.21
肿块	2.21
签订	2.21
无影无踪	2.21
反应堆	2.21
藏品	2.21
整日	2.21
中西部	2.21
温室	2.21
填充	2.21
饭桶	2.21
早早	2.21
早先	2.21
有利于	2.21
衰退	2.21
扳手	2.21
预警	2.21
洛奇	2.21
坐以待毙	2.21
电路板	2.21
黄酱	2.21
讣	2.2
好过	2.18
大帝	2.18
身价	2.18
安弟	2.18
古板	2.18
渴求	2.18
露茜	2.18
加蓬	2.18
维奥拉	2.18
私藏	2.18
脱落	2.18
艾尔文	2.18
吉普车	2.18
惊醒	2.18
舆论	2.18
下颚	2.18
桑巴	2.18
重生	2.18
搞垮	2.18
蘸	2.18
人寿保险	2.18
地平线	2.18
打响	2.18
打字	2.18
蝎子	2.18
里根	2.18
观众席	2.18
对应	2.18
幼	2.18
短短	2.18
黑板	2.18
车顶	2.18
霸王	2.18
社会主义	2.18
七月	2.18
幽会	2.18
减慢	2.18
焚烧	2.18
全家人	2.18
过滤器	2.18
黑钱	2.18
理事会	2.18
奢望	2.18
字谜	2.18
耳目	2.18
轰炸机	2.18
红外线	2.18
变质	2.18
冒牌货	2.18
飞逝	2.18
剥削	2.18
肚皮	2.18
垃圾场	2.18
逐出	2.18
酝酿	2.18
添乱	2.18
开幕	2.18
埃塞俄比亚	2.18
懊悔	2.18
牙签	2.18
自作主张	2.18
贝奥武甫	2.18
克莱德	2.18
人际关系	2.18
篡改	2.18
海琳	2.18
肆意	2.18
糊口	2.18
兜兜	2.18
申诉	2.18
造反	2.18
熄火	2.18
黑猩猩	2.18
争端	2.18
鹤	2.18
乌云	2.18
负有	2.18
主流	2.18
海藻	2.18
财物	2.18
声望	2.18
冷藏	2.18
食物中毒	2.18
揽	2.18
无妨	2.18
株	2.18
年份	2.18
见不得人	2.18
瓶装	2.18
预科	2.18
蓝天	2.18
航天	2.18
仇人	2.18
暑期	2.18
妲	2.18
预示	2.18
千载难逢	2.18
啵	2.18
病因	2.18
洛佩兹	2.18
非同寻常	2.18
王妃	2.18
盗用	2.18
西亚	2.18
珍藏	2.18
水龙头	2.18
竞技场	2.18
人和	2.18
骚动	2.15
响尾蛇	2.15
警犬	2.15
殿	2.15
空壳	2.15
大树	2.15
我方	2.15
德拉	2.15
天窗	2.15
菊	2.15
第三世界	2.15
内情	2.15
危	2.15
绽放	2.15
太阳镜	2.15
搞好	2.15
圣水	2.15
新生儿	2.15
刷子	2.15
遮掩	2.15
编织	2.15
指甲油	2.15
难事	2.15
背黑锅	2.15
付诸	2.15
打头	2.15
唯有	2.15
记事	2.15
起先	2.15
游击队	2.15
卡萨诺瓦	2.15
诬陷	2.15
林子	2.15
从犯	2.15
沦落	2.15
电锯	2.15
强化	2.15
西伯利亚	2.15
锯齿	2.15
掩埋	2.15
心急	2.15
比尔科	2.15
玉米饼	2.15
食用	2.15
圣子	2.15
清洁剂	2.15
艾撒	2.15
小聪明	2.15
愣	2.15
心律	2.15
牌局	2.15
创办	2.15
释	2.15
咀嚼	2.15
史无前例	2.15
自立	2.15
作主	2.15
胀	2.15
队形	2.15
新鲜事	2.15
尤瑟	2.15
跟前	2.15
桨	2.15
第三者	2.15
斐	2.15
釜山	2.15
开罗	2.15
天桥	2.15
无形	2.15
终端	2.15
唤起	2.15
萤火虫	2.15
台子	2.15
摩甘娜	2.15
赤裸裸	2.15
呼救	2.15
兵团	2.15
巡逻车	2.15
工作狂	2.15
趾	2.15
循	2.15
巾	2.15
常春藤	2.15
国歌	2.15
蒜	2.15
兰德	2.15
皮尔斯	2.15
消费者	2.15
典范	2.15
所罗门	2.15
悲	2.15
预付	2.15
研制	2.15
参战	2.15
有生以来	2.15
坐视不管	2.15
交友	2.15
四万	2.15
纳西	2.15
比武	2.15
无理取闹	2.15
休战	2.15
水獭	2.15
警戒线	2.15
低俗	2.15
芬兰	2.15
渍	2.15
伶	2.15
咕噜	2.15
慈爱	2.15
幌	2.13
配音	2.12
圣路易斯	2.12
趣味	2.12
间断	2.12
截止	2.12
真空	2.12
誓词	2.12
婚宴	2.12
汗水	2.12
俄勒冈州	2.12
启示录	2.12
印章	2.12
劳埃德	2.12
下沉	2.12
加长	2.12
流出	2.12
呐喊	2.12
国防部长	2.12
乌拉	2.12
催化剂	2.12
仰望	2.12
吉它	2.12
全神贯注	2.12
纷纷	2.12
降生	2.12
认领	2.12
礼拜堂	2.12
理查	2.12
冰雪	2.12
不公	2.12
分担	2.12
念叨	2.12
病原体	2.12
如实	2.12
受难	2.12
高高的	2.12
定制	2.12
捆绑	2.12
敌机	2.12
股市	2.12
报销	2.12
袖	2.12
队服	2.12
分为	2.12
惧	2.12
落伍	2.12
屌	2.12
鹌鹑	2.12
恶臭	2.12
道格拉斯	2.12
责任心	2.12
乱子	2.12
酿	2.12
沉船	2.12
翰	2.12
避孕	2.12
投靠	2.12
天然气	2.12
自保	2.12
手软	2.12
绿野	2.12
卫生纸	2.12
鸦片	2.12
面板	2.12
押送	2.12
阻拦	2.12
睿智	2.12
昨夜	2.12
杰菲	2.12
梦魇	2.12
冲刺	2.12
旅行车	2.12
绝密	2.12
上阵	2.12
克莉丝汀	2.12
境内	2.12
专员	2.12
向着	2.12
全校	2.12
事前	2.12
军装	2.12
鉴证科	2.12
汉子	2.12
资本主义	2.12
艰巨	2.12
闹翻	2.12
鞭	2.12
刺刀	2.12
积累	2.12
带头	2.12
排挤	2.12
世贸	2.12
年幼	2.12
远见	2.12
顺眼	2.12
仨	2.12
听觉	2.12
偏爱	2.12
牧羊人	2.12
公诉人	2.12
容纳	2.12
胎记	2.12
容貌	2.12
运钞车	2.12
比起	2.12
袋鼠	2.12
弥漫	2.12
敷衍	2.12
土豆泥	2.12
考古	2.12
窃贼	2.12
人形	2.12
小淘气	2.12
广阔	2.12
看上	2.09
技艺	2.09
后续	2.09
对阵	2.09
服侍	2.09
大笔	2.09
心眼	2.09
解冻	2.09
脊	2.09
领结	2.09
发电	2.09
桂冠	2.09
传授	2.09
缇	2.09
抨击	2.09
直截了当	2.09
商议	2.09
要好	2.09
咖啡杯	2.09
使馆	2.09
炭疽	2.09
受罚	2.09
管理层	2.09
骨子里	2.09
心里话	2.09
房主	2.09
叙旧	2.09
大路	2.09
八十	2.09
室外	2.09
湖水	2.09
不巧	2.09
橡皮	2.09
弹片	2.09
血流	2.09
橡	2.09
陈词滥调	2.09
雄性	2.09
叙利亚	2.09
名副其实	2.09
打气	2.09
邂逅	2.09
字体	2.09
守夜	2.09
脊柱	2.09
扳	2.09
纳税	2.09
诱	2.09
阀	2.09
辍学	2.09
长辈	2.09
畅销书	2.09
显露	2.09
肯尼娅	2.09
戏法	2.09
甩开	2.09
改掉	2.09
存储	2.09
查尔斯顿	2.09
控制台	2.09
密友	2.09
羊肉	2.09
神情	2.09
兰西	2.09
僧侣	2.09
盛装	2.09
挂念	2.09
加利福尼亚州	2.09
在行	2.09
矿井	2.09
租赁	2.09
奖牌	2.09
竹子	2.09
宇宙飞船	2.09
警务	2.09
朗读	2.09
娇	2.09
秋千	2.09
发明家	2.09
撵	2.09
应聘	2.09
闪现	2.09
卡立多	2.09
玩具店	2.09
兰尼	2.09
一个个	2.09
詹姆	2.09
盖茨	2.09
业绩	2.09
转接	2.09
有种	2.09
乘车	2.09
占卜	2.09
诺贝尔奖	2.09
停机	2.09
尖兵	2.09
一干二净	2.09
剧作家	2.09
破例	2.09
超凡	2.09
满月	2.09
罗曼史	2.09
接见	2.09
破旧	2.09
胡安	2.09
水库	2.09
温顺	2.09
抗体	2.09
焰火	2.09
拉丁舞	2.09
生机	2.09
欠债	2.09
乔治亚	2.09
布莱思	2.09
谢恩	2.09
寻死	2.09
老练	2.09
新潮	2.09
篡	2.09
好评	2.06
廷	2.06
共和军	2.06
床头柜	2.06
锈	2.06
缓缓	2.06
物理学	2.06
蠢人	2.06
透视	2.06
临时工	2.06
撤消	2.06
复印机	2.06
发信	2.06
矿泉水	2.06
马克·安东尼	2.06
岌岌可危	2.06
拘束	2.06
绞	2.06
划痕	2.06
幕府	2.06
用语	2.06
史特卡	2.06
伯克	2.06
伎	2.06
眩	2.06
埃拉	2.06
犹豫不决	2.06
科拉	2.06
翁	2.06
库克	2.06
不理	2.06
戒律	2.06
恭候	2.06
洗碗机	2.06
伯内特	2.06
杀伤性	2.06
的卡	2.06
劣势	2.06
黛安娜	2.06
伊芙琳	2.06
疗养	2.06
密尔沃基	2.06
不经意	2.06
改过	2.06
星级	2.06
建设性	2.06
引渡	2.06
化为	2.06
风骚	2.06
前头	2.06
米斯	2.06
揣	2.06
瞥	2.06
葛蕾	2.06
正宗	2.06
雨伞	2.06
克朗	2.06
布丽奇特	2.06
警铃	2.06
和睦	2.06
摩利	2.06
闲话	2.06
烘干	2.06
和服	2.06
慕	2.06
缠绵	2.06
哈利波特	2.06
顶部	2.06
熔化	2.06
所得	2.06
火炉	2.06
史前	2.06
泰丝	2.06
考古学家	2.06
候选	2.06
绝路	2.06
计时器	2.06
连同	2.06
宗旨	2.06
河马	2.06
上游	2.06
不合时宜	2.06
原形	2.06
相隔	2.06
兰斯	2.06
局限	2.06
巡查	2.06
霍乱	2.06
救治	2.06
丑八怪	2.06
手无寸铁	2.06
卢旺达	2.06
大开眼界	2.06
西面	2.06
响应	2.06
基督教徒	2.06
小儿科	2.06
就业	2.06
敲打	2.06
叫作	2.06
传开	2.06
四季	2.06
比绍	2.06
玛蒂	2.06
复古	2.06
毁灭性	2.06
本部	2.06
水壶	2.06
前卫	2.06
酯	2.06
今生	2.06
淘	2.06
声波	2.06
话剧	2.06
拉面	2.06
相册	2.06
贯穿	2.06
外孙	2.03
后期	2.03
红宝石	2.03
军火商	2.03
以防	2.03
真爽	2.03
多利	2.03
窍门	2.03
安好	2.03
冰棒	2.03
票房	2.03
书写	2.03
粗野	2.03
指环	2.03
洞察力	2.03
轮班	2.03
论点	2.03
去处	2.03
发病	2.03
永世	2.03
时时刻刻	2.03
甘油	2.03
换成	2.03
晴朗	2.03
重塑	2.03
来头	2.03
公用电话	2.03
伊卡洛斯	2.03
生物学	2.03
宝物	2.03
唧唧	2.03
修饰	2.03
定金	2.03
惨重	2.03
动弹	2.03
烈士	2.03
邦妮	2.03
两下子	2.03
各国	2.03
麦芽	2.03
自尽	2.03
劝说	2.03
扰	2.03
输血	2.03
母子	2.03
组长	2.03
转学	2.03
阿提娅	2.03
副官	2.03
心电图	2.03
专程	2.03
口腔	2.03
冲破	2.03
一溜烟	2.03
波普	2.03
物件	2.03
长城	2.03
嗬	2.03
开朗	2.03
所属	2.03
密苏里	2.03
班德	2.03
读取	2.03
氮	2.03
贪	2.03
打喷嚏	2.03
予	2.03
布鲁	2.03
银器	2.03
球衣	2.03
文斯	2.03
拉长	2.03
攸	2.03
遵照	2.03
联络员	2.03
东南	2.03
反响	2.03
抱负	2.03
船坞	2.03
阿尔法	2.03
顾及	2.03
废品	2.03
撇开	2.03
隐居	2.03
域	2.03
容光焕发	2.03
试用	2.03
西门	2.03
凝固	2.03
伦理	2.03
奥兰多	2.03
蓄	2.03
芭比	2.03
润滑油	2.03
花店	2.03
装甲车	2.03
摊牌	2.03
一再	2.03
油脂	2.03
真相大白	2.03
高山	2.03
雷电	2.03
敲响	2.03
投身	2.03
土司	2.03
总会	2.03
干劲	2.03
停顿	2.03
应有尽有	2.03
电工	2.03
接收器	2.03
萨沙	2.03
几何	2.03
龊	2.03
遢	2.01
啬	2.01
不景气	2
桑德斯	2
麻疹	2
猜谜	2
茧	2
搬运	2
凯旋	2
若无其事	2
辞掉	2
流言蜚语	2
拖把	2
与世隔绝	2
进退两难	2
不列颠	2
玩忽职守	2
中意	2
天文馆	2
防晒霜	2
油田	2
任期	2
乔依	2
森严	2
撤诉	2
日益	2
循规蹈矩	2
斤	2
贪污	2
福气	2
莉斯	2
且慢	2
渗入	2
碧眼	2
触及	2
拍子	2
龙头	2
霉菌	2
于事无补	2
枫	2
劳力	2
前嫌	2
锁链	2
恩人	2
首选	2
引进	2
分支	2
打掩护	2
前锋	2
尾随	2
恶感	2
宽大	2
辣椒酱	2
芒果	2
叙	2
逃学	2
包皮	2
女工	2
世界杯	2
监控器	2
一动不动	2
世界级	2
头领	2
装潢	2
阿文	2
冲撞	2
痞子	2
缠绕	2
庄家	2
开炮	2
秀发	2
优胜者	2
恐吓信	2
毛皮	2
终日	2
直达	2
钠	2
绍尔	2
晕头转向	2
宏	2
装模作样	2
工头	2
索赔	2
便当	2
无须	2
球门	2
叁	2
实况	2
一次次	2
蒙面	2
准儿	2
停靠	2
滤	2
微波	2
调教	2
转折点	2
懒散	2
如愿以偿	2
开进	2
更正	2
船尾	2
开船	2
战地	2
伴儿	2
黛安	2
战火	2
挑战者	2
远道	2
远大	2
克劳莱	2
就读	2
雌	2
眼珠	2
褪色	2
替代品	2
针灸	2
秃子	2
赫敏	2
光环	2
菩	2
危地马拉	2
休止	2
传记	2
溶解	2
交货	2
霍奇斯	2
萎缩	2
伍德考克	2
少于	2
无谓	2
染上	2
老手	2
交还	2
奕	1.99
盈利	1.97
缓和	1.97
瘪	1.97
大作	1.97
普尔	1.97
请愿书	1.97
计数	1.97
豪斯	1.97
町	1.97
琉	1.97
开办	1.97
走道	1.97
打消	1.97
惊异	1.97
划算	1.97
佛祖	1.97
撤走	1.97
聘用	1.97
胯	1.97
连续剧	1.97
加斯	1.97
半决赛	1.97
对称	1.97
挤压	1.97
总经理	1.97
软禁	1.97
参谋长	1.97
博得	1.97
佩内洛普	1.97
俚语	1.97
地中海	1.97
预言家	1.97
减去	1.97
出气	1.97
从容	1.97
欧拉	1.97
贷	1.97
风采	1.97
贩	1.97
动向	1.97
安东尼奥	1.97
动心	1.97
供认	1.97
住宅区	1.97
辨识	1.97
手肘	1.97
微量	1.97
返航	1.97
悬案	1.97
忍无可忍	1.97
车灯	1.97
面容	1.97
电压	1.97
阿飞	1.97
变量	1.97
公诉	1.97
荳	1.97
神枪手	1.97
葡萄牙	1.97
归罪	1.97
大发雷霆	1.97
维吉尔	1.97
着眼	1.97
台前	1.97
伊戈尔	1.97
坊	1.97
玫瑰花	1.97
秃	1.97
球星	1.97
班车	1.97
财团	1.97
爵	1.97
斯坦·罗斯	1.97
新闻界	1.97
北极熊	1.97
眼力	1.97
视网膜	1.97
偶遇	1.97
月底	1.97
语法	1.97
叹气	1.97
艾丽卡	1.97
行人	1.97
撇下	1.97
家长会	1.97
滑行	1.97
公益	1.97
体格	1.97
子孙	1.97
悔过	1.97
晚期	1.97
隐形眼镜	1.97
老话	1.97
顺手	1.97
巴顿	1.97
暴雨	1.97
紧跟	1.97
膀胱	1.97
法郎	1.97
插管	1.97
抢劫犯	1.97
倒流	1.97
高效	1.97
聚焦	1.97
满分	1.97
乱成一团	1.97
馅	1.97
羁押	1.97
兵力	1.97
诚	1.97
土匪	1.97
甲子	1.97
力所能及	1.97
肛	1.97
措手不及	1.97
情报员	1.97
品脱	1.97
掂	1.97
修理工	1.97
泰坦尼克号	1.97
下结论	1.97
貂	1.97
扳倒	1.97
补助	1.94
信号灯	1.94
情趣	1.94
劣质	1.94
深信不疑	1.94
可见	1.94
优越	1.94
不说	1.94
一氧化碳	1.94
晴	1.94
佩特	1.94
奥布里	1.94
党派	1.94
酷刑	1.94
小道	1.94
播音员	1.94
香槟酒	1.94
再三	1.94
复出	1.94
曲解	1.94
分道扬镳	1.94
沼泽地	1.94
韩元	1.94
予以	1.94
缉	1.94
交朋友	1.94
减压	1.94
娜迪亚	1.94
零蛋	1.94
配给	1.94
三角洲	1.94
玻璃杯	1.94
慢走	1.94
淫秽	1.94
铁锤	1.94
文盲	1.94
扬声器	1.94
低谷	1.94
改观	1.94
政	1.94
输液	1.94
会诊	1.94
偷运	1.94
空间站	1.94
哀伤	1.94
肉酱	1.94
伊尔	1.94
正门	1.94
独裁	1.94
手气	1.94
芽	1.94
沉着	1.94
车臣	1.94
缪	1.94
遗迹	1.94
朔	1.94
奄奄一息	1.94
扑克牌	1.94
恶性	1.94
偌	1.94
混入	1.94
拜伦	1.94
塔利班	1.94
独白	1.94
奥莉维亚	1.94
布鲁姆	1.94
货船	1.94
血脉	1.94
退款	1.94
家政	1.94
面目	1.94
脚踏车	1.94
审核	1.94
归档	1.94
即可	1.94
造物	1.94
机油	1.94
快车	1.94
烛光	1.94
绘制	1.94
自个儿	1.94
停停	1.94
惋惜	1.94
下辈子	1.94
失职	1.94
等离子	1.94
冲击波	1.94
清点	1.94
法兰西	1.94
多米诺	1.94
漱口	1.94
北约	1.94
阁	1.94
海面	1.94
木桩	1.94
开采	1.94
大本营	1.94
波斯尼亚	1.94
机能	1.94
共犯	1.94
起因	1.94
交集	1.94
结冰	1.94
孔雀	1.94
疟疾	1.94
幕僚	1.94
贞洁	1.94
暧昧	1.94
皇上	1.94
电灯泡	1.94
诸如	1.94
水门	1.94
泉水	1.94
就坐	1.94
浇水	1.94
乡间	1.94
止步	1.94
桑尼	1.94
马驹	1.94
民宅	1.94
沙尔	1.94
休学	1.94
罗宾逊	1.94
脑门	1.94
王室	1.94
罗素	1.94
干净利落	1.94
求饶	1.94
炳武	1.94
翻开	1.94
过关	1.94
剽	1.94
跋	1.94
诋	1.92
大于	1.91
待续	1.91
潦倒	1.91
嚯	1.91
保单	1.91
普特	1.91
婚后	1.91
堪萨斯州	1.91
划伤	1.91
走神	1.91
美发	1.91
下垂	1.91
中期	1.91
佩吉	1.91
朱迪	1.91
酱油	1.91
脱脂	1.91
先锋	1.91
诺曼	1.91
胸骨	1.91
中饭	1.91
扭断	1.91
扭动	1.91
妍	1.91
礼拜天	1.91
魔杖	1.91
孤僻	1.91
诺克斯	1.91
引入	1.91
摩萨德	1.91
渣滓	1.91
打分	1.91
里程	1.91
装蒜	1.91
肚脐	1.91
拍手	1.91
刻苦	1.91
勇往直前	1.91
敬仰	1.91
严酷	1.91
食欲	1.91
米洛	1.91
锁骨	1.91
孵化	1.91
汉考克	1.91
钻进	1.91
刀刃	1.91
风向	1.91
闭路电视	1.91
包庇	1.91
场子	1.91
臣服	1.91
脊髓	1.91
处理器	1.91
样式	1.91
药水	1.91
癌细胞	1.91
置身事外	1.91
奥利	1.91
文雅	1.91
机关枪	1.91
潜水艇	1.91
平壤	1.91
天体	1.91
煤矿	1.91
华伦	1.91
机组	1.91
恐怖片	1.91
伤者	1.91
世俗	1.91
刀伤	1.91
深切	1.91
有朝一日	1.91
海港	1.91
拉美	1.91
便秘	1.91
台湾	1.91
台灯	1.91
基丰	1.91
特许	1.91
鲜明	1.91
报警器	1.91
上涨	1.91
形影不离	1.91
夹心	1.91
迪恩	1.91
诫	1.91
开路	1.91
按部就班	1.91
口技	1.91
体液	1.91
精光	1.91
自大狂	1.91
躬	1.91
花纹	1.91
无价	1.91
验血	1.91
颜面	1.91
飞行器	1.91
不切实际	1.91
墨尔本	1.91
赃物	1.91
支离破碎	1.91
可信度	1.91
兄长	1.91
凶狠	1.91
生平	1.91
水分	1.91
讬	1.91
法利	1.91
杂物	1.91
欣喜若狂	1.91
苏茜	1.91
杏	1.91
精采	1.91
条理	1.91
帝王	1.91
灰心	1.91
人品	1.91
利于	1.91
装腔作势	1.91
手电	1.91
声响	1.91
一道	1.91
瑚	1.9
为时已晚	1.88
大个	1.88
差遣	1.88
空房	1.88
辞去	1.88
配角	1.88
直径	1.88
笑料	1.88
十一月	1.88
不菲	1.88
呼呼	1.88
地域	1.88
流亡	1.88
痛不欲生	1.88
囚室	1.88
见面会	1.88
滋润	1.88
正前方	1.88
德里	1.88
唐纳德	1.88
加固	1.88
畏	1.88
甘休	1.88
维系	1.88
加思	1.88
赌钱	1.88
下身	1.88
三角形	1.88
迫	1.88
心甘情愿	1.88
神庙	1.88
稍息	1.88
编写	1.88
弗雷迪	1.88
多重	1.88
炼	1.88
二等	1.88
圣坛	1.88
百货	1.88
饭馆	1.88
唾沫	1.88
不可开交	1.88
累赘	1.88
既然如此	1.88
卖掉	1.88
血糖	1.88
克罗地亚	1.88
山坡	1.88
康纳	1.88
短发	1.88
振奋人心	1.88
分组	1.88
知己	1.88
手印	1.88
断电	1.88
字迹	1.88
寒	1.88
包抄	1.88
手边	1.88
姊	1.88
附带	1.88
红心	1.88
语调	1.88
打鼾	1.88
木兰	1.88
双关语	1.88
纳尔逊	1.88
大庭广众	1.88
简洁	1.88
公开赛	1.88
纽带	1.88
高年级	1.88
骨气	1.88
免除	1.88
快餐店	1.88
选定	1.88
蛤	1.88
互助	1.88
全班	1.88
合群	1.88
卡特里娜	1.88
跑题	1.88
吝啬	1.88
方块	1.88
必将	1.88
马其顿	1.88
课本	1.88
萨瓦洛夫	1.88
银圣	1.88
末端	1.88
咚	1.88
反向	1.88
叽	1.88
带劲	1.88
小心谨慎	1.88
伯克利	1.88
贾马尔	1.88
冲走	1.88
当铺	1.88
昌	1.88
俄亥俄	1.88
板凳	1.88
漠不关心	1.88
睡袋	1.88
有如	1.88
异国	1.88
随从	1.88
黄泉	1.88
晚班	1.88
珍妮斯	1.88
由衷	1.88
构想	1.88
虾米	1.88
入住	1.88
作文	1.88
花哨	1.88
谬	1.88
投向	1.88
莫大	1.88
悠久	1.88
布拉德利	1.88
昔日	1.88
狭	1.88
成效	1.88
奋战	1.88
务	1.88
跛	1.88
狭窄	1.88
转世	1.88
远古	1.88
得当	1.88
埃伯特	1.88
送入	1.88
性能	1.88
漂移	1.88
还给	1.88
窥探	1.88
新款	1.88
撅	1.85
碉堡	1.85
百灵	1.85
喻	1.85
凳	1.85
南加州	1.85
喷气机	1.85
外交官	1.85
菠菜	1.85
自生自灭	1.85
诊	1.85
应征	1.85
要素	1.85
吸毒者	1.85
退伍军人	1.85
一帆风顺	1.85
点滴	1.85
诺贝尔	1.85
走遍	1.85
谋划	1.85
尘埃	1.85
重担	1.85
十一点	1.85
溜达	1.85
蜻蜓	1.85
安逸	1.85
对岸	1.85
变更	1.85
打盹	1.85
达尔文	1.85
拍打	1.85
宏伟	1.85
漩涡	1.85
粉笔	1.85
财政部	1.85
无忧无虑	1.85
打瞌睡	1.85
杆子	1.85
耳语	1.85
霸占	1.85
蟋蟀	1.85
黎	1.85
短缺	1.85
坂	1.85
军事法庭	1.85
媚	1.85
鞋跟	1.85
氰化	1.85
苏菲亚	1.85
独占	1.85
两千万	1.85
奔波	1.85
邻家	1.85
敞	1.85
玄	1.85
肉汁	1.85
经手	1.85
午后	1.85
电椅	1.85
惠勒	1.85
墨菲	1.85
瞎话	1.85
脐带	1.85
曲奇	1.85
阿瑟	1.85
录用	1.85
羚羊	1.85
勇于	1.85
辱	1.85
横穿	1.85
乘务员	1.85
长夜	1.85
上风	1.85
互不	1.85
切入	1.85
绝境	1.85
甲虫	1.85
主页	1.85
娟	1.85
到家	1.85
拼搏	1.85
向来	1.85
航空局	1.85
躁	1.85
残害	1.85
哭喊	1.85
清爽	1.85
特务	1.85
读物	1.85
曙光	1.85
掳	1.85
细小	1.85
纯正	1.85
管区	1.85
燕尾服	1.85
杜鲁门	1.85
威尔士	1.85
快捷	1.85
臣	1.85
雀	1.85
卡路里	1.85
嚣张	1.85
没辙	1.85
姐夫	1.85
庄重	1.85
原状	1.85
孕育	1.85
结巴	1.85
卡米拉	1.85
界线	1.85
取而代之	1.85
无奈	1.85
屏	1.85
随之	1.85
贝斯	1.85
新药	1.85
适可而止	1.85
一个样	1.85
灼伤	1.85
马尾	1.85
井井有条	1.85
石棉	1.85
翻滚	1.85
哈德	1.85
神龙	1.85
高等	1.85
分析员	1.85
歌剧院	1.85
翻转	1.85
必需品	1.85
高高	1.85
超重	1.85
尽心尽力	1.85
民权	1.85
颇为	1.85
乐手	1.85
亲兄弟	1.85
成家	1.85
求之不得	1.85
家事	1.85
单亲	1.85
呯	1.85
排气	1.85
旭	1.85
奎尔	1.85
咖	1.85
庇	1.85
活塞	1.85
纳塔丽	1.85
佼	1.84
错话	1.82
缅甸	1.82
详	1.82
保暖	1.82
号角	1.82
身着	1.82
孤零零	1.82
情谊	1.82
尤里	1.82
不足以	1.82
不觉	1.82
不复存在	1.82
地主	1.82
艾波尔	1.82
乍	1.82
茫茫	1.82
中村	1.82
寓所	1.82
射手	1.82
蔓	1.82
地表	1.82
私情	1.82
自始至终	1.82
赫特	1.82
四百	1.82
酩	1.82
紧接着	1.82
忽	1.82
淳	1.82
车胎	1.82
维罗尼卡	1.82
白领	1.82
穿衣	1.82
韵事	1.82
鼠疫	1.82
小号	1.82
配料	1.82
路瑟	1.82
缘由	1.82
二流	1.82
减刑	1.82
烤炉	1.82
母鸡	1.82
称得上	1.82
低能	1.82
卖家	1.82
山地	1.82
白雪公主	1.82
恍惚	1.82
惨遭	1.82
守法	1.82
猥琐	1.82
宽松	1.82
风范	1.82
长生不老	1.82
黑发	1.82
莲花	1.82
崔克	1.82
斯维加斯	1.82
沉沦	1.82
茄	1.82
动不动	1.82
右翼	1.82
届时	1.82
心软	1.82
落花	1.82
七十	1.82
绣	1.82
赛前	1.82
一成不变	1.82
输送	1.82
第十二	1.82
家当	1.82
溃疡	1.82
据点	1.82
收尾	1.82
伐木	1.82
结账	1.82
核能	1.82
燕	1.82
懒鬼	1.82
细致	1.82
乳腺癌	1.82
事项	1.82
照明	1.82
烧坏	1.82
淋病	1.82
特价	1.82
丝带	1.82
烟头	1.82
克里夫	1.82
田野	1.82
陈旧	1.82
嗅到	1.82
班尼特	1.82
逐	1.82
开发商	1.82
暗礁	1.82
慰藉	1.82
伍兹	1.82
免税	1.82
木棍	1.82
摧残	1.82
天马	1.82
沃伦	1.82
神经科	1.82
阀门	1.82
刺绣	1.82
克莱默	1.82
除此以外	1.82
睡袍	1.82
智者	1.82
无味	1.82
花粉	1.82
响声	1.82
参演	1.82
托尼·阿尔梅达	1.82
求爱	1.82
驱动	1.82
藤田	1.82
接口	1.82
传呼	1.82
猎狗	1.82
讲解	1.82
阴郁	1.82
投标	1.82
婴儿车	1.82
白葡萄酒	1.82
沙袋	1.82
甜食	1.82
痛打	1.82
法典	1.82
秃鹰	1.82
涂料	1.82
接种	1.82
甲烷	1.82
成见	1.82
布莱迪	1.82
床位	1.82
杖	1.82
瓦希里	1.82
生成	1.82
箭头	1.82
干干净净	1.82
富豪	1.82
检举	1.82
拒之门外	1.82
怜	1.82
饥荒	1.82
排演	1.82
扶手	1.82
簸	1.81
好色	1.79
合不来	1.79
缅怀	1.79
履历	1.79
辞呈	1.79
空旷	1.79
灭火器	1.79
谦卑	1.79
大案	1.79
舞蹈家	1.79
波多黎各人	1.79
地心	1.79
轮回	1.79
天鹅绒	1.79
洛伦佐	1.79
蛆	1.79
中用	1.79
奥斯丁	1.79
列队	1.79
下落不明	1.79
牢骚	1.79
露娜	1.79
佩蒂	1.79
著称	1.79
煮饭	1.79
若福	1.79
大话	1.79
小倩	1.79
外语	1.79
浪漫史	1.79
因特网	1.79
供货	1.79
重型	1.79
下不为例	1.79
新加坡	1.79
不由自主	1.79
桑加拉	1.79
打字机	1.79
出风头	1.79
缘分	1.79
因而	1.79
拐弯抹角	1.79
不可告人	1.79
转运	1.79
栗子	1.79
运算	1.79
总数	1.79
草稿	1.79
戴米恩	1.79
动员	1.79
枷锁	1.79
太空人	1.79
咏港	1.79
窟	1.79
缩减	1.79
数十	1.79
长颈鹿	1.79
啊呀	1.79
矩	1.79
自救	1.79
胆固醇	1.79
严刑	1.79
佩德罗	1.79
狮子狗	1.79
伪善	1.79
午休	1.79
低潮	1.79
卡罗尔	1.79
沙特鲁	1.79
路子	1.79
明摆着	1.79
槌	1.79
烫伤	1.79
助教	1.79
长子	1.79
奥普拉	1.79
薛	1.79
乌贼	1.79
只管	1.79
海瑟	1.79
果园	1.79
墓穴	1.79
晤	1.79
驼背	1.79
必备	1.79
全民	1.79
逾越	1.79
失恋	1.79
失态	1.79
凝聚	1.79
皮毛	1.79
混合物	1.79
四百万	1.79
松绑	1.79
乞讨	1.79
攀登	1.79
闺	1.79
造访	1.79
在线	1.79
警笛	1.79
岳母	1.79
连任	1.79
亚美尼亚	1.79
渥	1.79
黛比	1.79
检查站	1.79
塑像	1.79
史册	1.79
来龙去脉	1.79
荒诞	1.79
乳糖	1.79
熟睡	1.79
寿命	1.79
装做	1.79
哈里路亚	1.79
入土	1.79
热浪	1.79
参数	1.79
滑翔	1.79
芭拉	1.79
麦克尔	1.79
乾	1.79
全队	1.79
入会	1.79
相近	1.79
马弟	1.79
本州	1.79
疯癫	1.79
颂歌	1.79
傢	1.79
代数	1.79
特罗伊	1.79
纳闷	1.79
盘算	1.79
水坝	1.79
主治医生	1.79
脱逃	1.79
昏迷不醒	1.79
耐力	1.79
主力	1.79
疯话	1.79
爱滋病	1.79
不成	1.79
选区	1.79
排箫	1.79
怂恿	1.79
涉足	1.79
假话	1.79
安格斯	1.79
还手	1.79
声名	1.79
汹	1.79
婷	1.77
追问	1.76
次序	1.76
情调	1.76
礼拜六	1.76
不折不扣	1.76
重头	1.76
娇小	1.76
地名	1.76
溢	1.76
流失	1.76
殉职	1.76
期刊	1.76
执意	1.76
整修	1.76
追悼会	1.76
念念不忘	1.76
大团圆	1.76
合法化	1.76
流通	1.76
萨尔瓦多人	1.76
礼拜五	1.76
科林	1.76
邓布利多	1.76
技术员	1.76
重病	1.76
木星	1.76
辞退	1.76
麻雀	1.76
身躯	1.76
不屑	1.76
空运	1.76
魔头	1.76
死板	1.76
各式各样	1.76
自然界	1.76
呼吸器	1.76
游览	1.76
打翻	1.76
山区	1.76
弹夹	1.76
节制	1.76
咩	1.76
前夕	1.76
说客	1.76
昨日	1.76
落空	1.76
尖端	1.76
鞋匠	1.76
雪糕	1.76
恶鬼	1.76
音节	1.76
关键词	1.76
无神论	1.76
库存	1.76
特里萨	1.76
生殖	1.76
硬件	1.76
摄入	1.76
口头禅	1.76
央	1.76
旁听	1.76
不动产	1.76
涉	1.76
彪	1.76
批判	1.76
孪生	1.76
急躁	1.76
阻断	1.76
思索	1.76
禁锢	1.76
明朗	1.76
莱达	1.76
共谋	1.76
总归	1.76
自由自在	1.76
衣帽间	1.76
隔音	1.76
长处	1.76
华府	1.76
上集	1.76
海珠	1.76
上苍	1.76
提神	1.76
藩	1.76
明尼苏达	1.76
萨曼塔	1.76
辞职信	1.76
拘禁	1.76
奥黛丽	1.76
斯安	1.76
索尼	1.76
北斗	1.76
上手	1.76
蛙	1.76
憧憬	1.76
柏格	1.76
体积	1.76
已然	1.76
符	1.76
文艺复兴	1.76
密苏里州	1.76
转手	1.76
母体	1.76
相通	1.76
征召	1.76
一发	1.76
眼界	1.76
赵	1.76
奥利维亚	1.76
本国	1.76
比作	1.76
生路	1.76
科罗拉多州	1.76
卵巢	1.76
复兴	1.76
瑞丽	1.76
觊觎	1.76
代谢	1.76
沙特	1.76
悠闲	1.76
溜冰场	1.76
接线	1.76
格调	1.76
奥斯卡奖	1.76
武林	1.76
爱斯基摩	1.76
截肢	1.76
汽车站	1.76
克劳德	1.76
疼爱	1.76
羹	1.76
炭	1.76
夕阳	1.76
冠军赛	1.76
迫不得已	1.76
声名狼藉	1.76
阵线	1.76
赔偿金	1.76
防空	1.76
新意	1.76
斯德哥尔摩	1.76
兢	1.75
鼹	1.75
蟆	1.75
绕过	1.73
化学品	1.73
剧团	1.73
趣事	1.73
安插	1.73
死路	1.73
祝酒词	1.73
灌肠	1.73
引见	1.73
斯考特	1.73
石块	1.73
走红	1.73
离子	1.73
捕猎	1.73
缺口	1.73
要说	1.73
易如反掌	1.73
褪	1.73
境	1.73
估	1.73
谈及	1.73
莽撞	1.73
下决心	1.73
拉肚子	1.73
赴汤蹈火	1.73
短短的	1.73
屈膝	1.73
椎骨	1.73
爱迪生	1.73
枪决	1.73
配件	1.73
娱乐性	1.73
妊娠	1.73
沙特阿拉伯	1.73
坦然	1.73
谦逊	1.73
错怪	1.73
麻药	1.73
甲状腺	1.73
吊带	1.73
史考特	1.73
云层	1.73
挽	1.73
韦斯特	1.73
回声	1.73
山丘	1.73
脚底	1.73
麦凯恩	1.73
幼童	1.73
显出	1.73
德怀特	1.73
翔	1.73
雪球	1.73
打印机	1.73
原版	1.73
愚昧	1.73
诉说	1.73
馆长	1.73
杰克斯	1.73
家用	1.73
兴起	1.73
十字军	1.73
攻势	1.73
简易	1.73
一言不发	1.73
鱼类	1.73
才干	1.73
菜谱	1.73
开开	1.73
路德	1.73
狗熊	1.73
船舱	1.73
艾克	1.73
菊花	1.73
刺耳	1.73
乌干达	1.73
班尼	1.73
疾	1.73
天意	1.73
毫	1.73
懒虫	1.73
真实性	1.73
蝇	1.73
录音室	1.73
愤	1.73
现成	1.73
证言	1.73
发炎	1.73
随口	1.73
盥洗室	1.73
海尔	1.73
银币	1.73
垃圾车	1.73
抽象	1.73
波利	1.73
儿戏	1.73
屏障	1.73
新式	1.73
浅薄	1.73
低能儿	1.73
拉塞尔	1.73
信得过	1.73
战壕	1.73
严重性	1.73
适	1.73
原件	1.73
冒牌	1.73
终点站	1.73
从那之后	1.73
何种	1.73
遗	1.73
帕柯曼	1.73
参事	1.73
迪亚哥	1.73
面熟	1.73
打车	1.73
润滑剂	1.73
随随便便	1.73
随手	1.73
预演	1.73
回首	1.73
成堆	1.73
埃德	1.73
落水狗	1.73
乐谱	1.73
百叶窗	1.73
监察	1.73
核子	1.73
单枪匹马	1.73
一触即发	1.73
散心	1.73
嫂子	1.73
慌乱	1.73
率领	1.73
怀恨	1.73
水域	1.73
抠	1.73
沙林	1.73
岸上	1.73
克莱门汀	1.73
便宜货	1.73
偏远	1.73
教友	1.73
泄	1.73
展望	1.73
改名	1.73
无非	1.73
罗曼	1.73
假货	1.73
剖腹产	1.73
声带	1.73
景观	1.73
声张	1.73
惬	1.73
刽	1.73
扪	1.71
票子	1.7
书架	1.7
大坝	1.7
防空洞	1.7
零下	1.7
身家	1.7
进球	1.7
嬉戏	1.7
性情	1.7
发廊	1.7
迁徙	1.7
唱机	1.7
惊动	1.7
腹肌	1.7
不速之客	1.7
先驱	1.7
油轮	1.7
甘愿	1.7
脱臼	1.7
维姬	1.7
帮倒忙	1.7
茫然	1.7
辫	1.7
违章	1.7
论者	1.7
歼灭	1.7
猜中	1.7
可用	1.7
气囊	1.7
摁	1.7
可敬	1.7
汤普森	1.7
重创	1.7
不宜	1.7
穷困	1.7
摘除	1.7
减缓	1.7
挤满	1.7
康涅狄格州	1.7
登月舱	1.7
讲台	1.7
崇尚	1.7
抒情	1.7
广岛	1.7
浓密	1.7
打滚	1.7
交谊舞	1.7
资历	1.7
鳍	1.7
娘家	1.7
双层	1.7
压缩	1.7
麦基	1.7
记录片	1.7
吱吱	1.7
五金店	1.7
哭声	1.7
全国性	1.7
幼虫	1.7
嚎	1.7
叫法	1.7
逐步	1.7
突破口	1.7
转台	1.7
埃莉诺	1.7
记者会	1.7
嘉奖	1.7
西藏	1.7
开刀	1.7
飚	1.7
滔滔不绝	1.7
曲折	1.7
取款	1.7
长寿	1.7
滚动	1.7
迟疑	1.7
火海	1.7
苍	1.7
剑术	1.7
清查	1.7
桌面	1.7
田里	1.7
海德	1.7
兜售	1.7
玛格丽塔	1.7
卷土重来	1.7
轧	1.7
特快	1.7
教科书	1.7
在心	1.7
委屈	1.7
马科斯	1.7
萧	1.7
家常便饭	1.7
吉冈	1.7
纯度	1.7
骨肉	1.7
买通	1.7
船头	1.7
主厨	1.7
半空	1.7
烟消云散	1.7
国界	1.7
峰会	1.7
善心	1.7
有心	1.7
极致	1.7
西岸	1.7
宝座	1.7
一二	1.7
暴政	1.7
试卷	1.7
乐茜	1.7
岭	1.7
塞西	1.7
魄	1.7
塞车	1.7
传教	1.7
也罢	1.7
翻新	1.7
交手	1.7
僵局	1.7
病痛	1.7
理财	1.7
弗林	1.7
马达	1.7
水箱	1.7
水痘	1.7
痛哭	1.7
签收	1.7
生命力	1.7
排泄物	1.7
声乐	1.7
田纳西州	1.7
出其不意	1.7
沌	1.69
运动服	1.67
指尖	1.67
二者	1.67
稻草人	1.67
棋盘	1.67
披肩	1.67
包装纸	1.67
凌驾	1.67
新闻记者	1.67
中伤	1.67
甘心	1.67
冬眠	1.67
蒙大拿	1.67
着实	1.67
噻	1.67
毛头	1.67
下回	1.67
有生之年	1.67
中枢	1.67
领到	1.67
伸直	1.67
发霉	1.67
信不过	1.67
布里克	1.67
村落	1.67
多才多艺	1.67
燃油	1.67
内侧	1.67
噱头	1.67
卡德	1.67
波莉	1.67
胚胎	1.67
凯茜	1.67
主谋	1.67
路途	1.67
华莱士	1.67
脱口而出	1.67
大豆	1.67
我非	1.67
可比	1.67
乔安妮	1.67
职守	1.67
进餐	1.67
掉落	1.67
机舱	1.67
小毛	1.67
奥德莉·瑞恩斯	1.67
库房	1.67
为主	1.67
抓获	1.67
受骗	1.67
弗莱迪	1.67
艾菲	1.67
感染力	1.67
俄勒冈	1.67
伊利	1.67
浴巾	1.67
食指	1.67
晃荡	1.67
收割	1.67
雨季	1.67
安德斯	1.67
缕	1.67
耐性	1.67
柯克	1.67
雪人	1.67
落脚	1.67
革	1.67
显赫	1.67
专横	1.67
近路	1.67
告示	1.67
前列腺	1.67
雄风	1.67
保时捷	1.67
丑事	1.67
赛特	1.67
绝大部分	1.67
梳理	1.67
深沉	1.67
肝炎	1.67
典当	1.67
希尼	1.67
来复枪	1.67
圈圈	1.67
农村	1.67
协同	1.67
缝纫	1.67
宫廷	1.67
布奇	1.67
巩固	1.67
蛇头	1.67
皮衣	1.67
失足	1.67
反胃	1.67
宝拉	1.67
奥提斯	1.67
逆境	1.67
颓废	1.67
领事	1.67
烧酒	1.67
北欧	1.67
索取	1.67
狄龙	1.67
示意	1.67
失利	1.67
管线	1.67
喷漆	1.67
君特	1.67
结扎	1.67
寿星	1.67
起子	1.67
顾忌	1.67
打转	1.67
承	1.67
寄生	1.67
试想	1.67
觉醒	1.67
阶梯	1.67
排水	1.67
孛	1.67
繁衍	1.67
孤注一掷	1.67
沃尔玛	1.67
精湛	1.67
一败涂地	1.67
韩星	1.67
淘汰赛	1.67
胰腺	1.67
早间	1.67
利物浦	1.67
破绽	1.67
成群	1.67
孰	1.67
光阴	1.67
咒骂	1.67
屠宰场	1.67
病倒	1.67
人影	1.67
生灵	1.67
饭后	1.67
日托	1.67
硫酸	1.67
相撞	1.67
远征	1.67
押金	1.64
布达佩斯	1.64
充电器	1.64
大喜	1.64
咽下	1.64
幻像	1.64
蠢材	1.64
斩首	1.64
复查	1.64
百年	1.64
迈尔	1.64
运动会	1.64
希尔维亚	1.64
褶皱	1.64
优良	1.64
说三道四	1.64
金丝雀	1.64
供水	1.64
坎贝尔	1.64
发声	1.64
克莱拉	1.64
翱翔	1.64
下一场	1.64
方言	1.64
朝向	1.64
想像力	1.64
渔船	1.64
耗费	1.64
卡罗	1.64
要价	1.64
蛤蜊	1.64
可知	1.64
叭	1.64
保加利亚	1.64
优等生	1.64
重振	1.64
吊桥	1.64
不复	1.64
大部	1.64
重任	1.64
朴敬元	1.64
小贩	1.64
输出	1.64
柔弱	1.64
喷气	1.64
大风	1.64
盛会	1.64
回旋	1.64
剪贴	1.64
聪慧	1.64
山下	1.64
监牢	1.64
翅	1.64
肩负	1.64
天翻地覆	1.64
雨衣	1.64
苦衷	1.64
笔直	1.64
创造者	1.64
晃动	1.64
放风	1.64
惨叫	1.64
败坏	1.64
自焚	1.64
独奏	1.64
形容词	1.64
请帖	1.64
首发	1.64
惨不忍睹	1.64
左翼	1.64
水族馆	1.64
控制器	1.64
严禁	1.64
布朗克斯	1.64
控制力	1.64
冲锋枪	1.64
受理	1.64
适宜	1.64
皆大欢喜	1.64
紧跟着	1.64
蜘蛛网	1.64
赛斯	1.64
二十五	1.64
起跳	1.64
水火	1.64
克莱恩	1.64
口臭	1.64
口角	1.64
水球	1.64
立陶宛	1.64
开曼群岛	1.64
授	1.64
音乐节	1.64
荒废	1.64
红外	1.64
令人信服	1.64
架势	1.64
绝症	1.64
写道	1.64
阴沉	1.64
全息	1.64
脓	1.64
英式	1.64
银幕	1.64
佛蒙特州	1.64
保险杠	1.64
造物主	1.64
泛滥	1.64
蒙茨	1.64
嘞	1.64
君王	1.64
阐述	1.64
旅行社	1.64
开设	1.64
公元	1.64
眼圈	1.64
乱叫	1.64
战时	1.64
废人	1.64
卷轴	1.64
兰利	1.64
养父母	1.64
共和	1.64
稳固	1.64
顺畅	1.64
邮寄	1.64
培育	1.64
杀手锏	1.64
长篇大论	1.64
停滞	1.64
假想	1.64
律师费	1.64
过问	1.64
罗莎	1.64
马琳达	1.64
喘息	1.64
马里兰	1.64
表皮	1.64
娼妓	1.64
农场主	1.64
除夕	1.64
珊瑚	1.64
整合	1.64
锣	1.64
玛格	1.64
好意思	1.64
唐尼	1.64
整套	1.64
扩音器	1.64
嘲讽	1.64
美洲狮	1.64
驼	1.64
鞭打	1.64
瑞恩斯	1.64
表露	1.64
奥布赖恩	1.64
搅乱	1.64
剌	1.64
排球	1.64
光光	1.64
单一	1.64
送礼	1.64
运球	1.64
嘭	1.64
爆炸性	1.64
洛林	1.64
拱	1.64
屋内	1.64
申明	1.64
崛	1.64
势利	1.61
冰岛	1.61
逗乐	1.61
帕特	1.61
同心协力	1.61
幻灯片	1.61
套路	1.61
前不久	1.61
十九	1.61
麻利	1.61
权衡	1.61
蛛	1.61
零售	1.61
惑	1.61
崖	1.61
历经	1.61
羽	1.61
门户	1.61
佛利	1.61
划分	1.61
老爷子	1.61
地基	1.61
卡蒂	1.61
邓肯	1.61
一劳永逸	1.61
饺子	1.61
受精	1.61
斯蒂芬尼	1.61
靠不住	1.61
密集	1.61
显示器	1.61
若干	1.61
击退	1.61
辣酱	1.61
知足	1.61
门路	1.61
稀奇	1.61
丹尼尔斯	1.61
炎热	1.61
冰镇	1.61
套套	1.61
表彰	1.61
错失	1.61
铁石心肠	1.61
好斗	1.61
顽皮	1.61
马戏	1.61
密歇根州	1.61
买不起	1.61
潘多拉	1.61
变数	1.61
头子	1.61
掀	1.61
多伦多	1.61
星空	1.61
首映式	1.61
机灵鬼	1.61
怡	1.61
抵消	1.61
德瑞克	1.61
福克	1.61
特异功能	1.61
严谨	1.61
惨败	1.61
祭坛	1.61
焦急	1.61
左脚	1.61
氟	1.61
善解人意	1.61
为伍	1.61
样板	1.61
正午	1.61
凿	1.61
掩藏	1.61
自燃	1.61
得寸进尺	1.61
崔德威	1.61
定时	1.61
橄榄油	1.61
打量	1.61
脱胎换骨	1.61
退步	1.61
家居	1.61
杰瑞德	1.61
定时炸弹	1.61
总指挥	1.61
奥秘	1.61
飞舞	1.61
爬行	1.61
砸烂	1.61
吃素	1.61
体能	1.61
荧光	1.61
黛西	1.61
取样	1.61
感触	1.61
朵丽斯	1.61
兵营	1.61
割草机	1.61
谷底	1.61
拉拢	1.61
咔嚓	1.61
回忆录	1.61
清水	1.61
海峡	1.61
保险丝	1.61
死里逃生	1.61
巨头	1.61
承宪	1.61
鲜活	1.61
墙纸	1.61
课外	1.61
郁金香	1.61
路面	1.61
议	1.61
隔绝	1.61
应酬	1.61
明说	1.61
坎坷	1.61
假名	1.61
牧	1.61
异想天开	1.61
东山再起	1.61
响亮	1.61
悄悄话	1.61
转折	1.61
磨坊	1.61
刹	1.61
绞刑	1.61
牵制	1.61
学分	1.61
高原	1.61
交互	1.61
阿米尔	1.61
雌性	1.61
增多	1.61
干草	1.61
牧羊犬	1.61
年青人	1.61
桥下	1.61
载入	1.61
翻翻	1.61
菲尔德	1.61
插座	1.61
李子	1.61
祐	1.61
怪癖	1.61
胶囊	1.61
明尼苏达州	1.61
嫁人	1.61
螺丝刀	1.61
毛毛虫	1.61
老化	1.61
预产期	1.61
罗夏	1.61
唠	1.61
罗兰	1.61
盖斯	1.61
搜身	1.61
衣架	1.61
掩	1.61
漂白	1.61
蹂	1.6
躏	1.6
假惺惺	1.58
乒乓	1.58
猛兽	1.58
捱	1.58
囊肿	1.58
剧目	1.58
对质	1.58
内应	1.58
断头台	1.58
当务之急	1.58
永明	1.58
发夹	1.58
柯尔特	1.58
夷为平地	1.58
爱丁堡	1.58
期中	1.58
领取	1.58
去留	1.58
增添	1.58
不必要	1.58
越发	1.58
消亡	1.58
卡利	1.58
宿主	1.58
对立	1.58
妒嫉	1.58
狒狒	1.58
大队	1.58
阿历克斯	1.58
职工	1.58
大出血	1.58
赏识	1.58
弹弓	1.58
姑	1.58
德克斯特	1.58
闲人	1.58
回击	1.58
果真	1.58
廊	1.58
弹劾	1.58
打捞	1.58
客机	1.58
翡翠	1.58
帧	1.58
敬业	1.58
风速	1.58
炸鱼	1.58
老古董	1.58
达琳	1.58
习以为常	1.58
义卖	1.58
钻戒	1.58
分校	1.58
祖伊	1.58
黑豹	1.58
愚人	1.58
扣除	1.58
自拔	1.58
推土机	1.58
风俗	1.58
兰斯洛特	1.58
手语	1.58
肉眼	1.58
一天天	1.58
附属	1.58
自卑	1.58
过意不去	1.58
修整	1.58
宫女	1.58
电汇	1.58
耳闻	1.58
批评家	1.58
毅力	1.58
手袋	1.58
升迁	1.58
平平	1.58
衣领	1.58
取乐	1.58
碾碎	1.58
波希米亚	1.58
决胜	1.58
难民营	1.58
荒地	1.58
冲天	1.58
阿尔菲	1.58
横扫	1.58
瓦妮莎	1.58
特效	1.58
呆板	1.58
拉扯	1.58
吮	1.58
火种	1.58
清子	1.58
迈进	1.58
皮特·佩特利	1.58
提包	1.58
庆贺	1.58
京都	1.58
史诗	1.58
捧场	1.58
五千万	1.58
登上	1.58
皮埃尔	1.58
玛莉亚	1.58
假钞	1.58
污迹	1.58
主场	1.58
苗	1.58
缝隙	1.58
境遇	1.58
亨	1.58
获准	1.58
晓	1.58
何事	1.58
脾脏	1.58
阿诺	1.58
马里兰州	1.58
杰姬	1.58
克莱顿	1.58
沃森	1.58
忧愁	1.58
穆罕默德	1.58
盛开	1.58
亢奋	1.58
入眠	1.58
士河	1.58
蜗牛	1.58
袒护	1.58
无端	1.58
探究	1.58
禁不住	1.58
诸多	1.58
找茬	1.58
无损	1.58
悔	1.58
肆虐	1.58
雷公	1.58
交付	1.58
高昂	1.58
尽如人意	1.58
满心	1.58
背诵	1.58
男仆	1.58
退场	1.58
比率	1.58
靠岸	1.58
交接	1.58
停机坪	1.58
马鞍	1.58
收容	1.58
觅	1.58
燕麦	1.58
芒	1.58
汹涌	1.58
有限公司	1.58
才智	1.58
精选	1.58
参见	1.58
过目	1.58
茶叶	1.58
乃是	1.58
宣传册	1.58
黯	1.58
纫	1.56
酝	1.56
霆	1.56
亢	1.56
周全	1.55
十秒	1.55
天王星	1.55
或多或少	1.55
指标	1.55
剧毒	1.55
赐福	1.55
大洞	1.55
殆尽	1.55
近亲	1.55
闪光点	1.55
大红	1.55
鸡汤	1.55
朱莉娅	1.55
大修	1.55
逃之夭夭	1.55
执业	1.55
离别	1.55
缺失	1.55
贝鲁特	1.55
流星雨	1.55
担惊受怕	1.55
料想	1.55
佩妮	1.55
腹泻	1.55
概括	1.55
旧货	1.55
沃德	1.55
经济学	1.55
献血	1.55
德赛	1.55
托盘	1.55
先行	1.55
妥善	1.55
小道消息	1.55
卡伦	1.55
女强人	1.55
降温	1.55
哀	1.55
哥儿们	1.55
砍刀	1.55
夏洛克	1.55
小巧	1.55
魔王	1.55
查证	1.55
通情达理	1.55
博拉	1.55
吊床	1.55
足球赛	1.55
刚果	1.55
饰品	1.55
睡美人	1.55
出游	1.55
舍得	1.55
星体	1.55
鱼饵	1.55
劝告	1.55
果实	1.55
技工	1.55
坚实	1.55
后勤	1.55
转账	1.55
阿基拉	1.55
抢手	1.55
启事	1.55
放肆	1.55
雄心壮志	1.55
自控	1.55
防毒面具	1.55
首演	1.55
黑马	1.55
奥雷格	1.55
渡船	1.55
庸俗	1.55
联系人	1.55
车型	1.55
遇刺	1.55
都柏林	1.55
低价	1.55
众议员	1.55
电网	1.55
拓展	1.55
同盟军	1.55
第十一	1.55
脚跟	1.55
闻闻	1.55
转入	1.55
独来独往	1.55
猜疑	1.55
拂	1.55
克劳福德	1.55
舒缓	1.55
搬运工	1.55
归结	1.55
宾夕法尼亚州	1.55
兰巴迪	1.55
凉鞋	1.55
长凳	1.55
隔阂	1.55
路标	1.55
横梁	1.55
颞	1.55
欣喜	1.55
迷途	1.55
夺回	1.55
烛台	1.55
一网打尽	1.55
消防车	1.55
上述	1.55
大酒店	1.55
付钱	1.55
南韩	1.55
大吵大闹	1.55
连连	1.55
获奖者	1.55
英夫	1.55
火堆	1.55
欺	1.55
失禁	1.55
镜片	1.55
警示	1.55
工藤	1.55
过家家	1.55
松弛	1.55
脸皮	1.55
凉爽	1.55
阿尔玛	1.55
佛瑞德	1.55
侍应	1.55
动手动脚	1.55
道士	1.55
夜莺	1.55
版面	1.55
譬如	1.55
国籍	1.55
起疑	1.55
一点一	1.55
售货机	1.55
凤	1.55
防腐	1.55
守门员	1.55
冷板凳	1.55
母乳	1.55
窥视	1.55
征兵	1.55
异样	1.55
缴税	1.55
坏死	1.55
阿拉伯语	1.55
捂	1.55
敲敲	1.55
再不	1.55
石板	1.55
孩提	1.55
瑞切尔	1.55
布莱妮	1.55
光泽	1.55
交汇	1.55
浮标	1.55
少许	1.55
马龙	1.55
收发	1.55
罚球	1.55
出毛病	1.55
总署	1.55
犯下	1.55
接应	1.55
逃税	1.55
芳香	1.55
撕破	1.55
相会	1.55
辛巴达	1.55
烯	1.54
眈	1.54
安放	1.52
摇摆不定	1.52
周密	1.52
申	1.52
蟾蜍	1.52
伙食	1.52
凯普	1.52
近况	1.52
多德	1.52
组队	1.52
白眼	1.52
不详	1.52
莫须有	1.52
亨特	1.52
鬼怪	1.52
谜底	1.52
凶恶	1.52
阿加莎	1.52
喷气式	1.52
宣	1.52
安琪儿	1.52
宝琳娜	1.52
陶德	1.52
分清	1.52
苏格拉底	1.52
贫	1.52
高烧	1.52
科研	1.52
熔	1.52
大法官	1.52
颧骨	1.52
欢庆	1.52
真菌	1.52
次要	1.52
烙印	1.52
凯斯	1.52
赏脸	1.52
福格	1.52
重叠	1.52
小样	1.52
狂躁	1.52
钢丝	1.52
知名度	1.52
一厢情愿	1.52
颗粒	1.52
札	1.52
搁置	1.52
心平气和	1.52
瞌睡	1.52
喷水	1.52
面貌	1.52
血浆	1.52
电费	1.52
飞奔	1.52
跳绳	1.52
韦斯利	1.52
卡通片	1.52
回程	1.52
苦力	1.52
诗意	1.52
哀求	1.52
焦躁	1.52
埃里克斯	1.52
双向	1.52
硫	1.52
嘟嘟	1.52
雪梨	1.52
益处	1.52
估价	1.52
名望	1.52
伊莱	1.52
贾斯丁	1.52
放水	1.52
器具	1.52
翠茜	1.52
首映	1.52
狂奔	1.52
肯塔基州	1.52
肉类	1.52
当之无愧	1.52
画作	1.52
延缓	1.52
企业家	1.52
抓好	1.52
汪汪	1.52
不予	1.52
哭哭啼啼	1.52
阴间	1.52
时区	1.52
兼顾	1.52
神童	1.52
归案	1.52
天大	1.52
小崽子	1.52
长眠	1.52
口舌	1.52
欣然	1.52
斯图尔特	1.52
憔悴	1.52
壁画	1.52
朦胧	1.52
深奥	1.52
演艺圈	1.52
更年期	1.52
蝴蝶结	1.52
战无不胜	1.52
火气	1.52
巨龙	1.52
纽卡斯尔	1.52
录音棚	1.52
预备役	1.52
船体	1.52
名为	1.52
照射	1.52
银子	1.52
上岸	1.52
线圈	1.52
物色	1.52
叮咚	1.52
寡	1.52
租用	1.52
江辉	1.52
战前	1.52
健谈	1.52
磁性	1.52
辛巴	1.52
阿尔伯克基	1.52
亚马逊	1.52
道格	1.52
积分	1.52
零用钱	1.52
狐狸精	1.52
焦头烂额	1.52
海吉	1.52
滑动	1.52
醉汉	1.52
比安卡	1.52
围攻	1.52
热恋	1.52
售货员	1.52
胞胎	1.52
敏娥	1.52
维克斯	1.52
高价	1.52
赴约	1.52
四千	1.52
高官	1.52
生菜	1.52
肘	1.52
扒手	1.52
稀罕	1.52
寺院	1.52
昂尼	1.52
布鲁图斯	1.52
敲击	1.52
偏好	1.52
床铺	1.52
法力	1.52
观摩	1.52
险恶	1.52
一去不复返	1.52
礼品店	1.52
雌雄	1.52
一不小心	1.52
全方位	1.52
可口可乐	1.52
烹调	1.52
人缘	1.52
无花果	1.52
测出	1.52
扶持	1.52
艮	1.52
黎巴嫩	1.52
相差	1.52
肯尼亚	1.52
弗瑞德	1.52
旗杆	1.52
顺心	1.52
鹑	1.52
魇	1.52
鹌	1.52
外快	1.49
至高无上	1.49
养老	1.49
亚伯	1.49
羯	1.49
群山	1.49
玛里琳	1.49
依法	1.49
身世	1.49
截取	1.49
真性	1.49
大笑	1.49
多佛	1.49
铸造	1.49
海地人	1.49
蜡笔	1.49
管理者	1.49
甘蓝	1.49
私语	1.49
荆棘	1.49
菸	1.49
旧约	1.49
纳什维尔	1.49
瞅	1.49
洞口	1.49
算作	1.49
轻巧	1.49
哭诉	1.49
前途无量	1.49
往返	1.49
饲料	1.49
舞技	1.49
螳螂	1.49
郝莉	1.49
狂怒	1.49
神力	1.49
透支	1.49
传真机	1.49
大雪	1.49
统计学	1.49
锐利	1.49
好客	1.49
酬金	1.49
融为一体	1.49
优异	1.49
大儿子	1.49
东北部	1.49
亚当斯	1.49
微积分	1.49
挥动	1.49
老板娘	1.49
孽	1.49
出息	1.49
破门	1.49
云彩	1.49
飞扬	1.49
呵护	1.49
铁证	1.49
益	1.49
受贿	1.49
血泊	1.49
跳水	1.49
宛如	1.49
救生艇	1.49
出勤	1.49
回绝	1.49
退货	1.49
手提	1.49
疏	1.49
难说	1.49
手足无措	1.49
达斯迪	1.49
修行	1.49
梳洗	1.49
麦田	1.49
雅典	1.49
啄	1.49
某地	1.49
狡诈	1.49
两侧	1.49
尾灯	1.49
创口	1.49
斯宾塞	1.49
拙劣	1.49
空荡荡	1.49
枯萎	1.49
祝酒	1.49
尖酸	1.49
受命	1.49
毕夫	1.49
药效	1.49
画布	1.49
朱丽亚	1.49
康沃尔	1.49
累积	1.49
协议书	1.49
克星	1.49
喂奶	1.49
飞蛾	1.49
存心	1.49
帷幕	1.49
卫生部	1.49
为时过早	1.49
夜幕	1.49
保守派	1.49
萨莎	1.49
陪葬	1.49
疝气	1.49
带队	1.49
莫过于	1.49
白手起家	1.49
格格不入	1.49
纲	1.49
助燃	1.49
肠胃	1.49
自暴自弃	1.49
亚伯拉罕	1.49
塞斯	1.49
厄尔维奇	1.49
全境	1.49
巴勒斯坦	1.49
照旧	1.49
赦	1.49
看不惯	1.49
艾萨克	1.49
拉倒	1.49
毙命	1.49
互换	1.49
康奈尔	1.49
佩特利	1.49
索要	1.49
租下	1.49
合谋	1.49
哉	1.49
做客	1.49
绊脚石	1.49
实战	1.49
火葬	1.49
哈里森	1.49
鳟鱼	1.49
寻开心	1.49
特雷	1.49
专题	1.49
嘴脸	1.49
惶恐	1.49
调换	1.49
胶布	1.49
急剧	1.49
志焕	1.49
废料	1.49
横行	1.49
克什米尔	1.49
挪动	1.49
艾丽斯	1.49
专卖店	1.49
划破	1.49
澳门	1.49
南美洲	1.49
生死攸关	1.49
冲锋	1.49
口才	1.49
麦当娜	1.49
知更鸟	1.49
招摇	1.49
二十四	1.49
美化	1.49
污	1.49
本分	1.49
塔楼	1.49
打草惊蛇	1.49
恤衫	1.49
高三	1.49
天涯海角	1.49
教诲	1.49
投掷	1.49
奥蒂斯	1.49
仇家	1.49
小学生	1.49
整年	1.49
汉森	1.49
萍梅	1.49
收银机	1.49
阴部	1.49
爱神	1.49
沙克	1.49
后遗症	1.49
佳丽	1.49
富贵	1.49
活性	1.49
老巢	1.49
耳塞	1.49
无计可施	1.49
葬身	1.49
贝茨	1.49
钟楼	1.49
胱	1.49
邂	1.49
逅	1.49
小腿	1.46
空空	1.46
摸索	1.46
傣	1.46
遮遮掩掩	1.46
握紧	1.46
不肯	1.46
汗毛	1.46
亮光	1.46
里约热内卢	1.46
封存	1.46
着凉	1.46
领教	1.46
先后	1.46
门槛	1.46
感同身受	1.46
感冒药	1.46
优先权	1.46
完人	1.46
冲击力	1.46
华而不实	1.46
守候	1.46
世家	1.46
问卷	1.46
发问	1.46
亚历克	1.46
牛群	1.46
维和	1.46
晴天	1.46
内政	1.46
要犯	1.46
咖啡吧	1.46
健在	1.46
殿堂	1.46
走进	1.46
轻声	1.46
篮球赛	1.46
一整套	1.46
惜	1.46
高血压	1.46
产权	1.46
豺狼	1.46
主干道	1.46
下边	1.46
疲	1.46
狗东西	1.46
你报	1.46
提心吊胆	1.46
汗衫	1.46
钢管	1.46
养父	1.46
同归于尽	1.46
优待	1.46
号称	1.46
绢	1.46
布特林	1.46
绶带	1.46
固体	1.46
劳累	1.46
神秘感	1.46
半边	1.46
坐立不安	1.46
回敬	1.46
转让	1.46
与其说	1.46
吱	1.46
音像	1.46
手柄	1.46
风雨	1.46
价码	1.46
切斯特	1.46
雅克	1.46
车费	1.46
遗骸	1.46
阿尔	1.46
摇摇	1.46
自己人	1.46
秀妍	1.46
有所作为	1.46
玛莉安	1.46
难吃	1.46
混战	1.46
互助会	1.46
耐克	1.46
队列	1.46
安德烈	1.46
大忙人	1.46
奸情	1.46
名册	1.46
挺进	1.46
半价	1.46
惯用	1.46
隐喻	1.46
面的	1.46
挺胸	1.46
利比亚	1.46
胡椒粉	1.46
客座	1.46
扯谎	1.46
战败	1.46
纤	1.46
圆滑	1.46
道谢	1.46
长滩	1.46
玛丽卡	1.46
空无一人	1.46
深知	1.46
明子	1.46
镰刀	1.46
苛	1.46
铁锹	1.46
伯母	1.46
焊接	1.46
砂	1.46
致辞	1.46
而非	1.46
快艇	1.46
卫冕	1.46
侵袭	1.46
淌	1.46
专职	1.46
探险家	1.46
经销商	1.46
绝种	1.46
矿石	1.46
嫖客	1.46
承蒙	1.46
蠕虫	1.46
提倡	1.46
遣送	1.46
公寓楼	1.46
事关	1.46
张力	1.46
獾	1.46
划清	1.46
詹妮弗	1.46
凯罗兰	1.46
埃弗雷特	1.46
字母表	1.46
毫不留情	1.46
静电	1.46
东尼	1.46
暗处	1.46
巴塞罗那	1.46
东健	1.46
田径	1.46
瓣	1.46
公会	1.46
道义	1.46
艾达	1.46
起名	1.46
珠宝店	1.46
共存	1.46
鸳鸯	1.46
善后	1.46
国立	1.46
探寻	1.46
舒舒服服	1.46
倒影	1.46
串通	1.46
面包车	1.46
几时	1.46
噪声	1.46
睡醒	1.46
获悉	1.46
热潮	1.46
探监	1.46
暴怒	1.46
三流	1.46
荷华州	1.46
继任	1.46
父母亲	1.46
核爆	1.46
罪证	1.46
翻修	1.46
拟	1.46
保护性	1.46
抗辩	1.46
苏俄	1.46
罚金	1.46
妙不可言	1.46
莫林	1.46
插图	1.46
赏心悦目	1.46
赃款	1.46
驱散	1.46
法兰	1.46
观战	1.46
紫外线	1.46
椰	1.46
讲理	1.46
鼓动	1.46
定时器	1.46
苟	1.46
越野	1.46
拉莫塔	1.46
凯罗琳	1.46
水星	1.46
拳脚	1.46
排放	1.46
泥浆	1.46
告一段落	1.46
侧翼	1.46
亲密无间	1.46
钻孔	1.46
老母	1.46
千金	1.46
范畴	1.46
雪上加霜	1.46
腺	1.46
签到	1.46
漓	1.45
漉	1.45
以西	1.43
我军	1.43
势头	1.43
夏利	1.43
伊斯兰教	1.43
忘怀	1.43
气馁	1.43
保拉	1.43
保尔	1.43
周旋	1.43
大款	1.43
亚纪	1.43
安娣	1.43
古斯	1.43
优质	1.43
不轨	1.43
马来西亚	1.43
译	1.43
解体	1.43
阿瓦隆	1.43
迁就	1.43
唤	1.43
脱毛	1.43
下厨	1.43
下层	1.43
流利	1.43
政党	1.43
发笑	1.43
解码	1.43
发条	1.43
镜像	1.43
透不过气	1.43
章节	1.43
克里斯蒂娜	1.43
明洙	1.43
滑铁卢	1.43
莱斯特	1.43
饲养	1.43
迦	1.43
评语	1.43
无价之宝	1.43
令尊	1.43
昏睡	1.43
加深	1.43
医药费	1.43
轮船	1.43
下跪	1.43
布兰妮	1.43
魔爪	1.43
年复一年	1.43
潮汐	1.43
胖墩	1.43
鱼肉	1.43
度假村	1.43
改良	1.43
回城	1.43
伊斯雷尔	1.43
弹球	1.43
低语	1.43
监制	1.43
做礼拜	1.43
惠特尼	1.43
矛头	1.43
援军	1.43
斯派克	1.43
强健	1.43
迷惘	1.43
行礼	1.43
抚	1.43
怀有	1.43
呼啦	1.43
大不列颠	1.43
委	1.43
佐罗	1.43
分派	1.43
前期	1.43
心动	1.43
演奏会	1.43
比试	1.43
研究员	1.43
面带微笑	1.43
动词	1.43
敬酒	1.43
丘洛	1.43
忘不了	1.43
渝	1.43
布鲁克斯	1.43
烈焰	1.43
元凶	1.43
放声	1.43
迫降	1.43
豁出去	1.43
尼尼	1.43
账目	1.43
鸡尾酒会	1.43
这么着	1.43
见证人	1.43
勤劳	1.43
年老	1.43
元帅	1.43
怨言	1.43
外孙女	1.43
窍	1.43
伊利诺斯	1.43
圆盘	1.43
老头儿	1.43
环顾	1.43
量级	1.43
婴孩	1.43
致词	1.43
绘图	1.43
模子	1.43
布局	1.43
共同语言	1.43
主菜	1.43
垂涎	1.43
窗台	1.43
休养	1.43
瞭	1.43
飘飘欲仙	1.43
参与者	1.43
红牛	1.43
侍应生	1.43
躯	1.43
蒙住	1.43
海域	1.43
哨子	1.43
随和	1.43
北上	1.43
象征性	1.43
舟	1.43
面包屑	1.43
失物	1.43
上万	1.43
台面	1.43
混为一谈	1.43
涛	1.43
樱花	1.43
打鼓	1.43
威尔伯	1.43
自然规律	1.43
标价	1.43
谦	1.43
暗影	1.43
霍普金斯	1.43
行乐	1.43
格莱美	1.43
盟军	1.43
坏东西	1.43
何故	1.43
善待	1.43
作废	1.43
精巧	1.43
一等	1.43
修修	1.43
催眠术	1.43
销	1.43
入围	1.43
傍	1.43
麦克拉温	1.43
指挥所	1.43
费恩	1.43
作画	1.43
身不由己	1.43
腥	1.43
寻欢作乐	1.43
四五	1.43
化解	1.43
童子	1.43
胡编	1.43
满洲	1.43
莫名	1.43
大海捞针	1.43
布鲁塞尔	1.43
越共	1.43
牵强	1.43
博览会	1.43
霍华德·休斯	1.43
四起	1.43
日军	1.43
楷模	1.43
水沟	1.43
中学生	1.43
年青	1.43
奚落	1.43
罗盘	1.43
祥	1.43
入门	1.43
罗布	1.43
后会有期	1.43
利害	1.43
百分点	1.43
餐饮	1.43
紧凑	1.43
疟	1.43
蜓	1.43
闸门	1.4
究	1.4
缆车	1.4
下礼拜	1.4
妮琪	1.4
婚事	1.4
端庄	1.4
触角	1.4
迪诺西奥	1.4
三十秒	1.4
咖啡豆	1.4
迁	1.4
脚步声	1.4
偕	1.4
亩	1.4
果断	1.4
经济舱	1.4
游轮	1.4
并购	1.4
席德	1.4
申请书	1.4
祸害	1.4
发愁	1.4
徒手	1.4
自掘坟墓	1.4
帘	1.4
置信	1.4
卸货	1.4
撒野	1.4
咖啡壶	1.4
好榜样	1.4
防弹背心	1.4
要事	1.4
纪念馆	1.4
看做	1.4
自卫队	1.4
时限	1.4
不像话	1.4
生物学家	1.4
小儿	1.4
杀伤力	1.4
白马	1.4
不久以后	1.4
实验性	1.4
博斯	1.4
好汉	1.4
粗心	1.4
最后通牒	1.4
不易	1.4
发电厂	1.4
简陋	1.4
壮大	1.4
闲事	1.4
辗转	1.4
巫医	1.4
钢琴家	1.4
喷嚏	1.4
塞尔维亚	1.4
怪诞	1.4
安德里	1.4
巡回赛	1.4
落水	1.4
坚持不懈	1.4
大打出手	1.4
魏	1.4
像话	1.4
统	1.4
做菜	1.4
臂膀	1.4
橄榄球赛	1.4
借光	1.4
鸽	1.4
蛤蟆	1.4
郝	1.4
安娜斯塔西娅	1.4
忠贞	1.4
驱车	1.4
匡	1.4
老年痴呆症	1.4
前者	1.4
突如其来	1.4
车场	1.4
简化	1.4
阿肯色州	1.4
统帅	1.4
价值连城	1.4
团长	1.4
大为	1.4
宇航局	1.4
爆裂	1.4
自命不凡	1.4
希瑟	1.4
丙烷	1.4
虚度	1.4
嗓门	1.4
冲绳	1.4
难以忘怀	1.4
十二月	1.4
荧幕	1.4
路灯	1.4
孢子	1.4
良宵	1.4
阉割	1.4
深层	1.4
倾注	1.4
当头	1.4
主见	1.4
荣太郎	1.4
提成	1.4
卫士	1.4
拉斯	1.4
提炼	1.4
剩菜	1.4
皮肉	1.4
驼鹿	1.4
惠顾	1.4
充裕	1.4
心神不宁	1.4
服装店	1.4
专属	1.4
失意	1.4
欠款	1.4
丰田	1.4
反思	1.4
皮箱	1.4
嚎叫	1.4
怀特尼	1.4
标注	1.4
礁石	1.4
族长	1.4
工艺	1.4
巨浪	1.4
南区	1.4
收费站	1.4
门厅	1.4
女星	1.4
存档	1.4
竞价	1.4
升华	1.4
叛	1.4
初始	1.4
自食其果	1.4
殉	1.4
浪荡	1.4
最高法院	1.4
敏珠	1.4
扫射	1.4
邮戳	1.4
都行	1.4
冯	1.4
拐弯	1.4
作怪	1.4
人工呼吸	1.4
罗宾汉	1.4
桥牌	1.4
翻天	1.4
辛辛苦苦	1.4
讲课	1.4
无恙	1.4
飞速	1.4
西奥	1.4
杠	1.4
光束	1.4
飞机票	1.4
今晨	1.4
百货公司	1.4
良机	1.4
脓包	1.4
唯独	1.4
落泪	1.4
蚀	1.4
化妆师	1.4
塞思	1.4
间歇	1.4
政界	1.4
痛心	1.4
穆尼斯	1.4
青睐	1.4
杂念	1.4
班纳	1.4
此前	1.4
函	1.4
写写	1.4
患病	1.4
阵容	1.4
规格	1.4
梆	1.4
扬基	1.4
餐车	1.4
得手	1.4
听信	1.4
莴苣	1.4
得益	1.4
惋	1.39
医术	1.37
开局	1.37
火箭筒	1.37
白兰	1.37
后盾	1.37
重操旧业	1.37
空想	1.37
辞典	1.37
对劲儿	1.37
指教	1.37
吹风机	1.37
可谓	1.37
维拉	1.37
夜以继日	1.37
波罗	1.37
灼	1.37
诚心	1.37
党员	1.37
祂	1.37
灵巧	1.37
渎职	1.37
老爷爷	1.37
领子	1.37
领奖	1.37
议题	1.37
地质	1.37
评选	1.37
诺维	1.37
方针	1.37
嵌入	1.37
拐走	1.37
圣诞卡	1.37
梅西	1.37
凄凉	1.37
走私犯	1.37
内务	1.37
号召	1.37
大腕	1.37
校准	1.37
介于	1.37
我行	1.37
大都	1.37
伪	1.37
堕入	1.37
心上人	1.37
可恨	1.37
死伤	1.37
盐酸	1.37
刑罚	1.37
哺乳动物	1.37
出战	1.37
希尔顿	1.37
塔雷克	1.37
矮小	1.37
图谋	1.37
自打	1.37
国庆	1.37
打法	1.37
自由主义	1.37
左腿	1.37
嘀	1.37
日后	1.37
守望	1.37
分红	1.37
腮	1.37
把头	1.37
爱丽斯	1.37
牌号	1.37
友爱	1.37
放疗	1.37
做工	1.37
时有发生	1.37
黑鹰	1.37
白热化	1.37
独居	1.37
内德	1.37
定点	1.37
狼狈	1.37
附件	1.37
阿森纳	1.37
风水	1.37
惨痛	1.37
梳头	1.37
婆婆妈妈	1.37
电气	1.37
发呆	1.37
药方	1.37
盗取	1.37
抵触	1.37
螺旋桨	1.37
攻打	1.37
妹子	1.37
古巴人	1.37
排水管	1.37
单程	1.37
鸵鸟	1.37
母性	1.37
干旱	1.37
锯子	1.37
起跑	1.37
过得去	1.37
盲点	1.37
领空	1.37
俳	1.37
禁酒	1.37
抹黑	1.37
冷笑	1.37
阿伦	1.37
工作量	1.37
越野车	1.37
叛逃	1.37
荒凉	1.37
天神	1.37
应答	1.37
安全区	1.37
警钟	1.37
食物链	1.37
这话	1.37
拼凑	1.37
张贴	1.37
团圆	1.37
骨盆	1.37
清澈	1.37
侍	1.37
弗林特	1.37
汤匙	1.37
筐	1.37
免去	1.37
米切尔	1.37
纯种	1.37
李小龙	1.37
班尼斯	1.37
免于	1.37
基石	1.37
泰莉	1.37
幺	1.37
反弹	1.37
现行	1.37
基拉	1.37
看不起	1.37
国际象棋	1.37
莱恩	1.37
横跨	1.37
惺	1.37
公公	1.37
铸	1.37
崔坤	1.37
审计	1.37
续集	1.37
血淋淋	1.37
刀枪不入	1.37
万事俱备	1.37
秀雅	1.37
性子	1.37
仓鼠	1.37
菲比	1.37
翩翩起舞	1.37
战绩	1.37
原有	1.37
女式	1.37
致使	1.37
作弄	1.37
侧门	1.37
如释重负	1.37
贞操	1.37
播音	1.37
褐	1.37
嘢	1.37
无缘	1.37
炫目	1.37
缄默	1.37
拨款	1.37
桑契斯	1.37
守灵	1.37
绝顶	1.37
德克斯	1.37
朱尼	1.37
大扫除	1.37
格式	1.37
蓝尼	1.37
活蹦乱跳	1.37
雷吉	1.37
针孔	1.37
投机	1.37
羁绊	1.37
土拨鼠	1.37
迪米	1.37
扎营	1.37
水晶球	1.37
颅骨	1.37
遇害者	1.37
巨款	1.37
兵役	1.37
借机	1.37
里程碑	1.37
鼓声	1.37
捣毁	1.37
收成	1.37
插队	1.37
能干	1.37
纳入	1.37
窝囊	1.37
嘈杂	1.37
菲尼克斯	1.37
匪夷所思	1.37
考上	1.37
生活费	1.37
排泄	1.37
后视镜	1.37
就任	1.37
西洋	1.37
胃部	1.37
麋鹿	1.37
小调	1.34
压低	1.34
刷新	1.34
大幅	1.34
继承权	1.34
编队	1.34
圣餐	1.34
安分	1.34
足球场	1.34
安姬	1.34
查封	1.34
楼房	1.34
无精打采	1.34
老大哥	1.34
尤丽亚	1.34
冰凉	1.34
真格	1.34
冰柜	1.34
波碧	1.34
止痛	1.34
杂草	1.34
爷们	1.34
击溃	1.34
缺德	1.34
使徒	1.34
娜拉	1.34
撤军	1.34
下体	1.34
欣	1.34
佛教	1.34
再会	1.34
宇津木	1.34
郭	1.34
秘书长	1.34
雪佛兰	1.34
伦次	1.34
棚子	1.34
拱手	1.34
棒球场	1.34
交响乐	1.34
座机	1.34
情势	1.34
死囚	1.34
畅饮	1.34
成就感	1.34
大雅	1.34
计谋	1.34
达迪斯	1.34
决断	1.34
什锦	1.34
铀	1.34
自信心	1.34
须要	1.34
麻袋	1.34
出界	1.34
雄心	1.34
出纳	1.34
微生物	1.34
抽血	1.34
戴安	1.34
署长	1.34
杰奎琳	1.34
挺直	1.34
希德尼	1.34
股价	1.34
救生衣	1.34
获益	1.34
破坏性	1.34
牵引	1.34
正餐	1.34
拉里塔	1.34
青岛	1.34
无法无天	1.34
祭祀	1.34
近在咫尺	1.34
分子式	1.34
前院	1.34
加速器	1.34
切实	1.34
医疗费	1.34
正统	1.34
贵国	1.34
国玺	1.34
斯内普	1.34
迷雾	1.34
恶习	1.34
升降机	1.34
绕圈子	1.34
蓬松	1.34
广大	1.34
宪章	1.34
战俘营	1.34
转头	1.34
头饰	1.34
土生土长	1.34
美容院	1.34
庞贝	1.34
曼彻斯特	1.34
游击	1.34
奋	1.34
化石	1.34
开窍	1.34
天涯	1.34
机翼	1.34
通晓	1.34
开播	1.34
免遭	1.34
墙角	1.34
拉网	1.34
海星	1.34
史戴西	1.34
读出	1.34
卡布奇诺	1.34
亚曼达	1.34
垂危	1.34
族群	1.34
低贱	1.34
照应	1.34
田鼠	1.34
淋巴	1.34
候机	1.34
海啸	1.34
远门	1.34
赛马场	1.34
妇产科	1.34
事出有因	1.34
装配	1.34
爽快	1.34
黄鼠狼	1.34
丰收	1.34
在编	1.34
桌布	1.34
革新	1.34
南北	1.34
责难	1.34
管管	1.34
乌瑞克	1.34
香皂	1.34
反倒	1.34
硝化	1.34
劳作	1.34
新英格兰	1.34
路易丝	1.34
升天	1.34
纸袋	1.34
道尔	1.34
竖琴	1.34
电话会议	1.34
独生子	1.34
刺眼	1.34
道森	1.34
无误	1.34
结为	1.34
腰包	1.34
损毁	1.34
卫生棉	1.34
感伤	1.34
二十万	1.34
就范	1.34
千里迢迢	1.34
作伴	1.34
贫民	1.34
钟表	1.34
热切	1.34
矩阵	1.34
称霸	1.34
继子	1.34
榜首	1.34
参照	1.34
汽	1.34
咝	1.34
桥段	1.34
斯特拉	1.34
卧床	1.34
抗衡	1.34
石棺	1.34
使用者	1.34
瑞吉	1.34
马术	1.34
塔台	1.34
胎盘	1.34
早班	1.34
温蒂	1.34
传遍	1.34
破费	1.34
拍卖品	1.34
厮混	1.34
网路	1.34
解说	1.34
乐曲	1.34
淘金	1.34
颁布	1.34
水桶	1.34
战事	1.34
品酒	1.34
眼花	1.34
乘着	1.34
倒卖	1.34
心满意足	1.34
撩	1.34
哪家	1.34
倒立	1.34
钟情	1.34
曙	1.32
澜	1.32
碉	1.32
蟋	1.32
蟀	1.32
譬	1.32
供养	1.31
咽喉	1.31
抢眼	1.31
漫画家	1.31
幅度	1.31
看场	1.31
所有者	1.31
隐姓埋名	1.31
多变	1.31
压榨	1.31
身孕	1.31
迸发	1.31
定位器	1.31
大祸	1.31
树脂	1.31
谴	1.31
北纬	1.31
封口	1.31
奢侈品	1.31
老顽固	1.31
先令	1.31
剖开	1.31
露馅	1.31
商会	1.31
孤军奋战	1.31
毛线	1.31
脱手	1.31
赖利	1.31
成功率	1.31
朱莉	1.31
知心	1.31
燃起	1.31
乔尼	1.31
捂住	1.31
接班人	1.31
几十亿	1.31
消散	1.31
五五分	1.31
亚麻	1.31
厌食症	1.31
史达克	1.31
白衣	1.31
套子	1.31
配套	1.31
小女	1.31
小夏	1.31
狂暴	1.31
策划人	1.31
五角星	1.31
压根儿	1.31
款项	1.31
艾儿	1.31
阴沟	1.31
奥罗拉	1.31
简要	1.31
康尼	1.31
头昏	1.31
头条	1.31
喷溅	1.31
漂白剂	1.31
除名	1.31
逝世	1.31
图腾	1.31
焦糖	1.31
米娅	1.31
卡斯特	1.31
心室	1.31
仿真	1.31
扣篮	1.31
分机	1.31
卢西尔斯·乌瑞纳斯	1.31
狭小	1.31
整顿	1.31
修养	1.31
逐个	1.31
死死的	1.31
洁净	1.31
难处	1.31
欢呼声	1.31
启航	1.31
全家福	1.31
惨死	1.31
修武	1.31
肉汤	1.31
钾	1.31
省钱	1.31
衣裤	1.31
抽奖	1.31
电线杆	1.31
卡罗琳	1.31
葫芦	1.31
迎战	1.31
遇上	1.31
游民	1.31
订书机	1.31
男装	1.31
宪兵	1.31
默尔	1.31
凯伦·海因斯	1.31
威风	1.31
腐	1.31
圣保罗	1.31
鸡胸	1.31
机位	1.31
剪短	1.31
阻力	1.31
移居	1.31
倒转	1.31
五六	1.31
开演	1.31
远行	1.31
闸	1.31
玛丽琳	1.31
开明	1.31
美国式	1.31
英明	1.31
砷	1.31
死亡率	1.31
犯罪率	1.31
火球	1.31
针锋相对	1.31
必经	1.31
有效率	1.31
终归	1.31
堪称	1.31
抬举	1.31
英姬	1.31
帘子	1.31
切普	1.31
张嘴	1.31
视察	1.31
倍感	1.31
阶	1.31
军舰	1.31
莫尼卡	1.31
刨	1.31
沙夫特	1.31
直率	1.31
而今	1.31
大体上	1.31
香椿	1.31
庆功	1.31
护栏	1.31
工程学	1.31
万泽	1.31
在握	1.31
迈向	1.31
等同	1.31
蠢蠢欲动	1.31
反光	1.31
机队	1.31
外祖母	1.31
曲调	1.31
澪	1.31
礁	1.31
梅丽莎	1.31
口琴	1.31
抹杀	1.31
深远	1.31
原点	1.31
画师	1.31
敢死队	1.31
癖好	1.31
火烈鸟	1.31
围住	1.31
有加	1.31
无边	1.31
珍妮特	1.31
年少	1.31
热度	1.31
泥潭	1.31
紫藤	1.31
异端	1.31
一举	1.31
尽责	1.31
秤	1.31
抢夺	1.31
成全	1.31
投保	1.31
高下	1.31
高估	1.31
超声	1.31
液态	1.31
热点	1.31
石器	1.31
病魔	1.31
偏向	1.31
砸碎	1.31
挨家挨户	1.31
提摩西	1.31
爱滋	1.31
观测	1.31
尼加拉瓜	1.31
低沉	1.31
不过如此	1.31
告白	1.31
感兴趣	1.31
许久	1.31
总和	1.31
烘烤	1.31
小伙伴	1.31
盖伊	1.31
董事长	1.31
染指	1.31
一齐	1.31
末尾	1.31
美艳	1.31
寻思	1.31
殆	1.3
惚	1.3
娠	1.3
卢布	1.28
妾	1.28
死鬼	1.28
刚铎	1.28
搅拌机	1.28
翻天覆地	1.28
哈姆雷特	1.28
化学家	1.28
瘦小	1.28
梅斯	1.28
风波	1.28
供电	1.28
根号	1.28
保利	1.28
披露	1.28
真挚	1.28
乔迁	1.28
佩戴	1.28
毛孔	1.28
无线电话	1.28
再造	1.28
离异	1.28
往昔	1.28
阿尔及利亚	1.28
脑细胞	1.28
伺机	1.28
佩姬	1.28
渗	1.28
米姆兹	1.28
侠盗	1.28
淘气鬼	1.28
区区	1.28
科特	1.28
遗传学	1.28
改邪归正	1.28
科科	1.28
这就是说	1.28
谋害	1.28
卡瑞娜	1.28
蜂鸟	1.28
白酒	1.28
沥青	1.28
亚裔	1.28
树敌	1.28
援救	1.28
莉拉	1.28
浓烟	1.28
记分	1.28
省略	1.28
回味	1.28
拍品	1.28
纠葛	1.28
不尽然	1.28
出产	1.28
热腾腾	1.28
跳楼	1.28
打成	1.28
肺结核	1.28
生产线	1.28
小恒	1.28
货架	1.28
把守	1.28
分神	1.28
前功尽弃	1.28
默默无闻	1.28
麦娅	1.28
冗长	1.28
祥和	1.28
亚历克斯·罗弗	1.28
手心	1.28
配置	1.28
克伦	1.28
样样	1.28
漱	1.28
喧闹	1.28
邻	1.28
布里斯托尔	1.28
讨论会	1.28
传染性	1.28
愚笨	1.28
鳏夫	1.28
慎	1.28
死气沉沉	1.28
报废	1.28
堆满	1.28
礼帽	1.28
孝	1.28
甘道夫	1.28
沙丘	1.28
佼佼者	1.28
滚滚	1.28
机械师	1.28
明灯	1.28
女神像	1.28
世故	1.28
夜空	1.28
连衣裙	1.28
女警	1.28
调配	1.28
韧带	1.28
开怀	1.28
锌	1.28
莫尼克斯	1.28
细腻	1.28
兴许	1.28
元件	1.28
模块	1.28
专线	1.28
叽叽喳喳	1.28
遣返	1.28
德文	1.28
痛处	1.28
瓦内萨	1.28
海克	1.28
暗黑	1.28
马甲	1.28
侵占	1.28
辛斯娅	1.28
松懈	1.28
公诸于众	1.28
党卫军	1.28
坦诚相待	1.28
布莱	1.28
桔	1.28
一笔勾销	1.28
股权	1.28
恳请	1.28
海象	1.28
反对票	1.28
准将	1.28
均匀	1.28
堂妹	1.28
轶事	1.28
按键	1.28
新堂	1.28
隐患	1.28
路费	1.28
升官	1.28
机身	1.28
何等	1.28
水深火热	1.28
秀贤	1.28
帕蒂	1.28
原文	1.28
木制	1.28
战犯	1.28
硅	1.28
乞	1.28
西南部	1.28
磨练	1.28
征用	1.28
疲惫不堪	1.28
西西	1.28
素食者	1.28
无以	1.28
三维	1.28
计划书	1.28
求情	1.28
铁丝	1.28
邮政	1.28
诺里斯	1.28
辱骂	1.28
泰山	1.28
停息	1.28
肉馅	1.28
投票权	1.28
狭隘	1.28
遣	1.28
垄断	1.28
默认	1.28
塔利	1.28
本钱	1.28
投胎	1.28
急转弯	1.28
禅	1.28
甜菜	1.28
鼓吹	1.28
亏欠	1.28
仇视	1.28
民意	1.28
严阵以待	1.28
犀	1.28
同化	1.28
演练	1.28
功效	1.28
俯冲	1.28
染料	1.28
避暑	1.28
人意	1.28
救济金	1.28
大名鼎鼎	1.28
护符	1.28
繁星	1.28
谢幕	1.28
巴尼	1.28
欠缺	1.28
事端	1.28
几万	1.28
眉目	1.28
顺姬	1.28
申报	1.28
二重唱	1.28
盥	1.28
咫	1.28
狈	1.28
恿	1.28
憬	1.26
锢	1.26
觎	1.26
亚军	1.25
外带	1.25
注销	1.25
外在	1.25
琐碎	1.25
大写	1.25
外传	1.25
仲裁	1.25
大山	1.25
好心人	1.25
真皮	1.25
其一	1.25
后人	1.25
欧克斯	1.25
轻信	1.25
马丽琳	1.25
过敏症	1.25
吉恩	1.25
勾结	1.25
乔西	1.25
腋窝	1.25
无拘无束	1.25
太子	1.25
滥杀	1.25
摄氏度	1.25
怒吼	1.25
埃佛斯	1.25
销声匿迹	1.25
门牙	1.25
艾茜蕾	1.25
知会	1.25
叔	1.25
诺顿	1.25
一声不吭	1.25
奥德丽	1.25
蕃茄	1.25
凄惨	1.25
下雨天	1.25
布宜诺斯艾利斯	1.25
吉布森	1.25
糖霜	1.25
玩物	1.25
氦	1.25
智囊团	1.25
时节	1.25
下马	1.25
加紧	1.25
佩里	1.25
算术	1.25
消气	1.25
流落	1.25
卡帕	1.25
右面	1.25
计算器	1.25
炮火	1.25
不算	1.25
冰雕	1.25
缆绳	1.25
康涅狄格	1.25
紧要关头	1.25
福勒	1.25
隐情	1.25
白鲸	1.25
崎岖	1.25
治理	1.25
欢愉	1.25
来人	1.25
平面图	1.25
星云	1.25
回响	1.25
瞎猜	1.25
结算	1.25
搁浅	1.25
戛纳	1.25
喷发	1.25
拍戏	1.25
动荡	1.25
打结	1.25
塞德里克	1.25
冷嘲热讽	1.25
雷区	1.25
爱德蒙	1.25
霍克	1.25
孤立无援	1.25
音域	1.25
分工	1.25
官邸	1.25
抢断	1.25
健美	1.25
泰特斯·波罗	1.25
主权	1.25
较劲	1.25
步调	1.25
雅妮	1.25
盟	1.25
嫖	1.25
新陈代谢	1.25
邻近	1.25
躺椅	1.25
落幕	1.25
草丛	1.25
史麦戈	1.25
亲耳	1.25
臂弯	1.25
施行	1.25
妙计	1.25
分行	1.25
独唱	1.25
网址	1.25
游船	1.25
断开	1.25
音讯	1.25
湿润	1.25
赔钱	1.25
存折	1.25
抽取	1.25
敖德萨	1.25
瓦伦丁	1.25
嘀咕	1.25
电灯	1.25
铃木	1.25
妹夫	1.25
会后	1.25
三长两短	1.25
柴油	1.25
爬虫	1.25
一刹那	1.25
宠儿	1.25
横向	1.25
岔	1.25
乳臭未干	1.25
肘部	1.25
哲秀	1.25
刊	1.25
艾罗	1.25
备注	1.25
希塔	1.25
肠道	1.25
壁球	1.25
吃力	1.25
吃亏	1.25
纸板	1.25
整装待发	1.25
支持率	1.25
晕船	1.25
纳沃斯基	1.25
清净	1.25
朕	1.25
除臭剂	1.25
到时	1.25
矢	1.25
终将	1.25
特例	1.25
专一	1.25
河岸	1.25
专制	1.25
连贯	1.25
节奏感	1.25
清算	1.25
宴席	1.25
索罗	1.25
简而言之	1.25
费解	1.25
主办	1.25
玛郝妮	1.25
买进	1.25
玺	1.25
冤	1.25
大都市	1.25
莫妮卡	1.25
绞尽脑汁	1.25
电话铃	1.25
走失	1.25
工作站	1.25
戈尔德	1.25
小马	1.25
沃利	1.25
虚荣	1.25
倔	1.25
毒手	1.25
应验	1.25
血汗	1.25
昏厥	1.25
公演	1.25
小杰克	1.25
冒失	1.25
媲美	1.25
牢笼	1.25
会晤	1.25
剔	1.25
贝瑞	1.25
惹祸	1.25
无偿	1.25
媳妇	1.25
冒险家	1.25
扫把	1.25
一瞬	1.25
一万五千	1.25
唱反调	1.25
乘船	1.25
电筒	1.25
滞留	1.25
磷	1.25
无限期	1.25
利落	1.25
胆识	1.25
兰德尔	1.25
萨尔	1.25
鸡毛蒜皮	1.25
惯犯	1.25
矣	1.25
无期徒刑	1.25
水银	1.25
水边	1.25
高墙	1.25
质询	1.25
接连	1.25
比索	1.25
穷光蛋	1.25
充沛	1.25
杰利	1.25
卡迪夫	1.25
高考	1.25
磐	1.25
水兵	1.25
灰暗	1.25
穿行	1.25
一丁点儿	1.25
休眠	1.25
布谷	1.25
遥遥领先	1.25
胖胖	1.25
杂乱	1.25
王储	1.25
保护费	1.25
弗农	1.25
数十亿	1.25
新剧	1.25
参谋	1.25
塞缪尔	1.25
罗特	1.25
显灵	1.25
巴伦	1.25
制剂	1.25
拨通	1.25
品行	1.25
智媛	1.25
滑轮	1.25
未了	1.25
扬帆	1.25
听候	1.25
救死扶伤	1.25
学长	1.25
染发	1.25
熠	1.24
睽	1.24
安眠	1.22
昏昏欲睡	1.22
家务事	1.22
配饰	1.22
闯祸	1.22
多情	1.22
霍格沃茨	1.22
对视	1.22
大白	1.22
脑膜炎	1.22
安上	1.22
梳妆台	1.22
消退	1.22
方程	1.22
帕西瓦尔	1.22
蔡	1.22
油布	1.22
缺氧	1.22
列宁	1.22
考夫曼	1.22
乔纳斯·霍奇斯	1.22
公事公办	1.22
甘草	1.22
中指	1.22
拒捕	1.22
灵性	1.22
维德	1.22
满员	1.22
畅通	1.22
先辈	1.22
私有	1.22
加压	1.22
露宿	1.22
马瑞克	1.22
夸大其词	1.22
问路	1.22
铸成	1.22
社会学	1.22
危难	1.22
老好人	1.22
丽维亚	1.22
克莱伯	1.22
主动脉	1.22
通知书	1.22
材质	1.22
开走	1.22
不凡	1.22
重婚	1.22
狂妄	1.22
养成	1.22
可人	1.22
迪伦	1.22
记仇	1.22
酒量	1.22
转送	1.22
现代化	1.22
左右手	1.22
交界处	1.22
打成一片	1.22
唾弃	1.22
山峰	1.22
分店	1.22
雅丽	1.22
正道	1.22
担子	1.22
恩爱	1.22
米格	1.22
他俩	1.22
手纸	1.22
哥斯达黎加	1.22
浴池	1.22
运往	1.22
二手货	1.22
音效	1.22
中村弘	1.22
大清早	1.22
哭鼻子	1.22
发售	1.22
步子	1.22
穆勒	1.22
独到	1.22
色泽	1.22
和声	1.22
断气	1.22
迁移	1.22
做伴	1.22
脑电波	1.22
城门	1.22
段子	1.22
粘土	1.22
后脑	1.22
嘎嘎	1.22
晙	1.22
凯琳	1.22
尼德	1.22
悬挂	1.22
不计其数	1.22
画展	1.22
凯特琳	1.22
盗墓	1.22
默哀	1.22
甩卖	1.22
阴阳	1.22
坚韧	1.22
弹跳	1.22
画报	1.22
迪士尼	1.22
克莉斯汀	1.22
痔疮	1.22
堆积	1.22
纸币	1.22
柏拉图	1.22
镍	1.22
口齿	1.22
忌妒	1.22
圆桌	1.22
长矛	1.22
驾驶证	1.22
褶	1.22
滚烫	1.22
口述	1.22
机体	1.22
乱麻	1.22
盛行	1.22
舒展	1.22
艾格	1.22
长假	1.22
敌舰	1.22
躯干	1.22
荒岛	1.22
背地里	1.22
两面派	1.22
布里格斯	1.22
全名	1.22
海拔	1.22
布尔	1.22
帆布	1.22
烟枪	1.22
估算	1.22
格林威治	1.22
河坝	1.22
底盘	1.22
艺名	1.22
尾部	1.22
矿物	1.22
饮水	1.22
军服	1.22
到会	1.22
失掉	1.22
失散	1.22
愚	1.22
浩劫	1.22
达芬奇	1.22
朗诵	1.22
斯文	1.22
赞誉	1.22
现钞	1.22
张望	1.22
爽约	1.22
歌迪	1.22
呼声	1.22
铁塔	1.22
善恶	1.22
违禁	1.22
摇钱树	1.22
昏暗	1.22
云梯	1.22
静静地	1.22
通融	1.22
刺中	1.22
致歉	1.22
工作日	1.22
神速	1.22
音乐厅	1.22
一刀两断	1.22
序	1.22
公文	1.22
筹资	1.22
战神	1.22
九十	1.22
麦奥斯	1.22
不知所云	1.22
静静的	1.22
亚瑟王	1.22
远航	1.22
作恶	1.22
花束	1.22
阿什利	1.22
托管	1.22
想得到	1.22
枯竭	1.22
萨塔	1.22
求援	1.22
迂回	1.22
饥	1.22
早熟	1.22
高人一等	1.22
无望	1.22
事与愿违	1.22
俯瞰	1.22
掏空	1.22
瑞安	1.22
保护区	1.22
万众	1.22
输给	1.22
破晓	1.22
锅炉	1.22
理工学院	1.22
接送	1.22
相投	1.22
翻脸	1.22
增进	1.22
父爱	1.22
巴洛	1.22
百分之十	1.22
缚	1.22
西尔维娅	1.22
太阳神	1.22
何而来	1.22
咄咄逼人	1.22
武志	1.22
奥古斯蒂娜	1.22
功绩	1.22
路易斯安那州	1.22
艺术馆	1.22
大功告成	1.22
少将	1.22
鸟笼	1.22
生疏	1.22
窦	1.22
佛罗伦斯	1.22
散落	1.22
街坊	1.22
民用	1.22
日渐	1.22
水泡	1.22
展览会	1.22
荷兰语	1.22
甲基	1.22
接力	1.22
嫁妆	1.22
法术	1.22
赃	1.22
远东	1.22
相称	1.22
弗吉尼亚州	1.22
眯	1.22
排查	1.22
人称	1.22
芬奇	1.22
西天	1.22
牠	1.22
漂泊	1.22
意料之中	1.22
宅邸	1.22
学问	1.22
过剩	1.22
展品	1.22
防盗	1.22
茶会	1.22
蚱	1.22
苣	1.22
俐	1.22
瞰	1.22
刑讯	1.19
燥	1.19
艾滋病毒	1.19
奢	1.19
查德	1.19
截断	1.19
越权	1.19
午餐会	1.19
猛击	1.19
冰淇	1.19
握有	1.19
可贵	1.19
烂泥	1.19
露脸	1.19
奥利佛	1.19
意向	1.19
监听器	1.19
流入	1.19
梅吉	1.19
思朋斯	1.19
篮球场	1.19
自给自足	1.19
发情	1.19
轻蔑	1.19
狠心	1.19
河谷	1.19
政府部门	1.19
濒死	1.19
普普通通	1.19
涨潮	1.19
自相矛盾	1.19
播放器	1.19
斯蒂芬妮	1.19
索马里	1.19
内科	1.19
小气鬼	1.19
链条	1.19
商谈	1.19
三分之二	1.19
少不了	1.19
乔纳	1.19
俗话说	1.19
刚巧	1.19
梵	1.19
丽芙	1.19
如鱼得水	1.19
康纳利	1.19
触电	1.19
洗刷	1.19
可憎	1.19
初学者	1.19
来劲	1.19
誓死	1.19
可嘉	1.19
空隙	1.19
卡罗莱纳	1.19
涡轮	1.19
坐等	1.19
来世	1.19
栖身	1.19
致命伤	1.19
别致	1.19
大个儿	1.19
迪娜	1.19
法兰克福	1.19
回溯	1.19
戴伦	1.19
肉麻	1.19
安非	1.19
败露	1.19
曼宁	1.19
裂口	1.19
哞	1.19
守旧	1.19
百科全书	1.19
长途跋涉	1.19
创业	1.19
恩典	1.19
名著	1.19
落叶	1.19
镁	1.19
开拓	1.19
难保	1.19
老处女	1.19
定型	1.19
难听	1.19
脑电图	1.19
凸	1.19
修缮	1.19
为期	1.19
科威特	1.19
斗鸡	1.19
基内维尔	1.19
定格	1.19
落选	1.19
自发	1.19
哥特	1.19
东南亚	1.19
闲谈	1.19
代理商	1.19
赠品	1.19
山芋	1.19
攻克	1.19
转型	1.19
窥	1.19
飞驰	1.19
柴火	1.19
摄氏	1.19
卖身	1.19
欧尼尔	1.19
叫唤	1.19
电磁场	1.19
庄	1.19
希拉	1.19
吹毛求疵	1.19
布法罗	1.19
纽曼	1.19
鲜艳	1.19
优利亚	1.19
跌落	1.19
肉排	1.19
古斯特	1.19
波特莱尔	1.19
冤家	1.19
囊中	1.19
甘蔗	1.19
镊子	1.19
面目全非	1.19
两手空空	1.19
通风报信	1.19
实弹	1.19
害臊	1.19
抑	1.19
彼得森	1.19
杰克森	1.19
纯一	1.19
负伤	1.19
女方	1.19
侍卫	1.19
中继站	1.19
何去何从	1.19
侍女	1.19
天色	1.19
行善	1.19
艾蕾	1.19
合唱队	1.19
赞成票	1.19
研	1.19
一二三	1.19
打呼噜	1.19
羊群	1.19
乱世	1.19
行情	1.19
兽性	1.19
交叉口	1.19
千禧	1.19
三级	1.19
美术馆	1.19
飞行物	1.19
传道	1.19
锡拉丘兹	1.19
过载	1.19
格瑞格里	1.19
玛蒂尔德	1.19
拖后腿	1.19
化学武器	1.19
不闻不问	1.19
破伤风	1.19
连环画	1.19
血块	1.19
入口处	1.19
眼睑	1.19
凝结	1.19
热气球	1.19
光学	1.19
罪责	1.19
墩	1.19
律动	1.19
比划	1.19
传到	1.19
新墨西哥	1.19
美洲豹	1.19
满堂	1.19
四方	1.19
芥	1.19
卧房	1.19
伤脑筋	1.19
乔尔	1.19
弗莱	1.19
溶液	1.19
哈奇	1.19
脑壳	1.19
公民权	1.19
据为己有	1.19
倾家荡产	1.19
非官方	1.19
派别	1.19
观望	1.19
驱赶	1.19
武断	1.19
沙场	1.19
得克萨斯	1.19
表述	1.19
哈蕾	1.19
大肚子	1.19
偏袒	1.19
饭厅	1.19
讲演	1.19
怯场	1.19
修长	1.19
假肢	1.19
觉悟	1.19
白细胞	1.19
巴奇	1.19
克劳索	1.19
过境	1.19
花销	1.19
途经	1.19
蜊	1.17
锏	1.17
真切	1.16
小节	1.16
份量	1.16
总局	1.16
豆奶	1.16
文本	1.16
交易所	1.16
端正	1.16
坐骑	1.16
听天由命	1.16
待定	1.16
篓子	1.16
歧途	1.16
胚	1.16
贤珠	1.16
愈来愈	1.16
毫无道理	1.16
科隆	1.16
机师	1.16
领班	1.16
没出息	1.16
列尼	1.16
下跌	1.16
站稳	1.16
解剖学	1.16
片中	1.16
用量	1.16
流向	1.16
破镜重圆	1.16
捕杀	1.16
执政	1.16
查维斯	1.16
认命	1.16
靠得住	1.16
销售额	1.16
碎石	1.16
通货膨胀	1.16
克拉舍	1.16
发胖	1.16
执著	1.16
限速	1.16
降级	1.16
轻度	1.16
摇摇欲坠	1.16
加纳	1.16
捉拿	1.16
狄更斯	1.16
几十万	1.16
对照	1.16
进货	1.16
钢筋	1.16
尼古丁	1.16
念念	1.16
看守所	1.16
刁难	1.16
格里姆	1.16
空难	1.16
尤拉	1.16
小河	1.16
死罪	1.16
尼古拉	1.16
火上浇油	1.16
穿孔	1.16
斯蒂夫勒	1.16
锐	1.16
文献	1.16
生产商	1.16
输光	1.16
尼莫	1.16
诱导	1.16
汤姆·道比斯	1.16
一蹶不振	1.16
布鲁斯特	1.16
崇敬	1.16
催促	1.16
弹射	1.16
踝	1.16
兑	1.16
导火索	1.16
犀利	1.16
草包	1.16
恼人	1.16
苦痛	1.16
戴米安	1.16
候诊室	1.16
炙	1.16
威廉姆	1.16
必不可少	1.16
前沿	1.16
农作物	1.16
放电	1.16
自有	1.16
科长	1.16
右眼	1.16
红衣主教	1.16
高额	1.16
和气	1.16
容量	1.16
赞美诗	1.16
恶名	1.16
正焕	1.16
处分	1.16
步法	1.16
难倒	1.16
货舱	1.16
电极	1.16
戈培尔	1.16
洁西卡	1.16
唾	1.16
摩天大楼	1.16
老规矩	1.16
转盘	1.16
迪雷	1.16
丹米安	1.16
薛西斯	1.16
扮演者	1.16
山路	1.16
盗版	1.16
惨案	1.16
克里夫德	1.16
叫嚷	1.16
五秒	1.16
平地	1.16
敞篷车	1.16
行车	1.16
长笛	1.16
犹他	1.16
废铁	1.16
舒坦	1.16
分期付款	1.16
阿什	1.16
纸片	1.16
尼克森	1.16
尽忠	1.16
伯父	1.16
致谢	1.16
天王	1.16
聪明才智	1.16
艾里森	1.16
钵	1.16
呜呜	1.16
晕车	1.16
海沅	1.16
泰成	1.16
静观	1.16
嘶	1.16
惟一	1.16
上限	1.16
块儿	1.16
拘谨	1.16
静音	1.16
贝克汉姆	1.16
直贵	1.16
擦肩而过	1.16
互惠	1.16
笛子	1.16
缝制	1.16
直肠	1.16
皮质	1.16
火候	1.16
负荷	1.16
法兰绒	1.16
安古斯	1.16
军衔	1.16
夹板	1.16
媒介	1.16
所里	1.16
连着	1.16
斯托	1.16
标明	1.16
乓	1.16
清风	1.16
橱	1.16
小偷小摸	1.16
工蚁	1.16
鲁克	1.16
东岸	1.16
普利策	1.16
冒泡	1.16
磁盘	1.16
艾丽丝	1.16
黛莉西娅	1.16
挪挪	1.16
俗套	1.16
坚不可摧	1.16
调离	1.16
抹布	1.16
公分	1.16
侍从	1.16
荒芜	1.16
独生女	1.16
道听途说	1.16
公敌	1.16
公私	1.16
血性	1.16
卡桑德拉	1.16
木工	1.16
六百	1.16
起爆	1.16
摇篮曲	1.16
板块	1.16
马尔西	1.16
羊皮	1.16
探子	1.16
谢尔比	1.16
管辖权	1.16
诺丁汉	1.16
贝里可夫	1.16
糕饼	1.16
异类	1.16
逞强	1.16
产前	1.16
苇	1.16
贞娥	1.16
哈洛	1.16
水疗	1.16
缆	1.16
港湾	1.16
高低	1.16
阿托品	1.16
航程	1.16
背道而驰	1.16
莫特	1.16
弗莉卡	1.16
尿样	1.16
小行星	1.16
希普	1.16
弥赛亚	1.16
总机	1.16
被单	1.16
居家	1.16
乐乐	1.16
马虎	1.16
沙包	1.16
临头	1.16
背上	1.16
干冰	1.16
却说	1.16
居留	1.16
罗网	1.16
拉尔斯	1.16
个旧	1.16
圣胡安	1.16
不见得	1.16
雀跃	1.16
斑斑	1.16
济州	1.16
掠过	1.16
明智之举	1.16
老牌	1.16
狼藉	1.16
修理厂	1.16
好好先生	1.13
老虎机	1.13
大相径庭	1.13
后事	1.13
贤洙	1.13
引荐	1.13
冰河	1.13
半自动	1.13
页面	1.13
美的	1.13
留守	1.13
豪泽	1.13
商城	1.13
保龄球馆	1.13
椒盐	1.13
铤而走险	1.13
德克	1.13
离岸	1.13
百货商店	1.13
晋生	1.13
暂且	1.13
找事	1.13
许许多多	1.13
旧情	1.13
内讧	1.13
战区	1.13
安哥拉	1.13
执教	1.13
天平	1.13
鬼火	1.13
炼油厂	1.13
捕食	1.13
力士	1.13
侦察兵	1.13
敲门声	1.13
沃尔夫	1.13
科目	1.13
点缀	1.13
玩命	1.13
谢丽尔	1.13
超负荷	1.13
郑	1.13
冰锥	1.13
冰面	1.13
树桩	1.13
行程表	1.13
韵律	1.13
戒严	1.13
安安静静	1.13
帕萨迪纳	1.13
橡木	1.13
垮台	1.13
丘吉尔	1.13
奸杀	1.13
小牛	1.13
忠心耿耿	1.13
影射	1.13
潮水	1.13
彬	1.13
史翠珊	1.13
瞎眼	1.13
操之过急	1.13
浆糊	1.13
统领	1.13
科尔曼	1.13
打杂	1.13
高薪	1.13
淫乱	1.13
飞侠	1.13
喀布尔	1.13
肉食	1.13
冷落	1.13
伊斯坦布尔	1.13
勒尼	1.13
沉寂	1.13
分割	1.13
落网	1.13
独眼龙	1.13
车身	1.13
车载	1.13
钻探	1.13
借此机会	1.13
光照	1.13
苦涩	1.13
墓园	1.13
罗琳斯	1.13
总司令	1.13
熨斗	1.13
正如	1.13
人情味	1.13
湿度	1.13
伊顿	1.13
打头阵	1.13
捶	1.13
霸道	1.13
发大财	1.13
放哨	1.13
生儿育女	1.13
食道	1.13
放宽	1.13
随之而来	1.13
小狗	1.13
起诉书	1.13
说闲话	1.13
险些	1.13
无中生有	1.13
悬浮	1.13
旁白	1.13
别光	1.13
低劣	1.13
恨之入骨	1.13
第十三	1.13
排序	1.13
累累	1.13
奥林	1.13
叹为观止	1.13
出生入死	1.13
存入	1.13
抽打	1.13
出逃	1.13
收紧	1.13
平头	1.13
禁赛	1.13
一丝不苟	1.13
机不可失	1.13
免责	1.13
惠灵顿	1.13
巅	1.13
阻击	1.13
变样	1.13
光芒四射	1.13
神学	1.13
筹办	1.13
夜校	1.13
羟	1.13
忌日	1.13
罗马帝国	1.13
当庭	1.13
调频	1.13
十二点	1.13
茂	1.13
害处	1.13
河畔	1.13
赞叹	1.13
买房	1.13
政治犯	1.13
假币	1.13
趁早	1.13
那不勒斯	1.13
海狮	1.13
专科	1.13
劳动节	1.13
北非	1.13
歌喉	1.13
均衡	1.13
连队	1.13
露一手	1.13
擦亮	1.13
火光	1.13
火场	1.13
球技	1.13
陷落	1.13
茴香	1.13
埃尔维斯	1.13
兵器	1.13
清酒	1.13
搅拌器	1.13
负债	1.13
拿撒勒	1.13
加班费	1.13
歌颂	1.13
悲痛欲绝	1.13
在理	1.13
尖顶	1.13
一年一度	1.13
引人入胜	1.13
按铃	1.13
美津子	1.13
蔡斯	1.13
卫生巾	1.13
花椰菜	1.13
公尺	1.13
带刺	1.13
竿	1.13
奶妈	1.13
猪油	1.13
精良	1.13
独木舟	1.13
餐巾纸	1.13
萨莉	1.13
子弟	1.13
火山口	1.13
作坊	1.13
千百	1.13
度日	1.13
转换器	1.13
眼中钉	1.13
达科他	1.13
飘飘然	1.13
学科	1.13
无人	1.13
射击场	1.13
嘱咐	1.13
预支	1.13
落下	1.13
雀斑	1.13
学士	1.13
有望	1.13
吉塞尔	1.13
有救	1.13
雅典娜	1.13
花边	1.13
马夫	1.13
超高	1.13
胳膊肘	1.13
牛皮	1.13
桑恩	1.13
桑敏	1.13
硕大	1.13
侵	1.13
教课	1.13
议院	1.13
雷兹尼克	1.13
诺曼底	1.13
瑞利	1.13
焉	1.13
阴暗面	1.13
善敏	1.13
水底	1.13
鹿角	1.13
毁于一旦	1.13
饭桌	1.13
交锋	1.13
少有	1.13
涕	1.13
光谱	1.13
格言	1.13
格蒂	1.13
本行	1.13
颂	1.13
奇想	1.13
多姿多彩	1.13
病变	1.13
洛斯戈	1.13
告状	1.13
表象	1.13
爱伦	1.13
杂交	1.13
淡忘	1.13
表演赛	1.13
巴托斯基	1.13
吐露	1.13
相约	1.13
蝌蚪	1.13
埃利斯	1.13
见效	1.13
粉身碎骨	1.13
声纳	1.13
石碑	1.13
耸	1.13
远在	1.13
人之常情	1.13
悔改	1.13
颤动	1.13
检索	1.13
劾	1.13
湃	1.11
阂	1.11
尤达	1.1
撒手不管	1.1
肉身	1.1
布罗萨尔	1.1
溜掉	1.1
和平共处	1.1
小钱	1.1
苹	1.1
大批	1.1
转瞬即逝	1.1
吊车	1.1
格里芬	1.1
丽碧	1.1
身形	1.1
查房	1.1
既定	1.1
解围	1.1
蜷缩	1.1
撤掉	1.1
创下	1.1
回头路	1.1
春光	1.1
下游	1.1
殴	1.1
时下	1.1
屠宰	1.1
卡西	1.1
陵墓	1.1
断送	1.1
通风管	1.1
胡图族	1.1
灵通	1.1
苍天	1.1
站岗	1.1
内陆	1.1
方向感	1.1
撰写	1.1
宋飞	1.1
栖	1.1
属下	1.1
捉奸	1.1
牛油	1.1
薰智	1.1
野村	1.1
护士长	1.1
乔斯	1.1
凯尔文	1.1
波音	1.1
管理处	1.1
素妍	1.1
时针	1.1
点烟	1.1
古物	1.1
舰船	1.1
沃尔特·柯敏斯	1.1
篮筐	1.1
小妹	1.1
指针	1.1
凋谢	1.1
埃米莉	1.1
透彻	1.1
有条不紊	1.1
贴近	1.1
誓约	1.1
汇聚	1.1
东南部	1.1
博爱	1.1
枪炮	1.1
转来转去	1.1
穿刺	1.1
奥迪	1.1
仙子	1.1
休斯敦	1.1
满天飞	1.1
仙妮	1.1
壮举	1.1
饰物	1.1
迪斯	1.1
选拔赛	1.1
浸泡	1.1
发源地	1.1
壮汉	1.1
左面	1.1
游泳衣	1.1
定局	1.1
心房	1.1
分区	1.1
爪牙	1.1
无地自容	1.1
深山	1.1
伊夫	1.1
绿洲	1.1
服兵役	1.1
某某	1.1
恩焕	1.1
货柜	1.1
迷离	1.1
右臂	1.1
心仪	1.1
卒	1.1
毒打	1.1
反复无常	1.1
影印	1.1
断路	1.1
尺度	1.1
万事通	1.1
蟒蛇	1.1
莎莎	1.1
铺床	1.1
分隔	1.1
正方形	1.1
不规则	1.1
此行	1.1
短语	1.1
汽笛	1.1
定为	1.1
自娱	1.1
心想事成	1.1
杜斯	1.1
运输机	1.1
小琳	1.1
药检	1.1
例假	1.1
阳痿	1.1
别名	1.1
祈福	1.1
习	1.1
获释	1.1
会派	1.1
自乐	1.1
母爱	1.1
改用	1.1
不可或缺	1.1
变色	1.1
转为	1.1
蕊	1.1
一意孤行	1.1
熟识	1.1
冷清	1.1
掌舵	1.1
拿手好戏	1.1
玛丽娜	1.1
长线	1.1
备案	1.1
有的是	1.1
死刑犯	1.1
通气	1.1
阿刚	1.1
荣光	1.1
禀	1.1
长廊	1.1
大力士	1.1
迟缓	1.1
彷徨	1.1
柔情	1.1
特种	1.1
裴达	1.1
残缺	1.1
尸首	1.1
伯利恒	1.1
囧	1.1
倾心	1.1
粘液	1.1
鼻梁	1.1
斯诺	1.1
承载	1.1
省事	1.1
代表作	1.1
日记本	1.1
染色	1.1
直立	1.1
祈	1.1
允珍	1.1
保险单	1.1
清高	1.1
震荡	1.1
到访	1.1
沙丁鱼	1.1
弗兰尼	1.1
冒汗	1.1
血栓	1.1
宝典	1.1
眼色	1.1
造假	1.1
过手	1.1
泣	1.1
格拉斯哥	1.1
威信	1.1
艾薇	1.1
模板	1.1
长者	1.1
阿萨	1.1
又是	1.1
长裤	1.1
伴唱	1.1
阿龙	1.1
美纪	1.1
节骨眼	1.1
皇族	1.1
试管	1.1
糖果店	1.1
精妙	1.1
腐化	1.1
窝藏	1.1
珍尼	1.1
花絮	1.1
关门大吉	1.1
简简单单	1.1
萌	1.1
费尽	1.1
基布让	1.1
相间	1.1
芹菜	1.1
相逢	1.1
纬度	1.1
栏目	1.1
围捕	1.1
四分之三	1.1
费神	1.1
酬	1.1
屹立	1.1
瘫	1.1
赌债	1.1
鬼门关	1.1
异教	1.1
格拉斯	1.1
畏缩	1.1
马塞	1.1
斯达利克	1.1
家家	1.1
丰富多彩	1.1
哈米	1.1
慰问	1.1
膝盖骨	1.1
咕哝	1.1
美洲虎	1.1
光盘	1.1
交界	1.1
斯林姆	1.1
布莱尔	1.1
刘海	1.1
州里	1.1
黛芬妮	1.1
闺房	1.1
交替	1.1
更上一层楼	1.1
理科	1.1
日安	1.1
乐土	1.1
伊基	1.1
蹄子	1.1
高见	1.1
乐安	1.1
破获	1.1
奇才	1.1
畅所欲言	1.1
构	1.1
出生地	1.1
孝顺	1.1
聆	1.1
抚恤金	1.1
收支	1.1
寂	1.1
众矢之的	1.1
团结一心	1.1
对得起	1.1
三思而后行	1.1
盖伯	1.1
篾	1.1
老乡	1.1
纳尼亚	1.1
内伤	1.1
利率	1.1
通电	1.1
一目了然	1.1
扁桃体	1.1
不能自拔	1.1
堕	1.1
鞠	1.1
入魔	1.1
铜板	1.1
误入歧途	1.1
相仿	1.1
更进一步	1.1
皿	1.09
蜍	1.09
胧	1.09
憔	1.09
份额	1.07
诊疗	1.07
桌前	1.07
后撤	1.07
补习	1.07
白兔	1.07
弗雷泽	1.07
闪光弹	1.07
窈窕	1.07
大度	1.07
缓冲	1.07
崽	1.07
摞	1.07
麻将	1.07
真纪	1.07
贴切	1.07
软骨	1.07
安家	1.07
大石	1.07
亮晶晶	1.07
占便宜	1.07
阿里克斯	1.07
料子	1.07
深思	1.07
萨斯城	1.07
嘘声	1.07
会员卡	1.07
提个醒	1.07
城区	1.07
地段	1.07
时事	1.07
射箭	1.07
来访者	1.07
卡里	1.07
阴谋家	1.07
体育运动	1.07
解码器	1.07
虎视眈眈	1.07
凯奇	1.07
钢板	1.07
棚屋	1.07
埋头	1.07
流量	1.07
陶器	1.07
马尼拉	1.07
摄像师	1.07
纷争	1.07
废纸	1.07
约翰尼·布雷兹	1.07
用以	1.07
大肠	1.07
丢人现眼	1.07
孤寂	1.07
孤岛	1.07
奴隶制	1.07
小径	1.07
玻璃窗	1.07
销魂	1.07
二百	1.07
巴瑞斯	1.07
胫骨	1.07
阪	1.07
毒瘤	1.07
马利亚	1.07
的哥	1.07
可喜	1.07
不休	1.07
沦为	1.07
睬	1.07
那大	1.07
大门口	1.07
售出	1.07
枉	1.07
辩护人	1.07
烙	1.07
赛蒂	1.07
浓汤	1.07
主动权	1.07
爬升	1.07
昭	1.07
要不是	1.07
马修斯	1.07
弹力	1.07
海明威	1.07
括约肌	1.07
洲际	1.07
劳克斯	1.07
出处	1.07
风力	1.07
疫情	1.07
爱默生	1.07
小奈德	1.07
香格里拉	1.07
倔强	1.07
败诉	1.07
示威者	1.07
骸骨	1.07
侄儿	1.07
毒剂	1.07
游泳队	1.07
诗恩	1.07
为重	1.07
茶壶	1.07
僧	1.07
狡辩	1.07
书记员	1.07
臣民	1.07
自力更生	1.07
雅利安	1.07
尖刻	1.07
钱币	1.07
手巾	1.07
所向披靡	1.07
洋溢	1.07
侃	1.07
家产	1.07
比利时人	1.07
浴衣	1.07
定夺	1.07
莲恩	1.07
弗朗西丝卡	1.07
分身	1.07
先发制人	1.07
和弦	1.07
场内	1.07
圣达菲	1.07
诱惑力	1.07
芬伯格	1.07
奔放	1.07
炙手可热	1.07
手背	1.07
友军	1.07
达蒙	1.07
扫描器	1.07
金星	1.07
风琴	1.07
皈依	1.07
心虚	1.07
自学	1.07
拉下水	1.07
随机应变	1.07
绿茶	1.07
家禽	1.07
绒毛	1.07
批发商	1.07
攻破	1.07
全人类	1.07
酒窖	1.07
博蒙特	1.07
吃不消	1.07
适时	1.07
开怀大笑	1.07
佩因赫斯特	1.07
鱼叉	1.07
诱骗	1.07
经由	1.07
电信	1.07
嘉丝	1.07
收发室	1.07
畅	1.07
焦虑不安	1.07
先天性	1.07
菲利普斯	1.07
文职	1.07
变通	1.07
横幅	1.07
曼森	1.07
暴跳如雷	1.07
秀秀	1.07
服务部	1.07
劳斯莱斯	1.07
误伤	1.07
一言难尽	1.07
沿途	1.07
天命	1.07
隐私权	1.07
隔膜	1.07
尹	1.07
世代	1.07
烁	1.07
相安无事	1.07
小约翰	1.07
躯壳	1.07
谭铃	1.07
上马	1.07
灯笼	1.07
残渣	1.07
暹	1.07
贸然	1.07
紫罗兰	1.07
举重	1.07
护林	1.07
工匠	1.07
垂死挣扎	1.07
绝技	1.07
桌边	1.07
克里丝	1.07
切斯	1.07
标牌	1.07
微光	1.07
视作	1.07
尼罗河	1.07
香气	1.07
举措	1.07
特迪	1.07
索引	1.07
主旨	1.07
探测仪	1.07
陷于	1.07
巨石	1.07
屄	1.07
没落	1.07
受尽	1.07
神经性	1.07
库尔特	1.07
天文学家	1.07
升温	1.07
豹子	1.07
窘境	1.07
峰值	1.07
恒星	1.07
口感	1.07
伞兵	1.07
颤栗	1.07
考量	1.07
诞	1.07
制订	1.07
新颖	1.07
平衡木	1.07
淤泥	1.07
索鲁斯	1.07
朽	1.07
俯视	1.07
管辖区	1.07
热气	1.07
三秒	1.07
餐会	1.07
琥珀	1.07
无益	1.07
凯勒布	1.07
停泊	1.07
掀翻	1.07
成婚	1.07
进出口	1.07
马儿	1.07
传回	1.07
敲诈勒索	1.07
投弹	1.07
剖析	1.07
石榴	1.07
美餐	1.07
兴高采烈	1.07
本田	1.07
杂货	1.07
莫罗	1.07
记忆犹新	1.07
皮蒂·格林	1.07
管道工	1.07
表层	1.07
爱恋	1.07
破除	1.07
索菲亚	1.07
搬动	1.07
驱除	1.07
干涸	1.07
总编	1.07
灰飞烟灭	1.07
同班	1.07
扫除	1.07
疣	1.07
台球桌	1.07
米尔克	1.07
怪味	1.07
瘦子	1.07
珍视	1.07
自然灾害	1.07
织物	1.07
阿玛瑞	1.07
液压	1.07
衰落	1.07
测定	1.07
消音器	1.07
咕咕	1.07
趾甲	1.07
资本家	1.07
骇人听闻	1.07
渔	1.07
擦拭	1.07
西点	1.07
葬送	1.07
面团	1.07
旦	1.07
忡	1.07
裳	1.07
牒	1.07
畴	1.07
惘	1.05
鸳	1.05
鸯	1.05
支票簿	1.04
裱	1.04
腼腆	1.04
感谢信	1.04
蹿	1.04
信贷	1.04
卡佛	1.04
丽兹	1.04
厄尼·戴维斯	1.04
虑	1.04
周折	1.04
额度	1.04
依次	1.04
凯歌	1.04
踏实	1.04
进站	1.04
受挫	1.04
贝雷帽	1.04
留宿	1.04
少数民族	1.04
若非	1.04
骨瘦如柴	1.04
疹子	1.04
论据	1.04
门窗	1.04
放大镜	1.04
德川	1.04
灵车	1.04
总动员	1.04
奈杰尔	1.04
油罐	1.04
票价	1.04
月台	1.04
臭烘烘	1.04
小雪	1.04
轻浮	1.04
孵	1.04
久远	1.04
护目镜	1.04
开拓者	1.04
维生	1.04
侍奉	1.04
屈辱	1.04
婉转	1.04
软管	1.04
阳伞	1.04
坦帕	1.04
试验品	1.04
八哥	1.04
篮板	1.04
微乎其微	1.04
以南	1.04
鲶鱼	1.04
遮盖	1.04
奸细	1.04
套索	1.04
协奏曲	1.04
蚂蚱	1.04
所剩无几	1.04
格瑞格	1.04
缉拿	1.04
叔父	1.04
坚挺	1.04
挫伤	1.04
青霉素	1.04
男厕	1.04
左右为难	1.04
麦克尔斯	1.04
立足	1.04
亲信	1.04
宝库	1.04
跳棋	1.04
电量	1.04
混血儿	1.04
生吞活剥	1.04
落日	1.04
朴素	1.04
递送	1.04
自鸣得意	1.04
阿德里	1.04
克里	1.04
右腿	1.04
小武	1.04
各队	1.04
怀中	1.04
数值	1.04
布伦特	1.04
哗	1.04
彰	1.04
瘪三	1.04
无意识	1.04
车速	1.04
赤手空拳	1.04
口罩	1.04
宽慰	1.04
哈比布	1.04
中餐馆	1.04
资质	1.04
阿米什	1.04
附着	1.04
恶报	1.04
奥莉维娅	1.04
门房	1.04
左眼	1.04
巴伐利亚	1.04
迈拉·欣德利	1.04
玉米粉	1.04
惨烈	1.04
雪崩	1.04
雪平	1.04
风浪	1.04
米莎	1.04
队名	1.04
英媛	1.04
打闹	1.04
勒弗罗伊	1.04
回路	1.04
家父	1.04
群舞	1.04
星辰	1.04
想当然	1.04
会演	1.04
挡箭牌	1.04
适度	1.04
古斯塔夫	1.04
跟头	1.04
林克	1.04
挨个	1.04
装点	1.04
斯皮尔伯格	1.04
行骗	1.04
樱	1.04
乐章	1.04
城里人	1.04
马尔科	1.04
冲澡	1.04
史提尔	1.04
约旦	1.04
阿修罗	1.04
大小便	1.04
法制	1.04
洁癖	1.04
萨文奇	1.04
井水	1.04
伯格	1.04
冲凉	1.04
物业	1.04
深厚	1.04
卡西尔	1.04
登机口	1.04
真实感	1.04
华盛顿州	1.04
全套	1.04
海景	1.04
擦洗	1.04
海神	1.04
生龙活虎	1.04
镭	1.04
波特曼	1.04
商界	1.04
证明书	1.04
洛克菲勒	1.04
维尔纽斯	1.04
绝招	1.04
英君	1.04
黏糊	1.04
同台	1.04
塞奇威克	1.04
直通	1.04
不好惹	1.04
而后	1.04
警备	1.04
绝食	1.04
暗淡	1.04
标示	1.04
合眼	1.04
梅格	1.04
多样化	1.04
霍元甲	1.04
鲁思	1.04
杠杆	1.04
直白	1.04
癞蛤蟆	1.04
蛀	1.04
同龄人	1.04
免罪	1.04
提请	1.04
呼噜	1.04
倍受	1.04
弗兰奇	1.04
消防站	1.04
保证书	1.04
激战	1.04
快照	1.04
十全十美	1.04
鼎	1.04
索洛维奇	1.04
奥克塔维娅	1.04
开辟	1.04
农舍	1.04
沿岸	1.04
共用	1.04
悬而未决	1.04
蹈	1.04
迪杰	1.04
中提琴	1.04
长袖	1.04
不遗余力	1.04
木地板	1.04
拢	1.04
老把戏	1.04
公约	1.04
长长	1.04
你死我活	1.04
菲戈	1.04
订阅	1.04
斟	1.04
美籍	1.04
停工	1.04
探头	1.04
招揽	1.04
篇章	1.04
有序	1.04
精炼	1.04
官僚主义	1.04
一世	1.04
满载	1.04
家喻户晓	1.04
上心	1.04
籽	1.04
简介	1.04
亡命	1.04
电解质	1.04
令人发指	1.04
成型	1.04
政见	1.04
心安理得	1.04
仇杀	1.04
靠拢	1.04
瓮	1.04
斯特恩	1.04
投射	1.04
引擎盖	1.04
交织	1.04
病理学	1.04
余额	1.04
李奥	1.04
淡水	1.04
库什勒	1.04
飘逸	1.04
死于非命	1.04
半球	1.04
维奥莉特	1.04
易碎	1.04
不辞而别	1.04
近在眼前	1.04
小卖部	1.04
表里	1.04
街口	1.04
箴言	1.04
马马虎虎	1.04
教员	1.04
前所未见	1.04
丛	1.04
推卸	1.04
唧	1.04
年薪	1.04
板上钉钉	1.04
花车	1.04
乌合之众	1.04
比目鱼	1.04
发芽	1.04
液氮	1.04
克里斯托弗·亨德森	1.04
始作俑者	1.04
办公楼	1.04
个中	1.04
点数	1.04
汐	1.02
轶	1.02
安生	1.01
太后	1.01
坐落	1.01
大道理	1.01
列奥尼达	1.01
汇款	1.01
拖欠	1.01
威利斯	1.01
最高分	1.01
蜂窝	1.01
白梅	1.01
猛犸	1.01
待人	1.01
抚平	1.01
毛利	1.01
框架	1.01
第一手	1.01
走散	1.01
时时	1.01
热能	1.01
廉耻	1.01
崩塌	1.01
申请人	1.01
掴	1.01
久留	1.01
腹腔	1.01
丹吉尔	1.01
确立	1.01
朱蒂	1.01
地皮	1.01
红眼病	1.01
产假	1.01
连锁反应	1.01
老一套	1.01
轻盈	1.01
彬彬有礼	1.01
盖世太保	1.01
掏腰包	1.01
咖啡屋	1.01
扭打	1.01
凯姆	1.01
脱险	1.01
走调	1.01
托滕可夫	1.01
托儿	1.01
盛情	1.01
要冲	1.01
川顿	1.01
内存	1.01
掣	1.01
搪塞	1.01
怀俄明州	1.01
进而	1.01
蚯蚓	1.01
大调	1.01
冰雹	1.01
斋	1.01
坐垫	1.01
编制	1.01
美利坚	1.01
罗得岛	1.01
试验室	1.01
帕斯卡	1.01
气枪	1.01
神学院	1.01
大杂烩	1.01
我行我素	1.01
安达	1.01
亲情	1.01
徐	1.01
肆无忌惮	1.01
众议院	1.01
数以百万计	1.01
零售商	1.01
丸子	1.01
战况	1.01
比查姆	1.01
归属感	1.01
血洗	1.01
爆出	1.01
打磨	1.01
攥	1.01
挥拳	1.01
公厕	1.01
和谈	1.01
草皮	1.01
霍茨布洛茨	1.01
税务局	1.01
黑山	1.01
硝	1.01
黑心	1.01
勒令	1.01
前世	1.01
黑桃	1.01
独吞	1.01
较真	1.01
抡	1.01
守信	1.01
优柔寡断	1.01
音速	1.01
悯	1.01
自治	1.01
句句	1.01
麸	1.01
克尔	1.01
天真无邪	1.01
气派	1.01
想尽	1.01
驳	1.01
搭话	1.01
适者生存	1.01
白纸黑字	1.01
虚荣心	1.01
网格	1.01
赛维莉娅	1.01
影视	1.01
守门	1.01
利利	1.01
莲娜	1.01
肌腱	1.01
车尾	1.01
盛名	1.01
拜倒	1.01
第十八	1.01
迅	1.01
辛德勒	1.01
雄鹰	1.01
因子	1.01
止痛片	1.01
铉	1.01
诵读	1.01
酒味	1.01
铁皮	1.01
沆	1.01
饮用水	1.01
不一	1.01
霍莉	1.01
砌	1.01
退庭	1.01
赛浦	1.01
雪地	1.01
面值	1.01
谁知	1.01
湿漉漉	1.01
茅屋	1.01
商学院	1.01
哲梦	1.01
渚	1.01
平坦	1.01
马尔福	1.01
天女	1.01
雾气	1.01
鳕鱼	1.01
菲利浦	1.01
先下手为强	1.01
希奇	1.01
归位	1.01
穷追不舍	1.01
奥立弗	1.01
夜生活	1.01
草草	1.01
下意识	1.01
乌兹别克斯坦	1.01
艾瑞纳	1.01
负重	1.01
主顾	1.01
两回事	1.01
罂粟	1.01
凱	1.01
在职	1.01
台北	1.01
骨牌	1.01
底牌	1.01
请示	1.01
貂皮	1.01
拼死	1.01
锁匠	1.01
很小	1.01
海勒	1.01
海员	1.01
掀开	1.01
窑	1.01
所长	1.01
影碟	1.01
历史学家	1.01
微微	1.01
麻风病	1.01
狄特尔	1.01
史陶	1.01
搽	1.01
茅	1.01
连夜	1.01
传家宝	1.01
路易士	1.01
猎豹	1.01
警棍	1.01
香甜	1.01
夸夸其谈	1.01
万恶	1.01
口吻	1.01
一点点	1.01
违约	1.01
驾驶室	1.01
夜鹰	1.01
原定	1.01
月夜	1.01
特异	1.01
杰曼	1.01
陪审	1.01
奶嘴	1.01
马沙	1.01
不足为奇	1.01
困苦	1.01
女童	1.01
何物	1.01
人事部	1.01
弯道	1.01
长袜	1.01
锦	1.01
长跑	1.01
磁力	1.01
跋涉	1.01
调试	1.01
赖安	1.01
闪失	1.01
辑	1.01
斯沃福德	1.01
相依为命	1.01
深邃	1.01
吃药	1.01
不远处	1.01
二十三	1.01
麦克白	1.01
停学	1.01
预备队	1.01
和睦相处	1.01
得胜	1.01
巴金	1.01
珍珠港	1.01
关口	1.01
布鲁伍德	1.01
热力	1.01
弱势	1.01
恭	1.01
就诊	1.01
词典	1.01
入座	1.01
手忙脚乱	1.01
火药味	1.01
精细	1.01
试剂	1.01
黯淡	1.01
云雀	1.01
伤寒	1.01
溺	1.01
寄信	1.01
送行	1.01
蔷薇	1.01
哈比	1.01
散架	1.01
渊源	1.01
超前	1.01
烦扰	1.01
超标	1.01
传承	1.01
贞德	1.01
超时	1.01
膳	1.01
光源	1.01
三合会	1.01
狼吞虎咽	1.01
出岔子	1.01
脑力	1.01
退还	1.01
讲师	1.01
层层	1.01
交错	1.01
马迪	1.01
科丽	1.01
诉状	1.01
表兄弟	1.01
个把	1.01
洙	1.01
讲稿	1.01
逐一	1.01
啮	1.01
声调	1.01
招领	1.01
饭前	1.01
孟	1.01
塞尔顿	1.01
珉	1.01
情欲	1.01
逃窜	1.01
沙尘暴	1.01
考卷	1.01
百分之	1.01
鳗鱼	1.01
倒好	1.01
贝基	1.01
罗里	1.01
谢德	1.01
式样	1.01
酚	1.01
费金	1.01
浪头	1.01
利生	1.01
送别	1.01
睡椅	1.01
圣恩	1.01
圣巴巴拉	1.01
企	1.01
悄悄的	1.01
克丽丝	1.01
笨重	1.01
垄	1
昆廷	0.98
补丁	0.98
曾几何时	0.98
折服	0.98
田中	0.98
天造地设	0.98
工艺品	0.98
依偎	0.98
户口	0.98
让给	0.98
依波	0.98
看报	0.98
太极	0.98
厘	0.98
麻醉师	0.98
疙瘩	0.98
库马	0.98
佩恩	0.98
扼死	0.98
地壳	0.98
拱门	0.98
委派	0.98
老婆婆	0.98
旧式	0.98
春卷	0.98
波恩	0.98
露骨	0.98
春梦	0.98
后空翻	0.98
下山	0.98
腾空	0.98
行话	0.98
委任	0.98
鯊	0.98
搀和	0.98
奥古斯特	0.98
乔乔	0.98
鲍里斯	0.98
绿叶	0.98
理所应当	0.98
叶甫盖尼	0.98
埋没	0.98
德雷克	0.98
经不起	0.98
氧气瓶	0.98
蒂莫西	0.98
朱尔	0.98
时而	0.98
汉密尔顿	0.98
机修	0.98
天文学	0.98
礼拜一	0.98
产房	0.98
迄今	0.98
设防	0.98
卡夫	0.98
沉默寡言	0.98
教廷	0.98
管弦乐	0.98
吡	0.98
温布尔	0.98
沃勒	0.98
外观	0.98
进退	0.98
吊灯	0.98
透漏	0.98
嫌弃	0.98
袖口	0.98
安雅	0.98
汇集	0.98
骤	0.98
不孕	0.98
有血有肉	0.98
后路	0.98
八百	0.98
校方	0.98
吊唁	0.98
注明	0.98
外交部	0.98
铁道	0.98
尼龙	0.98
维罗妮卡	0.98
莱尔德	0.98
地质学家	0.98
另当别论	0.98
翻车	0.98
飞溅	0.98
摩狄凯	0.98
急救箱	0.98
回扣	0.98
妻女	0.98
祖宗	0.98
佛格尔	0.98
辩称	0.98
面颊	0.98
驰	0.98
线路板	0.98
药都	0.98
自私自利	0.98
关岛	0.98
一生一世	0.98
市内	0.98
动真格的	0.98
克罗伊·奥布赖恩	0.98
贾森	0.98
噎住	0.98
造纸厂	0.98
变压器	0.98
修辞	0.98
草案	0.98
尽职尽责	0.98
芬芳	0.98
拜读	0.98
摩比斯	0.98
心境	0.98
葛芮	0.98
仿制品	0.98
自问	0.98
毒理	0.98
破船	0.98
色素	0.98
诬蔑	0.98
各类	0.98
黑衣	0.98
崽子	0.98
雌激素	0.98
佛教徒	0.98
市面	0.98
拉法第	0.98
伊薇	0.98
慧	0.98
网吧	0.98
广告词	0.98
萨特菲尔德	0.98
爱瑞卡	0.98
暮	0.98
定理	0.98
哥伦比亚人	0.98
贵姓	0.98
影集	0.98
芙蓉	0.98
宽广	0.98
在所难免	0.98
首播	0.98
一口气	0.98
愈发	0.98
回转	0.98
血肿	0.98
辩驳	0.98
足智多谋	0.98
电波	0.98
酒窝	0.98
红十字会	0.98
受体	0.98
耳目一新	0.98
陵	0.98
低血糖	0.98
斯蒂文	0.98
药瓶	0.98
家室	0.98
阴魂	0.98
转发	0.98
阴霾	0.98
林中	0.98
格雷丝	0.98
新鲜感	0.98
阴蒂	0.98
口里	0.98
深海	0.98
秀珍	0.98
怨气	0.98
观察员	0.98
生物武器	0.98
观察力	0.98
机械人	0.98
煲	0.98
夺目	0.98
谢尔曼	0.98
网球场	0.98
一视同仁	0.98
情有独钟	0.98
希伯伦	0.98
史坦	0.98
路牌	0.98
调遣	0.98
四面八方	0.98
过门	0.98
杜威恩	0.98
阿彻	0.98
病入膏肓	0.98
上上下下	0.98
平板	0.98
平整	0.98
拉莉塔	0.98
英曼	0.98
红利	0.98
历史课	0.98
闹腾	0.98
品德	0.98
迪格比	0.98
灾害	0.98
全球性	0.98
详尽	0.98
纯金	0.98
倘若	0.98
克里克	0.98
艺妓	0.98
便于	0.98
英军	0.98
泻药	0.98
赤脚	0.98
火坑	0.98
矿物质	0.98
请愿	0.98
替死鬼	0.98
大西洋城	0.98
球拍	0.98
绝活	0.98
答谢	0.98
上岗	0.98
詹妮佛	0.98
绝无仅有	0.98
罗伦纳	0.98
劳动力	0.98
欢欣鼓舞	0.98
松散	0.98
布迪	0.98
布隆迪	0.98
唐基	0.98
红衣	0.98
电话费	0.98
赤字	0.98
马尔科夫	0.98
蓟	0.98
主控	0.98
一本正经	0.98
大放异彩	0.98
末期	0.98
阿莱克斯	0.98
阿玛尼	0.98
性高潮	0.98
窝心	0.98
金正日	0.98
易拉罐	0.98
葵	0.98
蚊帐	0.98
开赛	0.98
道光	0.98
脚踏实地	0.98
珠穆朗玛峰	0.98
埃尼斯	0.98
起劲	0.98
外祖父	0.98
摇动	0.98
何以	0.98
棺	0.98
顶撞	0.98
斯皮特	0.98
原罪	0.98
小打小闹	0.98
青梅竹马	0.98
横冲直撞	0.98
迫在眉睫	0.98
佛利山	0.98
蜇	0.98
体恤	0.98
独角戏	0.98
冷饮	0.98
热带雨林	0.98
衰弱	0.98
阴囊	0.98
税款	0.98
萨德曼	0.98
栓塞	0.98
随即	0.98
筛	0.98
热天	0.98
抄袭	0.98
热源	0.98
非暴力	0.98
见谅	0.98
精简	0.98
瓦兰特	0.98
预留	0.98
调研	0.98
避风	0.98
反应器	0.98
学年	0.98
相比之下	0.98
眼科	0.98
送达	0.98
无性	0.98
无家可归者	0.98
奥斯威辛	0.98
全额	0.98
成品	0.98
溶化	0.98
佛罗伦萨	0.98
蒙大拿州	0.98
松枝	0.98
高利	0.98
散文	0.98
出征	0.98
雷伊	0.98
猿人	0.98
搬迁	0.98
哈伦	0.98
达文波特	0.98
雷纳	0.98
涌入	0.98
子虚乌有	0.98
奋起	0.98
学识	0.98
悄然	0.98
同龄	0.98
系主任	0.98
杂音	0.98
一心一意	0.98
翻版	0.98
偏差	0.98
螺栓	0.98
干柴	0.98
武田	0.98
选曲	0.98
西北部	0.98
被俘	0.98
南斯拉夫	0.98
逃往	0.98
马背	0.98
犯罪分子	0.98
马脚	0.98
相好	0.98
不锈钢	0.98
恐惧感	0.98
塔莎	0.98
干事	0.98
凯亚	0.98
复赛	0.98
复述	0.98
肢	0.98
特立独行	0.98
硅胶	0.98
今儿	0.98
弗兰	0.98
赠与	0.98
澎湃	0.98
邮购	0.98
洁西	0.98
鄙人	0.98
异能	0.98
秽	0.98
塞苏	0.98
相干	0.98
蜕变	0.98
固	0.98
每家	0.98
花香	0.98
新房	0.98
儿媳妇	0.98
膀子	0.98
栩	0.98
祀	0.96
胜仗	0.95
以至	0.95
普通话	0.95
零点	0.95
医用	0.95
遮蔽	0.95
皮夹克	0.95
大婶	0.95
零碎	0.95
神经错乱	0.95
瘦弱	0.95
打得火热	0.95
训练场	0.95
镇痛	0.95
激流	0.95
单程票	0.95
狂风	0.95
芦川	0.95
矫	0.95
剧痛	0.95
铺天盖地	0.95
莅临	0.95
多于	0.95
憾	0.95
悦耳	0.95
梅米	0.95
油价	0.95
产量	0.95
迅猛	0.95
荡秋千	0.95
击破	0.95
加藤	0.95
汉语	0.95
创世	0.95
虱	0.95
蜂巢	0.95
失声	0.95
义气	0.95
缺水	0.95
领略	0.95
驶向	0.95
旧日	0.95
哈德逊	0.95
梅子	0.95
陆续	0.95
油水	0.95
史密西	0.95
方便面	0.95
波及	0.95
认字	0.95
轻轨	0.95
训话	0.95
斯嘉丽	0.95
普拉提	0.95
颊	0.95
驻足	0.95
泽维尔	0.95
私刑	0.95
算盘	0.95
卷子	0.95
切尔诺贝利	0.95
变戏法	0.95
盆栽	0.95
私了	0.95
半身像	0.95
炎症	0.95
好似	0.95
镇里	0.95
大赦	0.95
尘世	0.95
克罗迪奥	0.95
联播	0.95
古鲁	0.95
小圣	0.95
源源不断	0.95
进驻	0.95
顺手牵羊	0.95
以北	0.95
小帅	0.95
树干	0.95
重刑	0.95
蜜桃	0.95
谁家	0.95
索罗姆	0.95
搔	0.95
狂喜	0.95
雄伟	0.95
山本	0.95
亲昵	0.95
海因茨	0.95
洗劫一空	0.95
亲王	0.95
飙升	0.95
招来	0.95
卫斯理	0.95
节点	0.95
戴恩	0.95
康宁	0.95
母语	0.95
雷切特	0.95
好头	0.95
疮	0.95
六千	0.95
出列	0.95
火车票	0.95
山头	0.95
阿米莉娅	0.95
乙醇	0.95
欧盟	0.95
县政府	0.95
变卦	0.95
手感	0.95
金表	0.95
老路	0.95
亲朋好友	0.95
钻井	0.95
甜酒	0.95
咂	0.95
梦乡	0.95
沾沾自喜	0.95
泽斯廷	0.95
软化	0.95
火辣辣	0.95
青山	0.95
康乃馨	0.95
恶霸	0.95
卡斯浦	0.95
滑雪板	0.95
吞并	0.95
强制性	0.95
戈登·迪安	0.95
前段	0.95
迈克斯	0.95
难产	0.95
柯尔	0.95
达德利	0.95
巧德	0.95
弊	0.95
自习	0.95
输油管	0.95
贵妇	0.95
心肌	0.95
混杂	0.95
启迪	0.95
难懂	0.95
甄选	0.95
辣味	0.95
哈蒙妮	0.95
举足轻重	0.95
为数不多	0.95
啧啧	0.95
锥	0.95
初始化	0.95
丹妮尔	0.95
通讯录	0.95
毫不费力	0.95
辗	0.95
经文	0.95
挺身	0.95
巨无霸	0.95
燃烧弹	0.95
装卸	0.95
游玩	0.95
塔莎娜	0.95
何止	0.95
高浓度	0.95
游乐	0.95
面上	0.95
冷冰冰	0.95
攻占	0.95
铂	0.95
背信弃义	0.95
占上风	0.95
种植园	0.95
奥瑟	0.95
光彩夺目	0.95
机械化	0.95
采矿	0.95
一下下	0.95
营房	0.95
路克	0.95
克热明斯基	0.95
荒漠	0.95
通关	0.95
安大略	0.95
通俗	0.95
衬托	0.95
大马士革	0.95
圣迪亚哥	0.95
升降	0.95
菲利斯	0.95
壁纸	0.95
枫叶	0.95
僧人	0.95
女贞	0.95
巴伦西亚	0.95
开眼	0.95
漂漂亮亮	0.95
剪报	0.95
天籁	0.95
恪守	0.95
绿帽子	0.95
长存	0.95
开曼	0.95
初选	0.95
窘迫	0.95
商业街	0.95
军中	0.95
饮品	0.95
登门	0.95
柔美	0.95
档案馆	0.95
虎口	0.95
味觉	0.95
土著人	0.95
伽利略	0.95
芭芭拉·诺瓦克	0.95
震天	0.95
工场	0.95
下岗	0.95
男声	0.95
沙福德	0.95
表现力	0.95
戈尔	0.95
庆生	0.95
国庆节	0.95
很早以前	0.95
阿拉凯	0.95
儿歌	0.95
红花	0.95
鼻腔	0.95
魁	0.95
侣	0.95
鲁斯	0.95
悼词	0.95
蒙骗	0.95
旺达	0.95
多样性	0.95
哈维尔	0.95
杵	0.95
衣冠楚楚	0.95
路线图	0.95
仁爱	0.95
课后	0.95
哥伦德	0.95
暗喻	0.95
随行	0.95
缴械	0.95
海伦娜	0.95
桂	0.95
苏伊	0.95
出人命	0.95
神采奕奕	0.95
评头论足	0.95
带动	0.95
商业化	0.95
秀铉	0.95
特种兵	0.95
威士忌酒	0.95
急症	0.95
神经系统	0.95
佐武	0.95
鞘	0.95
有劲	0.95
有助	0.95
波拉特	0.95
自知之明	0.95
年底	0.95
停业	0.95
霰弹	0.95
勘	0.95
京民	0.95
无所不在	0.95
睹	0.95
写照	0.95
旷野	0.95
坐冷板凳	0.95
凯切·布洛克	0.95
音乐声	0.95
自制力	0.95
晚年	0.95
胸肌	0.95
率先	0.95
高举	0.95
噩耗	0.95
脑瓜	0.95
拉兹罗	0.95
无用功	0.95
埃伦	0.95
肽	0.95
贪得无厌	0.95
考核	0.95
蝶	0.95
丁香	0.95
出发点	0.95
卡尔西法	0.95
耕	0.95
爱惜	0.95
舀	0.95
每况愈下	0.95
分得	0.95
也门	0.95
饭盒	0.95
交警	0.95
摺	0.95
落井下石	0.95
核反应堆	0.95
背离	0.95
音准	0.95
职业病	0.95
无所适从	0.95
霍华德·比厄	0.95
奇人	0.95
水泵	0.95
强求	0.95
卡利托斯	0.95
痛失	0.95
辛劳	0.95
人流	0.95
重物	0.95
恼怒	0.95
杰基·穆恩	0.95
稳重	0.95
入迷	0.95
分化	0.95
检察	0.95
得失	0.95
预选	0.95
洛基	0.95
条文	0.95
伯顿	0.95
老太	0.95
繁华	0.95
招致	0.95
过多	0.95
税金	0.95
尽心	0.95
缭	0.94
恪	0.94
身段	0.92
外地人	0.92
象形文字	0.92
冰层	0.92
瓦利德	0.92
进修	0.92
多福	0.92
注释	0.92
大体	0.92
识相	0.92
小铉	0.92
冰上	0.92
巴尔博	0.92
不配	0.92
身下	0.92
清教徒	0.92
女性化	0.92
策划者	0.92
鲤鱼	0.92
依恋	0.92
诊室	0.92
岳	0.92
软膏	0.92
高加索	0.92
令人满意	0.92
日耳曼	0.92
姑且	0.92
票据	0.92
后尘	0.92
端倪	0.92
加进	0.92
先天	0.92
阿佐绪	0.92
谬论	0.92
口口声声	0.92
过目不忘	0.92
纪事	0.92
米基	0.92
驶去	0.92
下海	0.92
驶入	0.92
特拉维夫	0.92
娇娃	0.92
波折	0.92
大奖赛	0.92
油桶	0.92
撒手	0.92
印尼	0.92
自得其乐	0.92
轻装	0.92
发扬	0.92
咎由自取	0.92
耽	0.92
囚徒	0.92
产卵	0.92
格雷厄姆	0.92
油腻	0.92
加害	0.92
爱迪	0.92
老东西	0.92
炽热	0.92
巡航	0.92
散热器	0.92
托尔	0.92
天文台	0.92
本庭	0.92
腹股沟	0.92
骗取	0.92
聚变	0.92
论证	0.92
摧	0.92
污染物	0.92
巴拉圭	0.92
寸步不离	0.92
调查处	0.92
大虾	0.92
号外	0.92
魔方	0.92
超群	0.92
养子	0.92
座标	0.92
戒心	0.92
高峰期	0.92
福德	0.92
我能	0.92
灌溉	0.92
贪吃	0.92
保鲜	0.92
巴斯托什	0.92
数以百计	0.92
不尽	0.92
如常	0.92
摘要	0.92
史努比	0.92
拍卖行	0.92
小白	0.92
卑贱	0.92
从始至终	0.92
纵队	0.92
特派员	0.92
斯瓦格	0.92
仙人	0.92
盆子	0.92
装车	0.92
变故	0.92
打岔	0.92
遍地	0.92
迪兰	0.92
诡计多端	0.92
天文	0.92
弼虎	0.92
受阻	0.92
君航	0.92
走后门	0.92
转院	0.92
打枪	0.92
便携式	0.92
霍娃	0.92
温度计	0.92
特伦斯	0.92
反反复复	0.92
杂烩	0.92
前兆	0.92
前哨	0.92
动乱	0.92
草拟	0.92
此人	0.92
左轮	0.92
即使如此	0.92
蓝宝石	0.92
评委会	0.92
撰稿人	0.92
元音	0.92
董	0.92
瓢虫	0.92
杰斯帕	0.92
恶行	0.92
伪钞	0.92
选择性	0.92
缩头	0.92
苦果	0.92
时刻表	0.92
奔走	0.92
定向	0.92
红绿灯	0.92
误杀	0.92
常驻	0.92
曼蒂	0.92
黑麦	0.92
名曲	0.92
微量元素	0.92
放映机	0.92
传送带	0.92
饮用	0.92
恶果	0.92
痢疾	0.92
控制塔	0.92
风笛	0.92
矿山	0.92
双鱼	0.92
润滑	0.92
泻	0.92
车座	0.92
独子	0.92
演奏家	0.92
诉诸	0.92
误差	0.92
按揭	0.92
打雷	0.92
辛普亚	0.92
赛后	0.92
哈克比	0.92
嗖	0.92
弗朗西斯科	0.92
奥兰	0.92
限定	0.92
跺脚	0.92
装货	0.92
耀斑	0.92
夸耀	0.92
万福	0.92
飞鱼	0.92
这么些	0.92
韦恩·帕默尔	0.92
叫好	0.92
烘焙	0.92
十分之一	0.92
叫嚣	0.92
碳酸	0.92
俗语	0.92
平复	0.92
助产	0.92
深水	0.92
安全性	0.92
刺骨	0.92
克莱文	0.92
起航	0.92
拿骚	0.92
船身	0.92
口风	0.92
天长地久	0.92
崴	0.92
溢出	0.92
裤衩	0.92
革命性	0.92
备战	0.92
脸面	0.92
天日	0.92
更衣	0.92
平日	0.92
艾本	0.92
动力学	0.92
碎裂	0.92
专机	0.92
摔交	0.92
这般	0.92
灯火	0.92
合一	0.92
内行	0.92
慢动作	0.92
语言学	0.92
除夕夜	0.92
设计者	0.92
癫	0.92
翻来覆去	0.92
白大褂	0.92
反问	0.92
泰坦	0.92
况	0.92
蒙混过关	0.92
星条旗	0.92
汲取	0.92
霓裳	0.92
松果	0.92
红颜	0.92
迈拉	0.92
晦气	0.92
索普	0.92
争气	0.92
紫红色	0.92
上亿	0.92
改行	0.92
息息相关	0.92
史杜特	0.92
逮捕证	0.92
烟鬼	0.92
戏码	0.92
基科	0.92
曾祖母	0.92
研究室	0.92
柔顺	0.92
上浮	0.92
实物	0.92
牛角	0.92
皮层	0.92
饱满	0.92
沦陷	0.92
肥大	0.92
起价	0.92
木浦	0.92
磁碟	0.92
隐约	0.92
急促	0.92
威严	0.92
案犯	0.92
阻隔	0.92
老挝	0.92
倒胃口	0.92
荒郊	0.92
莱昂内尔	0.92
调和	0.92
革命者	0.92
铊	0.92
蒲公英	0.92
哥本哈根	0.92
操作员	0.92
缀	0.92
无异	0.92
磨牙	0.92
景点	0.92
哑剧	0.92
单间	0.92
推行	0.92
做手脚	0.92
随叫随到	0.92
传呼机	0.92
随地	0.92
俯身	0.92
炒作	0.92
脾	0.92
惩	0.92
繁重	0.92
芳心	0.92
转眼	0.92
珍妮弗	0.92
凝望	0.92
掺杂	0.92
人脑	0.92
一律	0.92
强奸罪	0.92
寄予	0.92
打哈欠	0.92
成千	0.92
厂商	0.92
雷德	0.92
仇敌	0.92
拉斐尔	0.92
交上	0.92
维奇	0.92
苏瓦	0.92
高声	0.92
鹿岛	0.92
水坑	0.92
止境	0.92
阳刚	0.92
接过	0.92
胡佛	0.92
汤玛斯	0.92
桑亚	0.92
石化	0.92
设身处地	0.92
良药	0.92
父辈	0.92
桑德	0.92
比德曼	0.92
南北战争	0.92
桥头	0.92
不堪回首	0.92
操守	0.92
矜持	0.92
普罗克	0.92
停滞不前	0.92
静坐	0.92
正大光明	0.92
秃鹫	0.92
羊毛衫	0.92
太阳穴	0.92
米尔斯	0.92
碘	0.92
约翰·塔克	0.92
三千万	0.92
能人	0.92
蜂拥而至	0.92
奇幻	0.92
沙吉	0.92
断言	0.92
污辱	0.92
民歌	0.92
啧	0.92
据称	0.92
望风	0.92
弧线	0.92
不得而知	0.92
胸有成竹	0.92
不相上下	0.92
欸	0.92
点点滴滴	0.92
逸	0.92
贾尼斯	0.92
吝啬鬼	0.92
健身操	0.92
傻气	0.92
阿尔伯特	0.92
还款	0.92
俏皮话	0.92
杰弗里	0.92
活宝	0.92
阿道夫	0.92
利刃	0.92
炯韵	0.92
椭	0.92
禧	0.92
湮	0.9
媲	0.9
哝	0.9
岖	0.9
伶俐	0.89
百科	0.89
书法	0.89
纵情	0.89
条件反射	0.89
人参	0.89
槲寄生	0.89
羁	0.89
倒不如	0.89
蛊惑	0.89
澈	0.89
空心	0.89
白旗	0.89
折中	0.89
小辫子	0.89
普照	0.89
百事	0.89
康拉得	0.89
外泄	0.89
轻伤	0.89
帝国主义	0.89
起色	0.89
古墓	0.89
萌芽	0.89
外景	0.89
留存	0.89
蒙娜丽莎	0.89
领航员	0.89
拘泥	0.89
任凭	0.89
伊莎贝拉	0.89
科顿	0.89
稳操胜券	0.89
波涛	0.89
中层	0.89
目瞪口呆	0.89
野鸡	0.89
问世	0.89
死去活来	0.89
发福	0.89
奥斯本	0.89
方形	0.89
寓意	0.89
流下	0.89
生鱼片	0.89
过渡期	0.89
野草	0.89
产后	0.89
换气	0.89
老爷车	0.89
人脸	0.89
出乱子	0.89
腹痛	0.89
少年犯	0.89
加剧	0.89
涨价	0.89
科琳	0.89
组织者	0.89
上半场	0.89
勘测	0.89
唆使	0.89
命根子	0.89
马希利	0.89
防弹玻璃	0.89
实质性	0.89
不由	0.89
勋	0.89
追加	0.89
错位	0.89
哥斯拉	0.89
补补	0.89
马特奥	0.89
对白	0.89
普鲁迪	0.89
减半	0.89
重提	0.89
栖息地	0.89
博学	0.89
速冻	0.89
刑法	0.89
不及	0.89
生物体	0.89
科蒂斯	0.89
蛰	0.89
安妮塔	0.89
普罗米修斯	0.89
西蒙斯	0.89
希姆莱	0.89
特雷弗	0.89
死敌	0.89
追悼	0.89
泽西	0.89
搞搞	0.89
体质	0.89
软组织	0.89
其间	0.89
猪圈	0.89
爆竹	0.89
文生	0.89
助攻	0.89
遍及	0.89
氮气	0.89
酿成	0.89
欧弟	0.89
弗兰克斯坦	0.89
瓷	0.89
诱捕	0.89
男式	0.89
省去	0.89
免不了	0.89
洁蓉	0.89
缩水	0.89
挂到	0.89
给养	0.89
左臂	0.89
摇摇晃晃	0.89
寒暄	0.89
贝尔格莱德	0.89
无意间	0.89
各项	0.89
大姑娘	0.89
忌	0.89
达克	0.89
搭桥	0.89
嘟囔	0.89
紧急状态	0.89
寒酸	0.89
弗拉德	0.89
踮	0.89
市郊	0.89
黑脸	0.89
克蕾	0.89
前臂	0.89
期望值	0.89
死对头	0.89
说起	0.89
独有	0.89
麦蒂	0.89
遗址	0.89
手足	0.89
狼群	0.89
锦上添花	0.89
雨天	0.89
风潮	0.89
寒舍	0.89
势均力敌	0.89
立方	0.89
代名词	0.89
第十六	0.89
隐士	0.89
选举权	0.89
剃须刀	0.89
擤	0.89
勤务	0.89
图形	0.89
宇航	0.89
拚	0.89
抓拍	0.89
飞鹰	0.89
简单化	0.89
白安迪	0.89
史基普	0.89
德贝汉	0.89
游历	0.89
太空舱	0.89
舱口	0.89
侵略者	0.89
井上	0.89
机库	0.89
华沙	0.89
路卡	0.89
行装	0.89
懊恼	0.89
天庭	0.89
庆祝会	0.89
评定	0.89
佐藤	0.89
枫树	0.89
刀具	0.89
明君	0.89
牢不可破	0.89
本来面目	0.89
剪接	0.89
平滑	0.89
剩饭	0.89
全员	0.89
专攻	0.89
擦痕	0.89
海斯	0.89
哈米德	0.89
阿斯匹林	0.89
自讨苦吃	0.89
造福	0.89
火炮	0.89
火石	0.89
合体	0.89
债主	0.89
上进	0.89
球体	0.89
军医	0.89
上色	0.89
泰瑞	0.89
觅食	0.89
大力神	0.89
陌	0.89
驱逐舰	0.89
特使	0.89
跨国	0.89
专卖	0.89
艺媛	0.89
斯派洛	0.89
衔	0.89
平淡无奇	0.89
唸	0.89
写真	0.89
狠毒	0.89
逆向	0.89
耍嘴皮子	0.89
跳蚤市场	0.89
鹰爪	0.89
播种	0.89
旧案	0.89
东躲西藏	0.89
午宴	0.89
威尔斯	0.89
可兰经	0.89
花环	0.89
意中人	0.89
新闻网	0.89
老五	0.89
嘴角	0.89
唐纳	0.89
这么样	0.89
攀升	0.89
差强人意	0.89
帕尔默	0.89
玛丽莲	0.89
妒	0.89
钢琴师	0.89
音乐界	0.89
沃姆	0.89
社会保险	0.89
天花	0.89
自食其力	0.89
起家	0.89
氢氧化钠	0.89
菲德尔	0.89
废掉	0.89
隔热	0.89
示意图	0.89
嗞	0.89
国库	0.89
仪表盘	0.89
拉里·莫斯	0.89
杰丝	0.89
珠宝商	0.89
瓦塞尔	0.89
威特	0.89
海洋生物	0.89
柏油	0.89
埃德加	0.89
善举	0.89
得奖	0.89
致富	0.89
调停	0.89
勘察	0.89
原油	0.89
猪猡	0.89
调制	0.89
描	0.89
顶点	0.89
格鲁昂特	0.89
羊绒	0.89
木屐	0.89
训斥	0.89
兰博	0.89
美美	0.89
西贡	0.89
辛克莱	0.89
构建	0.89
参半	0.89
异乡	0.89
韵	0.89
随处	0.89
脐	0.89
承包人	0.89
跻身	0.89
说大话	0.89
紧要	0.89
米老鼠	0.89
厚厚的	0.89
碧翠丝	0.89
捷足先登	0.89
躲闪	0.89
程序员	0.89
册子	0.89
展露	0.89
马尔	0.89
保护神	0.89
愈演愈烈	0.89
苏扬	0.89
厂家	0.89
悉	0.89
溜冰鞋	0.89
雄狮	0.89
成份	0.89
涌动	0.89
柳树	0.89
韦尔	0.89
角膜	0.89
徵	0.89
类别	0.89
糖衣	0.89
噬	0.89
总额	0.89
莳	0.89
航母	0.89
雏	0.89
法学	0.89
水声	0.89
控股	0.89
眼花缭乱	0.89
撕毁	0.89
蓝领	0.89
水压	0.89
理赔	0.89
出诊	0.89
麦克罗伊	0.89
泡影	0.89
愚人节	0.89
培训班	0.89
千方百计	0.89
伤残	0.89
接任	0.89
无政府主义	0.89
奇奈	0.89
苟延残喘	0.89
收缴	0.89
巨变	0.89
填充物	0.89
普齐奥	0.89
乔治安娜	0.89
同年	0.89
钻研	0.89
预防针	0.89
乡亲	0.89
野心勃勃	0.89
格罗米特	0.89
王宫	0.89
水枪	0.89
清道夫	0.89
史崔克	0.89
闻所未闻	0.89
英格利希	0.89
老伴	0.89
西人	0.89
苟同	0.89
无言	0.89
茶杯	0.89
悦	0.89
眉头	0.89
粪坑	0.89
招认	0.89
推移	0.89
一行	0.89
炳斗	0.89
人味	0.89
单打	0.89
出纳员	0.89
霍布斯	0.89
鱼竿	0.89
拣到	0.89
母校	0.89
检点	0.89
倪	0.88
丽亚	0.86
孤身	0.86
炮手	0.86
海蜇	0.86
布兰奇	0.86
非正常	0.86
见分晓	0.86
小野	0.86
祛	0.86
独行侠	0.86
多拉	0.86
大喊	0.86
大宗	0.86
纰漏	0.86
领路	0.86
土包子	0.86
联队	0.86
穷苦	0.86
迎刃而解	0.86
江原道	0.86
狂饮	0.86
蜂房	0.86
氏族	0.86
不胜	0.86
化工厂	0.86
随处可见	0.86
冷汗	0.86
炮兵	0.86
投奔	0.86
其后	0.86
地下水	0.86
下级	0.86
梅棋	0.86
油彩	0.86
凯伊	0.86
恼	0.86
店面	0.86
先科	0.86
要饭	0.86
症结	0.86
赖以	0.86
深究	0.86
稀薄	0.86
胸怀	0.86
赶跑	0.86
问号	0.86
朝廷	0.86
片儿	0.86
屈从	0.86
埃森汉	0.86
先机	0.86
局内	0.86
四海	0.86
耀	0.86
牛粪	0.86
娘子	0.86
钱德勒	0.86
野种	0.86
办事员	0.86
可行性	0.86
脱节	0.86
蓓基	0.86
解职	0.86
啄木鸟	0.86
野战	0.86
本世纪	0.86
菩萨	0.86
若是	0.86
惩戒	0.86
掩人耳目	0.86
遵纪守法	0.86
航天飞机	0.86
片面	0.86
伯曼	0.86
引燃	0.86
拄	0.86
联网	0.86
联结	0.86
冰鞋	0.86
趾高气扬	0.86
大野	0.86
杞人忧天	0.86
好在	0.86
子公司	0.86
不济	0.86
夸脱	0.86
剃头	0.86
马来	0.86
克林	0.86
散会	0.86
踏足	0.86
进行曲	0.86
根部	0.86
卡珊德拉	0.86
狐朋狗友	0.86
植物园	0.86
如期	0.86
盗窃罪	0.86
空谈	0.86
荧屏	0.86
众目睽睽	0.86
淋漓尽致	0.86
啤酒瓶	0.86
骏马	0.86
弗来德	0.86
萨鲁曼	0.86
埃琳娜	0.86
从军	0.86
戴洛	0.86
文案	0.86
里恩	0.86
希尔达	0.86
文思	0.86
血案	0.86
戴塔	0.86
医嘱	0.86
心肝宝贝	0.86
布拉加	0.86
电钻	0.86
收录	0.86
奥马尔	0.86
信鸽	0.86
锂	0.86
把持	0.86
心疼	0.86
比尔博	0.86
人满为患	0.86
掉队	0.86
担保人	0.86
哭闹	0.86
蝗虫	0.86
一万五	0.86
隔离室	0.86
不屑一顾	0.86
韩德瑞斯	0.86
难于	0.86
硷	0.86
弟子	0.86
驰骋	0.86
高枕无忧	0.86
挺起	0.86
情网	0.86
圣城	0.86
非礼	0.86
迪克松	0.86
各方	0.86
名列	0.86
哈维·米尔克	0.86
伯明翰	0.86
电影票	0.86
青铜	0.86
腊	0.86
毫无办法	0.86
荒	0.86
俏皮	0.86
摩纳哥	0.86
堂姐	0.86
一遍遍	0.86
家畜	0.86
迪迪	0.86
甩手	0.86
丹妮丝	0.86
图森	0.86
志同道合	0.86
拆穿	0.86
呼吸道	0.86
长命百岁	0.86
雷洁	0.86
两性	0.86
埃德娜	0.86
酒厂	0.86
新教徒	0.86
砖块	0.86
奥托	0.86
戴西	0.86
排水沟	0.86
瓦莱约	0.86
绰绰有余	0.86
转体	0.86
鸣枪	0.86
飞贼	0.86
止血钳	0.86
皱眉	0.86
桃色	0.86
开导	0.86
纽克	0.86
原野	0.86
桐	0.86
调度员	0.86
日日夜夜	0.86
刀柄	0.86
埃菲尔	0.86
路由器	0.86
武功	0.86
副业	0.86
郁郁	0.86
原著	0.86
多此一举	0.86
诺瓦克	0.86
登机牌	0.86
局子	0.86
聂	0.86
名利场	0.86
吋	0.86
杰茜	0.86
败血症	0.86
冠状动脉	0.86
方方面面	0.86
电磁波	0.86
调转	0.86
大动脉	0.86
天竺	0.86
饭局	0.86
蝎	0.86
伴舞	0.86
天理	0.86
艾森豪威尔	0.86
陈列	0.86
火枪	0.86
塞族	0.86
晋	0.86
保险费	0.86
巴赫	0.86
忍气吞声	0.86
物归原主	0.86
保证金	0.86
清凉	0.86
梵高	0.86
如出一辙	0.86
贝比·鲁斯	0.86
隆隆	0.86
互利	0.86
江山	0.86
暗藏	0.86
赤道	0.86
直译	0.86
代表团	0.86
悉心	0.86
班房	0.86
惊叫	0.86
反话	0.86
胡里奥	0.86
戟	0.86
剑圣	0.86
无穷无尽	0.86
残存	0.86
哨兵	0.86
灾祸	0.86
多诺万	0.86
赞颂	0.86
午觉	0.86
砰砰	0.86
反攻	0.86
慈	0.86
最底层	0.86
松木	0.86
在所不惜	0.86
纯情	0.86
隙	0.86
阿莱克丝	0.86
裁判员	0.86
女高音	0.86
田纳	0.86
香波	0.86
军火库	0.86
写入	0.86
详谈	0.86
拉萨	0.86
救济院	0.86
松口	0.86
警服	0.86
二手车	0.86
上机	0.86
费尽心机	0.86
焚化炉	0.86
单个	0.86
伊洛娜	0.86
木箱	0.86
康斯坦丁	0.86
佐伊	0.86
西维亚	0.86
国境	0.86
堂兄弟	0.86
积木	0.86
感化	0.86
镶嵌	0.86
盎然	0.86
调侃	0.86
涩	0.86
灵验	0.86
体态	0.86
冷藏室	0.86
隐匿	0.86
圆顶	0.86
年华	0.86
阵脚	0.86
凶悍	0.86
小人儿	0.86
找钱	0.86
不堪一击	0.86
作乐	0.86
珍品	0.86
泥沼	0.86
占线	0.86
卡拉别斯	0.86
橇	0.86
盯梢	0.86
欺凌	0.86
滑溜	0.86
封锁线	0.86
人鱼	0.86
一了百了	0.86
听筒	0.86
人际	0.86
假死	0.86
花匠	0.86
患难	0.86
哈桑	0.86
类比	0.86
斯塔奇	0.86
间隙	0.86
格利	0.86
令人钦佩	0.86
皱眉头	0.86
燕子	0.86
艾哈迈德	0.86
格达那	0.86
捣鬼	0.86
娼妇	0.86
脑炎	0.86
马琳	0.86
麦奎因	0.86
心心相印	0.86
彩英	0.86
西装革履	0.86
猫腻	0.86
光昊	0.86
干枯	0.86
吉尔达	0.86
抗原	0.86
良性	0.86
旅人	0.86
卡瑟普	0.86
汉景	0.86
樽	0.86
洛杉矶市	0.86
莫顿	0.86
扎根	0.86
牧羊	0.86
喊声	0.86
功率	0.86
奇兵	0.86
早年	0.86
凯萨琳	0.86
目不转睛	0.86
厮杀	0.86
欲擒故纵	0.86
手舞足蹈	0.86
床头	0.86
主治医师	0.86
求职	0.86
推崇	0.86
抄写	0.86
眼角	0.86
跑动	0.86
探针	0.86
东京都	0.86
洗浴	0.86
日前	0.86
传导	0.86
头盖骨	0.86
蚌	0.86
掉以轻心	0.86
罗格	0.86
新作	0.86
巴巴	0.86
俞珍	0.86
个儿	0.86
排卵	0.86
瘸腿	0.86
罗纳德	0.86
力求	0.86
漏斗	0.86
常青藤	0.86
翻云覆雨	0.86
顺势	0.86
利奈	0.86
巴结	0.86
见地	0.86
小艇	0.86
猖	0.85
真假	0.83
立体声	0.83
阿尔弗雷德	0.83
檀香山	0.83
大伟	0.83
守株待兔	0.83
进取	0.83
看头	0.83
空投	0.83
燕华	0.83
穆罕默德·阿里	0.83
玩世不恭	0.83
真伪	0.83
新约	0.83
超新星	0.83
外线	0.83
沃顿	0.83
战斗队	0.83
克莱恩斯	0.83
真意	0.83
手风琴	0.83
船运	0.83
赏光	0.83
古柯	0.83
一月份	0.83
零度	0.83
分级	0.83
巡洋舰	0.83
蒙哥马利	0.83
波尔多	0.83
朝气	0.83
罗斯勒	0.83
症候	0.83
惟	0.83
梅森	0.83
象话	0.83
里士满	0.83
邱	0.83
卓别林	0.83
卢瑟福	0.83
核弹头	0.83
成百	0.83
暂住	0.83
索伦	0.83
高等教育	0.83
特遣队	0.83
击沉	0.83
油嘴	0.83
刊物	0.83
丹·瓦塞尔	0.83
地核	0.83
换车	0.83
下坡	0.83
留级	0.83
下凡	0.83
帕金森	0.83
梅瑟拉	0.83
腋下	0.83
油管	0.83
呀呀	0.83
换钱	0.83
问及	0.83
解毒	0.83
溺爱	0.83
甘露	0.83
换洗	0.83
卡托	0.83
索尼娅·贝克	0.83
着重	0.83
倚靠	0.83
弦乐	0.83
木棒	0.83
佛蒙特	0.83
中锋	0.83
施瑞德	0.83
老相识	0.83
动脑筋	0.83
轻快	0.83
全球化	0.83
罪孽深重	0.83
无依无靠	0.83
点播	0.83
哇哈	0.83
代代相传	0.83
下蛋	0.83
流过	0.83
幽谷	0.83
不翼而飞	0.83
弃明	0.83
疹	0.83
顺理成章	0.83
督促	0.83
事业有成	0.83
盔	0.83
大计	0.83
麦尔斯	0.83
白雪	0.83
雷恩	0.83
粗略	0.83
劈叉	0.83
好恶	0.83
湖泊	0.83
尻	0.83
太监	0.83
注目	0.83
阿谀奉承	0.83
杀身之祸	0.83
帕顿	0.83
号房	0.83
遮拦	0.83
眼见为实	0.83
辟	0.83
醒酒	0.83
亚利克斯	0.83
不俗	0.83
不了了之	0.83
费事	0.83
脚本	0.83
蕴含	0.83
山田	0.83
只怕	0.83
阴森	0.83
诱发	0.83
不同凡响	0.83
送货员	0.83
御医	0.83
上月	0.83
凡丽莎	0.83
罗蕾	0.83
卡其	0.83
遏制	0.83
龙珠	0.83
格雷迪	0.83
欧瓦	0.83
报表	0.83
转而	0.83
退让	0.83
闲暇	0.83
计划生育	0.83
闲扯	0.83
前厅	0.83
吞没	0.83
溃	0.83
安玛丽	0.83
筋骨	0.83
售票处	0.83
游刃有余	0.83
手绢	0.83
此类	0.83
短笛	0.83
威斯康星州	0.83
爱玛	0.83
耕种	0.83
心得	0.83
雅登	0.83
心力	0.83
名贵	0.83
宽阔	0.83
曼迪	0.83
判罚	0.83
臭氧层	0.83
突围	0.83
贾斯帕	0.83
担负	0.83
名画	0.83
克拉荷马	0.83
看得出	0.83
三叶草	0.83
值得一提	0.83
洁儿	0.83
上年纪	0.83
黑锅	0.83
广播网	0.83
定价	0.83
严守	0.83
各处	0.83
诗集	0.83
斯宾瑟	0.83
科里	0.83
潭	0.83
庸医	0.83
车夫	0.83
大难临头	0.83
杜恩	0.83
艾格尼丝	0.83
车箱	0.83
摒弃	0.83
简妮	0.83
改建	0.83
惯性	0.83
匍匐	0.83
形体	0.83
抵赖	0.83
报摊	0.83
嘀嗒	0.83
画册	0.83
扩	0.83
报刊	0.83
据此	0.83
奥斯	0.83
简约	0.83
死脑筋	0.83
旁人	0.83
奶粉	0.83
海因斯	0.83
挑错	0.83
守信用	0.83
奥康纳	0.83
机子	0.83
信口开河	0.83
天底下	0.83
自吹自擂	0.83
公馆	0.83
居民区	0.83
阻滞	0.83
善英	0.83
快门	0.83
决裂	0.83
通畅	0.83
漠视	0.83
开水	0.83
椭圆	0.83
离合器	0.83
阿兰	0.83
杰里	0.83
援兵	0.83
克莱儿	0.83
当家	0.83
烟灰	0.83
掖	0.83
卢西尔斯	0.83
切弗	0.83
提款	0.83
接待处	0.83
脂肪酸	0.83
趋向	0.83
受洗	0.83
特约	0.83
联席会议	0.83
基辅	0.83
绝世	0.83
波义耳	0.83
伍长	0.83
清淡	0.83
蒙克	0.83
吹牛皮	0.83
专人	0.83
议事	0.83
摩登	0.83
帆板	0.83
艾格斯	0.83
南极洲	0.83
进化论	0.83
阿文·斯隆	0.83
斯特	0.83
租借	0.83
英格兰人	0.83
清闲	0.83
印度教	0.83
史蒂夫·洛佩兹	0.83
责骂	0.83
基登	0.83
实据	0.83
基特	0.83
鲁博	0.83
造船	0.83
探险队	0.83
侵权	0.83
欧康诺	0.83
特邀	0.83
夹层	0.83
数学课	0.83
凤尾鱼	0.83
公仆	0.83
力不从心	0.83
笔名	0.83
自然科学	0.83
羊奶	0.83
布加勒斯特	0.83
毋	0.83
商业区	0.83
肖邦	0.83
原稿	0.83
工作台	0.83
长进	0.83
刺探	0.83
纤细	0.83
奶瓶	0.83
公用	0.83
出警	0.83
泰伦斯	0.83
布雷兹	0.83
黛兰	0.83
秀色	0.83
吐血	0.83
弄垮	0.83
群星	0.83
作假	0.83
勤杂工	0.83
摊子	0.83
固执己见	0.83
寇克斯	0.83
新近	0.83
征战	0.83
发高烧	0.83
杰克·布鲁诺	0.83
世外桃源	0.83
礼拜三	0.83
克莱斯勒	0.83
滑梯	0.83
涉案	0.83
战备	0.83
霍夫曼	0.83
雷声	0.83
布莱斯	0.83
酸痛	0.83
马基	0.83
杰斐逊	0.83
止咳	0.83
萨拉热窝	0.83
布莱登	0.83
五分之一	0.83
热病	0.83
布莱特	0.83
无声无息	0.83
文俊	0.83
石忠	0.83
艺术展	0.83
润色	0.83
赴宴	0.83
嗝	0.83
马斯	0.83
默许	0.83
埃布尔	0.83
杀敌	0.83
操劳	0.83
操办	0.83
高能	0.83
水床	0.83
病理	0.83
增色	0.83
夷	0.83
童贞	0.83
倾盆大雨	0.83
功力	0.83
赘	0.83
伤病	0.83
弗恩	0.83
教条	0.83
杀生	0.83
沙查	0.83
土星	0.83
温达	0.83
毫毛	0.83
德文郡	0.83
病号	0.83
沙地	0.83
临别	0.83
轻描淡写	0.83
肺水肿	0.83
褒奖	0.83
采石场	0.83
塞米	0.83
獠牙	0.83
鞭炮	0.83
淑	0.83
军阀	0.83
干员	0.83
痛击	0.83
心狠手辣	0.83
生性	0.83
绅	0.83
背影	0.83
假造	0.83
由来	0.83
爹爹	0.83
鲁道夫	0.83
哈林	0.83
相继	0.83
完整性	0.83
吉英	0.83
爆炸声	0.83
洞悉	0.83
展翅	0.83
边线	0.83
推举	0.83
莫里亚蒂	0.83
部里	0.83
疏通	0.83
年龄段	0.83
榆树	0.83
阵痛	0.83
盖章	0.83
填表	0.83
人名	0.83
萨米	0.83
检疫	0.83
瀚	0.83
蚪	0.81
铤	0.81
甄	0.81
蝌	0.81
枯	0.8
啤酒节	0.8
剔除	0.8
四十五	0.8
归根结底	0.8
卢浮宫	0.8
剖	0.8
芦笋	0.8
平平安安	0.8
白吃	0.8
跑龙套	0.8
拂晓	0.8
试用期	0.8
触觉	0.8
栽培	0.8
加西亚	0.8
菲斯	0.8
联谊	0.8
萨克利	0.8
灭迹	0.8
顺藤摸瓜	0.8
颈椎	0.8
第一流	0.8
高挑	0.8
评为	0.8
下等	0.8
油墨	0.8
脱帽	0.8
加盟	0.8
问心无愧	0.8
就地	0.8
处女膜	0.8
嗣	0.8
蔚	0.8
下坠	0.8
使坏	0.8
榔头	0.8
且不说	0.8
卡梅隆	0.8
春日	0.8
发散	0.8
刁	0.8
百事可乐	0.8
问句	0.8
章程	0.8
极地	0.8
寒冬	0.8
恩东	0.8
春药	0.8
产妇	0.8
麝香	0.8
伸长	0.8
瞳	0.8
苹果酱	0.8
爱莫能助	0.8
时辰	0.8
婚外恋	0.8
侦察机	0.8
轻型	0.8
渔具	0.8
印花	0.8
菲力浦	0.8
轻佻	0.8
麦克阿瑟	0.8
渎	0.8
天职	0.8
安妮特	0.8
八九	0.8
琪琪	0.8
坚定不移	0.8
将士	0.8
神出鬼没	0.8
大额	0.8
依附	0.8
献殷勤	0.8
大林	0.8
昼夜	0.8
鲱鱼	0.8
特雷莎	0.8
小熊	0.8
集训	0.8
凌乱	0.8
外来语	0.8
博罗	0.8
登记处	0.8
装运	0.8
放生	0.8
马尔加拉斯	0.8
一而再	0.8
隼	0.8
迪亚	0.8
幼小	0.8
记下	0.8
气急败坏	0.8
梗	0.8
超载	0.8
打点	0.8
迎面	0.8
跃跃欲试	0.8
土耳其人	0.8
不言而喻	0.8
走下坡路	0.8
康拉德	0.8
疗效	0.8
会费	0.8
洁茜	0.8
不和	0.8
质感	0.8
鲍勃·萨特菲尔德	0.8
匆匆忙忙	0.8
运输车	0.8
洪举	0.8
耳垂	0.8
恩秀	0.8
诙谐	0.8
拜见	0.8
砂锅	0.8
宽衣	0.8
普林斯	0.8
沉痛	0.8
双双	0.8
威瑟斯	0.8
货品	0.8
放飞	0.8
色调	0.8
嗄	0.8
浪漫主义	0.8
字样	0.8
质地	0.8
自重	0.8
心包	0.8
宽限	0.8
理顺	0.8
车流	0.8
信口	0.8
湿地	0.8
心里有数	0.8
苦闷	0.8
莎贝	0.8
重头戏	0.8
金姆	0.8
焚毁	0.8
音色	0.8
和好	0.8
名次	0.8
水到渠成	0.8
为名	0.8
包办	0.8
戴维安	0.8
十万火急	0.8
名利	0.8
米酒	0.8
处以	0.8
心腹	0.8
元卓	0.8
花岗岩	0.8
格洛里亚	0.8
和美	0.8
杜撰	0.8
倡导	0.8
博尔顿	0.8
偿命	0.8
鲈鱼	0.8
累垮	0.8
摄取	0.8
惠媛	0.8
聚集地	0.8
奈何	0.8
叽叽	0.8
出航	0.8
速率	0.8
法网	0.8
起跑线	0.8
狂妄自大	0.8
出资	0.8
相亲相爱	0.8
栖息	0.8
其实不然	0.8
角斗	0.8
尽善尽美	0.8
锡纸	0.8
舒畅	0.8
阿恩	0.8
夺权	0.8
审批	0.8
克·门德斯	0.8
伊万杰琳	0.8
柿子	0.8
阻截	0.8
窟窿	0.8
舒曼	0.8
归类	0.8
克雷格	0.8
肺病	0.8
神气	0.8
玛丽恩	0.8
差一点儿	0.8
铠甲	0.8
敌视	0.8
降职	0.8
颐	0.8
便捷	0.8
汉普郡	0.8
璀璨	0.8
爱子	0.8
特指	0.8
斯洛伐克	0.8
瓦尔	0.8
思想家	0.8
电码	0.8
跑遍	0.8
达赖喇嘛	0.8
自傲	0.8
全票	0.8
阅历	0.8
陈真	0.8
罗登	0.8
桅	0.8
充血	0.8
耸肩	0.8
张口	0.8
实业	0.8
实事	0.8
基姆	0.8
蛇行	0.8
斯塔克斯	0.8
仁兄	0.8
势不可挡	0.8
和蔼可亲	0.8
美智	0.8
跌入	0.8
小鬼头	0.8
秋穗	0.8
骨质	0.8
造谣	0.8
乳罩	0.8
系数	0.8
喷洒	0.8
海胆	0.8
眼见	0.8
哈亚特	0.8
海马	0.8
管弦乐队	0.8
共产主义者	0.8
亡羊补牢	0.8
求证	0.8
柔韧	0.8
六万	0.8
哗众取宠	0.8
缎带	0.8
鹤立鸡群	0.8
标致	0.8
献艺	0.8
磁石	0.8
没趣	0.8
紧握	0.8
二百五	0.8
寡人	0.8
调用	0.8
杰琪	0.8
审议	0.8
姐弟	0.8
阿图罗	0.8
奥古斯汀	0.8
检阅	0.8
盛事	0.8
长裙	0.8
盛典	0.8
化为灰烬	0.8
佐料	0.8
格莱姆	0.8
绣花	0.8
长途电话	0.8
精品	0.8
摊位	0.8
桑娜德	0.8
亦非	0.8
有形	0.8
招收	0.8
牵牛花	0.8
直系亲属	0.8
西非	0.8
急救车	0.8
尘埃落定	0.8
美感	0.8
阿尔巴尼亚人	0.8
厚重	0.8
魁梧	0.8
嘲	0.8
花心	0.8
滨	0.8
邮筒	0.8
一并	0.8
眼眶	0.8
过速	0.8
娴熟	0.8
光子	0.8
老毛病	0.8
圣乔治	0.8
胡作非为	0.8
比伊	0.8
超常	0.8
理清	0.8
奇遇	0.8
着落	0.8
伊诺雅	0.8
临走	0.8
彩车	0.8
临界	0.8
碑	0.8
稽	0.8
普莱斯顿	0.8
塞子	0.8
所向无敌	0.8
格林鲍姆	0.8
珂	0.8
马科里斯	0.8
有机体	0.8
化工	0.8
巨响	0.8
沙坑	0.8
彩带	0.8
凯尼恩	0.8
后起之秀	0.8
满贯	0.8
早产	0.8
爱德	0.8
胆碱	0.8
哈利·波特	0.8
口误	0.8
相扑	0.8
如影随形	0.8
在此一举	0.8
亥	0.8
尼姑	0.8
里斯本	0.8
老早	0.8
酌	0.8
吹捧	0.8
晚装	0.8
相待	0.8
新秀	0.8
面包片	0.8
屡	0.8
一针见血	0.8
漏网	0.8
见外	0.8
哒哒	0.8
美言	0.8
艺术性	0.8
利兰	0.8
顺子	0.8
骨灰盒	0.8
利器	0.8
徨	0.79
婕	0.79
泥泞	0.78
外层	0.78
蟹肉	0.78
分界线	0.78
枪膛	0.78
佳佛力	0.78
丽娜	0.78
让位	0.78
三十六	0.78
门诊部	0.78
大嫂	0.78
死角	0.78
奸诈	0.78
锡安	0.78
空子	0.78
计票	0.78
怒气冲冲	0.78
登记表	0.78
胳肢	0.78
麻布	0.78
胳臂	0.78
多彩	0.78
多姆	0.78
热汤	0.78
达纳	0.78
白水	0.78
冰克	0.78
零分	0.78
喜剧片	0.78
芝	0.78
避风港	0.78
白纸	0.78
谍	0.78
领情	0.78
斯拉夫	0.78
吉斯	0.78
学前班	0.78
同床共枕	0.78
列举	0.78
光碟	0.78
苜蓿	0.78
达特茅斯	0.78
列兵	0.78
纪实	0.78
耍赖	0.78
击毁	0.78
脱发	0.78
冬日	0.78
波拉	0.78
安吉罗	0.78
波尔	0.78
个案	0.78
永无止境	0.78
裴	0.78
时来运转	0.78
佳肴	0.78
手指甲	0.78
讨伐	0.78
出入证	0.78
歌利亚	0.78
讶异	0.78
托运	0.78
吉安	0.78
私营	0.78
生日卡	0.78
降价	0.78
渔民	0.78
佛烈	0.78
滋生	0.78
卡甘	0.78
发货	0.78
两万五	0.78
发车	0.78
费尔南多	0.78
死命	0.78
发话	0.78
岗哨	0.78
魂魄	0.78
私利	0.78
加文	0.78
打退堂鼓	0.78
下风	0.78
抛售	0.78
奇观	0.78
门面	0.78
驾轻就熟	0.78
聚合	0.78
下肢	0.78
尤妮卡	0.78
露点	0.78
沃尔什	0.78
分析家	0.78
问道	0.78
分毫	0.78
白菜	0.78
吁	0.78
比比	0.78
真心实意	0.78
蛆虫	0.78
一贫如洗	0.78
重磅	0.78
小于	0.78
冰袋	0.78
八千	0.78
可汗	0.78
指骨	0.78
次级	0.78
生理学	0.78
古迹	0.78
不善	0.78
粗人	0.78
重唱	0.78
书迷	0.78
斥责	0.78
唬人	0.78
马林	0.78
跷跷板	0.78
福星	0.78
艾维	0.78
重度	0.78
小泉	0.78
粗壮	0.78
人猿	0.78
校正	0.78
中国政府	0.78
大嗓门	0.78
灶	0.78
见死不救	0.78
山猫	0.78
长传	0.78
乔瑟芬	0.78
售票	0.78
诧异	0.78
粗心大意	0.78
只得	0.78
助长	0.78
电讯	0.78
只字	0.78
跳槽	0.78
宏大	0.78
为国捐躯	0.78
转轮	0.78
瑞蒙达	0.78
放在眼里	0.78
奥尼尔	0.78
出嫁	0.78
泷	0.78
变卖	0.78
万事大吉	0.78
交际花	0.78
两端	0.78
苦工	0.78
挽留	0.78
双目	0.78
铍	0.78
米糕	0.78
恩湖	0.78
市值	0.78
丧礼	0.78
货源	0.78
萎	0.78
恩知	0.78
喧嚣	0.78
补习班	0.78
迷你裙	0.78
动工	0.78
轰轰烈烈	0.78
阎王	0.78
突起	0.78
安分守己	0.78
稀奇古怪	0.78
柯敏斯	0.78
衣冠	0.78
名门	0.78
前端	0.78
此片	0.78
端口	0.78
盖瑞根	0.78
达卡	0.78
苦海	0.78
一万二	0.78
吞咽	0.78
分文	0.78
米丽	0.78
小圈子	0.78
放射科	0.78
焦油	0.78
盎	0.78
上下班	0.78
信差	0.78
蹦蹦跳跳	0.78
正值	0.78
抖动	0.78
确定性	0.78
仕	0.78
讼	0.78
包子	0.78
金卡	0.78
航运	0.78
剥离	0.78
覆辙	0.78
韩相宇	0.78
管教所	0.78
影评	0.78
闭合	0.78
衣食	0.78
两难	0.78
各人	0.78
荷包	0.78
打火	0.78
錫	0.78
诉苦	0.78
吞食	0.78
宽度	0.78
智银	0.78
烈性	0.78
衣衫	0.78
爱提儿	0.78
器皿	0.78
禽流感	0.78
酒类	0.78
色情狂	0.78
硬仗	0.78
堂堂	0.78
赞不绝口	0.78
贬	0.78
班主任	0.78
奥菲丽亚	0.78
勤快	0.78
自告奋勇	0.78
宾果	0.78
铁人	0.78
秦	0.78
变迁	0.78
铁窗	0.78
恩英	0.78
红细胞	0.78
会堂	0.78
出道	0.78
玛格瑞姆	0.78
麦里安	0.78
杀伤	0.78
蚕食	0.78
夜宵	0.78
开外	0.78
馒头	0.78
深意	0.78
福尔曼	0.78
浮莱底	0.78
珊瑚礁	0.78
唆	0.78
押运	0.78
明月	0.78
通红	0.78
衬垫	0.78
澡堂	0.78
华人	0.78
通灵	0.78
冲劲	0.78
遂	0.78
社论	0.78
机敏	0.78
路段	0.78
积聚	0.78
瞟	0.78
如此这般	0.78
尼克斯	0.78
营区	0.78
武器库	0.78
美男子	0.78
拉瑞	0.78
综艺	0.78
河童	0.78
文法	0.78
现形	0.78
到头	0.78
接合	0.78
哈利德	0.78
惟有	0.78
想入非非	0.78
斯塔克	0.78
犯罪学	0.78
全自动	0.78
奥黛莉	0.78
反派	0.78
皮普	0.78
考古学	0.78
导向	0.78
胆战心惊	0.78
用武之地	0.78
胆大	0.78
身临其境	0.78
仁川	0.78
撮	0.78
上策	0.78
拉锁	0.78
消防栓	0.78
视界	0.78
现钱	0.78
邮轮	0.78
火速	0.78
茹尼奥尔	0.78
基恩	0.78
皮埃	0.78
旷	0.78
别克	0.78
在押	0.78
绫	0.78
体味	0.78
威克	0.78
弧	0.78
隐晦	0.78
严严实实	0.78
勘查	0.78
霍金斯	0.78
善浩	0.78
木筏	0.78
掌心	0.78
空包弹	0.78
榴弹	0.78
史蒂文斯	0.78
馆里	0.78
界定	0.78
单行道	0.78
食品店	0.78
忌讳	0.78
锋芒	0.78
鞑	0.78
另行	0.78
俗称	0.78
米开朗基罗	0.78
环形	0.78
出任	0.78
艾弗里	0.78
只身	0.78
二十一	0.78
劣	0.78
灼热	0.78
防身	0.78
富于	0.78
推选	0.78
丝绒	0.78
研修	0.78
智铉	0.78
一个劲	0.78
花盆	0.78
旗舰	0.78
一眼	0.78
花丛	0.78
更胜一筹	0.78
敏俊	0.78
急性子	0.78
美娜	0.78
圣彼得堡	0.78
热水器	0.78
布莱安妮	0.78
活门	0.78
冷风	0.78
景仰	0.78
公证	0.78
伊莫森·卡德	0.78
崇	0.78
过来人	0.78
每间	0.78
话费	0.78
琛哥	0.78
甜味	0.78
照相馆	0.78
成心	0.78
本届	0.78
日间	0.78
关系网	0.78
赶尽杀绝	0.78
所到之处	0.78
枪林弹雨	0.78
越橘	0.78
石楠	0.78
成仁	0.78
悸动	0.78
武馆	0.78
精武	0.78
麦奎伊	0.78
渊博	0.78
石墙	0.78
石子	0.78
弗利克	0.78
皮卡	0.78
德尔玛	0.78
富士山	0.78
高田	0.78
投缘	0.78
总长	0.78
犹太教徒	0.78
募	0.78
阿里斯泰尔	0.78
痛饮	0.78
迪尼斯	0.78
芭蕾舞团	0.78
展示会	0.78
容身	0.78
蔗糖	0.78
牙买加人	0.78
翻越	0.78
格洛丽娅	0.78
化作	0.78
喃喃	0.78
斯图亚特	0.78
四面	0.78
易于	0.78
亏待	0.78
一去不返	0.78
含蓄	0.78
增高	0.78
选人	0.78
被窝	0.78
教主	0.78
埃米尔	0.78
哈德利	0.78
菲利亚斯	0.78
断断续续	0.78
水漂	0.78
布莱顿	0.78
偏激	0.78
塌陷	0.78
罪大恶极	0.78
溶剂	0.78
伊索德	0.78
促	0.78
缴费	0.78
十万八	0.78
见怪	0.78
叠罗汉	0.78
费马	0.78
原型机	0.78
响铃	0.78
年迈	0.78
柑橘	0.78
噪	0.78
西斯	0.78
单线	0.78
乔治敦	0.78
相左	0.78
征途	0.78
赫鲁晓夫	0.78
马达加斯加	0.78
见好	0.78
道比斯	0.78
活像	0.78
人声	0.78
黄铜	0.78
练习场	0.78
就医	0.78
制约	0.78
郝普	0.78
护兵	0.78
雹	0.77
窕	0.77
窈	0.77
褂	0.77
罂	0.77
涸	0.77
踏步	0.75
克斯莫	0.75
暴发户	0.75
践	0.75
婚期	0.75
蜗	0.75
情面	0.75
内罗毕	0.75
风平浪静	0.75
配额	0.75
警灯	0.75
白云	0.75
妮可	0.75
气闸	0.75
外甥女	0.75
逗号	0.75
毕晓普	0.75
詹姆斯·邦德	0.75
婷婷	0.75
舒格曼	0.75
端点	0.75
联阵	0.75
计策	0.75
混日子	0.75
舅	0.75
流行歌曲	0.75
沃夫彼得	0.75
圣贤	0.75
蜷	0.75
近似	0.75
优胜	0.75
厄休拉	0.75
大纲	0.75
杰克逊维尔	0.75
趋	0.75
次日	0.75
重读	0.75
永斌	0.75
濒危	0.75
中枢神经	0.75
娜塔莎	0.75
帮子	0.75
漫天	0.75
优先级	0.75
留名	0.75
马克姆	0.75
往年	0.75
卡茜	0.75
中暑	0.75
格鲁维尔	0.75
地穴	0.75
铬	0.75
德瑞	0.75
听之任之	0.75
发毛	0.75
忧心忡忡	0.75
筏子	0.75
朴实	0.75
魄力	0.75
中计	0.75
灵气	0.75
减退	0.75
交响曲	0.75
乔安	0.75
洞察	0.75
正义感	0.75
发迹	0.75
问询	0.75
换位	0.75
导尿管	0.75
跌跌撞撞	0.75
肯德基	0.75
下颌	0.75
并未	0.75
稀少	0.75
门闩	0.75
信天翁	0.75
尖峰	0.75
豪门	0.75
荞麦	0.75
查问	0.75
警卫室	0.75
洗涤	0.75
树皮	0.75
校外	0.75
蜥	0.75
重整	0.75
树根	0.75
发电站	0.75
劣等	0.75
贪欲	0.75
好战	0.75
奴仆	0.75
小杰	0.75
西方人	0.75
固然	0.75
编成	0.75
羽翼	0.75
心血来潮	0.75
后跟	0.75
空话	0.75
不住	0.75
百般	0.75
葡萄球菌	0.75
蒂尔尼	0.75
诈骗罪	0.75
装订	0.75
遇险	0.75
山村	0.75
阿莱格拉	0.75
劳改	0.75
本尼迪克特	0.75
枪弹	0.75
西部片	0.75
座谈会	0.75
遁	0.75
有利可图	0.75
园子	0.75
鱼钩	0.75
林荫	0.75
飞吻	0.75
炮塔	0.75
卖座	0.75
碧姬	0.75
吸吮	0.75
血战	0.75
电闸	0.75
青瓦台	0.75
舍伍德	0.75
变型	0.75
利普顿	0.75
雪松	0.75
酷爱	0.75
返程	0.75
前奏	0.75
斩草除根	0.75
铺路	0.75
小心眼	0.75
铺设	0.75
杂事	0.75
冉冉	0.75
仿制	0.75
民国	0.75
刨根问底	0.75
遨游	0.75
大卫·贝克汉姆	0.75
鞍	0.75
乌烟瘴气	0.75
动情	0.75
瓦加杜古	0.75
得心应手	0.75
撼动	0.75
数列	0.75
六百万	0.75
元气	0.75
缩影	0.75
三部曲	0.75
常态	0.75
水位	0.75
斗嘴	0.75
皮尔森	0.75
陈列室	0.75
喉结	0.75
重整旗鼓	0.75
涵盖	0.75
分销	0.75
老生常谈	0.75
联姻	0.75
斯坦顿	0.75
嘎纳	0.75
不定	0.75
石灰	0.75
败将	0.75
雪丽	0.75
棱角	0.75
麦草	0.75
和约	0.75
自夸	0.75
涵义	0.75
鸣笛	0.75
平易近人	0.75
阿德玛	0.75
烈日	0.75
马奎斯	0.75
延秀	0.75
第十四	0.75
屿	0.75
回荡	0.75
雄辩	0.75
从警	0.75
对立面	0.75
社会名流	0.75
瓶盖	0.75
痞	0.75
学生证	0.75
电站	0.75
费舍尔	0.75
退却	0.75
迎宾	0.75
午睡	0.75
女声	0.75
珠世	0.75
阿斯兰	0.75
小舅子	0.75
改换	0.75
顿悟	0.75
顿时	0.75
公物	0.75
欧若拉	0.75
林德	0.75
报信	0.75
爱国主义	0.75
赫拉克勒斯	0.75
西比佛利	0.75
原封不动	0.75
法默尔	0.75
卯	0.75
卡拉奇	0.75
托斯卡纳	0.75
禁药	0.75
冷气	0.75
揣测	0.75
伯伯	0.75
焖	0.75
船队	0.75
神户	0.75
哲理	0.75
欧提斯	0.75
菜饭	0.75
肾衰竭	0.75
界面	0.75
阿美	0.75
助兴	0.75
吉祥	0.75
出版业	0.75
一文不名	0.75
祖传	0.75
莱西	0.75
刀叉	0.75
陡	0.75
阐明	0.75
湮灭	0.75
恐怖症	0.75
冷藏车	0.75
缰绳	0.75
荒原	0.75
平房	0.75
七分	0.75
科迪亚克	0.75
煤油	0.75
邦迪	0.75
音乐课	0.75
丈	0.75
污垢	0.75
电话本	0.75
浩熊	0.75
微薄	0.75
不人道	0.75
特级	0.75
维尔玛	0.75
江太锡	0.75
障眼法	0.75
海牛	0.75
末路	0.75
火线	0.75
伊萨贝尔	0.75
失聪	0.75
巴特比	0.75
弗兰茜	0.75
罗曼蒂克	0.75
直话	0.75
现存	0.75
抽动	0.75
军旅	0.75
孝珍	0.75
飞天	0.75
卢帕斯	0.75
蹲点	0.75
艾尔莎	0.75
互补	0.75
同流合污	0.75
张哲	0.75
大街小巷	0.75
连结	0.75
伍申	0.75
菲奥纳	0.75
万万	0.75
北岸	0.75
财力	0.75
蹒跚	0.75
香奈	0.75
军需	0.75
导线	0.75
东侧	0.75
米根斯	0.75
仁村	0.75
杰佛逊	0.75
奎宁	0.75
基斯	0.75
伊斯特	0.75
呼啸	0.75
埃利奥特	0.75
薪金	0.75
催泪弹	0.75
兼容	0.75
口型	0.75
服务台	0.75
训导	0.75
圆珠笔	0.75
新建	0.75
纪美子	0.75
悄无声息	0.75
木料	0.75
柯提斯	0.75
兰柏	0.75
从政	0.75
六分	0.75
救兵	0.75
变色龙	0.75
莱特	0.75
培养皿	0.75
何人	0.75
布雷特	0.75
鲁佩斯	0.75
波哥大	0.75
讥讽	0.75
冷门	0.75
冷面	0.75
弗雷德里克	0.75
陪练	0.75
莱姆	0.75
西欧	0.75
木屑	0.75
勃兰特	0.75
衬裤	0.75
差一点	0.75
野花	0.75
未雨绸缪	0.75
二十二	0.75
熙圆	0.75
五星级	0.75
征程	0.75
求人	0.75
害群之马	0.75
异地	0.75
贞珠	0.75
亨廷顿	0.75
富含	0.75
氢气	0.75
鞑靼	0.75
矮胖	0.75
千克	0.75
眼红	0.75
财源	0.75
停歇	0.75
搡	0.75
羞涩	0.75
排行	0.75
吉里米	0.75
闺女	0.75
交心	0.75
雷击	0.75
涌现	0.75
人工授精	0.75
迪叶特里奇	0.75
腰椎	0.75
蟠	0.75
擂台	0.75
复数	0.75
核武	0.75
复本	0.75
比亚里斯托克	0.75
满头	0.75
拭	0.75
大灰狼	0.75
限额	0.75
默里	0.75
涌出	0.75
桅杆	0.75
价位	0.75
高深	0.75
雏菊	0.75
光棍	0.75
奇袭	0.75
镀	0.75
蒂蒂	0.75
随遇而安	0.75
稀释	0.75
埃瑞克	0.75
老本	0.75
詹宁斯	0.75
本镇	0.75
超脱	0.75
索性	0.75
科索沃	0.75
鸟巢	0.75
容颜	0.75
爱爱	0.75
多媒体	0.75
生人	0.75
麒麟	0.75
普罗维登斯	0.75
索丽亚	0.75
蒂杰	0.75
奇柏	0.75
插花	0.75
抗癌	0.75
富士郎	0.75
来来往往	0.75
短命	0.75
杰里米	0.75
老糊涂	0.75
奋勇	0.75
水温	0.75
插销	0.75
满脸	0.75
鞭策	0.75
旅社	0.75
日文	0.75
人母	0.75
检修	0.75
投票站	0.75
每种	0.75
富饶	0.75
画外音	0.75
单向	0.75
西城	0.75
马蜂窝	0.75
活物	0.75
被告席	0.75
漏气	0.75
费利克斯	0.75
见习	0.75
谈情说爱	0.75
倒戈	0.75
格兰玛	0.75
茶川	0.75
相声	0.75
岩洞	0.75
绞盘	0.75
助听器	0.75
导火线	0.75
腼	0.75
箴	0.75
邃	0.73
蚓	0.73
雯	0.73
蚯	0.73
犸	0.73
没法儿	0.72
安睡	0.72
卡科日亚	0.72
丽丽	0.72
院校	0.72
发射台	0.72
最高点	0.72
只字不提	0.72
错车	0.72
戒除	0.72
唐宁街	0.72
富士	0.72
岸然	0.72
速记	0.72
羽毛球	0.72
养鸡	0.72
外圈	0.72
霓虹灯	0.72
母老虎	0.72
乐迷	0.72
耸人听闻	0.72
够用	0.72
汉弥尔顿	0.72
祝酒辞	0.72
豆包	0.72
重音	0.72
查利	0.72
多发	0.72
百威	0.72
钻牛角尖	0.72
过敏性	0.72
登记证	0.72
百倍	0.72
生物课	0.72
开瓶器	0.72
古龙水	0.72
操作系统	0.72
空余	0.72
软软	0.72
书刊	0.72
佛像	0.72
引路	0.72
数字化	0.72
迈普斯	0.72
查普曼	0.72
拉夫勒	0.72
炼金术	0.72
南哈蒙	0.72
消声器	0.72
再者	0.72
发傻	0.72
娜塔莉	0.72
小南	0.72
杰宁斯	0.72
乔茜	0.72
意境	0.72
班纳迪克	0.72
露露	0.72
降解	0.72
印痕	0.72
迁怒	0.72
仰仗	0.72
长一智	0.72
牟利	0.72
巴蒂斯塔	0.72
脱困	0.72
空空如也	0.72
祷	0.72
畅通无阻	0.72
概要	0.72
驶离	0.72
克拉拉	0.72
自我牺牲	0.72
愤恨	0.72
操纵杆	0.72
愤慨	0.72
品头论足	0.72
聚首	0.72
汗流浃背	0.72
按兵不动	0.72
弩	0.72
弃婴	0.72
诗句	0.72
旧账	0.72
大肉	0.72
发落	0.72
犁	0.72
卡登	0.72
中邪	0.72
帕梅拉	0.72
夹克衫	0.72
输精管	0.72
管理人	0.72
产科	0.72
卡卡	0.72
销售商	0.72
天启	0.72
周详	0.72
束手就擒	0.72
校规	0.72
卡宁	0.72
卡壳	0.72
斜眼	0.72
纽瓦克	0.72
勾画	0.72
轻飘飘	0.72
莉娅	0.72
古马	0.72
吔	0.72
周转	0.72
结构图	0.72
冠冕堂皇	0.72
凯拉	0.72
对歌	0.72
流行病	0.72
博取	0.72
化学药品	0.72
伯斯卡	0.72
茎	0.72
义无反顾	0.72
福利院	0.72
有期徒刑	0.72
粗犷	0.72
赋	0.72
库伦	0.72
书评	0.72
核废料	0.72
小松	0.72
炮轰	0.72
空降	0.72
不堪设想	0.72
奏乐	0.72
书页	0.72
总公司	0.72
戴伦·麦克林	0.72
福祉	0.72
物力	0.72
养母	0.72
死死	0.72
袖珍	0.72
引产	0.72
戴福	0.72
嚣	0.72
宝球	0.72
说梦话	0.72
埃斯特	0.72
抵押品	0.72
渗出	0.72
从业	0.72
伤害罪	0.72
英年早逝	0.72
弗罗斯特	0.72
和盘托出	0.72
一落千丈	0.72
界外球	0.72
急转直下	0.72
腿脚	0.72
铺子	0.72
大脑皮层	0.72
高材生	0.72
酒钱	0.72
淀粉	0.72
头彩	0.72
美容师	0.72
药草	0.72
防腐剂	0.72
除以	0.72
郭东	0.72
云端	0.72
渗漏	0.72
卖主	0.72
岬	0.72
分公司	0.72
谢克特	0.72
纸盒	0.72
苦差	0.72
达斯	0.72
志趣	0.72
罗伯茨	0.72
砒霜	0.72
玉米面	0.72
纷	0.72
风雪	0.72
疽	0.72
何妨	0.72
查理·巴特利	0.72
常事	0.72
司空见惯	0.72
啪啪	0.72
岔路	0.72
科莉·斯坦格	0.72
金银	0.72
泼冷水	0.72
义演	0.72
浮肿	0.72
城内	0.72
隠	0.72
草场	0.72
总得	0.72
处长	0.72
超车	0.72
奇诺奥	0.72
接踵而至	0.72
考克斯	0.72
养鸡场	0.72
伊沃	0.72
赚取	0.72
放行	0.72
放血	0.72
放眼	0.72
千篇一律	0.72
昂首阔步	0.72
历历在目	0.72
塞浦路斯	0.72
情缘	0.72
埃普丽尔	0.72
音质	0.72
自爱	0.72
宝沃斯	0.72
贵客	0.72
驻守	0.72
黑暗面	0.72
金条	0.72
把酒	0.72
误判	0.72
绿豆	0.72
自律	0.72
赫斯特	0.72
史提夫	0.72
耐受	0.72
尼奥	0.72
杰瑞米	0.72
幼苗	0.72
百慕大	0.72
爱米丽亚	0.72
打颤	0.72
药箱	0.72
累人	0.72
生死存亡	0.72
快车道	0.72
软绵绵	0.72
例会	0.72
云集	0.72
凋零	0.72
粉饰	0.72
药用	0.72
家常	0.72
抚养费	0.72
报失	0.72
林区	0.72
罗丝里	0.72
付现	0.72
改期	0.72
宣讲	0.72
阴虱	0.72
塞来斯特	0.72
别是	0.72
飘荡	0.72
羊角	0.72
冷柜	0.72
厚脸皮	0.72
当日	0.72
公设	0.72
毁容	0.72
路况	0.72
华特	0.72
希洛	0.72
一百五十万	0.72
嗳	0.72
海牙	0.72
讥笑	0.72
刀口	0.72
艾利图	0.72
惊天动地	0.72
帕多	0.72
虚惊	0.72
德拉克莱	0.72
三脚架	0.72
安全帽	0.72
当当	0.72
感言	0.72
隐退	0.72
光溜溜	0.72
上野	0.72
震慑	0.72
全天	0.72
戴高乐	0.72
底座	0.72
细说	0.72
烩	0.72
军备	0.72
威斯康星	0.72
境外	0.72
奥尔森	0.72
奥尔根	0.72
基调	0.72
扑通	0.72
乳牙	0.72
主音	0.72
吃一堑	0.72
暗自	0.72
清早	0.72
大马哈鱼	0.72
松软	0.72
皮萨	0.72
黏液	0.72
失衡	0.72
乐观主义	0.72
红线	0.72
习惯性	0.72
绝缘	0.72
硕	0.72
评断	0.72
英伦	0.72
澡盆	0.72
虎穴	0.72
康博	0.72
条条框框	0.72
课间	0.72
火器	0.72
哨声	0.72
脚后跟	0.72
瓦特	0.72
丧心病狂	0.72
示众	0.72
北卡罗来纳	0.72
答辩	0.72
南端	0.72
北极光	0.72
连通	0.72
张大	0.72
一鸣惊人	0.72
戈兰	0.72
江南	0.72
示弱	0.72
红茶	0.72
印第安纳州	0.72
实心	0.72
几何学	0.72
鲜奶	0.72
柏瑞斯	0.72
单薄	0.72
马丁·路德·金	0.72
买账	0.72
斯基	0.72
爬树	0.72
泛美	0.72
兴旺	0.72
唐恩	0.72
前去	0.72
沈	0.72
仁淑	0.72
充公	0.72
失传	0.72
班纳特	0.72
海风	0.72
懂行	0.72
出洋相	0.72
庞然大物	0.72
逆流	0.72
南乡	0.72
反对派	0.72
弗兰妮	0.72
壮丽	0.72
蛮荒	0.72
负债累累	0.72
身败名裂	0.72
轴承	0.72
蚕卵	0.72
棉布	0.72
卡尔文	0.72
天骄	0.72
杰罗德	0.72
超凡脱俗	0.72
御用	0.72
柚子	0.72
公安	0.72
通力合作	0.72
升值	0.72
安洁莉	0.72
梅尔曼	0.72
木瓜	0.72
筑巢	0.72
蔚蓝	0.72
杰伊	0.72
旅行包	0.72
赛伯	0.72
丙酮	0.72
艾略	0.72
归西	0.72
口碑	0.72
五金	0.72
牙龈	0.72
何智勋	0.72
中美洲	0.72
新纪元	0.72
篱	0.72
案卷	0.72
船票	0.72
制胜	0.72
接二连三	0.72
浪花	0.72
贮	0.72
日报社	0.72
辙	0.72
招架	0.72
新飞	0.72
订餐	0.72
半死不活	0.72
听讲	0.72
串门	0.72
糙	0.72
人间地狱	0.72
吹风	0.72
史瑞克	0.72
咲	0.72
知之甚少	0.72
搅动	0.72
行会	0.72
刮脸	0.72
争议性	0.72
预案	0.72
指挥权	0.72
科学院	0.72
挡泥板	0.72
置换	0.72
丝巾	0.72
百万分之一	0.72
无毒	0.72
花圈	0.72
探查	0.72
卢修斯	0.72
无期	0.72
畏罪	0.72
雷利	0.72
斯黛拉	0.72
形形色色	0.72
借鉴	0.72
救火车	0.72
比昂尼	0.72
温习	0.72
马罗	0.72
埃略	0.72
偷车贼	0.72
马球	0.72
浪漫主义者	0.72
胡德	0.72
弗朗妮	0.72
感染者	0.72
竭	0.72
如履薄冰	0.72
功成名就	0.72
慢吞吞	0.72
研究院	0.72
渲染	0.72
水原	0.72
百分之一	0.72
哄骗	0.72
拉巴斯	0.72
少林	0.72
军械库	0.72
超音速	0.72
法例	0.72
径	0.72
成衣	0.72
埃丝特	0.72
翻阅	0.72
掮客	0.72
扇子	0.72
小精灵	0.72
千辛万苦	0.72
休会	0.72
矮个子	0.72
木薯	0.72
生根	0.72
越轨	0.72
同病相怜	0.72
乐感	0.72
水性	0.72
男性化	0.72
不在话下	0.72
明明白白	0.72
围观	0.72
安吉丽娜	0.72
序幕	0.72
盟国	0.72
见报	0.72
热茶	0.72
桃花运	0.72
药力	0.72
液化	0.72
防化	0.72
茶几	0.72
跆	0.72
学说	0.72
粉刺	0.72
扶梯	0.72
鍔	0.72
慈祥	0.72
修订	0.72
逞能	0.72
丝袜	0.72
法文	0.72
怯懦	0.72
过客	0.72
每块	0.72
按理说	0.72
经商	0.72
挝	0.7
肓	0.7
纵横	0.69
小肠	0.69
泡沫塑料	0.69
耳边风	0.69
布兰德	0.69
茁壮	0.69
普鲁士	0.69
生硬	0.69
鼠辈	0.69
大展	0.69
蜜饯	0.69
不问	0.69
特雷西	0.69
奥莱安	0.69
书信	0.69
待客	0.69
骏	0.69
血细胞	0.69
奥尔良	0.69
效仿	0.69
加拉加斯	0.69
踏入	0.69
咽气	0.69
最高价	0.69
斯戴福	0.69
腰果	0.69
徒刑	0.69
地堡	0.69
下期	0.69
波段	0.69
门缝	0.69
历来	0.69
论断	0.69
召见	0.69
击剑	0.69
商用	0.69
过眼云烟	0.69
暂缓	0.69
阿道夫·希特勒	0.69
府邸	0.69
要闻	0.69
伸缩	0.69
解析	0.69
留步	0.69
西西莉亚	0.69
发昏	0.69
再而三	0.69
托辞	0.69
卿卿我我	0.69
下位	0.69
陶艺	0.69
煽动性	0.69
发酵	0.69
俯	0.69
野火	0.69
贱民	0.69
风吹草动	0.69
萨菲拉	0.69
店名	0.69
干部	0.69
佐治亚	0.69
总统府	0.69
波长	0.69
抛光	0.69
好端端	0.69
绕行	0.69
卡什	0.69
簇	0.69
索尼娅	0.69
奴才	0.69
吭	0.69
叶那茨	0.69
夫君	0.69
流苏	0.69
露易丝	0.69
旧时	0.69
仲夏	0.69
奈维斯	0.69
太雄	0.69
特雷沃	0.69
裂纹	0.69
消毒剂	0.69
喙	0.69
昆西	0.69
气孔	0.69
羚	0.69
瑟尔	0.69
埃米利安	0.69
马不停蹄	0.69
小憩	0.69
折衷	0.69
贪图	0.69
真人真事	0.69
可取	0.69
对冲	0.69
枪托	0.69
崭露头角	0.69
截至	0.69
情敌	0.69
圣体	0.69
值勤	0.69
减税	0.69
引信	0.69
车管所	0.69
抵抗力	0.69
非同一般	0.69
不治之症	0.69
组件	0.69
欧式	0.69
幼儿	0.69
阳子	0.69
跳板	0.69
哈莱姆	0.69
战战兢兢	0.69
克里斯·迦纳	0.69
男儿	0.69
喷嘴	0.69
安非他明	0.69
戴克	0.69
面色	0.69
违禁品	0.69
发起人	0.69
鬓角	0.69
不出所料	0.69
延边	0.69
记恨	0.69
大无畏	0.69
匀称	0.69
分寸	0.69
质谱仪	0.69
双眸	0.69
哈巴德	0.69
修道	0.69
沃霍尔	0.69
冠军杯	0.69
休整	0.69
囤积	0.69
字形	0.69
太空站	0.69
诞生地	0.69
秉坤	0.69
大呼小叫	0.69
二把手	0.69
动容	0.69
祭奠	0.69
柚	0.69
凝聚力	0.69
白送	0.69
车轴	0.69
早报	0.69
双子	0.69
两地	0.69
洛克伍德	0.69
尖子	0.69
断臂	0.69
录影	0.69
渡口	0.69
平方根	0.69
队里	0.69
馈赠	0.69
惹是生非	0.69
判罪	0.69
低收入	0.69
投递	0.69
凹陷	0.69
珀斯	0.69
独创	0.69
烫发	0.69
令人振奋	0.69
样片	0.69
金国	0.69
严实	0.69
名校	0.69
遥感	0.69
关卡	0.69
寒风	0.69
电影界	0.69
信物	0.69
附上	0.69
驻地	0.69
常胜	0.69
嘉年华会	0.69
定性	0.69
二三十	0.69
停车费	0.69
为由	0.69
友人	0.69
从头至尾	0.69
工资单	0.69
返还	0.69
计数器	0.69
退票	0.69
血色	0.69
标新立异	0.69
面料	0.69
客栈	0.69
乐于助人	0.69
自豪感	0.69
麦迪	0.69
沦	0.69
黎利	0.69
同仁	0.69
酒桶	0.69
良师益友	0.69
硬朗	0.69
伟信	0.69
画框	0.69
股骨	0.69
中式	0.69
蛊	0.69
飞鸟	0.69
克拉迪	0.69
半截	0.69
洗衣粉	0.69
酿造	0.69
弗里托	0.69
战袍	0.69
天花乱坠	0.69
阿敏	0.69
秀真	0.69
装装	0.69
公职	0.69
闲工夫	0.69
起落	0.69
拿药	0.69
禁食	0.69
看不顺眼	0.69
主旋律	0.69
伯德	0.69
打火石	0.69
采样	0.69
长篇	0.69
子夜	0.69
居住地	0.69
居住区	0.69
迈克尔·杰克逊	0.69
下功夫	0.69
蛮横	0.69
明兰	0.69
快快乐乐	0.69
山林	0.69
哲人	0.69
毁约	0.69
男童	0.69
夏树	0.69
明青	0.69
卡拉斯	0.69
七千	0.69
千言万语	0.69
皮艇	0.69
盖布瑞尔	0.69
切德	0.69
水果糖	0.69
模具	0.69
泰晤	0.69
警醒	0.69
浩瀚	0.69
细语	0.69
辛妮	0.69
照管	0.69
代表性	0.69
孝子	0.69
灯柱	0.69
坦诚相见	0.69
沾边	0.69
团员	0.69
斯泰普顿	0.69
泪眼	0.69
铎	0.69
剑客	0.69
蒙德	0.69
急匆匆	0.69
胖乎乎	0.69
艾瑞卡	0.69
红牌	0.69
酵母	0.69
海岛	0.69
清纯	0.69
夹杂	0.69
米腾思	0.69
新德里	0.69
虾子	0.69
牛郎	0.69
二十七	0.69
冒名顶替	0.69
悲剧性	0.69
瓦金	0.69
赞许	0.69
反之	0.69
烟酒	0.69
连带	0.69
拉金	0.69
儿媳	0.69
支气管	0.69
警用	0.69
便装	0.69
心肌梗塞	0.69
振石	0.69
印度人	0.69
摆架子	0.69
瑞西凯	0.69
财经	0.69
飘扬	0.69
皮子	0.69
扑火	0.69
栩栩如生	0.69
火龙	0.69
皮尔	0.69
末梢	0.69
惶惶	0.69
六七	0.69
顽固不化	0.69
斯肯尼	0.69
奥古斯丁	0.69
坛	0.69
北卡罗来纳州	0.69
壮烈	0.69
莱斯	0.69
决意	0.69
冻伤	0.69
横财	0.69
笔下	0.69
短篇小说	0.69
布雷切特	0.69
兰特	0.69
道子	0.69
初犯	0.69
公海	0.69
一侧	0.69
典雅	0.69
体统	0.69
世面	0.69
奶水	0.69
瓦片	0.69
起程	0.69
威望	0.69
萨里斯	0.69
柔韧性	0.69
思量	0.69
菲恩	0.69
闪动	0.69
热乎	0.69
菱形	0.69
年年	0.69
窃案	0.69
狂乱	0.69
军规	0.69
预估	0.69
安吉洛	0.69
金克斯	0.69
邦迪库	0.69
三亿	0.69
三一	0.69
作物	0.69
一声令下	0.69
老搭档	0.69
阵阵	0.69
触发器	0.69
无上	0.69
贝多斯	0.69
富商	0.69
萨摩亚人	0.69
招生	0.69
新词	0.69
国防军	0.69
民意测验	0.69
紧贴	0.69
有备无患	0.69
假证	0.69
异物	0.69
阿肯色	0.69
百合花	0.69
一钱不值	0.69
有愧	0.69
就餐	0.69
入主	0.69
旷课	0.69
圆点	0.69
共产党人	0.69
康克林	0.69
荣誉感	0.69
举例	0.69
傧相	0.69
龟头	0.69
蓬蓬	0.69
纽伦堡	0.69
哈曼	0.69
破处	0.69
吮吸	0.69
生肉	0.69
盒饭	0.69
高招	0.69
光纤	0.69
艾夫纳	0.69
萨维奇	0.69
郊游	0.69
高楼	0.69
苗头	0.69
惠特曼	0.69
靠垫	0.69
唐德	0.69
生姜	0.69
沙皇	0.69
纹路	0.69
乐师	0.69
百分比	0.69
强光	0.69
法务	0.69
营业额	0.69
埃莉	0.69
汉立	0.69
错综复杂	0.69
温莎	0.69
借宿	0.69
吵嚷	0.69
马舍	0.69
馄饨	0.69
纺织	0.69
小提琴手	0.69
殊荣	0.69
同姓	0.69
谢礼	0.69
单方面	0.69
咬紧牙关	0.69
土人	0.69
杏子	0.69
罪状	0.69
茶点	0.69
找碴	0.69
疑云	0.69
眼袋	0.69
火苗	0.69
知识分子	0.69
谢尔	0.69
老底	0.69
洛城	0.69
齐步走	0.69
无色	0.69
维特	0.69
估量	0.69
要得	0.69
推算	0.69
一连	0.69
尼泊尔	0.69
撑腰	0.69
胰	0.69
马纳科	0.69
就寝	0.69
征询	0.69
文艺	0.69
麾下	0.69
一举成名	0.69
相传	0.69
农业部	0.69
蔻	0.68
莅	0.68
时至今日	0.66
校门	0.66
好胜	0.66
查兹	0.66
煞车	0.66
近照	0.66
珀西·琼斯	0.66
一步步	0.66
三十万	0.66
贯彻	0.66
帕斯琳	0.66
普兰	0.66
白光	0.66
大全	0.66
将领	0.66
看家	0.66
幸子	0.66
狙	0.66
儆	0.66
诊治	0.66
猛地	0.66
忘我	0.66
埃塞尔	0.66
亮丽	0.66
白昼	0.66
令人不安	0.66
家务活	0.66
根基	0.66
拉莱米	0.66
安立奎	0.66
艾丽克斯	0.66
凯瑟	0.66
大盘	0.66
供暖	0.66
曼尼克斯	0.66
炮击	0.66
并排	0.66
家庭式	0.66
穷鬼	0.66
畅游	0.66
中亚	0.66
留学	0.66
波尔卡	0.66
胸中	0.66
真真切切	0.66
痴心妄想	0.66
峭壁	0.66
圣母院	0.66
发家	0.66
哺乳	0.66
歌唱家	0.66
下放	0.66
手掌心	0.66
波澜	0.66
惊惶	0.66
陆上	0.66
流派	0.66
朱莉亚	0.66
堀	0.66
缺损	0.66
不拘一格	0.66
空头支票	0.66
波林	0.66
争夺战	0.66
邓迪	0.66
与其	0.66
哈库纳玛塔塔	0.66
芯	0.66
撒气	0.66
模棱两可	0.66
史塔克	0.66
神经细胞	0.66
根毛	0.66
讨债	0.66
发晕	0.66
布谷鸟	0.66
泰晤士报	0.66
销售量	0.66
发配	0.66
复健	0.66
威莉	0.66
马后炮	0.66
纨绔子弟	0.66
毛虫	0.66
规章制度	0.66
种群	0.66
斯普林菲尔德	0.66
臆想	0.66
欢聚一堂	0.66
乔治·华盛顿	0.66
佳云	0.66
平克士	0.66
变本加厉	0.66
象限	0.66
野地	0.66
惊魂	0.66
轻便	0.66
内外	0.66
流连	0.66
点球	0.66
尘封	0.66
演播厅	0.66
劲头	0.66
格洛弗	0.66
韵味	0.66
谈吐	0.66
情场	0.66
格兰芬多	0.66
追忆	0.66
无关痛痒	0.66
开天窗	0.66
格里恩	0.66
室温	0.66
刑具	0.66
军警	0.66
服务处	0.66
天主教堂	0.66
灌注	0.66
甲醛	0.66
遵	0.66
格雷戈里	0.66
杜威·休斯	0.66
恭敬	0.66
踏进	0.66
小摊	0.66
木质	0.66
鎬	0.66
罗克西	0.66
斯特朗霍德	0.66
合理性	0.66
解放军	0.66
情意	0.66
注水	0.66
服输	0.66
汽油弹	0.66
麦加	0.66
糊里糊涂	0.66
来意	0.66
永客	0.66
星形	0.66
攫取	0.66
嬷嬷	0.66
辰	0.66
福克尔	0.66
机警	0.66
戴比	0.66
诱因	0.66
哥吉拉	0.66
撞针	0.66
文摘	0.66
简讯	0.66
从宽	0.66
镳	0.66
语句	0.66
拖拖拉拉	0.66
格里茨	0.66
痛感	0.66
瓶颈	0.66
麻黄碱	0.66
里屋	0.66
凶暴	0.66
票根	0.66
阴冷	0.66
亚力山	0.66
相当于	0.66
卢辛达	0.66
转行	0.66
山口	0.66
拓荒者	0.66
瓦斯基	0.66
泰瑞沙	0.66
班内特	0.66
铛	0.66
回礼	0.66
出外	0.66
茶话会	0.66
搭建	0.66
咸肉	0.66
质数	0.66
加德纳	0.66
凡·卡普	0.66
潜台词	0.66
前年	0.66
目中无人	0.66
行李袋	0.66
和龙	0.66
浴帽	0.66
喧哗	0.66
无可厚非	0.66
黑影	0.66
哥顿	0.66
修路	0.66
网开一面	0.66
萨瓦纳	0.66
妖术	0.66
焦距	0.66
车行	0.66
直布罗陀	0.66
衣原	0.66
阿兹特克	0.66
苦练	0.66
斤斤计较	0.66
货单	0.66
雪莱	0.66
崔裴达	0.66
尖头	0.66
汽化器	0.66
仿生	0.66
上等货	0.66
雨滴	0.66
木已成舟	0.66
随大流	0.66
真心诚意	0.66
兆赫	0.66
高压电	0.66
常赫	0.66
此言	0.66
邦尼	0.66
罗伊德	0.66
短袖	0.66
琵	0.66
呱	0.66
妖魔	0.66
大红大紫	0.66
心计	0.66
启蒙	0.66
高射炮	0.66
臃肿	0.66
道烈	0.66
塞纳伊	0.66
通敌	0.66
鸠	0.66
加斯帕	0.66
布罗迪	0.66
花名册	0.66
金田	0.66
玛可斯	0.66
雪儿	0.66
瓦蒂克	0.66
杜格	0.66
悬殊	0.66
契合	0.66
蕴藏	0.66
转租	0.66
小伙儿	0.66
摄制	0.66
报数	0.66
劝阻	0.66
格雷曼	0.66
游牧	0.66
先人	0.66
别称	0.66
别离	0.66
均等	0.66
宾州	0.66
夜猫子	0.66
面人	0.66
明目张胆	0.66
咸鱼	0.66
繁文缛节	0.66
变节	0.66
累活	0.66
鱼网	0.66
铁板	0.66
天生丽质	0.66
皮肤科	0.66
一尘不染	0.66
皮肤病	0.66
伟哥	0.66
惠瑛	0.66
刻字	0.66
俗话	0.66
甫	0.66
呆滞	0.66
乔斯琳	0.66
畔	0.66
圣彼得	0.66
彼斯坎	0.66
马格斯	0.66
挂毯	0.66
牙缝	0.66
战马	0.66
圆球	0.66
时过境迁	0.66
半夜三更	0.66
典故	0.66
炉火	0.66
葡萄糖	0.66
裤腿	0.66
归根到底	0.66
懒觉	0.66
拟定	0.66
燕麦片	0.66
应战	0.66
戊	0.66
平白	0.66
平生	0.66
世军	0.66
同心	0.66
摇身一变	0.66
兰道尔	0.66
建筑学	0.66
圆号	0.66
杪	0.66
佣	0.66
白圣基	0.66
特派	0.66
查克·巴托斯基	0.66
到点	0.66
特教	0.66
翠西	0.66
上行	0.66
管风琴	0.66
下毒手	0.66
惭	0.66
人生观	0.66
便盆	0.66
拉森	0.66
索隆	0.66
烟叶	0.66
蚁后	0.66
搀	0.66
受益匪浅	0.66
充其量	0.66
终场	0.66
合用	0.66
蚜虫	0.66
田镇	0.66
政治学	0.66
弗兰克·卢卡斯	0.66
斯派斯	0.66
说不过去	0.66
银座	0.66
划桨	0.66
偷生	0.66
了事	0.66
逾	0.66
上回	0.66
北大	0.66
合计	0.66
切记	0.66
布莉	0.66
阿弥陀佛	0.66
季风	0.66
污蔑	0.66
夭折	0.66
台长	0.66
护城河	0.66
失约	0.66
实权	0.66
奥伯力	0.66
高高兴兴	0.66
订货	0.66
蝉联	0.66
凑热闹	0.66
蠕动	0.66
桑托斯	0.66
彼得斯	0.66
短途	0.66
北极星	0.66
讽	0.66
在校	0.66
烟蒂	0.66
火锅	0.66
棍棒	0.66
杰迪	0.66
诺福克	0.66
启发性	0.66
口吃	0.66
臼齿	0.66
拆毁	0.66
致癌	0.66
艾黎	0.66
忧心	0.66
废弃物	0.66
隐性	0.66
虚情假意	0.66
施瓦辛格	0.66
原位	0.66
加工厂	0.66
积水	0.66
图鲁	0.66
嘶嘶	0.66
国宝	0.66
公升	0.66
起哄	0.66
脖	0.66
藏书	0.66
衰败	0.66
肺腑	0.66
沿海	0.66
罗毅德	0.66
喽罗	0.66
施内布利	0.66
熙	0.66
寄存	0.66
毕业班	0.66
禁烟	0.66
深造	0.66
蚱蜢	0.66
游离	0.66
禅宗	0.66
就事论事	0.66
斯特拉波	0.66
肖像画	0.66
贝蒂格鲁	0.66
订金	0.66
闹别扭	0.66
乔治城	0.66
贝类	0.66
丹妮	0.66
沫	0.66
美珠	0.66
异味	0.66
凡尔赛	0.66
寻踪	0.66
鱼腥味	0.66
絮叨	0.66
撒哈拉	0.66
无业	0.66
操练	0.66
斯潘塞	0.66
本奈特	0.66
黝黑	0.66
保质期	0.66
洗胃	0.66
熙珍	0.66
年终	0.66
熙秀	0.66
双人床	0.66
欧比旺	0.66
翠亚	0.66
作梗	0.66
品格	0.66
恰如其分	0.66
花卉	0.66
帕里斯	0.66
紧逼	0.66
雪利酒	0.66
客套话	0.66
新田	0.66
针织	0.66
派驻	0.66
告退	0.66
皮珀兹	0.66
借贷	0.66
加沙	0.66
韦翰	0.66
坦桑尼亚	0.66
三星	0.66
高唱	0.66
插画	0.66
对不住	0.66
稻田	0.66
中东地区	0.66
意味深长	0.66
数不胜数	0.66
梢	0.66
喆	0.66
百货店	0.66
代劳	0.66
斯基特	0.66
郊	0.66
甜瓜	0.66
简·奥斯汀	0.66
适得其反	0.66
复位	0.66
扇贝	0.66
爱达荷州	0.66
多元化	0.66
单细胞	0.66
法宝	0.66
水塔	0.66
废气	0.66
能手	0.66
北海道	0.66
良方	0.66
塞尔	0.66
雷纳德	0.66
雷雨	0.66
借出	0.66
犯病	0.66
黯然失色	0.66
汉美	0.66
术士	0.66
火车头	0.66
政坛	0.66
选用	0.66
先入为主	0.66
平步青云	0.66
得克萨斯州	0.66
挑三拣四	0.66
韦兰德	0.66
佳亚	0.66
安德鲁斯	0.66
沙哑	0.66
少儿	0.66
插话	0.66
鬼主意	0.66
爱侣	0.66
同屋	0.66
水深	0.66
怒不可遏	0.66
繁琐	0.66
阿宝	0.66
预赛	0.66
费耶	0.66
纽芬兰	0.66
辅佐	0.66
钟塔	0.66
相等	0.66
罗汉	0.66
制动	0.66
个数	0.66
制导	0.66
巴妮	0.66
松井	0.66
得梅因	0.66
人犯	0.66
话别	0.66
胃肠	0.66
智敏	0.66
钟点	0.66
寓言	0.66
化为乌有	0.66
熊掌	0.66
花草	0.66
黄豆	0.66
鹅卵石	0.66
人性化	0.66
双人舞	0.66
规程	0.66
胃酸	0.66
阿灵顿	0.66
畸	0.66
班克斯	0.66
乐天派	0.66
搭救	0.66
膝下	0.66
市井	0.66
溉	0.66
瑛	0.66
暄	0.64
猡	0.64
骋	0.64
杞	0.64
跻	0.64
迥	0.64
小腹	0.63
麦佛莱	0.63
不欢而散	0.63
外场	0.63
让出	0.63
镇住	0.63
白发	0.63
多时	0.63
谦恭	0.63
注解	0.63
压垮	0.63
捣鼓	0.63
肉欲	0.63
套话	0.63
医科	0.63
无怨无悔	0.63
缅因	0.63
课程表	0.63
指正	0.63
贺礼	0.63
茸毛	0.63
伊斯兰堡	0.63
贯	0.63
圣迪	0.63
本·韦德	0.63
不劳而获	0.63
卡斯提斯	0.63
权宜之计	0.63
冰柱	0.63
折回	0.63
波纹	0.63
背井离乡	0.63
留念	0.63
诺基亚	0.63
执导	0.63
熟能生巧	0.63
门牌	0.63
撒布	0.63
炒面	0.63
风度翩翩	0.63
斯利姆	0.63
跨国公司	0.63
地洞	0.63
介绍信	0.63
下列	0.63
发行量	0.63
夏克缇	0.63
速递	0.63
观光客	0.63
大汗淋漓	0.63
中性	0.63
逖	0.63
熟透	0.63
佩克	0.63
麦卡农	0.63
领唱	0.63
奥丽维娅	0.63
日用品	0.63
幕布	0.63
佩带	0.63
陆月	0.63
蜡像	0.63
中转	0.63
独奏会	0.63
驶过	0.63
内核	0.63
尤为	0.63
神清气爽	0.63
穿甲弹	0.63
殷勤	0.63
暖炉	0.63
乔吉	0.63
麦卡利斯特	0.63
一家人	0.63
领航	0.63
小汽车	0.63
千千万万	0.63
非盈利	0.63
用刑	0.63
仆	0.63
走访	0.63
冬青	0.63
庆功宴	0.63
野兔	0.63
入乡随俗	0.63
囚车	0.63
搞头	0.63
期货	0.63
加急	0.63
缩回	0.63
妩媚	0.63
妇孺	0.63
朱丽	0.63
佛兰德	0.63
无私奉献	0.63
梅花	0.63
搞臭	0.63
用人	0.63
谋反	0.63
迈步	0.63
契机	0.63
加尔各答	0.63
谈到	0.63
补考	0.63
渣子	0.63
不犯	0.63
精彩纷呈	0.63
号子	0.63
优等	0.63
差使	0.63
查验	0.63
看齐	0.63
联接	0.63
甁	0.63
铃儿	0.63
植物油	0.63
真言	0.63
赫伯特	0.63
演唱者	0.63
稳定性	0.63
吟唱	0.63
优厚	0.63
亡命之徒	0.63
蛛网	0.63
治治	0.63
来客	0.63
关东	0.63
翻番	0.63
短波	0.63
掸	0.63
螨	0.63
供认不讳	0.63
固有	0.63
可有可无	0.63
小维	0.63
粘合剂	0.63
喜庆	0.63
嗤	0.63
居高临下	0.63
段落	0.63
装船	0.63
售卖	0.63
沉静	0.63
广东	0.63
回嘴	0.63
低迷	0.63
庙宇	0.63
喜事	0.63
人世间	0.63
新罕布什尔州	0.63
牵线	0.63
阴户	0.63
旨在	0.63
闲置	0.63
布希金	0.63
大麦	0.63
西比尔	0.63
浮瑞克	0.63
镣铐	0.63
弹匣	0.63
安布罗斯	0.63
伊莫森	0.63
倚	0.63
亲家	0.63
省得	0.63
凯蒂琳	0.63
鲍比·达林	0.63
椎	0.63
社会主义者	0.63
杰斯洛	0.63
观赏性	0.63
戳穿	0.63
招摇过市	0.63
点火器	0.63
达标	0.63
阿蕾	0.63
金龟	0.63
衣料	0.63
滋普	0.63
市价	0.63
踌躇	0.63
敬元	0.63
米楚	0.63
阿黛尔	0.63
易燃	0.63
艾斯利	0.63
卢瑟斯	0.63
武士道	0.63
航空母舰	0.63
葛雷	0.63
健将	0.63
鬓	0.63
短篇	0.63
误诊	0.63
自由党	0.63
贾兹	0.63
音箱	0.63
雕琢	0.63
苦楚	0.63
接踵而来	0.63
墨索里尼	0.63
风风雨雨	0.63
达考拉	0.63
各色	0.63
突入	0.63
弟妹	0.63
耳屎	0.63
右方	0.63
贮藏	0.63
金妮	0.63
阿莫斯	0.63
雪恨	0.63
里里外外	0.63
雅致	0.63
绝口	0.63
习性	0.63
谎称	0.63
独力	0.63
侯爵	0.63
二十五万	0.63
梓美	0.63
雨点	0.63
脊骨	0.63
雪白	0.63
严寒	0.63
前边	0.63
志向	0.63
吱声	0.63
杜瓦	0.63
近视	0.63
来之不易	0.63
放映室	0.63
內	0.63
抢购	0.63
目光短浅	0.63
雷克雅未克	0.63
死战	0.63
丧葬	0.63
力挽狂澜	0.63
珀尔	0.63
米色	0.63
网状	0.63
正权	0.63
克维尔	0.63
殃及	0.63
名号	0.63
通讯员	0.63
女兵	0.63
心慈手软	0.63
安男	0.63
报税	0.63
塔皮亚	0.63
数据流	0.63
静谧	0.63
撞倒	0.63
奥妙	0.63
喜讯	0.63
支气管炎	0.63
情有可原	0.63
专车	0.63
粘乎乎	0.63
除草	0.63
玛格特	0.63
弗莱明	0.63
姘头	0.63
铁管	0.63
城郊	0.63
危机四伏	0.63
铁拳	0.63
所见所闻	0.63
肩胛骨	0.63
电刑	0.63
太阳眼镜	0.63
画笔	0.63
叫卖	0.63
止痛剂	0.63
埃里斯	0.63
拓	0.63
杰克·泰勒	0.63
沟渠	0.63
锡箔	0.63
扁平	0.63
长枪	0.63
哲林	0.63
阿洛	0.63
弗格斯	0.63
批发	0.63
加热器	0.63
屡试不爽	0.63
艾丽诺	0.63
斯里兰卡	0.63
掉包	0.63
艾希莉	0.63
原貌	0.63
何苦	0.63
三轮车	0.63
助威	0.63
原话	0.63
尼克依	0.63
五星	0.63
乏	0.63
服务费	0.63
打下手	0.63
世恩	0.63
扎木合	0.63
希思罗	0.63
拔剑	0.63
挡板	0.63
稳健	0.63
卡萨布兰卡	0.63
天机	0.63
孑然	0.63
河滨	0.63
夜游	0.63
祖巴	0.63
壕沟	0.63
呜咽	0.63
弗拉基米尔	0.63
鲜肉	0.63
斯帕拉赞	0.63
红军	0.63
电冰箱	0.63
嘴硬	0.63
清仓	0.63
美狄亚	0.63
逆行	0.63
基蒂	0.63
有情人	0.63
提琴	0.63
哈里逊	0.63
水仙花	0.63
鼓鼓的	0.63
静默	0.63
卡伯特	0.63
红火	0.63
拉吉	0.63
数一数二	0.63
蒙受	0.63
味蕾	0.63
熔炉	0.63
杜比	0.63
读报	0.63
现世	0.63
网眼	0.63
达里克	0.63
红木	0.63
海夫	0.63
造影	0.63
连长	0.63
如坐针毡	0.63
泰坤	0.63
娘儿们	0.63
暗暗	0.63
布里	0.63
激增	0.63
史莱	0.63
瑞克斯	0.63
基弗	0.63
史蒂	0.63
露西·戴蒙	0.63
主子	0.63
一转眼	0.63
允熙	0.63
锅炉房	0.63
皮球	0.63
指导员	0.63
现况	0.63
布拉德·皮特	0.63
仰卧起坐	0.63
梭子	0.63
旺达尼	0.63
曼斯菲尔德	0.63
电话机	0.63
威克斯勒	0.63
代表队	0.63
东亚	0.63
事理	0.63
承包	0.63
泰胜	0.63
鲁勃	0.63
特灵	0.63
化粪池	0.63
东家	0.63
皮农	0.63
迟迟	0.63
电信号	0.63
血小板	0.63
联络官	0.63
激昂	0.63
东勋	0.63
细细	0.63
主犯	0.63
失守	0.63
反动	0.63
精品店	0.63
鲜美	0.63
镰	0.63
颚	0.63
密闭	0.63
卡尔森	0.63
贬值	0.63
威吓	0.63
隔板	0.63
播映	0.63
拿出	0.63
志硕	0.63
原处	0.63
争论不休	0.63
药性	0.63
喷雾器	0.63
战乱	0.63
里诺	0.63
鼾声	0.63
起动	0.63
交叉点	0.63
剪裁	0.63
贬义	0.63
乱发	0.63
威猛	0.63
姐儿	0.63
霍格华兹	0.63
懵	0.63
公报	0.63
挂钩	0.63
善变	0.63
玛丽·珍	0.63
喷头	0.63
挑拨	0.63
困难重重	0.63
朧	0.63
玄瑞	0.63
赌棍	0.63
钮扣	0.63
科利尔	0.63
异彩	0.63
授课	0.63
晚报	0.63
有分寸	0.63
稳妥	0.63
申辩	0.63
电动车	0.63
餐盘	0.63
猖獗	0.63
乃至	0.63
拳套	0.63
拨开	0.63
载有	0.63
共产党员	0.63
坏疽	0.63
作答	0.63
葛列格	0.63
有神	0.63
詹米	0.63
活计	0.63
听课	0.63
美偶	0.63
作法	0.63
珍妮佛	0.63
二十秒	0.63
邮编	0.63
相距	0.63
三日	0.63
巴格西	0.63
预祝	0.63
马尼	0.63
盟约	0.63
天壤之别	0.63
特拉华州	0.63
霍尔	0.63
温床	0.63
理事	0.63
稠	0.63
高个	0.63
针眼	0.63
瓦尔基里	0.63
北半球	0.63
频频	0.63
疯病	0.63
水质	0.63
增压	0.63
磷酸	0.63
庇佑	0.63
省心	0.63
高尼	0.63
斯特林	0.63
隆尼	0.63
扎针	0.63
甲贺	0.63
越境	0.63
针剂	0.63
霓	0.63
苛求	0.63
奇闻	0.63
坛子	0.63
鼓足	0.63
悠悠	0.63
了不得	0.63
孟加拉	0.63
桑嘎	0.63
英国人	0.63
大失所望	0.63
一场空	0.63
伏法	0.63
派头	0.63
翻船	0.63
阿列克斯	0.63
高调	0.63
张伯伦	0.63
奥莉芙·史努克	0.63
厨具	0.63
艾弗拉特	0.63
接班	0.63
高龄	0.63
米尔曼	0.63
山道	0.63
胡诌	0.63
颊骨	0.63
鼓劲	0.63
满不在乎	0.63
有机物	0.63
亏损	0.63
苏芝	0.63
怪圈	0.63
强生	0.63
水电	0.63
扎实	0.63
瑞迪	0.63
良多	0.63
复诊	0.63
余兴	0.63
沙门	0.63
普莉希丝	0.63
哈金	0.63
落成	0.63
赠予	0.63
讲求	0.63
卍	0.63
雄心勃勃	0.63
人海	0.63
精锐	0.63
煥	0.63
扭转乾坤	0.63
面面俱到	0.63
杀人不眨眼	0.63
绱	0.63
蒲	0.63
家常菜	0.63
智善	0.63
相思	0.63
四重奏	0.63
企盼	0.63
娄	0.63
康奈克斯	0.63
徜徉	0.63
莫娜	0.63
摩托艇	0.63
试题	0.63
箩	0.63
新片	0.63
罗娜	0.63
移送	0.63
胆囊	0.63
欢声笑语	0.63
饺	0.63
过年	0.63
甭管	0.63
荒无人烟	0.63
翻跟头	0.63
谢罪	0.63
风铃	0.63
相交	0.63
基本功	0.63
惊心动魄	0.63
退位	0.63
斟酌	0.63
淤血	0.63
纰	0.62
奂	0.62
起落架	0.6
公平交易	0.6
幸事	0.6
截然	0.6
小薰	0.6
阿兹卡班	0.6
当头一棒	0.6
房费	0.6
次品	0.6
粘糊糊	0.6
摸清	0.6
空格	0.6
汇总	0.6
校舍	0.6
血汗钱	0.6
投影	0.6
苔藓	0.6
循环系统	0.6
楔	0.6
凿子	0.6
指名	0.6
氨基	0.6
莉莎	0.6
胜出	0.6
太保	0.6
合而为一	0.6
唏	0.6
重金	0.6
调节器	0.6
漏洞百出	0.6
赫菲斯提昂	0.6
不齿	0.6
芋	0.6
蓄谋	0.6
拖拉	0.6
我真	0.6
坪	0.6
仅次于	0.6
奈德曼	0.6
外汇	0.6
折射	0.6
路辅斯	0.6
凸显	0.6
凌辱	0.6
交易会	0.6
不解	0.6
深蓝色	0.6
门柱	0.6
原子能	0.6
先头	0.6
穷追猛打	0.6
乔迪	0.6
佩柏	0.6
发冷	0.6
右耳	0.6
匣	0.6
降雨	0.6
先兆	0.6
嗪	0.6
地处	0.6
地头	0.6
地契	0.6
炒饭	0.6
下月	0.6
中川	0.6
鬼影	0.6
祸水	0.6
地势	0.6
党内	0.6
普拉达	0.6
发痒	0.6
乳酸	0.6
管乐队	0.6
大手笔	0.6
烙饼	0.6
下发	0.6
密西西比州	0.6
奥密特	0.6
私通	0.6
中旬	0.6
抚育	0.6
干活儿	0.6
轮奸	0.6
工人阶级	0.6
耙子	0.6
自由职业者	0.6
阿尔茨海默	0.6
卷起	0.6
地界	0.6
任教	0.6
泰镇	0.6
金日成	0.6
怖	0.6
划艇	0.6
渔网	0.6
力争	0.6
喜马拉雅山	0.6
范儿	0.6
并存	0.6
娥	0.6
牢靠	0.6
鬼魅	0.6
滑翔机	0.6
罗德尼	0.6
换算	0.6
开阔地	0.6
统治权	0.6
离间	0.6
普拉特	0.6
离队	0.6
消瘦	0.6
特里斯顿	0.6
狱卒	0.6
消炎	0.6
伊莎贝	0.6
国际性	0.6
梅莉莎	0.6
闹情绪	0.6
斯大林格勒	0.6
私仇	0.6
科恩	0.6
顺口	0.6
聚居	0.6
索尼埃	0.6
始于	0.6
赶不及	0.6
大英	0.6
来生	0.6
酬谢	0.6
萨莉曼	0.6
权杖	0.6
交响乐团	0.6
校内	0.6
刑侦	0.6
绞刑架	0.6
八万	0.6
打字员	0.6
计量	0.6
情境	0.6
改道	0.6
西西里	0.6
普莱斯考特	0.6
引线	0.6
丽萨	0.6
让道	0.6
趣闻	0.6
来时	0.6
莉亚	0.6
一门心思	0.6
湖底	0.6
不懈	0.6
气垫	0.6
大院	0.6
克诺比	0.6
不息	0.6
计费	0.6
开小差	0.6
伐	0.6
触怒	0.6
希律王	0.6
鹭	0.6
朴成泰	0.6
本森	0.6
撬棍	0.6
书记	0.6
好找	0.6
编导	0.6
棱	0.6
杜莱恩	0.6
秒表	0.6
两肋插刀	0.6
瓦格纳	0.6
奇里·帕默尔	0.6
流水线	0.6
史达琳	0.6
洁丽琳	0.6
战斗力	0.6
坦纳	0.6
面额	0.6
集资	0.6
黑熊	0.6
小巫见大巫	0.6
可亲	0.6
麻花	0.6
娱乐业	0.6
闯荡	0.6
多多少少	0.6
苏军	0.6
顽童	0.6
节欲	0.6
坚称	0.6
加农炮	0.6
记名	0.6
亮闪闪	0.6
荫	0.6
飞利浦	0.6
鱼片	0.6
文笔	0.6
伴游	0.6
恩里克	0.6
回乡	0.6
看热闹	0.6
初稿	0.6
脚板	0.6
殊死	0.6
赛迪	0.6
壁虎	0.6
龙哥	0.6
多米尼加	0.6
伯吉斯	0.6
伊莫顿	0.6
超赞	0.6
受辱	0.6
别老	0.6
幼年	0.6
变相	0.6
房地产商	0.6
膳食	0.6
首级	0.6
張	0.6
鬼把戏	0.6
上班族	0.6
客车	0.6
阿伽门农	0.6
占士邦	0.6
语文	0.6
转速	0.6
图钉	0.6
阿米莉亚	0.6
兴奋点	0.6
西瑞尔	0.6
出力	0.6
彛	0.6
锉	0.6
出师	0.6
西赛罗	0.6
轰轰	0.6
北爱尔兰	0.6
熟视无睹	0.6
涟漪	0.6
千钧一发	0.6
诗篇	0.6
煞风景	0.6
斩断	0.6
华君	0.6
慷慨大方	0.6
回老家	0.6
较为	0.6
毒虫	0.6
拈	0.6
重围	0.6
两栖	0.6
分会	0.6
栗色	0.6
曼妙	0.6
巴厘岛	0.6
邪魔	0.6
黑子	0.6
为首	0.6
保持者	0.6
楸	0.6
两极	0.6
纪念册	0.6
大显身手	0.6
遗骨	0.6
黑斑	0.6
爱莉克丝	0.6
格达	0.6
噼	0.6
此理	0.6
涂抹	0.6
尾翼	0.6
千疮百孔	0.6
尖利	0.6
哈密瓜	0.6
自寻烦恼	0.6
自满	0.6
詹姆斯·布洛克	0.6
岔开	0.6
法人	0.6
耕耘	0.6
夏洛特·查尔斯	0.6
恶狗	0.6
鳞	0.6
汽艇	0.6
玫	0.6
得意洋洋	0.6
谍报	0.6
洋装	0.6
走捷径	0.6
蒸馏	0.6
数落	0.6
严惩	0.6
匮乏	0.6
金娜	0.6
处世	0.6
体无完肤	0.6
和文	0.6
巴克斯	0.6
小姨子	0.6
兀	0.6
包票	0.6
椒	0.6
判例	0.6
杜拜	0.6
介绍所	0.6
七八	0.6
凡士林	0.6
反之亦然	0.6
失之交臂	0.6
青菜	0.6
启齿	0.6
改口	0.6
一般说来	0.6
形单影只	0.6
波茨坦	0.6
阿西娜	0.6
埃里卡	0.6
矿坑	0.6
刻画	0.6
图桑	0.6
图标	0.6
圣路易	0.6
弗莱德	0.6
男女老少	0.6
雪琳	0.6
萃	0.6
转嫁	0.6
远在天边	0.6
指示灯	0.6
肩头	0.6
麻周子	0.6
客场	0.6
朝思暮想	0.6
经度	0.6
阿方	0.6
洪都拉斯	0.6
赛拉	0.6
客套	0.6
凑近	0.6
剪发	0.6
克里斯汀	0.6
舱室	0.6
查理贝比	0.6
开化	0.6
闷热	0.6
刀把	0.6
采摘	0.6
头破血流	0.6
艾佩	0.6
布鲁姆菲尔德	0.6
中队长	0.6
阿姆斯	0.6
军刀	0.6
阿福	0.6
明晨	0.6
李阔	0.6
秘籍	0.6
农田	0.6
纸箱	0.6
出版物	0.6
思乡	0.6
贵人	0.6
舒心	0.6
国家级	0.6
无可奈何	0.6
卡尔顿	0.6
匹敌	0.6
长号	0.6
横滨	0.6
学习班	0.6
大家族	0.6
保守党	0.6
取水	0.6
查尔斯·洛根	0.6
失眠症	0.6
当官	0.6
爽身粉	0.6
开户	0.6
特此	0.6
切尼	0.6
全城	0.6
便服	0.6
全年	0.6
烟瘾	0.6
冤案	0.6
上装	0.6
残破	0.6
清唱	0.6
心力衰竭	0.6
灯笼裤	0.6
强手	0.6
团团	0.6
振荡	0.6
玛莉莎	0.6
主队	0.6
合算	0.6
坚毅	0.6
热忱	0.6
刻骨铭心	0.6
威尔顿	0.6
倾吐	0.6
饥肠辘辘	0.6
孝敬	0.6
圣克莱尔	0.6
科兹菲尔德	0.6
照实	0.6
穷凶极恶	0.6
瓦砾	0.6
印象派	0.6
克利夫	0.6
肺动脉	0.6
布阵	0.6
称道	0.6
纹理	0.6
失措	0.6
负疚	0.6
饱和	0.6
汲	0.6
胃溃疡	0.6
班迪	0.6
奥布莱恩	0.6
平心静气	0.6
导入	0.6
公诸于世	0.6
执行者	0.6
匝	0.6
红脸	0.6
慵懒	0.6
克莱尔·班尼特	0.6
绝迹	0.6
鲤	0.6
团里	0.6
造血	0.6
罗杰斯	0.6
反过来说	0.6
香榭丽舍	0.6
蒸蒸日上	0.6
二进制	0.6
乾坤	0.6
到顶	0.6
弗罗里达	0.6
倦	0.6
加拿大人	0.6
核辐射	0.6
免疫力	0.6
惨无人道	0.6
基线	0.6
主攻	0.6
线性	0.6
老魏	0.6
克里蒂	0.6
鸡毛	0.6
甜蜜蜜	0.6
田园	0.6
拉蒙	0.6
秋叶	0.6
在望	0.6
匪帮	0.6
驯象	0.6
黑白分明	0.6
马西萨	0.6
工作组	0.6
懒汉	0.6
布瑞德	0.6
艾龙	0.6
意识形态	0.6
开释	0.6
赛比娜	0.6
农药	0.6
助人为乐	0.6
公干	0.6
度日如年	0.6
伯恩斯	0.6
绚丽	0.6
奶娘	0.6
加冕礼	0.6
呼风唤雨	0.6
热那亚	0.6
衬里	0.6
橡皮糖	0.6
感叹	0.6
憋气	0.6
玄机	0.6
枭	0.6
李昂纳图	0.6
史帝夫	0.6
狗肉	0.6
霍华得	0.6
手拉手	0.6
抛头露面	0.6
神经元	0.6
莱利	0.6
隔夜	0.6
缔造	0.6
贝琪	0.6
贝特顿	0.6
拉兹洛	0.6
千秋	0.6
吸力	0.6
玛雅人	0.6
单轨	0.6
年岁	0.6
金仁淑	0.6
孤单单	0.6
陨落	0.6
莉迪亚	0.6
马特·帕柯曼	0.6
解闷	0.6
理想化	0.6
赛利斯	0.6
醉心	0.6
敏男	0.6
邮包	0.6
奶制品	0.6
花球	0.6
继梦	0.6
阵风	0.6
捷克斯洛伐克	0.6
敢情	0.6
过路	0.6
范子	0.6
人行	0.6
冰球队	0.6
丙烯酸	0.6
探病	0.6
陡峭	0.6
护腿	0.6
费时	0.6
核战争	0.6
面巾纸	0.6
停步	0.6
铁门	0.6
蒸气	0.6
异族	0.6
罗莉	0.6
弗克西	0.6
发麻	0.6
詹尼弗	0.6
弗利西亚	0.6
交加	0.6
交到	0.6
刘参	0.6
跌宕起伏	0.6
马列	0.6
允	0.6
合作者	0.6
余震	0.6
水肿	0.6
散漫	0.6
精神焕发	0.6
泰坦尼克	0.6
休息日	0.6
酸性	0.6
高尔	0.6
四散	0.6
教规	0.6
斯波诺	0.6
高木	0.6
甲苯	0.6
土崩瓦解	0.6
特遣部队	0.6
胶质	0.6
高热	0.6
望塔	0.6
厂房	0.6
脊背	0.6
偏心	0.6
胡同	0.6
马里恩	0.6
不入流	0.6
光是	0.6
早退	0.6
知情人	0.6
黄金时间	0.6
鼓点	0.6
水印	0.6
弗斯	0.6
马队	0.6
成龙	0.6
美轮美奂	0.6
有始有终	0.6
州界	0.6
马里奥	0.6
盘查	0.6
血友病	0.6
干线	0.6
沙沙	0.6
教育部	0.6
病危	0.6
哈迪	0.6
借款	0.6
危险区	0.6
拓宽	0.6
苏维埃	0.6
撒切尔	0.6
保安队	0.6
讲明	0.6
水滴	0.6
捣碎	0.6
佛朗索瓦	0.6
订制	0.6
新兴	0.6
蒙特罗斯	0.6
泥炭	0.6
富足	0.6
都灵	0.6
智囊	0.6
麦杰斯迪	0.6
智勋	0.6
停课	0.6
浇灌	0.6
文格尔	0.6
节假日	0.6
满眼	0.6
林奇	0.6
马可	0.6
授意	0.6
博洛尼亚	0.6
液晶	0.6
巴里罗	0.6
议论纷纷	0.6
梅利莎	0.6
茶室	0.6
罗兹	0.6
爹妈	0.6
饱和度	0.6
巴克比克	0.6
命题	0.6
新月	0.6
利弊	0.6
谢绝	0.6
谢尔顿	0.6
警界	0.6
拐骗	0.6
人像	0.6
磊	0.6
踌	0.6
躇	0.6
匐	0.6
獠	0.6
庐	0.58
恃	0.58
麟	0.58
蓿	0.58
诙	0.58
多琳	0.57
职能	0.57
空管	0.57
南达科他州	0.57
来者不拒	0.57
身穿	0.57
甚至于	0.57
外侧	0.57
可想而知	0.57
格雷西·哈特	0.57
闵	0.57
铭记在心	0.57
自白书	0.57
库特曼	0.57
养女	0.57
激光器	0.57
最少	0.57
效命	0.57
猛攻	0.57
后世	0.57
大河	0.57
轻量级	0.57
大烟	0.57
佛朗哥	0.57
依稀	0.57
卢斯	0.57
喷射器	0.57
荡然无存	0.57
大粪	0.57
粗鄙	0.57
大张旗鼓	0.57
信号弹	0.57
独树一帜	0.57
伊利诺伊州	0.57
发卡	0.57
糖块	0.57
古铜色	0.57
片时	0.57
班蒂尼	0.57
略微	0.57
同义词	0.57
冰场	0.57
马克尔	0.57
艾米特	0.57
轮渡	0.57
中坚	0.57
学舌	0.57
夙愿	0.57
发令	0.57
驾临	0.57
跺	0.57
竿子	0.57
野鸭	0.57
灵药	0.57
梅拉妮	0.57
流弹	0.57
上辈子	0.57
梅利	0.57
奥德尔	0.57
靶场	0.57
划水	0.57
门外汉	0.57
妨害	0.57
执掌	0.57
赶超	0.57
廉	0.57
麦克·诺瓦克	0.57
非卖品	0.57
红帽子	0.57
梅丽	0.57
王尔德	0.57
称兄道弟	0.57
打比方	0.57
彼得·潘	0.57
擂	0.57
奥伦	0.57
舞场	0.57
遗传病	0.57
大难不死	0.57
耍弄	0.57
久野	0.57
大篷车	0.57
私欲	0.57
显示屏	0.57
商船	0.57
合法性	0.57
迫于	0.57
露易斯	0.57
臆断	0.57
田裕二	0.57
科蒂丽亚	0.57
连续性	0.57
引以为荣	0.57
着色	0.57
加号	0.57
甘甜	0.57
韩琛	0.57
印迹	0.57
胞	0.57
克拉索	0.57
下部	0.57
印证	0.57
用到	0.57
雷纳尔多	0.57
时运	0.57
焕发	0.57
野味	0.57
王道	0.57
赖账	0.57
一把手	0.57
滋养	0.57
劫机犯	0.57
论调	0.57
舰艇	0.57
稀客	0.57
礼拜四	0.57
达米安	0.57
诺兰	0.57
耍滑	0.57
麦士	0.57
素华	0.57
重用	0.57
本杰	0.57
奴隶主	0.57
霍吉	0.57
爬行动物	0.57
死守	0.57
念珠	0.57
房事	0.57
汗臭	0.57
房前	0.57
博卡	0.57
压韵	0.57
八度	0.57
博德	0.57
尤基	0.57
不法	0.57
迪金森	0.57
预报员	0.57
港务局	0.57
小工	0.57
步话机	0.57
泌	0.57
赫尔辛基	0.57
螯	0.57
纵观	0.57
殊	0.57
引向	0.57
布兰蒂	0.57
歇业	0.57
含糊其辞	0.57
保送	0.57
莱蒂	0.57
坦承	0.57
遮挡	0.57
安克雷奇	0.57
杰西·詹姆斯	0.57
泄愤	0.57
康纳斯	0.57
奥林匹亚	0.57
古德曼	0.57
那幅	0.57
劳森	0.57
忠诚度	0.57
格特鲁德	0.57
诱使	0.57
急救包	0.57
室长	0.57
吸热	0.57
前无古人	0.57
兵马俑	0.57
米克斯	0.57
馊	0.57
大洋洲	0.57
男男女女	0.57
赔付	0.57
猝死	0.57
德里克·史密斯	0.57
洽谈	0.57
浓厚	0.57
头套	0.57
能说会道	0.57
股子	0.57
丑话	0.57
里克	0.57
头功	0.57
功亏一篑	0.57
童谣	0.57
世界观	0.57
林贵	0.57
输氧	0.57
劳尔	0.57
泡茶	0.57
会考	0.57
切入点	0.57
包装袋	0.57
旁证	0.57
图解	0.57
百分之五	0.57
报告会	0.57
正吉	0.57
鲭	0.57
调羹	0.57
舅妈	0.57
金赛	0.57
常年	0.57
黑体	0.57
双眼	0.57
鲍曼	0.57
分叉	0.57
双翼	0.57
萤	0.57
迥异	0.57
内分泌	0.57
优化	0.57
鞋垫	0.57
亚麻布	0.57
姥爷	0.57
辣椒粉	0.57
片酬	0.57
仿冒	0.57
自诩	0.57
食宿	0.57
他用	0.57
逍遥自在	0.57
狄恩	0.57
字符	0.57
焦耳	0.57
不管不顾	0.57
抢占	0.57
黑线	0.57
出台	0.57
麦奎	0.57
闭路	0.57
鲍鱼	0.57
拥堵	0.57
钱夹	0.57
象牙塔	0.57
吉恩·克劳德	0.57
麦可斯	0.57
车技	0.57
奉行	0.57
今非昔比	0.57
狮子座	0.57
舐	0.57
短袜	0.57
理查德·尼克松	0.57
遥望	0.57
各州	0.57
肉片	0.57
基诺维亚	0.57
发言稿	0.57
销赃	0.57
包机	0.57
伯·伯罗斯	0.57
罗威	0.57
仿造	0.57
斯特劳博	0.57
衣裳	0.57
衣装	0.57
雷诺兹	0.57
肉搏	0.57
费尔金斯	0.57
尼姆	0.57
白瑞摩	0.57
住家	0.57
火源	0.57
才气	0.57
见怪不怪	0.57
全军覆没	0.57
纳撒尼尔	0.57
远远地	0.57
师兄	0.57
册封	0.57
第十五	0.57
化验室	0.57
搜索引擎	0.57
生生不息	0.57
生机勃勃	0.57
硬撑	0.57
顶头上司	0.57
节能	0.57
艾莲娜	0.57
宾利	0.57
橘子汁	0.57
不着边际	0.57
挠痒	0.57
奶糖	0.57
简朴	0.57
遮阳伞	0.57
结婚证	0.57
科莫	0.57
师生	0.57
奇特·琼斯	0.57
一气呵成	0.57
天价	0.57
施放	0.57
夏姆	0.57
剪彩	0.57
葡萄汁	0.57
夏子	0.57
牡丹	0.57
演艺界	0.57
结婚照	0.57
急迫	0.57
断头	0.57
一二三四	0.57
起锚	0.57
上千万	0.57
西奥多	0.57
落汤鸡	0.57
乐善好施	0.57
左膀右臂	0.57
追星族	0.57
天敌	0.57
马蹄铁	0.57
化险为夷	0.57
绳梯	0.57
埃尔斯顿	0.57
夏景	0.57
轻轻地	0.57
丹·怀特	0.57
隐隐	0.57
明尼阿波利斯	0.57
祖儿	0.57
桑德·莎莉芙	0.57
广袤	0.57
俊植	0.57
候审	0.57
文件柜	0.57
皱巴巴	0.57
鯨	0.57
饱餐	0.57
震怒	0.57
领头人	0.57
合力	0.57
合十	0.57
热心肠	0.57
海战	0.57
无名指	0.57
酸黄瓜	0.57
闲言碎语	0.57
海伦凯勒	0.57
自圆其说	0.57
西语	0.57
满腹	0.57
微处理器	0.57
交通部	0.57
持球	0.57
破坏力	0.57
绝交	0.57
朗斯	0.57
奥赛罗	0.57
难道说	0.57
史金尼	0.57
班克思	0.57
拉平	0.57
艰险	0.57
烟幕	0.57
蛇毒	0.57
全景	0.57
皮靴	0.57
羊皮纸	0.57
拼盘	0.57
科斯迪	0.57
楠	0.57
普卢塔科	0.57
费尔米纳	0.57
门下	0.57
造化	0.57
山塔·安	0.57
舒泰克	0.57
几亿	0.57
好心肠	0.57
赞歌	0.57
荤	0.57
北极圈	0.57
直流	0.57
宫里	0.57
出谋划策	0.57
管事	0.57
现实主义者	0.57
球道	0.57
翠丝	0.57
上口	0.57
反方	0.57
视听	0.57
校友会	0.57
万千	0.57
静候	0.57
渐入佳境	0.57
班里	0.57
毫不相干	0.57
兵变	0.57
述说	0.57
眼眸	0.57
读音	0.57
热诚	0.57
兴头	0.57
阿格里帕	0.57
桉树	0.57
登报	0.57
造诣	0.57
同舟共济	0.57
兵法	0.57
银牌	0.57
不屈不挠	0.57
新闻稿	0.57
湍流	0.57
普瑞莫	0.57
课余	0.57
经得起	0.57
架设	0.57
振泰	0.57
万斯	0.57
租户	0.57
浅色	0.57
写下	0.57
月色	0.57
歌谣	0.57
融资	0.57
瑞典语	0.57
木桶	0.57
肉豆蔻	0.57
兼并	0.57
克林飞	0.57
国人	0.57
泰姆	0.57
纯天然	0.57
尊崇	0.57
敌手	0.57
战局	0.57
玛丽莎	0.57
平躺	0.57
汇票	0.57
康提	0.57
火花塞	0.57
齐木	0.57
卢森堡	0.57
翰秀	0.57
费周章	0.57
人证	0.57
凉拌	0.57
梅尔文	0.57
天际	0.57
积攒	0.57
菜刀	0.57
助阵	0.57
天赐良机	0.57
马希亚斯	0.57
搜刮	0.57
克罗基特	0.57
建国	0.57
国有	0.57
阿迪	0.57
富兰克	0.57
挂号信	0.57
无所作为	0.57
顶棚	0.57
玛莲娜	0.57
战果	0.57
吆喝	0.57
拉布拉多	0.57
锭	0.57
根深蒂固	0.57
深重	0.57
十有八九	0.57
一线生机	0.57
冷藏库	0.57
忐忑不安	0.57
卡布其诺	0.57
扮作	0.57
班奈特	0.57
克雷根	0.57
康莫德斯	0.57
费伯	0.57
暹粒	0.57
优越感	0.57
丝线	0.57
盖文·哈里斯	0.57
猖狂	0.57
舌尖	0.57
尸身	0.57
震撼人心	0.57
趸	0.57
变速器	0.57
天竺鼠	0.57
人命关天	0.57
毛泽东	0.57
米若贝拉	0.57
核准	0.57
预付款	0.57
相邻	0.57
欧布利特	0.57
年月	0.57
塘	0.57
二百万	0.57
哈泽德	0.57
播送	0.57
波兰人	0.57
南半球	0.57
薄膜	0.57
及早	0.57
直言不讳	0.57
花式	0.57
眼窝	0.57
预热	0.57
波马特	0.57
司法部门	0.57
监督员	0.57
萨利姆	0.57
前程似锦	0.57
格局	0.57
翻供	0.57
温克	0.57
堂堂正正	0.57
伊莉翠	0.57
小青年	0.57
存亡	0.57
反败为胜	0.57
僵直	0.57
只限	0.57
李承永	0.57
桑米	0.57
水花	0.57
弗利戈	0.57
麦吉尔	0.57
马高	0.57
弹子	0.57
鹈鹕	0.57
超级市场	0.57
花园里	0.57
复员	0.57
整人	0.57
奋进	0.57
高棉	0.57
刘真	0.57
塔希	0.57
哈维·登特	0.57
罗茜	0.57
保护伞	0.57
锒铛入狱	0.57
叟	0.57
缄	0.57
阿嘉莎	0.57
散伙	0.57
痛风	0.57
哈克	0.57
含意	0.57
破鞋	0.57
螺钉	0.57
阿诺德·弗里德曼	0.57
袋装	0.57
马铎	0.57
被叫	0.57
告吹	0.57
投诚	0.57
日食	0.57
民选	0.57
弧度	0.57
硝酸铵	0.57
法书	0.57
玆	0.57
佐兵卫	0.57
马萨	0.57
垢	0.57
高领	0.57
心血管	0.57
性器官	0.57
奇数	0.57
马莲	0.57
鼻青脸肿	0.57
朝鲜人	0.57
良介	0.57
米盖尔	0.57
埃米利	0.57
轻轻松松	0.57
鸟窝	0.57
伤兵	0.57
硅谷	0.57
柠	0.57
插页	0.57
成文	0.57
匈牙利人	0.57
棺木	0.57
一千五百万	0.57
傻眼	0.57
浪人	0.57
丝薇	0.57
真美羽	0.57
北美洲	0.57
萨克	0.57
倒彩	0.57
橄榄枝	0.57
烛	0.57
巴尔	0.57
智宇	0.57
腐臭	0.57
工业区	0.57
扬名	0.57
伊夫林	0.57
咏	0.57
哆嗦	0.57
相助	0.57
单据	0.57
远景	0.57
悔悟	0.57
花蜜	0.57
打折扣	0.57
花蕾	0.57
辛纳	0.57
谢普	0.57
塞尔维亚人	0.57
奥特	0.57
继而	0.57
张罗	0.57
海洛英	0.57
离经叛道	0.57
略知一二	0.57
锆	0.57
胛	0.56
斌	0.56
瘴	0.56
泞	0.56
小脚	0.54
安琪	0.54
格陵兰	0.54
逗人	0.54
辞世	0.54
古城	0.54
我得	0.54
无可挽回	0.54
计分	0.54
艾丽西亚	0.54
冰刀	0.54
供奉	0.54
外力	0.54
小贤	0.54
势必	0.54
曰	0.54
书签	0.54
婉娜	0.54
麦考利	0.54
快报	0.54
大公	0.54
涡流	0.54
季节性	0.54
火箭炮	0.54
近日	0.54
颐指气使	0.54
交易员	0.54
宗庙	0.54
安培	0.54
布兰特	0.54
普格	0.54
充耳不闻	0.54
透风	0.54
十五万	0.54
蒙特卡洛	0.54
恵	0.54
喊叫声	0.54
蜂拥	0.54
万众一心	0.54
挎	0.54
对路	0.54
可贺	0.54
多事	0.54
瞥见	0.54
后妈	0.54
裁剪	0.54
农家	0.54
白糖	0.54
老交情	0.54
斜视	0.54
主线	0.54
流经	0.54
伊利莎白	0.54
既往不咎	0.54
阿比	0.54
随波逐流	0.54
拉曼达	0.54
佯	0.54
露辛	0.54
冬瓜	0.54
匿名信	0.54
撤换	0.54
旧书	0.54
琼尼	0.54
窗玻璃	0.54
下文	0.54
缥缈	0.54
勾心斗角	0.54
溃烂	0.54
驶往	0.54
中子	0.54
方格	0.54
中型	0.54
胸围	0.54
中和	0.54
席拉	0.54
汉弗莱	0.54
年轻有为	0.54
春喜	0.54
溪流	0.54
大出风头	0.54
要领	0.54
衙门	0.54
凯儿	0.54
一小撮	0.54
两全其美	0.54
罗斯特	0.54
无恶不作	0.54
冤魂	0.54
拉蒂卡	0.54
尉	0.54
黑盒子	0.54
领口	0.54
托词	0.54
印子	0.54
佩利	0.54
一号机	0.54
封条	0.54
附属品	0.54
击伤	0.54
诺雷	0.54
并列	0.54
坎迪斯	0.54
照明灯	0.54
轻狂	0.54
艾克曼	0.54
吊袜带	0.54
离题	0.54
苦瓜	0.54
海平面	0.54
生老病死	0.54
解聘	0.54
跪倒	0.54
私房	0.54
诺玛	0.54
戴可夫	0.54
桑给巴尔	0.54
稀烂	0.54
托奇	0.54
佳作	0.54
扭头	0.54
气象学	0.54
波顿	0.54
私心	0.54
雷蒙斯	0.54
撤资	0.54
用劲	0.54
美特	0.54
无线电波	0.54
惩治	0.54
加料	0.54
佛伦	0.54
保管员	0.54
古德查德	0.54
礼拜二	0.54
公证人	0.54
科普	0.54
流转	0.54
知己知彼	0.54
主教练	0.54
看轻	0.54
不畏	0.54
欢唱	0.54
回形针	0.54
质子	0.54
眼睫毛	0.54
房价	0.54
阿莉西亚	0.54
奸夫	0.54
次长	0.54
浑浑噩噩	0.54
普拉	0.54
辛西娅	0.54
豆饼	0.54
坐姿	0.54
合理化	0.54
玛丽昂	0.54
壮胆	0.54
裂变	0.54
宪	0.54
叙事	0.54
点石成金	0.54
根除	0.54
挤挤	0.54
名花	0.54
副产品	0.54
起义军	0.54
码子	0.54
出生证	0.54
喀嚓	0.54
施特劳斯	0.54
非同小可	0.54
湖畔	0.54
花生果	0.54
特大号	0.54
丽思	0.54
改名换姓	0.54
帕佩利	0.54
喷灯	0.54
过半	0.54
译注	0.54
年轻力壮	0.54
舍命	0.54
约翰·韦恩	0.54
麻子	0.54
霍普	0.54
头球	0.54
壮志	0.54
灵活性	0.54
艾米尔·伯朗特	0.54
飘浮	0.54
男方	0.54
堆积如山	0.54
山笛	0.54
蓄水池	0.54
飘忽	0.54
血渍	0.54
节俭	0.54
骑术	0.54
攻陷	0.54
拆迁	0.54
一望无际	0.54
茂盛	0.54
变幻	0.54
出厂	0.54
家谱	0.54
萨姆森	0.54
放任自流	0.54
挥洒	0.54
罗斯玛丽	0.54
赔款	0.54
前列	0.54
走钢丝	0.54
乐此不疲	0.54
分家	0.54
是以	0.54
湛蓝	0.54
字字	0.54
短程	0.54
助产士	0.54
冷空气	0.54
木头人	0.54
风靡	0.54
风衣	0.54
教材	0.54
和风	0.54
浴场	0.54
草根	0.54
手笔	0.54
音信	0.54
哈姆纳塔	0.54
玛洛莉	0.54
空前绝后	0.54
心病	0.54
埃里克·科南	0.54
牵线搭桥	0.54
政体	0.54
原汁原味	0.54
坎大哈	0.54
沢	0.54
范思哲	0.54
接力赛	0.54
收藏版	0.54
自转	0.54
动怒	0.54
自荐	0.54
蒲团	0.54
旗鼓相当	0.54
妙手	0.54
吴珠妍	0.54
专案组	0.54
演化	0.54
心绞痛	0.54
辽阔	0.54
观众群	0.54
车长	0.54
奇耻大辱	0.54
动笔	0.54
罗德里格斯	0.54
头人	0.54
别有用心	0.54
情同手足	0.54
谎报	0.54
干瘪	0.54
风化	0.54
地球仪	0.54
七百	0.54
正传	0.54
伊蒂	0.54
严加	0.54
厄尔文	0.54
成吉思汗	0.54
四处奔波	0.54
动感情	0.54
研究会	0.54
曼雅	0.54
限期	0.54
传人	0.54
金光	0.54
八百万	0.54
自理	0.54
金满	0.54
八分之一	0.54
哈萨克	0.54
湿疹	0.54
臂章	0.54
修炼	0.54
护卫舰	0.54
钱袋	0.54
娘胎	0.54
克索	0.54
剔牙	0.54
蹼	0.54
十四行诗	0.54
断交	0.54
链球菌	0.54
史黛西	0.54
博弈论	0.54
抢掠	0.54
青草	0.54
电机	0.54
退烧	0.54
欧迪	0.54
三月份	0.54
杂乱无章	0.54
浸透	0.54
毕基	0.54
存根	0.54
朱丽安	0.54
量子力学	0.54
科学界	0.54
星象	0.54
嘀嘀	0.54
安身	0.54
托尔斯泰	0.54
初中生	0.54
作茧自缚	0.54
第十七	0.54
全州	0.54
掰开	0.54
辉	0.54
藏红花	0.54
纽维尔	0.54
硬木	0.54
补给品	0.54
浓雾	0.54
墨迹	0.54
帕迪	0.54
礼宾	0.54
会展	0.54
被窃	0.54
面庞	0.54
家业	0.54
皮肤癌	0.54
笔挺	0.54
铁棍	0.54
立定	0.54
阿碧盖尔	0.54
桃花	0.54
福音书	0.54
当权	0.54
纸屑	0.54
宏树	0.54
劳瑞尔	0.54
旬	0.54
伯人	0.54
斯托克顿	0.54
机头	0.54
夏尔	0.54
雷蒙德·肖	0.54
安尼塔	0.54
玛迪亚	0.54
阿特	0.54
馆子	0.54
惩罚性	0.54
节前	0.54
圆筒	0.54
华美	0.54
揪心	0.54
神功	0.54
欣佐	0.54
兰伯特	0.54
洁白	0.54
纽特	0.54
无人问津	0.54
塞希莉娅	0.54
积雪	0.54
天数	0.54
莱茵	0.54
作息时间	0.54
释然	0.54
坠子	0.54
开来	0.54
亚里士多德	0.54
阿尼	0.54
锻造	0.54
夜曲	0.54
条形码	0.54
晨曦	0.54
墨守成规	0.54
小两口	0.54
全军	0.54
无奇不有	0.54
责罚	0.54
宽心	0.54
沃斯勒	0.54
阿拉莫	0.54
有效期	0.54
腮腺炎	0.54
事无巨细	0.54
瞬息万变	0.54
照搬	0.54
欢呼雀跃	0.54
法兰奇	0.54
唐龙	0.54
麦佳维	0.54
普拉蒂	0.54
兴隆	0.54
摩伊	0.54
阑尾炎	0.54
玉石	0.54
梭鱼	0.54
泰熙	0.54
看走眼	0.54
鲍德温	0.54
底价	0.54
拼死拼活	0.54
脑外科	0.54
巡逻员	0.54
现役	0.54
一百五十	0.54
奥尔加	0.54
烟卷	0.54
照例	0.54
海事	0.54
泰佐	0.54
狄克	0.54
孙伯洋	0.54
剑拔弩张	0.54
烟尘	0.54
迪莉亚	0.54
割舍	0.54
允诺	0.54
雍贺	0.54
嘭嘭	0.54
专列	0.54
还魂	0.54
失重	0.54
奈特	0.54
专场	0.54
布思	0.54
烧灼	0.54
工商	0.54
全数	0.54
泰勋	0.54
母舰	0.54
达里奥	0.54
军事区	0.54
鸡头	0.54
基哲	0.54
叶兹	0.54
主体	0.54
惨绝人寰	0.54
修理店	0.54
贝弗莉	0.54
调味品	0.54
鼻音	0.54
摩门	0.54
激化	0.54
曝	0.54
晦涩	0.54
心事重重	0.54
多种多样	0.54
潘妮	0.54
万亿	0.54
奎恩	0.54
布鲁斯·威利斯	0.54
红肿	0.54
切身	0.54
白血球	0.54
破破烂烂	0.54
朱尔丝	0.54
兴建	0.54
称谓	0.54
马丁路德金	0.54
标榜	0.54
怕事	0.54
竹竿	0.54
斯图	0.54
苏珊娜	0.54
实惠	0.54
有损	0.54
拉西福	0.54
达马斯	0.54
足不出户	0.54
偷猎	0.54
科斯塔	0.54
俊虎	0.54
专集	0.54
东德	0.54
糜	0.54
夹击	0.54
反刍	0.54
月刊	0.54
缴获	0.54
氯气	0.54
卢西恩	0.54
犬齿	0.54
行刺	0.54
木柴	0.54
何尝	0.54
战将	0.54
天龙	0.54
塞康多	0.54
普·墨菲	0.54
萨克拉门托	0.54
不毛之地	0.54
搂抱	0.54
升入	0.54
吃香	0.54
旗号	0.54
威灵	0.54
摇椅	0.54
敌国	0.54
起泡	0.54
聚居地	0.54
功能性	0.54
演职员	0.54
体罚	0.54
摩斯	0.54
公映	0.54
以诚相待	0.54
结伴	0.54
掌纹	0.54
肥沃	0.54
婊	0.54
彼得文森	0.54
常青树	0.54
凉亭	0.54
迪克汉姆	0.54
原木	0.54
布瑞恩	0.54
抱有	0.54
黔驴技穷	0.54
隐含	0.54
剐	0.54
佐智	0.54
检讨	0.54
航天局	0.54
老茧	0.54
试点	0.54
卓著	0.54
探亲	0.54
肿大	0.54
卡丹斯	0.54
老麦	0.54
岐	0.54
二十六	0.54
二十八	0.54
开足马力	0.54
诸事	0.54
捕风捉影	0.54
慷慨解囊	0.54
克莱尔蒙特	0.54
泪流满面	0.54
芳名	0.54
茶馆	0.54
入席	0.54
年糕	0.54
破铜烂铁	0.54
西奈	0.54
踱步	0.54
红十字	0.54
纳塔莉	0.54
莫斯里	0.54
编年史	0.54
罗萨	0.54
潜藏	0.54
停放	0.54
灰心丧气	0.54
汤玛斯·盖茨	0.54
每队	0.54
浮动	0.54
浮华	0.54
新大陆	0.54
成因	0.54
雷尼	0.54
针线	0.54
传令	0.54
高位	0.54
物尽其用	0.54
交会	0.54
水路	0.54
童工	0.54
传动	0.54
砖墙	0.54
架构	0.54
埃文斯	0.54
水能	0.54
藤条	0.54
理学	0.54
韦利	0.54
翻案	0.54
高架	0.54
东南角	0.54
童星	0.54
中年人	0.54
敲定	0.54
比格	0.54
津门	0.54
蒂莎	0.54
索拉	0.54
心照不宣	0.54
本校	0.54
欧拉夫	0.54
光景	0.54
犊	0.54
汉阳	0.54
西维吉尼亚	0.54
圣玛丽	0.54
斯图沃夫	0.54
高耸	0.54
歌舞剧	0.54
县里	0.54
尿道	0.54
谩骂	0.54
弗丽达	0.54
翻腾	0.54
餌	0.54
传销	0.54
雷诺	0.54
承永	0.54
光耀	0.54
诬告	0.54
识别码	0.54
消化系统	0.54
奇塔	0.54
暗箭	0.54
纳什	0.54
榨取	0.54
艾利克斯	0.54
脑膜	0.54
胡耐	0.54
软饮料	0.54
插足	0.54
汉姆	0.54
水样	0.54
哈龙	0.54
普罗比	0.54
弥留	0.54
理查德·维纳	0.54
准尉	0.54
怨天尤人	0.54
霍尔特	0.54
强权	0.54
卡洛尔	0.54
猎取	0.54
费迪	0.54
再接再厉	0.54
麦吉特	0.54
西侧	0.54
车永载	0.54
每支	0.54
满城风雨	0.54
托马斯·爱迪生	0.54
埃尔伍德	0.54
结束语	0.54
制冷	0.54
远去	0.54
阿尔哈托	0.54
胆汁	0.54
滑落	0.54
倒台	0.54
德卢斯	0.54
防区	0.54
稳赢	0.54
阿尔维斯	0.54
子英	0.54
厚望	0.54
推磨	0.54
敏迪	0.54
罗妮	0.54
西恩	0.54
骄子	0.54
沾染	0.54
玛丽·安	0.54
错失良机	0.54
塔塔尔	0.54
弗洛姆	0.54
抄本	0.54
俺们	0.54
墨西哥湾	0.54
卡瓦第	0.54
人大	0.54
无微不至	0.54
过场	0.54
科纳	0.54
讷	0.54
乔伊丝	0.54
亡魂	0.54
美英	0.54
序曲	0.54
推杆	0.54
麒	0.53
跚	0.53
遨	0.53
靼	0.53
蹒	0.53
平定	0.51
小耀	0.51
训练班	0.51
公费	0.51
绝经期	0.51
德斯蒙德	0.51
布兰卡	0.51
妮子	0.51
髋	0.51
鼎盛	0.51
身患	0.51
畅快	0.51
小跑	0.51
赫金斯	0.51
奥萨玛	0.51
四十八	0.51
服毒	0.51
兢兢业业	0.51
安拉	0.51
次于	0.51
炮灰	0.51
亚于	0.51
乌克兰人	0.51
阿尔德兰	0.51
艾丽莎	0.51
胜券	0.51
穆赫兰	0.51
丈母娘	0.51
空置	0.51
污言秽语	0.51
收割机	0.51
功臣	0.51
大湖	0.51
零星	0.51
标准化	0.51
劣迹	0.51
瞪眼	0.51
包间	0.51
外皮	0.51
流行语	0.51
外海	0.51
后宫	0.51
矗立	0.51
皮囊	0.51
试衣间	0.51
人造卫星	0.51
舒伯特	0.51
让我	0.51
纵向	0.51
浏览器	0.51
性急	0.51
设有	0.51
针线活	0.51
泥石流	0.51
阿瑞斯	0.51
门框	0.51
螺	0.51
拉姆普	0.51
吉玛	0.51
下机	0.51
流沙	0.51
费莉丝	0.51
轩尼	0.51
科菲	0.51
雷·查尔斯	0.51
万宝路	0.51
洁西亚	0.51
克里斯蒂纳	0.51
兔唇	0.51
长舌妇	0.51
杜瓦尔	0.51
布莱恩特	0.51
下地	0.51
徽	0.51
特拉维斯	0.51
油泵	0.51
下届	0.51
莜	0.51
卵细胞	0.51
波莱罗	0.51
该案	0.51
脚手架	0.51
汉尼卡特	0.51
片头	0.51
鬼祟	0.51
豪尔	0.51
发报	0.51
负一	0.51
闹市区	0.51
斯金纳	0.51
个人主义	0.51
现阶段	0.51
永存	0.51
佳酿	0.51
逆来顺受	0.51
内窥镜	0.51
发难	0.51
真情实感	0.51
要约	0.51
多里斯	0.51
暖流	0.51
唱腔	0.51
维力	0.51
马克辛	0.51
以东	0.51
破口大骂	0.51
惊世骇俗	0.51
背带	0.51
重力场	0.51
降压	0.51
杰森·伯恩	0.51
净土	0.51
范例	0.51
冰天雪地	0.51
谐	0.51
燃气	0.51
旋钮	0.51
力图	0.51
换人	0.51
换乘	0.51
瑞伯	0.51
拉维斯	0.51
属性	0.51
奥列路易斯	0.51
姆斯	0.51
欧比·旺	0.51
非常规	0.51
歌舞伎	0.51
多样	0.51
使节	0.51
梅诺	0.51
斯威沃特	0.51
书友会	0.51
缰	0.51
消愁	0.51
梅肯	0.51
泔水	0.51
卡带	0.51
高登	0.51
点灯	0.51
摄政王	0.51
一万亿	0.51
皇太子	0.51
周薪	0.51
塔提斯	0.51
调色	0.51
气人	0.51
豆荚	0.51
体育版	0.51
大谷	0.51
速写	0.51
本·拉登	0.51
弱肉强食	0.51
咬咬	0.51
复杂化	0.51
猜忌	0.51
妮薇	0.51
克斯哥夫	0.51
编入	0.51
减小	0.51
如梭	0.51
措	0.51
八字	0.51
杰斯	0.51
植物学	0.51
这么点儿	0.51
不周	0.51
温水	0.51
小指	0.51
埃尔文	0.51
纵身	0.51
青光眼	0.51
重写	0.51
氨水	0.51
复杂性	0.51
顶班	0.51
小林	0.51
关子	0.51
布莉姬	0.51
稳定器	0.51
弗里德曼	0.51
载歌载舞	0.51
诚心诚意	0.51
肾结石	0.51
浮游生物	0.51
筋斗	0.51
晾干	0.51
座垫	0.51
小生	0.51
咬牙	0.51
瓜分	0.51
篮下	0.51
尤琪	0.51
大元帅	0.51
不乏	0.51
莱姆病	0.51
鼠标	0.51
宜人	0.51
狂吠	0.51
平底锅	0.51
居于	0.51
铺平	0.51
庙会	0.51
一五一十	0.51
打出	0.51
尼那	0.51
零售业	0.51
激动不已	0.51
老主顾	0.51
群居	0.51
成百万	0.51
与日俱增	0.51
音阶	0.51
空想家	0.51
回升	0.51
约翰内斯堡	0.51
龙华	0.51
迪奥	0.51
雄厚	0.51
领导层	0.51
现代感	0.51
数以万计	0.51
大写字母	0.51
科尔斯	0.51
失业率	0.51
巴恩斯	0.51
进取心	0.51
忍耐力	0.51
摄制组	0.51
头天	0.51
羔子	0.51
母公司	0.51
文具	0.51
卡拉汉	0.51
暧昧关系	0.51
获知	0.51
会话	0.51
弊端	0.51
刑场	0.51
葛莱美	0.51
审判庭	0.51
列车员	0.51
汤马斯	0.51
混迹	0.51
鞠躬尽瘁	0.51
米罗	0.51
分内	0.51
狄伦	0.51
卡特·卢瑟福	0.51
丧服	0.51
冷血动物	0.51
研究者	0.51
纪念堂	0.51
当权者	0.51
敬家人	0.51
怠慢	0.51
异乎寻常	0.51
吉尼斯	0.51
贡品	0.51
史迪格	0.51
难以言表	0.51
覆灭	0.51
榆	0.51
栈	0.51
古德菲勒	0.51
祭拜	0.51
自由式	0.51
血库	0.51
瞑目	0.51
铺位	0.51
梳妆	0.51
揩油	0.51
绿地	0.51
脊梁	0.51
驱动器	0.51
非议	0.51
米彻	0.51
相对而言	0.51
沉稳	0.51
托坎廷斯	0.51
分流	0.51
溜之大吉	0.51
创始	0.51
瞬	0.51
始终如一	0.51
心弦	0.51
边防	0.51
节目单	0.51
疝	0.51
戴德郡	0.51
内维尔	0.51
美食家	0.51
篮板球	0.51
桂皮	0.51
沸沸扬扬	0.51
氯化钾	0.51
服务站	0.51
专家组	0.51
市集	0.51
法事	0.51
纠	0.51
善人	0.51
嚼舌	0.51
聪明伶俐	0.51
言谈	0.51
邪念	0.51
专心致志	0.51
汁液	0.51
万事如意	0.51
耐用	0.51
正经人	0.51
克莱伦斯	0.51
巴克利	0.51
毛孩子	0.51
格雷诺耶	0.51
奔流	0.51
怀胎	0.51
咚咚	0.51
祝词	0.51
眸	0.51
铁三角	0.51
落败	0.51
色子	0.51
统一战线	0.51
约翰·约瑟夫	0.51
亚历克斯·弗莱切尔	0.51
销路	0.51
鲍姆	0.51
如此一来	0.51
风气	0.51
痛哭流涕	0.51
英雄主义	0.51
拉斯韦加斯	0.51
左派	0.51
鲍博	0.51
审计员	0.51
葛优	0.51
基加利	0.51
尺骨	0.51
落难	0.51
自命	0.51
心非	0.51
酒瘾	0.51
付诸东流	0.51
图章	0.51
戏票	0.51
置若罔闻	0.51
沃特·柯林斯	0.51
母异	0.51
缝纫机	0.51
昭子	0.51
蒂尔逊	0.51
低压	0.51
打蜡	0.51
些微	0.51
阿斯洛	0.51
珍尼斯	0.51
锄头	0.51
穷尽	0.51
家宴	0.51
头颈	0.51
转念	0.51
爱不释手	0.51
伯纳黛特	0.51
酒宴	0.51
齐备	0.51
筛子	0.51
边境线	0.51
霍默	0.51
吭声	0.51
蜉蝣	0.51
抽泣	0.51
飘落	0.51
奥登	0.51
刻度	0.51
卖艺	0.51
咿	0.51
迷迷糊糊	0.51
陪衬	0.51
威逼	0.51
通婚	0.51
长春	0.51
热乎乎	0.51
伯乐	0.51
菜肴	0.51
丹汉姆	0.51
阿琳	0.51
明洞	0.51
原装	0.51
叩	0.51
爱尔兰人	0.51
玛丽娅	0.51
扎维尔	0.51
艾贝尔	0.51
尊长	0.51
即席	0.51
五指	0.51
口语	0.51
任人宰割	0.51
脑袋瓜	0.51
至亲	0.51
副翼	0.51
塞拉	0.51
袴	0.51
贝斯福德	0.51
应招	0.51
王权	0.51
火红	0.51
自我陶醉	0.51
寝	0.51
五一	0.51
录入	0.51
机房	0.51
打拍子	0.51
有机可乘	0.51
冲刷	0.51
投机取巧	0.51
李锡	0.51
宾至如归	0.51
胁持	0.51
湮没	0.51
戸	0.51
镶边	0.51
路旁	0.51
挂彩	0.51
闲坐	0.51
农活	0.51
灯罩	0.51
泰森	0.51
名不虚传	0.51
红包	0.51
偶数	0.51
红尘	0.51
工棚	0.51
自封	0.51
谈不上	0.51
义不容辞	0.51
班吉	0.51
享福	0.51
翔子	0.51
现时	0.51
三军	0.51
马蒂娜	0.51
现年	0.51
强纳森	0.51
鲁鲁	0.51
直角	0.51
特产	0.51
拉娜	0.51
清清	0.51
暗门	0.51
自动化	0.51
索萨	0.51
普利茅斯	0.51
憎	0.51
享年	0.51
戴尔·丹顿	0.51
内政部长	0.51
罗塞里	0.51
癒	0.51
付之一炬	0.51
手工艺品	0.51
镜框	0.51
东海	0.51
瑕	0.51
卡西乌斯	0.51
基层	0.51
上坡	0.51
标枪	0.51
装疯卖傻	0.51
垫脚石	0.51
东经	0.51
上佳	0.51
陈规	0.51
活灵活现	0.51
京珉	0.51
克里茨基	0.51
狰狞	0.51
雄蜂	0.51
薪资	0.51
用户名	0.51
驼峰	0.51
斯温克	0.51
卡贝拉	0.51
斯托克斯	0.51
吉儿	0.51
乳胶	0.51
哈斯金斯	0.51
特蕾	0.51
阿帕奇	0.51
凡响	0.51
震颤	0.51
帕丽斯·希尔顿	0.51
己见	0.51
如饥似渴	0.51
两败俱伤	0.51
旋转门	0.51
垂青	0.51
稿费	0.51
拘押	0.51
深深地	0.51
弗里茨	0.51
克雷塔斯	0.51
帕哥农	0.51
倍增	0.51
恒久	0.51
出言不逊	0.51
求见	0.51
船主	0.51
铭牌	0.51
卫生局	0.51
武装力量	0.51
起始	0.51
发酒疯	0.51
道口	0.51
废旧	0.51
亨利·罗斯	0.51
建材	0.51
志气	0.51
顾博	0.51
道婕	0.51
亚细亚	0.51
摒	0.51
对抗赛	0.51
禁毒	0.51
霍伦	0.51
小家庭	0.51
橡皮筋	0.51
阿茂	0.51
跛子	0.51
积德	0.51
沿河	0.51
并驾齐驱	0.51
脸型	0.51
法医学	0.51
奎克力	0.51
急用	0.51
威斯	0.51
九千	0.51
判决书	0.51
鼓捣	0.51
公社	0.51
兰州	0.51
监守自盗	0.51
尊称	0.51
女厕	0.51
衔接	0.51
女婴	0.51
未知数	0.51
木偶剧	0.51
嘉芙莲	0.51
一概	0.51
拒收	0.51
赌气	0.51
行之有效	0.51
疏漏	0.51
睡裤	0.51
张彩琳	0.51
祈愿	0.51
全日制	0.51
遐想	0.51
麻木不仁	0.51
威利·斯塔克	0.51
疏松	0.51
三世	0.51
响动	0.51
阵雨	0.51
正派人	0.51
練	0.51
暴富	0.51
塞西莉亚	0.51
规避	0.51
没精打采	0.51
围困	0.51
侧身	0.51
缓一缓	0.51
画图	0.51
烷	0.51
美学	0.51
女作家	0.51
防水布	0.51
打击乐	0.51
谅	0.51
伦理学	0.51
寄居	0.51
利萨	0.51
护膝	0.51
熙敏	0.51
勃比	0.51
罗西	0.51
邓普顿	0.51
南卡罗来纳	0.51
乘机	0.51
雷夫	0.51
格尔	0.51
强风	0.51
莫丽	0.51
僵持	0.51
哈基姆	0.51
金斯顿	0.51
冷冻室	0.51
爆发力	0.51
高危	0.51
吞吞吐吐	0.51
威廉华勒	0.51
热泪盈眶	0.51
厄瓜多尔	0.51
金光闪闪	0.51
恶性肿瘤	0.51
艺术史	0.51
鲍比·乔·希尔	0.51
裆	0.51
絮絮叨叨	0.51
总计	0.51
杀菌	0.51
韦娜	0.51
负债表	0.51
濃	0.51
本科	0.51
投案	0.51
腰围	0.51
东奔西跑	0.51
哮	0.51
杀青	0.51
苏尔	0.51
送往	0.51
凄	0.51
温情	0.51
垣	0.51
公子哥	0.51
叶利钦	0.51
莫瑟	0.51
斯特罗德	0.51
人来人往	0.51
乐坛	0.51
淡淡	0.51
塞入	0.51
先驱者	0.51
功勋	0.51
偷工减料	0.51
生发	0.51
骸	0.51
安吉丽雅	0.51
教程	0.51
妄图	0.51
硕英	0.51
高院	0.51
宰割	0.51
爱琳	0.51
发送器	0.51
絮	0.51
实至名归	0.51
压缩机	0.51
铵	0.51
揩	0.51
瓦卡唐卡	0.51
宰杀	0.51
七百万	0.51
频段	0.51
选修	0.51
爱荷华	0.51
渥太华	0.51
邪说	0.51
既来之	0.51
奇南	0.51
化妆室	0.51
哈蒙	0.51
海雅	0.51
收税	0.51
牧人	0.51
哈肯	0.51
曼森·迪克松	0.51
少妇	0.51
讲授	0.51
固若金汤	0.51
拆卸	0.51
教务	0.51
生怕	0.51
爱妻	0.51
剖腹	0.51
桑韵	0.51
爱娃·布劳恩	0.51
淡出	0.51
选取	0.51
俱全	0.51
山羊皮	0.51
还价	0.51
猎奇	0.51
朴哲淳	0.51
新居	0.51
宴会厅	0.51
马谢塔	0.51
制伏	0.51
鑽	0.51
巴兹	0.51
相悖	0.51
克丽森	0.51
邮递	0.51
相浩	0.51
吹奏	0.51
费钱	0.51
智妮	0.51
腐肉	0.51
奉劝	0.51
大家伙儿	0.51
美鹤	0.51
罗姆	0.51
厚度	0.51
老总	0.51
西拉	0.51
成群结队	0.51
老气	0.51
百发百中	0.51
柳刚真	0.51
花色	0.51
陨星	0.51
罗利	0.51
钟摆	0.51
贝尔法斯特	0.51
汤姆那斯	0.51
漏税	0.51
巴瑞	0.51
露水	0.51
美观	0.51
炸酱面	0.51
苟活	0.51
巴福	0.51
毕亚克	0.51
拉弗塞	0.51
慈父	0.51
犯不着	0.51
景致	0.51
格式化	0.51
犷	0.51
忑	0.51
姘	0.51
砒	0.51
涟	0.51
掮	0.51
浃	0.51
珑	0.51
忐	0.51
饨	0.49
茁	0.49
孑	0.49
麾	0.49
卉	0.49
馄	0.49
血气方刚	0.48
鼾	0.48
发展中国家	0.48
风信子	0.48
保票	0.48
猕猴桃	0.48
查尔	0.48
哈普儿	0.48
昆南	0.48
此举	0.48
塞丽娜	0.48
周期表	0.48
三十二	0.48
瓦利安	0.48
四十九	0.48
大加	0.48
白厅	0.48
保洁	0.48
近海	0.48
大国	0.48
根治	0.48
五十四	0.48
依安	0.48
小雨	0.48
气魄	0.48
湖面	0.48
真主党	0.48
情诗	0.48
凯子	0.48
上相	0.48
老先生	0.48
古玩	0.48
协调员	0.48
斯芬克斯	0.48
交易商	0.48
空头	0.48
白杨	0.48
其二	0.48
见义勇为	0.48
座谈	0.48
安康	0.48
松节油	0.48
小不点儿	0.48
昆特斯	0.48
权贵	0.48
保修	0.48
函数	0.48
悲愤	0.48
唇舌	0.48
埃里奥特	0.48
施佩尔	0.48
考尔德	0.48
树荫	0.48
施莱蒙	0.48
引述	0.48
葛雷夫	0.48
第二十	0.48
仰光	0.48
恼羞成怒	0.48
嬉闹	0.48
使然	0.48
出口处	0.48
走样	0.48
满天	0.48
射影	0.48
糖分	0.48
框框	0.48
假释犯	0.48
佐治亚州	0.48
欧米茄	0.48
完婚	0.48
闵奎	0.48
离境	0.48
中彩	0.48
波洛	0.48
尾气	0.48
石榴裙	0.48
轮换	0.48
片片	0.48
白内障	0.48
特朗比	0.48
老姑娘	0.48
春培	0.48
先祖	0.48
言不由衷	0.48
纸上谈兵	0.48
专利权	0.48
介绍人	0.48
苹果树	0.48
拇	0.48
卡诺	0.48
馍	0.48
发红	0.48
卡迪	0.48
娇生惯养	0.48
乖巧	0.48
桑蒂	0.48
蛋壳	0.48
流体	0.48
艾米尔	0.48
完满	0.48
地痞	0.48
巡抚	0.48
昌西	0.48
恃强凌弱	0.48
产出	0.48
并入	0.48
顶梁柱	0.48
昌燮	0.48
二元	0.48
趁热打铁	0.48
托格	0.48
稍纵即逝	0.48
疫	0.48
久违	0.48
德尼罗	0.48
殿后	0.48
手底下	0.48
两口子	0.48
搪瓷	0.48
霍利斯	0.48
小夜曲	0.48
邓伯	0.48
照明弹	0.48
若林	0.48
要务	0.48
斑纹	0.48
嗙	0.48
方药	0.48
卡兰	0.48
私交	0.48
豚鼠	0.48
降格	0.48
内定	0.48
实习期	0.48
洛伊德	0.48
力点	0.48
附和	0.48
席薇	0.48
下行	0.48
绕弯子	0.48
号叫	0.48
包围圈	0.48
减低	0.48
补课	0.48
格雷史密斯	0.48
可燃	0.48
库巴	0.48
补过	0.48
处心积虑	0.48
不等	0.48
大败	0.48
豆芽	0.48
好动	0.48
滔	0.48
供职	0.48
匀	0.48
氢氟酸	0.48
徒劳无功	0.48
尼克·内勒	0.48
不慎	0.48
造船厂	0.48
格洛丽	0.48
立足点	0.48
博弈	0.48
冤大头	0.48
豆酱	0.48
劳教所	0.48
俳句	0.48
以身作则	0.48
养猪	0.48
引号	0.48
速成	0.48
原原本本	0.48
折返	0.48
览	0.48
相对论	0.48
车钱	0.48
猜拳	0.48
科扎克	0.48
集锦	0.48
广播站	0.48
不平	0.48
来年	0.48
煤炭	0.48
大作家	0.48
关切	0.48
波西米亚	0.48
利比里亚	0.48
树信	0.48
曼纳克	0.48
生闷气	0.48
吉米诺	0.48
大棒	0.48
僚机	0.48
位居	0.48
小算盘	0.48
髓	0.48
卡马汗	0.48
午间	0.48
孕期	0.48
委曲求全	0.48
罗切斯特	0.48
仑	0.48
监工	0.48
粉尘	0.48
赛艇	0.48
戴文	0.48
喷涌	0.48
肇事者	0.48
楣	0.48
名列前茅	0.48
赡养	0.48
回教	0.48
稀里糊涂	0.48
游街	0.48
舍监	0.48
套管	0.48
云朵	0.48
魏特琳	0.48
斯基摩	0.48
钦	0.48
最低点	0.48
手提袋	0.48
亲临	0.48
剥落	0.48
戏谑	0.48
白点	0.48
戏装	0.48
霍华	0.48
打滑	0.48
小幸	0.48
永无宁日	0.48
山崖	0.48
节后	0.48
除开	0.48
喜出望外	0.48
凶犯	0.48
书库	0.48
双簧管	0.48
手持	0.48
恩晶	0.48
万年青	0.48
酷热	0.48
傅	0.48
洋子	0.48
表里如一	0.48
伊莱扎	0.48
沃斯图夫特	0.48
费南多	0.48
烧夷弹	0.48
焕	0.48
心机	0.48
无所顾忌	0.48
心神	0.48
端坐	0.48
像模像样	0.48
除草剂	0.48
米拉	0.48
草木	0.48
妙子	0.48
器重	0.48
脊椎骨	0.48
奏鸣曲	0.48
林德尔	0.48
百分之五十	0.48
短促	0.48
渠	0.48
中流砥柱	0.48
黑泽	0.48
宽裕	0.48
喏	0.48
阿贝尔	0.48
誉	0.48
布罗姆	0.48
哌	0.48
米尼	0.48
斯普林	0.48
生气勃勃	0.48
毒杀	0.48
心安	0.48
教学楼	0.48
贾西亚	0.48
盛产	0.48
慑	0.48
钱德	0.48
沼气	0.48
奉研	0.48
床罩	0.48
官兵	0.48
风帆	0.48
蚊	0.48
各界	0.48
伏尔泰	0.48
玻璃瓶	0.48
搭载	0.48
贾马奥	0.48
掩蔽	0.48
腓骨	0.48
网友	0.48
独断	0.48
放债	0.48
君主制	0.48
叹	0.48
车体	0.48
运通	0.48
伊斯特伍德	0.48
范奈斯	0.48
添加剂	0.48
麦茨	0.48
焚化	0.48
双脚	0.48
羞怯	0.48
货轮	0.48
成千上百	0.48
范伦泰	0.48
会客室	0.48
雪天	0.48
长期以来	0.48
碘酒	0.48
正方	0.48
霍格	0.48
荡漾	0.48
电晕	0.48
鸟瞰	0.48
悖	0.48
昭和	0.48
侏罗纪	0.48
喜鹊	0.48
神通广大	0.48
基恩斯	0.48
住地	0.48
迪西	0.48
毛手毛脚	0.48
闲钱	0.48
淋巴结	0.48
退税	0.48
感受器	0.48
堂娜	0.48
哈迪根	0.48
怀亚特	0.48
图样	0.48
稀释剂	0.48
映射	0.48
碟片	0.48
目视	0.48
损耗	0.48
麦西	0.48
会前	0.48
家境	0.48
低空	0.48
转录	0.48
膘	0.48
酒席	0.48
萨克逊	0.48
文静	0.48
人心惶惶	0.48
吕	0.48
标志牌	0.48
突破性	0.48
组成部分	0.48
厅长	0.48
托普	0.48
转会	0.48
电厂	0.48
麦金利	0.48
斋戒	0.48
戴迪	0.48
改日	0.48
佐村	0.48
立志	0.48
抽水	0.48
蚕	0.48
嘉德	0.48
脚镣	0.48
墨鱼	0.48
涡	0.48
齐名	0.48
游动	0.48
突破点	0.48
揣摩	0.48
神灯	0.48
国者	0.48
天佑	0.48
版税	0.48
火冒三丈	0.48
下议院	0.48
马格拉	0.48
密布	0.48
战虎	0.48
悍妇	0.48
神态	0.48
蒙提	0.48
蒂凡尼	0.48
量刑	0.48
明浩	0.48
训诫	0.48
行政部门	0.48
座位表	0.48
年前	0.48
拔河	0.48
模拟器	0.48
希巴	0.48
授勋	0.48
仪态	0.48
政府军	0.48
取缔	0.48
五官	0.48
聋哑人	0.48
红人	0.48
樊戈	0.48
初见	0.48
双子座	0.48
屡次	0.48
左方	0.48
呕心沥血	0.48
缎	0.48
克劳蒂亚	0.48
机缘	0.48
一块块	0.48
吃喝	0.48
工作间	0.48
大哥大	0.48
风言风语	0.48
漫不经心	0.48
斯托克	0.48
物价	0.48
长女	0.48
长崎	0.48
跷	0.48
梦露	0.48
夜景	0.48
跑鞋	0.48
现实主义	0.48
眺望	0.48
专有	0.48
底子	0.48
上部	0.48
主脑	0.48
阿里夫	0.48
定居点	0.48
戈雅	0.48
墓室	0.48
上铺	0.48
露西尔	0.48
齐头并进	0.48
红眼	0.48
冷眼旁观	0.48
败笔	0.48
分摊	0.48
新高	0.48
虎子	0.48
萨曼萨	0.48
瑞吉娜	0.48
布伦	0.48
昨	0.48
喇嘛	0.48
情投意合	0.48
马蒂尼	0.48
称心如意	0.48
鲁西诺	0.48
浮鲁卡	0.48
拉动	0.48
回教徒	0.48
斯维特	0.48
地方官	0.48
自发性	0.48
军法	0.48
俊俏	0.48
闩	0.48
清正	0.48
河床	0.48
各司其职	0.48
凡间	0.48
旺季	0.48
衣袖	0.48
赤胜	0.48
格吉特	0.48
课长	0.48
皮鞭	0.48
合流	0.48
红润	0.48
领头羊	0.48
琴弦	0.48
卡宾森	0.48
低廉	0.48
刑事犯罪	0.48
海瑞儿	0.48
达妮埃拉	0.48
杰克·怀特	0.48
在即	0.48
重见天日	0.48
流芳百世	0.48
内耳	0.48
骰	0.48
皮皮	0.48
举出	0.48
在下	0.48
登基	0.48
肝硬化	0.48
上乘	0.48
岩层	0.48
烧鸡	0.48
红豆	0.48
镇定自若	0.48
末世	0.48
放荡不羁	0.48
硝烟	0.48
班顿	0.48
晕厥	0.48
岛国	0.48
席琳	0.48
吏	0.48
鲁宾	0.48
戒严令	0.48
虹膜	0.48
殡仪	0.48
松动	0.48
卡林汉	0.48
自然资源	0.48
视若无睹	0.48
戈斯	0.48
序号	0.48
皮平	0.48
蒙古人	0.48
美钞	0.48
保罗·艾弗里	0.48
侍候	0.48
志秀	0.48
报了名	0.48
原委	0.48
艾金	0.48
瘤子	0.48
批量	0.48
收信人	0.48
梅莱恩	0.48
郁	0.48
柏克	0.48
赞比亚	0.48
守财奴	0.48
遍体鳞伤	0.48
毁谤	0.48
废止	0.48
霍丝	0.48
蜿蜒	0.48
应邀	0.48
船夫	0.48
阐释	0.48
致哀	0.48
刺猬	0.48
孔贞	0.48
祖辈	0.48
心潮澎湃	0.48
平起平坐	0.48
围棋	0.48
摇曳	0.48
开放式	0.48
九万	0.48
柏树	0.48
明镜	0.48
顶用	0.48
调剂	0.48
泼辣	0.48
包法利	0.48
破土动工	0.48
急流	0.48
蓼	0.48
名古屋	0.48
扩充	0.48
仁至义尽	0.48
玛丽安娜	0.48
学派	0.48
丹劳	0.48
亚玛达	0.48
衍生	0.48
镇静药	0.48
作客	0.48
风云人物	0.48
有失	0.48
江郎才尽	0.48
迪亚兹	0.48
强人所难	0.48
研习	0.48
指挥家	0.48
惹事生非	0.48
一经	0.48
费德	0.48
老道	0.48
远非	0.48
几内亚	0.48
智齿	0.48
试映	0.48
一往无前	0.48
萨颂	0.48
检测器	0.48
辛辣	0.48
麦罗克	0.48
课时	0.48
暴涨	0.48
拳法	0.48
洒满	0.48
美孚	0.48
美婷	0.48
孫	0.48
活路	0.48
路西法	0.48
磨合	0.48
护航	0.48
费斯	0.48
停水	0.48
费罗	0.48
假条	0.48
费特	0.48
玛丽·肖	0.48
扬言	0.48
马尔代夫	0.48
整数	0.48
钟点工	0.48
苏洛	0.48
李斯	0.48
血红	0.48
弹回	0.48
反作用	0.48
四世	0.48
反手	0.48
水道	0.48
捧腹大笑	0.48
心灰意冷	0.48
艾吉	0.48
颂扬	0.48
收腹	0.48
石浩	0.48
翻动	0.48
举例来说	0.48
瑞恩	0.48
表演家	0.48
募款	0.48
社会关系	0.48
梅兰妮	0.48
本着	0.48
石像	0.48
韦恩斯	0.48
赫克	0.48
赫兹	0.48
杂质	0.48
光男	0.48
交椅	0.48
灭顶之灾	0.48
维纳莎	0.48
蜈蚣	0.48
光洁	0.48
励	0.48
哈尔滨	0.48
甘四用	0.48
核仁	0.48
刘星	0.48
震耳欲聋	0.48
水塘	0.48
植被	0.48
彩灯	0.48
唯恐	0.48
肯辛顿	0.48
约见	0.48
亘古	0.48
碰壁	0.48
格里	0.48
温饱	0.48
高跷	0.48
条目	0.48
蓬勃	0.48
糅合	0.48
托勒密	0.48
早泄	0.48
史蒂芬妮	0.48
吵嘴	0.48
政局	0.48
传颂	0.48
眼冒金星	0.48
格菲	0.48
马茜	0.48
这样一来	0.48
曼卓基斯	0.48
蛀虫	0.48
邢	0.48
胳肢窝	0.48
检察署	0.48
梨子	0.48
海耶斯	0.48
脚指头	0.48
危言耸听	0.48
约翰·约瑟夫·雅各布斯	0.48
凤梨	0.48
盅	0.48
教宗	0.48
近年来	0.48
汉字	0.48
立方体	0.48
强森	0.48
民生	0.48
布莱德利	0.48
入不敷出	0.48
朴正权	0.48
玛姆	0.48
石英	0.48
爱女	0.48
对接	0.48
聚合物	0.48
生手	0.48
克雷顿	0.48
下马威	0.48
日日	0.48
利亚姆	0.48
持久战	0.48
侧击	0.48
两万五千	0.48
亲和力	0.48
眼药	0.48
西哲	0.48
探路	0.48
榛子	0.48
阵列	0.48
展厅	0.48
掂量	0.48
坐享其成	0.48
倒入	0.48
眉心	0.48
珠妍	0.48
西安	0.48
啜	0.48
智妍	0.48
西施	0.48
绵绵	0.48
入队	0.48
相加	0.48
转眼间	0.48
每份	0.48
吹拂	0.48
承刚	0.48
绞架	0.48
得票数	0.48
征集	0.48
洽	0.48
得来	0.48
匿	0.48
黑幕	0.48
萨洛	0.48
旷工	0.48
空中小姐	0.48
度量	0.48
卡姆登	0.48
焗	0.48
猎户	0.48
载货	0.48
吉纳维芙	0.48
相俊	0.48
患儿	0.48
利克	0.48
未尝	0.48
卡塔琳娜	0.48
声势	0.48
芬科	0.48
盖瑞	0.48
过冬	0.48
每场	0.48
漪	0.47
绔	0.47
鹃	0.47
烽	0.47
蚜	0.47
蜢	0.47
缛	0.47
赊账	0.45
布朗查德	0.45
落脚点	0.45
圆柱	0.45
锶	0.45
款款	0.45
拙	0.45
麻绳	0.45
艾塔	0.45
抠门	0.45
沅	0.45
效益	0.45
五十亿	0.45
招待员	0.45
杜鹃花	0.45
保温	0.45
大刀	0.45
郝克	0.45
存储器	0.45
绩	0.45
打靶	0.45
后生	0.45
如是说	0.45
大将	0.45
奕元	0.45
猴王	0.45
周岁	0.45
豆浆	0.45
时间段	0.45
肝功能	0.45
亚力	0.45
普兰克	0.45
圣马	0.45
马克·吐温	0.45
查点	0.45
安卓	0.45
大枪	0.45
多克	0.45
白搭	0.45
轻重缓急	0.45
大步	0.45
拖曳	0.45
猛打	0.45
蜂群	0.45
零一	0.45
炮声	0.45
查斯	0.45
火箭弹	0.45
拦路	0.45
耳旁风	0.45
身强力壮	0.45
乌尔姆	0.45
昆斯	0.45
阿浩	0.45
前车之鉴	0.45
山脚下	0.45
商家	0.45
不知去向	0.45
时效	0.45
刺鼻	0.45
赖皮	0.45
积压	0.45
强尼·加斯曼	0.45
棋局	0.45
俄文	0.45
种田	0.45
略带	0.45
久久	0.45
地幔	0.45
煮沸	0.45
历时	0.45
两千五百万	0.45
中卫	0.45
祸根	0.45
劳伦斯·沙兹	0.45
佩圣斯	0.45
大副	0.45
迷彩服	0.45
解约	0.45
站位	0.45
小吃店	0.45
故人	0.45
轻重	0.45
素英	0.45
保证人	0.45
下丘脑	0.45
迦太基	0.45
纽波特	0.45
无耻之徒	0.45
耗时	0.45
有意识	0.45
加之	0.45
弗雷蒙特	0.45
谋求	0.45
强人	0.45
极光	0.45
来由	0.45
斯特朗兹	0.45
内尔森	0.45
重重地	0.45
冲昏头脑	0.45
佳文	0.45
断章取义	0.45
技术性	0.45
琦	0.45
春风	0.45
春香	0.45
托森	0.45
绩效	0.45
加奈	0.45
卷曲	0.45
伊娜丝	0.45
询	0.45
勾勒	0.45
下铺	0.45
屠龙	0.45
申请者	0.45
卧床不起	0.45
方阵	0.45
唯利是图	0.45
卡丁	0.45
迪纳哥	0.45
伊文	0.45
栀子花	0.45
渔业	0.45
要人	0.45
臺	0.45
嗤笑	0.45
点破	0.45
核爆炸	0.45
哈罗德·克里克	0.45
闹肚子	0.45
种地	0.45
斯普林菲尔	0.45
楼道	0.45
凯莎	0.45
牡	0.45
眷	0.45
权柄	0.45
康罗伊	0.45
豆沙	0.45
乔·米勒	0.45
敝	0.45
粗粮	0.45
狂笑	0.45
编外	0.45
鸿沟	0.45
征收	0.45
制造厂	0.45
海皮·查普曼	0.45
麦利克	0.45
减免	0.45
萨摩亚	0.45
塞内加尔	0.45
格里森	0.45
肉中刺	0.45
悖论	0.45
畅谈	0.45
古贺	0.45
阿姆巴赫	0.45
心悸	0.45
博文	0.45
库特	0.45
冰糖	0.45
道尔顿	0.45
联军	0.45
比弗利	0.45
莫尔斯	0.45
温文尔雅	0.45
亲历	0.45
格里夫	0.45
老虎钳	0.45
房梁	0.45
玻璃球	0.45
平角	0.45
对唱	0.45
瓜子	0.45
情怀	0.45
健四郎	0.45
黑狗	0.45
突尼斯	0.45
毫不迟疑	0.45
平底鞋	0.45
蔽	0.45
凉水	0.45
吸纳	0.45
蛔虫	0.45
一等奖	0.45
宝玉	0.45
血亲	0.45
大半生	0.45
格丽尔思	0.45
墨涅	0.45
星号	0.45
打孔	0.45
杜冷丁	0.45
除法	0.45
布赖顿	0.45
雅皮士	0.45
凯洛格	0.45
桃树	0.45
弹痕	0.45
旅游团	0.45
犒劳	0.45
滑冰场	0.45
卡特琳娜	0.45
硬皮病	0.45
鲜为人知	0.45
麦考利夫	0.45
铁血	0.45
凶兆	0.45
一怒之下	0.45
里基	0.45
青年人	0.45
文姬	0.45
达勒姆	0.45
里带	0.45
晕乎乎	0.45
赔罪	0.45
汪才	0.45
康比	0.45
安娜·霍兹	0.45
轰鸣	0.45
大幅度	0.45
血本	0.45
劳役	0.45
静悄悄	0.45
变心	0.45
阴云	0.45
图谱	0.45
攻读	0.45
现代人	0.45
匈奴	0.45
林间	0.45
乐得	0.45
声嘶力竭	0.45
闲杂	0.45
山寨	0.45
山峦	0.45
山崩	0.45
山川	0.45
莫蒂默	0.45
宏图	0.45
广美	0.45
千斤顶	0.45
字儿	0.45
啜泣	0.45
信道	0.45
字型	0.45
捞钱	0.45
爱德华·布鲁	0.45
克里姆林宫	0.45
鲟	0.45
碰碰车	0.45
阿强	0.45
瓦胡岛	0.45
愚钝	0.45
耳聋	0.45
穆迪	0.45
雕塑家	0.45
外援	0.45
定购	0.45
心生	0.45
哀号	0.45
蝦	0.45
杜西	0.45
花木兰	0.45
两头	0.45
震撼力	0.45
鞋油	0.45
立足之地	0.45
食客	0.45
草堆	0.45
闻名于世	0.45
难言之隐	0.45
零工	0.45
布鲁西	0.45
杜勒斯	0.45
自虐	0.45
沉积	0.45
汽酒	0.45
阮	0.45
奔腾	0.45
如意算盘	0.45
汗液	0.45
落实	0.45
基因组	0.45
短时	0.45
猛然	0.45
莫桑比克	0.45
国标	0.45
丧事	0.45
钉书机	0.45
返乡	0.45
洋流	0.45
雅玲	0.45
奔赴	0.45
趋于	0.45
拜森	0.45
哥俩	0.45
谨小慎微	0.45
步履	0.45
冥河	0.45
杜兰	0.45
兴风作浪	0.45
喉管	0.45
色相	0.45
正名	0.45
古普塔	0.45
雪恩	0.45
老前辈	0.45
如痴如醉	0.45
武武	0.45
奸笑	0.45
组织性	0.45
芭郭丽	0.45
志愿兵	0.45
稍许	0.45
音乐室	0.45
分赃	0.45
饶命	0.45
放浪	0.45
自白	0.45
阿德莱德	0.45
短跑	0.45
各式	0.45
磨灭	0.45
雪乃	0.45
金汤	0.45
杭	0.45
凭证	0.45
素不相识	0.45
处刑	0.45
姨父	0.45
信纸	0.45
卡提娅	0.45
洋服	0.45
杜朗	0.45
显贵	0.45
穆林	0.45
正法	0.45
汽缸	0.45
栗木	0.45
曼哈顿岛	0.45
斯托里	0.45
定案	0.45
砧板	0.45
在野	0.45
低度	0.45
运动队	0.45
阿巴康尼	0.45
艾黎丝	0.45
挑拨离间	0.45
碗柜	0.45
同盟会	0.45
耍流氓	0.45
换岗	0.45
家电	0.45
赛区	0.45
唱红脸	0.45
偷税	0.45
开天辟地	0.45
哈克特	0.45
鼓鼓	0.45
佑介	0.45
筵席	0.45
巴洛克	0.45
凶险	0.45
熠熠	0.45
小彼得	0.45
磐石	0.45
演讲者	0.45
史劳特	0.45
幼稚园	0.45
唐纳德·米勒	0.45
普罗旺斯	0.45
迎娶	0.45
斯泰潘	0.45
夜不能寐	0.45
够朋友	0.45
路易斯维尔	0.45
乘虚而入	0.45
细长	0.45
画板	0.45
受累	0.45
迪特卡	0.45
韦斯莱	0.45
席琳迪	0.45
言外之意	0.45
无人区	0.45
尹洙	0.45
墨非	0.45
亚里斯多德	0.45
纹丝不动	0.45
因缘	0.45
鱼翅	0.45
电光	0.45
安纳波利斯	0.45
伦道夫	0.45
手把手	0.45
那么点儿	0.45
杜绝	0.45
斯坦菲尔德	0.45
戴蒙	0.45
跨步	0.45
艾夫	0.45
黄龙	0.45
呈交	0.45
禁运	0.45
永垂不朽	0.45
模糊不清	0.45
九月份	0.45
赫德森	0.45
月食	0.45
按压	0.45
蝾螈	0.45
冲淡	0.45
阿梅	0.45
帕曼	0.45
艾利欧	0.45
男高音	0.45
添油加醋	0.45
狗腿子	0.45
长途汽车	0.45
虚名	0.45
应变	0.45
佛瑞迪	0.45
观察家	0.45
巡航导弹	0.45
帕卡	0.45
困窘	0.45
查兹·麦克尔·麦克尔斯	0.45
准确性	0.45
开篇	0.45
女色	0.45
铁钉	0.45
馋	0.45
刀尖	0.45
版图	0.45
网球拍	0.45
秀克	0.45
玛克斯	0.45
伊尼戈	0.45
希冀	0.45
五五	0.45
争分夺秒	0.45
信誓旦旦	0.45
献礼	0.45
肝儿	0.45
冷凝	0.45
决胜局	0.45
阿罗纳	0.45
高丽	0.45
按期	0.45
肺叶	0.45
急不可待	0.45
芦	0.45
阿娜	0.45
木门	0.45
七十五	0.45
关塔那摩湾	0.45
柯比	0.45
米罗克斯	0.45
亚科特	0.45
俊泰	0.45
跌进	0.45
举世闻名	0.45
恶性循环	0.45
时装店	0.45
专政	0.45
主辩	0.45
提法	0.45
革职	0.45
附庸	0.45
烧化	0.45
蒙混	0.45
拉撒	0.45
载体	0.45
卖国贼	0.45
黑匣子	0.45
残片	0.45
季刊	0.45
宫中	0.45
佛莱迪	0.45
爆满	0.45
丹尼尔·珀尔	0.45
归因于	0.45
提价	0.45
热气腾腾	0.45
南门	0.45
阅兵	0.45
伯利兹	0.45
现出	0.45
失身	0.45
绝情	0.45
长机	0.45
俊夏	0.45
松香	0.45
东风	0.45
全村	0.45
耻笑	0.45
泰尼	0.45
跑马	0.45
奖状	0.45
创作者	0.45
特刊	0.45
英娜	0.45
冤屈	0.45
迸	0.45
污浊	0.45
亚原子	0.45
布防	0.45
护身	0.45
标的	0.45
蛇蝎	0.45
拌嘴	0.45
基准	0.45
心醉神迷	0.45
机会主义	0.45
诡辩	0.45
汤姆·汉克斯	0.45
分子结构	0.45
连理	0.45
而外	0.45
实例	0.45
圣约翰	0.45
异口同声	0.45
五体投地	0.45
朗达	0.45
勇豪	0.45
男傧相	0.45
拉西尔	0.45
扭扭捏捏	0.45
苞	0.45
负罪	0.45
陈腐	0.45
静养	0.45
涉案人员	0.45
棕熊	0.45
蜡像馆	0.45
斯密斯	0.45
尼科尔	0.45
失策	0.45
不言自明	0.45
语词	0.45
静态	0.45
主楼	0.45
工蜂	0.45
北海	0.45
上缴	0.45
韦伯斯特	0.45
崔太雄	0.45
路易奇	0.45
银矿	0.45
扑救	0.45
唐斯	0.45
喷火器	0.45
天方夜谭	0.45
泛泛	0.45
侵扰	0.45
詹妮特	0.45
农产品	0.45
椭圆形	0.45
偷渡者	0.45
安特卫普	0.45
管状	0.45
预审	0.45
海难	0.45
咎	0.45
罗莎里奥	0.45
笔头	0.45
天边	0.45
急忙	0.45
国家队	0.45
天资	0.45
沃夫	0.45
寝食难安	0.45
勘探	0.45
嘴皮子	0.45
南卡罗莱纳	0.45
布瑞克	0.45
男女平等	0.45
行囊	0.45
原力	0.45
通路	0.45
原价	0.45
开放性	0.45
船帆	0.45
更是	0.45
船底	0.45
戈尔巴乔夫	0.45
尼克莱	0.45
白化病	0.45
善终	0.45
白介素	0.45
咫尺	0.45
词句	0.45
博斯利	0.45
敌后	0.45
帮工	0.45
柏恩	0.45
荣获	0.45
仲	0.45
脏乱	0.45
忠臣	0.45
深谙	0.45
装填	0.45
绚烂	0.45
范加勒	0.45
津津乐道	0.45
那么着	0.45
朗朗上口	0.45
写字台	0.45
旅行家	0.45
皮诺	0.45
深蓝	0.45
呒	0.45
艾丽森	0.45
乞怜	0.45
维塔利	0.45
神色	0.45
候机室	0.45
枸	0.45
黛娜	0.45
乔·弗雷泽	0.45
行李舱	0.45
渺	0.45
克莱门	0.45
坚信不疑	0.45
审阅	0.45
九州	0.45
禁用	0.45
纳斯卡	0.45
有偿	0.45
受精卵	0.45
还贷	0.45
西莫	0.45
孢	0.45
探听	0.45
异域	0.45
突飞猛进	0.45
威廉斯	0.45
制革	0.45
输卵管	0.45
张彩敏	0.45
推辞	0.45
围城	0.45
游艺	0.45
拳坛	0.45
记账	0.45
汶	0.45
干巴巴	0.45
暴光	0.45
托米	0.45
顺耳	0.45
维利	0.45
宅子	0.45
欺压	0.45
泰史特卡	0.45
艾德加尔	0.45
找齐	0.45
支线	0.45
美名	0.45
菲拉维	0.45
好样儿的	0.45
堂吉诃德	0.45
卫生部长	0.45
以泪洗面	0.45
木偶戏	0.45
墙头草	0.45
门牌号	0.45
扬起	0.45
青春痘	0.45
肿瘤科	0.45
继位	0.45
名正言顺	0.45
炯兰	0.45
惨淡	0.45
过重	0.45
热火	0.45
意气风发	0.45
菲尔比	0.45
浮力	0.45
冲锋陷阵	0.45
散热	0.45
莫伊	0.45
礼遇	0.45
化肥	0.45
竹节虫	0.45
格吉	0.45
浮夸	0.45
温存	0.45
比厄	0.45
马勒	0.45
斯兰恩	0.45
海选中	0.45
马斯卡邦	0.45
西村	0.45
尼克拉斯	0.45
赶得及	0.45
弗利浦	0.45
传召	0.45
科纳斯	0.45
艹	0.45
避而不谈	0.45
沉住气	0.45
硬是	0.45
成亲	0.45
高帽	0.45
卡马克	0.45
黄金时代	0.45
水藻	0.45
械	0.45
代沟	0.45
选购	0.45
胡搅蛮缠	0.45
学界	0.45
伤风	0.45
林顿	0.45
温热	0.45
光火	0.45
街车	0.45
畿	0.45
听诊器	0.45
雏鸟	0.45
能见度	0.45
曝露	0.45
展览馆	0.45
光波	0.45
加泽尔	0.45
招架不住	0.45
传神	0.45
查理·威尔逊	0.45
低年级	0.45
亚当·托沃斯	0.45
武艺	0.45
膏药	0.45
佯装	0.45
雷暴	0.45
塞拉利昂	0.45
抗命	0.45
怦怦	0.45
彩球	0.45
生就	0.45
玛尔斯	0.45
可塑性	0.45
分辨率	0.45
意气用事	0.45
抗击	0.45
铰链	0.45
彩绘	0.45
本区	0.45
共性	0.45
收音	0.45
乐子	0.45
亡命徒	0.45
短距离	0.45
马蹄	0.45
本职	0.45
天马行空	0.45
选秀	0.45
浩瀚无垠	0.45
痛经	0.45
成行	0.45
民工	0.45
斗气	0.45
詹母士	0.45
投影仪	0.45
沙土	0.45
约瑟琳	0.45
苏格	0.45
鬼迷心窍	0.45
凤熙	0.45
危险品	0.45
杰金斯	0.45
吉拉尼	0.45
试车	0.45
清香	0.45
玛塔	0.45
交口	0.45
令人鼓舞	0.45
满腔	0.45
斯波克	0.45
菲利亚斯·福格	0.45
头晕目眩	0.45
淡化	0.45
颂词	0.45
收款	0.45
金达莱	0.45
亚伊尼	0.45
总参谋长	0.45
涉险	0.45
扬长而去	0.45
龅牙	0.45
验光	0.45
做鬼	0.45
般般	0.45
单体	0.45
哑铃	0.45
东方人	0.45
动员会	0.45
罗根	0.45
制图	0.45
阵势	0.45
热饮	0.45
芬利	0.45
系列剧	0.45
坎迪	0.45
肯尼斯	0.45
老将	0.45
范·亨	0.45
茶水	0.45
粪土	0.45
贞节	0.45
驳船	0.45
厚实	0.45
防治	0.45
利亚	0.45
相弼	0.45
相容	0.45
相宇	0.45
硬碰硬	0.45
伊森·肖	0.45
巴巴多斯	0.45
丹妮斯	0.45
签定	0.45
碴	0.45
鸭蛋	0.45
扳回	0.45
展台	0.45
测算	0.45
阿瑞雅	0.45
凯普莱斯	0.45
授粉	0.45
南塔基特	0.45
膨	0.45
胭脂	0.45
培植	0.45
獗	0.45
谧	0.45
徉	0.45
桓	0.45
徜	0.45
诌	0.45
妩	0.45
猕	0.45
琅	0.45
忱	0.45
惴	0.43
潺	0.43
耘	0.43
慵	0.43
飕	0.43
情郎	0.42
波德特	0.42
彼拉多	0.42
砝码	0.42
埃尔莎	0.42
配送	0.42
奥古斯	0.42
自由泳	0.42
塔克伍德	0.42
亚尔	0.42
安吉洛·莱达	0.42
后患	0.42
古德	0.42
凸出	0.42
爪哇	0.42
五十六	0.42
萨菲罗斯	0.42
欢聚	0.42
非传统	0.42
鼠药	0.42
白喉	0.42
不亦乐乎	0.42
空挡	0.42
康诺利	0.42
受刑	0.42
光明磊落	0.42
包装盒	0.42
引退	0.42
施密特	0.42
宿营地	0.42
纵使	0.42
空当	0.42
临界点	0.42
天蝎座	0.42
安度	0.42
约瑟夫·史密斯	0.42
信号枪	0.42
小虎	0.42
犹犹豫豫	0.42
紧缩	0.42
白沫	0.42
狂飙	0.42
查收	0.42
后坐	0.42
潜水衣	0.42
零头	0.42
伊蒂丝	0.42
麦考内尔	0.42
凯蒂·法尔威兹	0.42
外来人	0.42
特利佛	0.42
书商	0.42
毛囊	0.42
点货	0.42
瓦加斯	0.42
讨教	0.42
咖啡色	0.42
并非易事	0.42
寿险	0.42
传奇性	0.42
戴安妮	0.42
四日	0.42
完备	0.42
伊尔多	0.42
沓	0.42
佩琦	0.42
中度	0.42
死有余辜	0.42
消肿	0.42
裕	0.42
惊扰	0.42
朽木	0.42
九尾狐	0.42
缺憾	0.42
倡议	0.42
维什涅夫斯基	0.42
性激素	0.42
烂熟	0.42
溪水	0.42
暗室	0.42
中标	0.42
重武器	0.42
硬着头皮	0.42
忍痛	0.42
泰迪·奥多诺万	0.42
边角	0.42
陆点	0.42
普及	0.42
三十八	0.42
高茨	0.42
史金尼·布莱克	0.42
中级	0.42
杀一儆百	0.42
零零一	0.42
磋商	0.42
不为所动	0.42
不近人情	0.42
科曼奇	0.42
捕捞	0.42
张牙舞爪	0.42
加价	0.42
熏火腿	0.42
专业性	0.42
格鲁塔斯	0.42
娜西	0.42
脱轨	0.42
出尔反尔	0.42
小鞋	0.42
稀松	0.42
格里肯斯坦	0.42
去路	0.42
不动声色	0.42
卡波	0.42
李·卡特	0.42
卡洛	0.42
该行	0.42
光石	0.42
稀缺	0.42
榻	0.42
忸怩	0.42
连裤袜	0.42
章法	0.42
咯吱	0.42
沃尔沃	0.42
你来我往	0.42
陆路	0.42
实事求是	0.42
开夜车	0.42
踩高跷	0.42
欧克斯理	0.42
上下文	0.42
气象局	0.42
加法	0.42
晴空	0.42
敖	0.42
要强	0.42
弃置	0.42
哈门德	0.42
腐蚀性	0.42
后悔莫及	0.42
梅里	0.42
溃败	0.42
不以为然	0.42
夏夜	0.42
井然有序	0.42
击鼓	0.42
德雷曼	0.42
饭钱	0.42
大动干戈	0.42
豪饮	0.42
默特夫	0.42
话头	0.42
白话	0.42
璜	0.42
轮转	0.42
欧文斯	0.42
内地	0.42
雕虫小技	0.42
佳喜	0.42
马棚	0.42
席芙	0.42
笙	0.42
纳斯达克	0.42
闸口	0.42
养分	0.42
至理名言	0.42
希律	0.42
校刊	0.42
针灸师	0.42
狂潮	0.42
脖颈	0.42
收款机	0.42
娱乐界	0.42
安格尔顿	0.42
魔掌	0.42
帕拉明诺	0.42
进账	0.42
小兵	0.42
砍价	0.42
气力	0.42
旱冰	0.42
小卒	0.42
卢迪	0.42
劈开	0.42
做生日	0.42
埋头苦干	0.42
不悦	0.42
气喘	0.42
毕达哥拉斯	0.42
窖	0.42
白鸽	0.42
二万	0.42
羽田	0.42
嫩草	0.42
摸黑	0.42
狼狈为奸	0.42
荷枪实弹	0.42
气态	0.42
联名	0.42
盗窃案	0.42
道出	0.42
喋	0.42
黄热病	0.42
洗涤剂	0.42
锐气	0.42
丽泽	0.42
西塞罗	0.42
后藤	0.42
养病	0.42
小曲	0.42
园区	0.42
赏赐	0.42
天高地厚	0.42
不快	0.42
弓形	0.42
玛里琳·海克	0.42
手续费	0.42
配种	0.42
后辈	0.42
喀什	0.42
摸透	0.42
尤翼	0.42
宁肯	0.42
瑟瑟	0.42
号手	0.42
固态	0.42
训练课	0.42
帕奇斯	0.42
奈维尔	0.42
转向灯	0.42
功不可没	0.42
追根	0.42
非分之想	0.42
亚利桑德罗	0.42
可鄙	0.42
莲蓬头	0.42
烤火	0.42
塑料布	0.42
开课	0.42
哈根达斯	0.42
脚掌	0.42
女犯	0.42
朴谷柯	0.42
服务业	0.42
语录	0.42
劝导	0.42
累计	0.42
赋税	0.42
谣	0.42
扣人心弦	0.42
世世代代	0.42
帕克曼	0.42
乳汁	0.42
渋	0.42
宽泛	0.42
修平	0.42
缜密	0.42
拍板	0.42
抒发	0.42
阿斯顿	0.42
游记	0.42
仗义	0.42
打炮	0.42
电能	0.42
坎普	0.42
骄	0.42
摆渡	0.42
瑞蒙德	0.42
包涵	0.42
救生船	0.42
电闪	0.42
切割机	0.42
立誓	0.42
译员	0.42
奥尔巴尼	0.42
哈特曼	0.42
字句	0.42
第二十二	0.42
一点一滴	0.42
败者	0.42
食管	0.42
说动	0.42
岔道	0.42
捷克人	0.42
怀斯	0.42
洋基	0.42
使用权	0.42
定额	0.42
米粒	0.42
头皮屑	0.42
霸主	0.42
麦斯	0.42
熠熠生辉	0.42
古旧	0.42
一览无余	0.42
名垂青史	0.42
洪奎	0.42
尾花	0.42
尾崎	0.42
强国	0.42
遗传性	0.42
劫掠	0.42
售票员	0.42
同甘共苦	0.42
妙处	0.42
关张	0.42
特拉华	0.42
幻灭	0.42
不厌其烦	0.42
开房间	0.42
洁顺	0.42
自语	0.42
边远	0.42
守备	0.42
人力车	0.42
三位一体	0.42
显形	0.42
汽船	0.42
弹道导弹	0.42
莎朗	0.42
洋相	0.42
卡内基	0.42
花生米	0.42
哈巴狗	0.42
宋郑浩	0.42
双峰	0.42
五月份	0.42
急急忙忙	0.42
动武	0.42
俯首称臣	0.42
宫本武藏	0.42
伊斯	0.42
波罗密	0.42
毕肖普	0.42
千分之一	0.42
布莱克尼	0.42
短文	0.42
麦子	0.42
摄影展	0.42
恶言	0.42
关键性	0.42
坎特伯雷	0.42
放射线	0.42
熙熙攘攘	0.42
含羞草	0.42
苦战	0.42
奉秀	0.42
出头之日	0.42
常有	0.42
边锋	0.42
雕刻家	0.42
翘首	0.42
柯尼	0.42
嗓子眼	0.42
加速度	0.42
正婉	0.42
信函	0.42
烽火台	0.42
范托斯	0.42
放牧	0.42
风干	0.42
岔口	0.42
邹易	0.42
儒	0.42
骡	0.42
穆尼	0.42
雇佣军	0.42
层出不穷	0.42
六月份	0.42
美人计	0.42
希德尼·怀特	0.42
贮藏室	0.42
品性	0.42
命中率	0.42
鸣叫	0.42
前轮	0.42
元旦	0.42
老妈子	0.42
洁姬	0.42
恶战	0.42
各异	0.42
独斗	0.42
朝拜	0.42
遗志	0.42
蓬荜生辉	0.42
七万	0.42
哭叫	0.42
闭关	0.42
司仪	0.42
正牌	0.42
驻军	0.42
大吃大喝	0.42
山脚	0.42
名将	0.42
惨状	0.42
落马	0.42
抱佛脚	0.42
汤马士	0.42
指名道姓	0.42
东张西望	0.42
心酸	0.42
宽厚	0.42
手足之情	0.42
圣托里尼	0.42
手鼓	0.42
布鲁尼	0.42
风月	0.42
低微	0.42
薄片	0.42
肯达尔	0.42
无力回天	0.42
卤	0.42
括号	0.42
愈加	0.42
伊希斯	0.42
改嫁	0.42
肩章	0.42
群落	0.42
正电子	0.42
溢美之词	0.42
核装置	0.42
半儿	0.42
杂货铺	0.42
受宠	0.42
赊	0.42
丽人	0.42
亨尼	0.42
驿站	0.42
佑一	0.42
发扬光大	0.42
画室	0.42
花篮	0.42
安妮塔·布莱恩特	0.42
杰克琳	0.42
第十九	0.42
乙烯	0.42
诺埃尔	0.42
永葆青春	0.42
拆线	0.42
亵	0.42
小儿麻痹症	0.42
瓶塞	0.42
故事会	0.42
宾尼	0.42
毕祖	0.42
经传	0.42
兰迪·戴托纳	0.42
奥森	0.42
治疗费	0.42
爬高	0.42
出超	0.42
沧桑	0.42
低点	0.42
失业者	0.42
装箱	0.42
抽查	0.42
飞虫	0.42
得分手	0.42
肚脐眼	0.42
斡	0.42
立功	0.42
低档	0.42
媞	0.42
风景画	0.42
埃里森	0.42
营部	0.42
派出所	0.42
盖因	0.42
绦虫	0.42
碧茜	0.42
谄媚	0.42
艾耶斯	0.42
拔牙	0.42
奶茶	0.42
奏响	0.42
平塔	0.42
艾娃	0.42
天书	0.42
天井	0.42
剪切	0.42
硬骨头	0.42
艾历	0.42
激将法	0.42
开国	0.42
释义	0.42
自然环境	0.42
行规	0.42
央求	0.42
盐分	0.42
立陶宛人	0.42
柏青	0.42
独木桥	0.42
明治	0.42
神经痛	0.42
阿珂	0.42
枢纽	0.42
掌骨	0.42
褴褛	0.42
取信	0.42
行迹	0.42
上肢	0.42
押解	0.42
有目共睹	0.42
猪食	0.42
裤腰带	0.42
阿亚美	0.42
井底	0.42
局外	0.42
耀武扬威	0.42
西里安	0.42
庸人	0.42
利比亚人	0.42
弗雷尔的艾拉	0.42
科塞蒂	0.42
剪纸	0.42
克里斯提娜	0.42
恢复期	0.42
助推	0.42
希哲	0.42
天明	0.42
发情期	0.42
狗头	0.42
立交桥	0.42
聋哑	0.42
世仇	0.42
杜邦	0.42
阅	0.42
横渡	0.42
阿吉	0.42
归入	0.42
荣华	0.42
夜深	0.42
机时	0.42
党代表	0.42
伯纳	0.42
雪堆	0.42
津巴布韦	0.42
阿布	0.42
开春	0.42
营利	0.42
蔑	0.42
开恩	0.42
罗特韦尔	0.42
流离失所	0.42
翻箱倒柜	0.42
勃勃	0.42
罗斯科	0.42
心力交瘁	0.42
海流	0.42
球形	0.42
结结巴巴	0.42
鼻尖	0.42
天文数字	0.42
不堪重负	0.42
布德	0.42
打零工	0.42
自居	0.42
多普勒	0.42
贼船	0.42
国泰民安	0.42
灾区	0.42
值班室	0.42
史威	0.42
英燮	0.42
窗上	0.42
乔治·布什	0.42
卡尔思罗普	0.42
团子	0.42
免职	0.42
烧光	0.42
提纲	0.42
巴特勒	0.42
劳动者	0.42
瓣膜	0.42
上蜡	0.42
导航仪	0.42
丰功伟绩	0.42
假面舞	0.42
满意度	0.42
发明者	0.42
绝版	0.42
胆大包天	0.42
迈西	0.42
照会	0.42
杰克拉莫塔	0.42
全盛	0.42
缭绕	0.42
陈皮	0.42
哥特列特	0.42
瓦思弟	0.42
清漆	0.42
发人深省	0.42
雇工	0.42
徒然	0.42
松脆	0.42
笺	0.42
拉德	0.42
嫖娼	0.42
海宾	0.42
专刊	0.42
全才	0.42
安苏娜	0.42
红旗	0.42
地滚球	0.42
催产素	0.42
铁腕	0.42
窗框	0.42
蜂鸣器	0.42
一锅粥	0.42
德高望重	0.42
地质学	0.42
持平	0.42
狄方廷	0.42
琴声	0.42
萨克斯管	0.42
殡葬	0.42
轻武器	0.42
德佩罗	0.42
在读	0.42
汤勺	0.42
连绵	0.42
果蝇	0.42
饱含	0.42
皮杰	0.42
不偏不倚	0.42
费尔	0.42
索然	0.42
秋波	0.42
球速	0.42
基尔	0.42
在册	0.42
油条	0.42
饲养员	0.42
莎拉·考沃斯	0.42
干脆利落	0.42
桌椅	0.42
秋田	0.42
班次	0.42
简写	0.42
导体	0.42
林恩	0.42
史龙	0.42
实则	0.42
香子	0.42
毡	0.42
拉芙特	0.42
了得	0.42
抿	0.42
枝头	0.42
事例	0.42
六七十	0.42
肝癌	0.42
日界线	0.42
主治	0.42
給	0.42
彼得潘	0.42
诚惶诚恐	0.42
峰回路转	0.42
曹金满	0.42
循序渐进	0.42
快攻	0.42
恣意	0.42
穴位	0.42
系统性	0.42
握手言和	0.42
特马	0.42
直射	0.42
老三	0.42
双管齐下	0.42
佛莱妮	0.42
阿扎马特	0.42
姿色	0.42
一筹莫展	0.42
叛乱者	0.42
犟	0.42
经营者	0.42
您老	0.42
准头	0.42
艾辛格	0.42
迪安·维特	0.42
阿什丽	0.42
胁	0.42
善战	0.42
裤带	0.42
卫生员	0.42
艳福	0.42
婿	0.42
兼得	0.42
兼具	0.42
橡皮圈	0.42
心切	0.42
矿泉	0.42
裤兜	0.42
黛拉	0.42
杰杰	0.42
无异于	0.42
最大化	0.42
带宽	0.42
脚丫	0.42
用费	0.42
骛	0.42
大丽花	0.42
皮卡德	0.42
轻薄	0.42
取舍	0.42
国宾	0.42
拉提摩	0.42
道学	0.42
阿尔文	0.42
机要	0.42
扎伊尔	0.42
木炭	0.42
初版	0.42
范德霍夫	0.42
初一	0.42
熏陶	0.42
始末	0.42
愁眉不展	0.42
盛世	0.42
忙忙碌碌	0.42
一扫而光	0.42
公有	0.42
调任	0.42
华贵	0.42
灵机一动	0.42
卤莽	0.42
身陷囹圄	0.42
国父	0.42
扩建	0.42
威慑	0.42
菲洛	0.42
明迪	0.42
吃苦	0.42
丰臣	0.42
女奴	0.42
平方米	0.42
盛夏	0.42
阿索卡	0.42
繁	0.42
消化道	0.42
咬牙切齿	0.42
虾仁	0.42
喇叭声	0.42
智英	0.42
纺织品	0.42
异己	0.42
天伦之乐	0.42
丝瓜	0.42
无庸	0.42
无序	0.42
词组	0.42
超级大国	0.42
丹娜	0.42
稳当	0.42
图书室	0.42
民间舞	0.42
美珍	0.42
三叶	0.42
一夜间	0.42
洛莲	0.42
国家安全部	0.42
贝思	0.42
瓦尼亚	0.42
学童	0.42
高楼大厦	0.42
昏昏沉沉	0.42
贝丝·康维	0.42
比佛利	0.42
哈泽泰	0.42
轮机长	0.42
有伤	0.42
求得	0.42
理发馆	0.42
琵琶	0.42
就近	0.42
西风	0.42
赢利	0.42
有瘾	0.42
罗慧	0.42
纺	0.42
天灵灵	0.42
利马	0.42
黯然	0.42
珍稀	0.42
占地	0.42
缴纳	0.42
有方	0.42
阿奎莱斯	0.42
粮仓	0.42
集团军	0.42
出神入化	0.42
寄主	0.42
绪	0.42
急功近利	0.42
作息	0.42
日以继夜	0.42
大师级	0.42
举世	0.42
榨汁机	0.42
成器	0.42
萎靡	0.42
吃苦头	0.42
本吉	0.42
超现实主义	0.42
交差	0.42
四下	0.42
无底洞	0.42
豚	0.42
成套	0.42
米那斯提力斯	0.42
烦乱	0.42
光圈	0.42
犄角	0.42
会员证	0.42
瑞格	0.42
哈瑞	0.42
有约在先	0.42
分泌物	0.42
作威作福	0.42
金斯莉	0.42
独创性	0.42
汤玛士	0.42
舞弊	0.42
斯特朗	0.42
塔伦	0.42
切罗基	0.42
伊扎克	0.42
艾穆利斯	0.42
万劫不复	0.42
杜伯格	0.42
猿猴	0.42
海斯曼	0.42
复婚	0.42
满座	0.42
汉姆顿	0.42
高攀	0.42
气冲冲	0.42
费尔威兹	0.42
约翰·亚当斯	0.42
背运	0.42
少男	0.42
哧	0.42
殉难	0.42
适应性	0.42
费康尼	0.42
瑞克·马歇尔	0.42
布莱尼	0.42
谢默斯	0.42
谢帕德	0.42
刨冰	0.42
螺丝钉	0.42
超然	0.42
嗜睡	0.42
宝云	0.42
童真	0.42
成活	0.42
鹿肉	0.42
暴露无遗	0.42
扑朔迷离	0.42
顶呱呱	0.42
病灶	0.42
杀机	0.42
收受	0.42
干果	0.42
杂七杂八	0.42
水利	0.42
善始善终	0.42
良慈	0.42
生养	0.42
沙祖	0.42
杂活	0.42
毗邻	0.42
迎头赶上	0.42
言词	0.42
盖乌斯·优利乌斯·恺撒	0.42
传阅	0.42
街灯	0.42
郎君	0.42
居室	0.42
代顿	0.42
腰缠万贯	0.42
生事	0.42
古日佛拉巴	0.42
烦闷	0.42
交费	0.42
高频	0.42
路德维希	0.42
破败	0.42
超长	0.42
讲价	0.42
阿富汗人	0.42
交融	0.42
饭票	0.42
比尔兹利	0.42
病友	0.42
奠基	0.42
线粒体	0.42
两千五	0.42
汉克斯	0.42
雌黄	0.42
漂亮话	0.42
扇动	0.42
神秘兮兮	0.42
李诺	0.42
雏形	0.42
法眼	0.42
高谈阔论	0.42
鸟枪	0.42
肺气肿	0.42
总收入	0.42
席达瑟	0.42
狐臭	0.42
赌鬼	0.42
海斯丁斯	0.42
马克·达西	0.42
收治	0.42
争先恐后	0.42
罗罗	0.42
市场价	0.42
成语	0.42
卡洛威	0.42
邮车	0.42
厚爱	0.42
曼纽尔	0.42
多米尼加共和国	0.42
萨姆勒	0.42
地理学	0.42
紧缺	0.42
大合唱	0.42
勃起	0.42
牦牛	0.42
紧张症	0.42
地对空	0.42
伊莲娜·德瑞沃科	0.42
染病	0.42
条条	0.42
屯	0.42
彼得·帕克	0.42
生命线	0.42
茶具	0.42
喇叭裤	0.42
蔫	0.42
普莱维	0.42
柏油路	0.42
丝都	0.42
棘轮	0.42
吳	0.42
恩田	0.42
试飞	0.42
皮划艇	0.42
秉	0.42
垫圈	0.42
布洛芬	0.42
盖房	0.42
鸢	0.42
送客	0.42
重中之重	0.42
防暴	0.42
灿	0.42
罗刚	0.42
萨特	0.42
验收	0.42
印度尼西亚	0.42
碌碌无为	0.42
陶土	0.42
未决	0.42
护肤品	0.42
格兰杰	0.42
相中	0.42
忙乱	0.42
李尔王	0.42
洛琳	0.42
西线	0.42
出公差	0.42
上火	0.42
捻	0.42
纬	0.42
坝	0.42
未定	0.42
手头紧	0.42
佩佩	0.42
顺应	0.42
利谢斯基	0.42
鹕	0.41
篑	0.41
踉	0.41
锷	0.41
跄	0.41
垩	0.41
啕	0.41
锒	0.41
刍	0.41
诩	0.41
袤	0.41
小脑	0.39
捉摸不定	0.39
屏风	0.39
次子	0.39
玛丽·特丽萨	0.39
欢送	0.39
伊萨克	0.39
黛莉亚	0.39
开封	0.39
非线性	0.39
哈利·瓦顿	0.39
冰冰	0.39
气话	0.39
美联储	0.39
忤	0.39
柳刚	0.39
我刚	0.39
小詹	0.39
贫苦	0.39
丹泽尔	0.39
岸田	0.39
处所	0.39
阿斯	0.39
拉下马	0.39
发射塔	0.39
四十万	0.39
迪克森	0.39
肼	0.39
史蒂芬·柯林斯	0.39
工具包	0.39
自主权	0.39
大尉	0.39
套衫	0.39
拖动	0.39
神甫	0.39
阿拉斯加州	0.39
踏上	0.39
古琦	0.39
白日	0.39
折价	0.39
大敌	0.39
亚历桑德拉	0.39
萨瓦洛	0.39
笑星	0.39
沃戴尔	0.39
布兰科	0.39
棘	0.39
汇率	0.39
大潮	0.39
保准	0.39
逗笑	0.39
戴托纳	0.39
现如今	0.39
神经中枢	0.39
大熊	0.39
穷途	0.39
绝对值	0.39
安乐	0.39
树莓	0.39
斯戴维	0.39
昆恩	0.39
星星之火	0.39
特里斯坦	0.39
维特克	0.39
门板	0.39
中人	0.39
尤德尔	0.39
知惠	0.39
知悉	0.39
黑海	0.39
温德尔	0.39
碍眼	0.39
再行	0.39
址	0.39
尤利西斯	0.39
印刷厂	0.39
奥利奥	0.39
中庸	0.39
仕途	0.39
糖业	0.39
地层	0.39
娈	0.39
迅捷	0.39
帕维尔	0.39
狂风暴雨	0.39
无边无际	0.39
令郎	0.39
十日	0.39
盆腔	0.39
波莱特	0.39
历尽	0.39
角儿	0.39
砧	0.39
梅宝	0.39
从长计议	0.39
豪乌	0.39
油污	0.39
上扬	0.39
德格	0.39
旧病	0.39
讹诈	0.39
留校	0.39
传奇式	0.39
赶赴	0.39
旧物	0.39
擎天柱	0.39
拉扎鲁斯	0.39
纷飞	0.39
解渴	0.39
耕作	0.39
宿营	0.39
面包房	0.39
吉妮	0.39
地热	0.39
永弼	0.39
下人	0.39
吉宇	0.39
克里斯蒂安	0.39
牛蛙	0.39
吃法	0.39
阿如斯	0.39
软木塞	0.39
机动车	0.39
圆周率	0.39
不容置疑	0.39
卡恩	0.39
封顶	0.39
产地	0.39
高个儿	0.39
维博	0.39
盼头	0.39
卡翠娜	0.39
服气	0.39
玛芝	0.39
成功者	0.39
盆地	0.39
浓郁	0.39
克莱普顿	0.39
摩尔斯	0.39
马琳达·皮斯里	0.39
牛犊	0.39
耷拉	0.39
臭名远扬	0.39
史纳皮	0.39
燃放	0.39
卡琳	0.39
二千	0.39
维京	0.39
开后门	0.39
稀疏	0.39
宿怨	0.39
加力	0.39
内特	0.39
托妮	0.39
掌上明珠	0.39
巴塔哥尼亚	0.39
麻黄素	0.39
电唱机	0.39
滋事	0.39
让·巴蒂斯特	0.39
辅导班	0.39
哇啦	0.39
诺姆	0.39
斜线	0.39
沐	0.39
推敲	0.39
见面礼	0.39
莫切里	0.39
腹地	0.39
轮轴	0.39
昼	0.39
滑翔伞	0.39
角质	0.39
燧石	0.39
春风得意	0.39
甘地	0.39
缔造者	0.39
德士古	0.39
伪证罪	0.39
大农场	0.39
胜败	0.39
杜拉克	0.39
滑稽剧	0.39
流行性	0.39
恶语	0.39
耙	0.39
关税	0.39
登记本	0.39
贫乏	0.39
追兵	0.39
马萨瑞	0.39
读书人	0.39
欢度	0.39
范·海辛	0.39
魔怪	0.39
狂放	0.39
夏洛克·福尔摩斯	0.39
不端	0.39
小仓	0.39
联机	0.39
博器	0.39
贫富	0.39
依洛伊	0.39
大雾	0.39
巴兹尼克	0.39
小姜	0.39
实打实	0.39
大马	0.39
对折	0.39
博尚	0.39
包威尔	0.39
小山	0.39
死灰	0.39
边门	0.39
周期性	0.39
豺	0.39
对半	0.39
走过场	0.39
芦苇	0.39
空门	0.39
乌姆里奇	0.39
竟是	0.39
读后感	0.39
库普	0.39
共聚	0.39
丹麦人	0.39
安妮亚	0.39
汉弗莱·博加特	0.39
悼	0.39
库欣	0.39
九百	0.39
枪眼	0.39
上进心	0.39
改选	0.39
亲朋	0.39
苛责	0.39
创建者	0.39
庐山	0.39
抽风	0.39
博茨瓦纳	0.39
低速	0.39
凯洛	0.39
李治秀	0.39
出气筒	0.39
最低价	0.39
文淑	0.39
云娜	0.39
裘德	0.39
演员表	0.39
鱼鳞	0.39
出线	0.39
阴柔	0.39
梅斯纳	0.39
涣散	0.39
恍然大悟	0.39
大老粗	0.39
宝刀	0.39
坚忍	0.39
浓妆艳抹	0.39
迎风	0.39
阴凉	0.39
赛蒙	0.39
戏迷	0.39
德古拉	0.39
功夫片	0.39
裆部	0.39
浸湿	0.39
转述	0.39
颖	0.39
服丧	0.39
丁丁	0.39
盛怒	0.39
金·鲍尔	0.39
戏耍	0.39
劳利	0.39
短剑	0.39
幻境	0.39
疲软	0.39
恩情	0.39
放羊	0.39
耳鸣	0.39
矫形	0.39
拦路虎	0.39
短处	0.39
炸肉	0.39
近代	0.39
风韵	0.39
避雷针	0.39
李秀贤	0.39
言过其实	0.39
麦粉	0.39
褒	0.39
混饭	0.39
含辛茹苦	0.39
绿林	0.39
空空荡荡	0.39
青木	0.39
原材料	0.39
耕地	0.39
万分之一	0.39
昆虫学	0.39
心惊胆战	0.39
摩兰达	0.39
雅兴	0.39
他乡	0.39
除草机	0.39
市立	0.39
丘陵	0.39
妙龄	0.39
马贼	0.39
动气	0.39
数万	0.39
斯坦普	0.39
凯伦·派特森	0.39
青史	0.39
哭丧着脸	0.39
玻璃纸	0.39
摄影家	0.39
掉转	0.39
昆朴	0.39
凹槽	0.39
苦水	0.39
克尔顿	0.39
主题歌	0.39
两亿	0.39
处里	0.39
婶	0.39
冒失鬼	0.39
沉浮	0.39
铭刻	0.39
老大不小	0.39
达州	0.39
水仙	0.39
怀德	0.39
自此	0.39
铺张	0.39
毒辣	0.39
揭幕	0.39
泰正	0.39
车把	0.39
开普敦	0.39
元甲	0.39
穆奇	0.39
音高	0.39
狂欢夜	0.39
正佑	0.39
哈耶夫	0.39
搭车	0.39
疖子	0.39
圣德思	0.39
菲德尔·卡斯特罗	0.39
年收入	0.39
大卫王	0.39
矢口否认	0.39
托沃斯	0.39
丢开	0.39
天经地义	0.39
亲姐妹	0.39
闭塞	0.39
名医	0.39
乳制品	0.39
葛兰	0.39
估摸	0.39
拜会	0.39
祗	0.39
斗胆	0.39
金文	0.39
严正	0.39
邻国	0.39
啐	0.39
两面	0.39
白日做梦	0.39
厌世	0.39
葛雷克	0.39
哈蒙德	0.39
自强	0.39
车工	0.39
加班加点	0.39
來	0.39
风湿	0.39
绿衣	0.39
宽带	0.39
伽马射线	0.39
正果	0.39
老妈妈	0.39
和田	0.39
自嘲	0.39
开花结果	0.39
奥斯本·考克斯	0.39
衣袋	0.39
灯芯绒	0.39
丛中	0.39
躺倒	0.39
旅游者	0.39
老公公	0.39
鲸须	0.39
奥丁	0.39
目送	0.39
刻板	0.39
蔬	0.39
建设者	0.39
报童	0.39
腱	0.39
昭彰	0.39
跳越	0.39
势利眼	0.39
玛莫恩	0.39
阿蒂	0.39
别国	0.39
波利斯	0.39
魂灵	0.39
撞伤	0.39
舍帕德	0.39
珠珠	0.39
游击战	0.39
游戏厅	0.39
玉恩	0.39
阿亚图拉	0.39
面糊	0.39
礼数	0.39
莱克塔	0.39
断后	0.39
维希	0.39
事不关己	0.39
跟斗	0.39
礼毕	0.39
欧里	0.39
跳高	0.39
四一零	0.39
嘤	0.39
库尔德	0.39
稔	0.39
鲻	0.39
依莱娜	0.39
鱼池	0.39
杰森·史塔克	0.39
挨冻	0.39
救生圈	0.39
受热	0.39
卢格尔	0.39
阿春	0.39
瓢	0.39
简略	0.39
出车	0.39
祸不单行	0.39
小口径	0.39
节育	0.39
好容易	0.39
强纳生	0.39
噘嘴	0.39
烤鸭	0.39
留声机	0.39
变脸	0.39
朝夕相处	0.39
退席	0.39
倾慕	0.39
谱写	0.39
险情	0.39
罗伯托	0.39
二话不说	0.39
拉菲克	0.39
中岛	0.39
宛若	0.39
活动室	0.39
兼有	0.39
偏转	0.39
褒义	0.39
男子气	0.39
偷人	0.39
倡导者	0.39
尹晶	0.39
矿产	0.39
沙门氏菌	0.39
只见	0.39
金永勋	0.39
克莱沃	0.39
艾奎	0.39
肖特	0.39
机型	0.39
天仙	0.39
阿基里斯	0.39
撑杆跳	0.39
起脚	0.39
竞逐	0.39
排版	0.39
蚝	0.39
哲洙	0.39
莱斯特·邦斯	0.39
睿琳	0.39
茅坑	0.39
巳	0.39
量器	0.39
肝火	0.39
冷盘	0.39
安全网	0.39
审美	0.39
英秀	0.39
橡皮艇	0.39
镇痛剂	0.39
何谓	0.39
伯奇	0.39
十二分	0.39
仓储	0.39
五彩	0.39
结节	0.39
洛奇·巴尔博	0.39
省掉	0.39
俄克拉何马	0.39
彼岸	0.39
蛇形	0.39
简言之	0.39
大快人心	0.39
瑞吉儿	0.39
遗臭万年	0.39
斯皮尔门	0.39
果肉	0.39
警笛声	0.39
慧眼	0.39
奥立维尔斯	0.39
凡夫俗子	0.39
平田	0.39
唐纳森	0.39
五亿	0.39
挂名	0.39
韦斯特伯里	0.39
冷场	0.39
打手势	0.39
克里斯塔	0.39
贿	0.39
咸味	0.39
出租汽车	0.39
调集	0.39
因赛诺弗莱克斯	0.39
呈献	0.39
挂心	0.39
艾斯	0.39
客户群	0.39
阿孝	0.39
照理	0.39
失而复得	0.39
华布鲁克	0.39
任人摆布	0.39
拗	0.39
聚乙烯	0.39
线轴	0.39
仁英	0.39
不可多得	0.39
海姆利克	0.39
塔提亚娜	0.39
烟盒	0.39
海沟	0.39
安斯林	0.39
艺界	0.39
强词夺理	0.39
赞岐	0.39
孱弱	0.39
矿区	0.39
两面性	0.39
厄斯	0.39
便池	0.39
三叉	0.39
后勤部	0.39
囊括	0.39
台山	0.39
史格	0.39
香香	0.39
上调	0.39
椅背	0.39
安纳特	0.39
海獭	0.39
针对性	0.39
享受性	0.39
泛舟	0.39
卫军	0.39
答卷	0.39
倾泻	0.39
拉力	0.39
切磋	0.39
风凉话	0.39
朗普	0.39
克拉丽斯	0.39
斯塔娜	0.39
懒洋洋	0.39
布玛	0.39
反证	0.39
特丽	0.39
直观	0.39
姻缘	0.39
造作	0.39
球状	0.39
洋鬼子	0.39
班森	0.39
名利双收	0.39
奥利维	0.39
骨干	0.39
柔妍	0.39
布恩	0.39
族类	0.39
荷包蛋	0.39
投机者	0.39
民秀	0.39
演职人员	0.39
底气	0.39
负载	0.39
粘性	0.39
兴师动众	0.39
汤加	0.39
媒人	0.39
汀琦	0.39
绵延	0.39
零部件	0.39
乌娜	0.39
四千万	0.39
课桌	0.39
充盈	0.39
托莱多	0.39
祷文	0.39
拜占庭	0.39
闹心	0.39
细胞核	0.39
闹市	0.39
直系	0.39
南海	0.39
咀	0.39
大同小异	0.39
梅兰尼	0.39
域名	0.39
枝叶	0.39
细则	0.39
圣詹姆斯	0.39
鲜嫩	0.39
富丽堂皇	0.39
凡恩	0.39
卡普里	0.39
监测器	0.39
理论家	0.39
纵火罪	0.39
嚎啕	0.39
礼节性	0.39
钴	0.39
阿拉斯	0.39
河道	0.39
里卡多	0.39
哪学来	0.39
导电	0.39
叮嘱	0.39
艾丝拉	0.39
枕骨	0.39
玫瑰园	0.39
皮匠	0.39
洋洋得意	0.39
拉菲	0.39
克里斯特尔	0.39
尼·扬	0.39
兴盛	0.39
雅洛克·伯南森	0.39
康辛州	0.39
便饭	0.39
莽	0.39
吉卜赛人	0.39
壬	0.39
冥府	0.39
爵位	0.39
笃信	0.39
缓冲器	0.39
揶揄	0.39
癫狂	0.39
米高梅	0.39
远路	0.39
解说员	0.39
歉疚	0.39
驳倒	0.39
国产	0.39
老成	0.39
文学奖	0.39
欲罢不能	0.39
忘乎所以	0.39
敌我	0.39
那么些	0.39
辛尼	0.39
公害	0.39
油漆匠	0.39
偷猎者	0.39
昏死	0.39
伯妮斯	0.39
克林贡	0.39
釜	0.39
共生	0.39
血气	0.39
公债	0.39
一条心	0.39
独立自主	0.39
糜烂	0.39
宙焕	0.39
所得税	0.39
印刷机	0.39
李志焕	0.39
口粮	0.39
志克	0.39
六日	0.39
气喘吁吁	0.39
聚居区	0.39
善京	0.39
艾朗索	0.39
结业	0.39
炬	0.39
伍德斯托克	0.39
猪皮	0.39
尼可拉斯	0.39
杰德	0.39
另选	0.39
亭子	0.39
弯路	0.39
九天	0.39
瞻仰	0.39
女娃	0.39
董事局	0.39
有劳	0.39
诸葛亮	0.39
有别	0.39
爱丽逊	0.39
年初	0.39
个人化	0.39
五倍子	0.39
枯死	0.39
廓	0.39
贝索	0.39
不可限量	0.39
噼啪	0.39
单边	0.39
入场费	0.39
衰减	0.39
熙妍	0.39
精度	0.39
亚伯拉罕·林肯	0.39
巴迪·伊斯雷尔	0.39
扫毒	0.39
希优顿	0.39
萨里	0.39
欠费	0.39
胃癌	0.39
学究	0.39
荧光灯	0.39
支流	0.39
辟邪	0.39
拨弄	0.39
杰克·莫里森	0.39
阿迈瑞	0.39
民主主义	0.39
自选	0.39
安吉里卡	0.39
考证	0.39
比安奇	0.39
避讳	0.39
参拜	0.39
蓝奇南	0.39
扫尾	0.39
磨床	0.39
陡坡	0.39
研磨	0.39
颤音	0.39
贝特曼	0.39
探求	0.39
艾莱奈	0.39
缴枪	0.39
弱项	0.39
库库什金	0.39
赌客	0.39
吉奈尔	0.39
回收站	0.39
肖特斯	0.39
蒂娜·隆巴迪	0.39
李明锡	0.39
洼	0.39
过路人	0.39
新斯科舍	0.39
无愧	0.39
贞媛	0.39
麦克丝	0.39
扮相	0.39
普拉斯	0.39
哥布勒	0.39
税单	0.39
尚桓	0.39
塞隆	0.39
艺术界	0.39
勃然大怒	0.39
斯莱特林	0.39
石灰石	0.39
不买账	0.39
翩翩	0.39
埃尔	0.39
含冤	0.39
百感交集	0.39
发飚	0.39
塔米	0.39
表率	0.39
山药	0.39
马克思主义	0.39
水费	0.39
连部	0.39
圣安东尼奥	0.39
娴晶	0.39
道贺	0.39
整组	0.39
四川	0.39
浅水	0.39
盈	0.39
法航	0.39
本体	0.39
髋关节	0.39
卑尔根	0.39
米尔顿	0.39
堆放	0.39
尼克·费西尔	0.39
资料室	0.39
莫里森	0.39
篓	0.39
胶鞋	0.39
邑	0.39
高桥	0.39
小肚子	0.39
超支	0.39
帕梅拉·兰蒂	0.39
安吉利娜	0.39
物美价廉	0.39
秦奇	0.39
欧内斯特	0.39
共同体	0.39
史泰龙	0.39
硝酸盐	0.39
上议院	0.39
哈夫	0.39
赫伯	0.39
大队长	0.39
哈密	0.39
会客	0.39
吴东玖	0.39
郑宇亭	0.39
早衰	0.39
丢面子	0.39
本汀	0.39
土路	0.39
歪理	0.39
被套	0.39
彩琳	0.39
瓦伦汀	0.39
拉莫斯	0.39
下不来	0.39
本剧	0.39
心惊肉跳	0.39
讲和	0.39
垫肩	0.39
选段	0.39
沙琳	0.39
土窑	0.39
格雯	0.39
砣	0.39
玛戈	0.39
宁采臣	0.39
乐声	0.39
逼死	0.39
鹳	0.39
饥寒交迫	0.39
经济学家	0.39
水井	0.39
穿插	0.39
蹊径	0.39
津田	0.39
汽车城	0.39
互通	0.39
史丹利	0.39
政委	0.39
史丹博	0.39
危险期	0.39
甩头	0.39
皮筋	0.39
伤情	0.39
奥莱温利	0.39
萨克森豪森	0.39
笃	0.39
牧场主	0.39
派系	0.39
韦斯顿	0.39
麦克唐纳	0.39
楞	0.39
演播	0.39
瑞秀	0.39
报名表	0.39
沙宾	0.39
法兰德斯	0.39
水灾	0.39
悄	0.39
数据包	0.39
安格尼斯	0.39
奠定	0.39
吉米·麦克罗伊	0.39
收条	0.39
玛尔	0.39
呱呱叫	0.39
黄道	0.39
超现实	0.39
脑髓	0.39
腰身	0.39
玲珑	0.39
克罗斯	0.39
一举两得	0.39
特莉斯塔	0.39
塔里	0.39
厚礼	0.39
重合	0.39
斯帕兹伍德	0.39
有志者事竟成	0.39
运输队	0.39
数十万	0.39
普罗塞特	0.39
罗西妮	0.39
猎场	0.39
三陪	0.39
暴虐	0.39
四星级	0.39
山毛榉	0.39
薛定锷	0.39
远亲	0.39
欧普拉	0.39
水雷	0.39
叮叮当当	0.39
护罩	0.39
哑谜	0.39
彷	0.39
漏子	0.39
敦促	0.39
拉弗第	0.39
霍尔斯托梅尔	0.39
华裔	0.39
防冻	0.39
业务员	0.39
罗柏	0.39
维托利	0.39
迎头	0.39
重机枪	0.39
巴布	0.39
肯尼思	0.39
还嘴	0.39
驹	0.39
老外	0.39
潜心	0.39
过上	0.39
罗希	0.39
多明尼克	0.39
山核桃	0.39
扫黄	0.39
西波	0.39
一掷千金	0.39
高升	0.39
炳泰	0.39
桑伯恩	0.39
柜员	0.39
运动健将	0.39
银行业	0.39
罗勃	0.39
工兵	0.39
招风	0.39
噌	0.39
巴登	0.39
不够意思	0.39
普莱斯	0.39
艾摩	0.39
诺瑞科	0.39
入账	0.39
招集	0.39
巴索	0.39
皑	0.38
黔	0.38
蜉	0.38
缤	0.38
缈	0.38
曦	0.38
佩格林	0.36
卢尼	0.36
拨乱反正	0.36
梅雷迪思	0.36
清清白白	0.36
外务	0.36
贝纳德	0.36
砾石	0.36
贴片	0.36
布兰多	0.36
剧作	0.36
凯丝	0.36
缓存	0.36
汉斯乐	0.36
小辈	0.36
直勾勾	0.36
安柏	0.36
孤魂	0.36
皮耶尔	0.36
蒙太克	0.36
阳阳	0.36
崔佛丝	0.36
痛痛快快	0.36
危机感	0.36
大和	0.36
绰	0.36
房钱	0.36
达米安·德雷克	0.36
保有	0.36
活到老	0.36
十五秒	0.36
感叹号	0.36
小薇	0.36
恩杜戈	0.36
皮夹子	0.36
拉克希尔	0.36
指法	0.36
大戏	0.36
迪卡普里奥	0.36
拖沓	0.36
伊赖亚斯	0.36
叉车	0.36
亨特森	0.36
失语症	0.36
恭维话	0.36
藿香	0.36
可逆	0.36
我爱	0.36
臭皮囊	0.36
幻术	0.36
卡布瑞拉	0.36
多娜	0.36
切拉毕齐	0.36
刷刷	0.36
发射机	0.36
白班	0.36
据理力争	0.36
尼基·桑德斯	0.36
猴年	0.36
不致	0.36
外流	0.36
锃亮	0.36
麻醉品	0.36
如若	0.36
托皮卡	0.36
贾许·莫顿	0.36
主动性	0.36
穷酸	0.36
夭	0.36
帕科	0.36
荣格	0.36
我来	0.36
七兵卫	0.36
福尼亚	0.36
波纳	0.36
夜半	0.36
居里	0.36
徐徐	0.36
春丽	0.36
整整齐齐	0.36
时态	0.36
豁然开朗	0.36
托丽	0.36
拮据	0.36
碑文	0.36
卿	0.36
乔芬	0.36
勒尼·沃克	0.36
下摆	0.36
查处	0.36
埃克森	0.36
奥格雷迪	0.36
范迪	0.36
春岱	0.36
取暖器	0.36
梅赛德斯	0.36
中外	0.36
斯里克	0.36
奠基人	0.36
脱出	0.36
区长	0.36
豪瑟	0.36
撒娇	0.36
中医	0.36
排卵期	0.36
老一辈	0.36
德尔	0.36
并行	0.36
中游	0.36
貉	0.36
鲍迪	0.36
地标	0.36
磺胺	0.36
吐沫	0.36
心连心	0.36
轮值	0.36
卸掉	0.36
刀枪	0.36
象鼻虫	0.36
履	0.36
阿尔茨海默氏	0.36
娇气	0.36
战略性	0.36
下头	0.36
意旨	0.36
购置	0.36
手指画	0.36
肯特郡	0.36
种菜	0.36
美若天仙	0.36
永吉	0.36
阿瑞娜	0.36
时宜	0.36
时局	0.36
中空	0.36
坟地	0.36
虫害	0.36
滋长	0.36
西经	0.36
捕鼠器	0.36
能源部	0.36
瘟	0.36
荧	0.36
要职	0.36
屋后	0.36
普世	0.36
陆时	0.36
走势	0.36
安赫拉	0.36
灵柩	0.36
兼备	0.36
数位	0.36
癣	0.36
克利奥帕特拉	0.36
恶狠狠	0.36
并发	0.36
科南	0.36
消受	0.36
卡林	0.36
摩霍克	0.36
刹那	0.36
信任感	0.36
素数	0.36
春色	0.36
睾	0.36
维尼	0.36
欣德利	0.36
心有余悸	0.36
巴尔扎克	0.36
贾克	0.36
美玲	0.36
丹尼洛夫	0.36
置办	0.36
韦赛斯	0.36
在天之灵	0.36
咿呀	0.36
相形见绌	0.36
轻敌	0.36
发行人	0.36
艾尔玛	0.36
弩弓	0.36
加吉	0.36
可靠性	0.36
日瓦戈	0.36
鳖	0.36
论题	0.36
斯科雷普	0.36
营生	0.36
诛	0.36
污染源	0.36
撤职	0.36
麦考德	0.36
昌幸	0.36
葛兰姆	0.36
梅铎	0.36
炭火	0.36
缺课	0.36
朝阳	0.36
降水	0.36
军乐队	0.36
缺血	0.36
早产儿	0.36
论述	0.36
图努斯	0.36
窝里斗	0.36
过去时	0.36
洪恩	0.36
切夫斯基	0.36
谋取	0.36
胴体	0.36
盲文	0.36
时隔	0.36
马上来	0.36
触礁	0.36
费洛伦蒂纳·阿里萨	0.36
歇息	0.36
哥白尼	0.36
灭种	0.36
读书会	0.36
体育界	0.36
稽查	0.36
圣火	0.36
谈天	0.36
圣石	0.36
维维安	0.36
共计	0.36
莉丝	0.36
对此	0.36
树梢	0.36
凸起	0.36
如来	0.36
八分	0.36
水平线	0.36
筹建	0.36
照本宣科	0.36
斗志昂扬	0.36
重排	0.36
十之八九	0.36
重活	0.36
古语	0.36
可意	0.36
真身	0.36
福分	0.36
好强	0.36
白鹤	0.36
养伤	0.36
奇形怪状	0.36
号令	0.36
白鲟	0.36
贫嘴	0.36
不吝	0.36
圣塔	0.36
可好	0.36
大舌头	0.36
失主	0.36
値	0.36
花生糖	0.36
纪念物	0.36
脑垂体	0.36
莱纳斯	0.36
帕斯高	0.36
十拿九稳	0.36
后轮	0.36
不孝	0.36
贴金	0.36
博格	0.36
丽莉	0.36
漾	0.36
蒂芬妮	0.36
挤掉	0.36
宾西法尼亚	0.36
凯普斯	0.36
秒钟	0.36
酒吧间	0.36
艾奎拉	0.36
款额	0.36
动物学	0.36
凌云	0.36
奴勇	0.36
一马当先	0.36
大熊猫	0.36
如云	0.36
空腹	0.36
简便	0.36
小米	0.36
小粉	0.36
马利布	0.36
保育	0.36
萨拉迈	0.36
小纯	0.36
贫瘠	0.36
奈欧比	0.36
浓烈	0.36
说话声	0.36
先见之明	0.36
加百利	0.36
导出	0.36
挥发	0.36
鲍尔斯	0.36
蘑菇云	0.36
紧追不舍	0.36
叽里呱啦	0.36
弗朗西丝	0.36
大众化	0.36
零售价	0.36
弄巧成拙	0.36
菇	0.36
中子星	0.36
敷衍了事	0.36
波比斯	0.36
萨达姆·侯赛因	0.36
诈骗犯	0.36
冒火	0.36
叫花子	0.36
飘渺	0.36
迪普·鲍德	0.36
唐·金	0.36
译码	0.36
开尔文	0.36
冷若冰霜	0.36
喷枪	0.36
速记员	0.36
分秒必争	0.36
劳瑞	0.36
佑莉	0.36
只求	0.36
里海	0.36
五颜六色	0.36
置之脑后	0.36
废水	0.36
例证	0.36
卢斯维亚	0.36
睛	0.36
越南人	0.36
圣安东尼	0.36
宝地	0.36
科学技术	0.36
麦克墨菲	0.36
环状	0.36
铅笔盒	0.36
浴血	0.36
弹药库	0.36
里子	0.36
飘动	0.36
瓦伦派	0.36
布里塞伊斯	0.36
腊肉	0.36
家访	0.36
捋	0.36
家财	0.36
出出	0.36
瓦利安特	0.36
弹坑	0.36
特洛依	0.36
让·德·海克	0.36
私有化	0.36
跳级	0.36
果糖	0.36
吉赛尔	0.36
盲从	0.36
衷肠	0.36
打孔机	0.36
记者证	0.36
辩论会	0.36
达意	0.36
分层	0.36
官阶	0.36
理事长	0.36
恩恩	0.36
百分之八十	0.36
矫健	0.36
林荫道	0.36
正雄	0.36
恩泽	0.36
庸	0.36
莎丽	0.36
潘妮莲恩	0.36
海参崴	0.36
翌	0.36
短小	0.36
王法	0.36
义工	0.36
玛格达	0.36
正路	0.36
担待	0.36
钻心	0.36
奉告	0.36
罗伯特德尼罗	0.36
守恩	0.36
托尼·史达克	0.36
氧化剂	0.36
镁光灯	0.36
前人	0.36
电影迷	0.36
勇民君	0.36
麦伦	0.36
城府	0.36
误认	0.36
投机商	0.36
小姑子	0.36
安居乐业	0.36
核电厂	0.36
分界	0.36
米姬	0.36
说穿	0.36
唤回	0.36
哐	0.36
不力	0.36
误认为	0.36
抢修	0.36
臊	0.36
氯化物	0.36
泰伦斯曼	0.36
摄影室	0.36
达利	0.36
此话	0.36
出难题	0.36
字据	0.36
雨声	0.36
心寒	0.36
洋房	0.36
骑虎难下	0.36
黑种	0.36
莫霍克	0.36
妙算	0.36
心志	0.36
屈指可数	0.36
放贷	0.36
控制者	0.36
尖儿	0.36
比雷埃夫斯	0.36
波莉·普莱斯	0.36
概	0.36
亚瑟·佩特利	0.36
雅洛克	0.36
选择题	0.36
西半球	0.36
丛生	0.36
故技	0.36
智秀	0.36
毒菌	0.36
砂糖	0.36
人山人海	0.36
色盲	0.36
雨怡	0.36
一揽子	0.36
肺活量	0.36
雅芙	0.36
臂力	0.36
淋巴细胞	0.36
资费	0.36
沉淀	0.36
网子	0.36
艾内斯	0.36
前脑	0.36
陨石雨	0.36
洋芋	0.36
鄙	0.36
斯蒂沃	0.36
尾骨	0.36
分装	0.36
爱德华德	0.36
常言	0.36
想开	0.36
犯难	0.36
艾美思	0.36
习武	0.36
乱哄哄	0.36
红斑狼疮	0.36
瑞杜维奇	0.36
绑带	0.36
为非作歹	0.36
推波助澜	0.36
映出	0.36
幽僻	0.36
难办	0.36
巴尔干半岛	0.36
德·海克	0.36
洁塔	0.36
七秒	0.36
记录员	0.36
史丹	0.36
流窜	0.36
劫难	0.36
范·德伦	0.36
启范	0.36
见多识广	0.36
麦角	0.36
克拉伦斯	0.36
首创	0.36
控制区	0.36
名师	0.36
埃莉诺·格林	0.36
有去无回	0.36
吉姆·布朗	0.36
薏	0.36
金箔	0.36
拖泥带水	0.36
鉴赏	0.36
名不见经传	0.36
格林伍德	0.36
费希尔	0.36
修成	0.36
麦逊	0.36
难点	0.36
青色	0.36
徒步走	0.36
双边	0.36
恩波利	0.36
梯队	0.36
波罗的海	0.36
打铁	0.36
铁器	0.36
守旧派	0.36
埃里夫	0.36
师从	0.36
碗橱	0.36
沙利	0.36
贾马尔·马利克	0.36
炽	0.36
换言之	0.36
歌舞片	0.36
险峻	0.36
伟科	0.36
劲敌	0.36
五脏六腑	0.36
欧马	0.36
装入	0.36
打趣	0.36
各奔东西	0.36
凯尔·布朗	0.36
惧高症	0.36
闲荡	0.36
代理权	0.36
契托·安哥利	0.36
飘飘	0.36
钍	0.36
受灾	0.36
斯蒂芬诺	0.36
实用主义	0.36
放晴	0.36
跟上	0.36
俾	0.36
清洗剂	0.36
受托	0.36
瘟神	0.36
宪宇	0.36
齐克	0.36
戴耶	0.36
才子	0.36
摄政	0.36
霍金	0.36
尼克·卡尔	0.36
德黑兰	0.36
诘问	0.36
阿林	0.36
喜怒哀乐	0.36
舵手	0.36
施恩	0.36
腋毛	0.36
十二万	0.36
德国队	0.36
蜀	0.36
贝里尼	0.36
以假乱真	0.36
斯麦利	0.36
明火	0.36
剪影	0.36
公子哥儿	0.36
局促	0.36
希瓦	0.36
仁静	0.36
猪蹄	0.36
行销	0.36
现身说法	0.36
敛	0.36
挞	0.36
韧性	0.36
荣登	0.36
百夫长	0.36
园林	0.36
移步	0.36
助学	0.36
骆	0.36
贵妇人	0.36
长短	0.36
招标	0.36
皮德蒙特	0.36
战鼓	0.36
阿什福德	0.36
祖舒华	0.36
抻	0.36
晓光	0.36
衷	0.36
鳞片	0.36
金恩	0.36
大面积	0.36
苦心经营	0.36
机件	0.36
明晰	0.36
明朝	0.36
伊利诺伊	0.36
克林特	0.36
哈雷彗星	0.36
败血病	0.36
水罐	0.36
施乐	0.36
圆场	0.36
邦联	0.36
移位	0.36
盐矿	0.36
寰	0.36
华娟	0.36
阿帕	0.36
天灾	0.36
妖魔鬼怪	0.36
腹腔镜	0.36
尖塔	0.36
取材	0.36
上颚	0.36
布坦	0.36
隆起	0.36
啊哟	0.36
浸入	0.36
盖洛普	0.36
巨资	0.36
提携	0.36
毒理学	0.36
拉登	0.36
半斤八两	0.36
歌特	0.36
专柜	0.36
首当其冲	0.36
布克	0.36
务实	0.36
美宝莲	0.36
歌坛	0.36
球台	0.36
谷子	0.36
香艳	0.36
杜勒维	0.36
拉扎	0.36
拉丝克	0.36
达克斯	0.36
人生路	0.36
矿业	0.36
笼统	0.36
扫墓	0.36
纳希尔	0.36
顶天立地	0.36
提灯	0.36
营养液	0.36
阿诺马那尼	0.36
科迪斯	0.36
军心	0.36
并用	0.36
后顾之忧	0.36
军力	0.36
求知欲	0.36
玛尼恩	0.36
菌类	0.36
微词	0.36
全书	0.36
全会	0.36
不义之财	0.36
改为	0.36
呎	0.36
铆钉	0.36
红石	0.36
驯化	0.36
一代人	0.36
割裂	0.36
动脉血	0.36
红烧	0.36
灾星	0.36
敬而远之	0.36
阿尔库特	0.36
失言	0.36
伍顿	0.36
莫比尔	0.36
郑汉景	0.36
搏动	0.36
工伤	0.36
宏穆	0.36
红方	0.36
绵	0.36
贝克丝	0.36
朗皮	0.36
埃尔夫	0.36
英勋	0.36
记分牌	0.36
赤膊	0.36
连载	0.36
冠心病	0.36
普朗克	0.36
终了	0.36
稿件	0.36
海带	0.36
发簪	0.36
西蒙·汉特	0.36
海利	0.36
朴贤洙	0.36
心神不定	0.36
垃圾站	0.36
雅格哈	0.36
提审	0.36
拉什	0.36
红桃	0.36
以毒攻毒	0.36
命脉	0.36
正燮	0.36
耸立	0.36
愣住	0.36
奈良	0.36
侵吞	0.36
上工	0.36
索特	0.36
饱嗝	0.36
全集	0.36
上届	0.36
允慧	0.36
西蒙·福斯特	0.36
撒泼	0.36
有过之而无不及	0.36
在岸	0.36
上年	0.36
遣散	0.36
乔丹·卡夫	0.36
艾力逊	0.36
利普曼	0.36
新品	0.36
黏膜	0.36
争相	0.36
施奈德	0.36
松本	0.36
写稿	0.36
瓦莱丽	0.36
橘红色	0.36
警句	0.36
擎	0.36
花枝招展	0.36
粘贴	0.36
卡巴拉	0.36
练出	0.36
汉娜·施密茨	0.36
猎刀	0.36
初出茅庐	0.36
写法	0.36
失神	0.36
实干	0.36
北克	0.36
顶针	0.36
碎块	0.36
享誉	0.36
跩	0.36
争得	0.36
南宫	0.36
马科尔	0.36
海运	0.36
乔治·弗里曼	0.36
手下人	0.36
鲁尼	0.36
仁权	0.36
练拳	0.36
儿孙	0.36
索德	0.36
此路不通	0.36
池映民	0.36
管束	0.36
有起色	0.36
便道	0.36
大花脸	0.36
皮克	0.36
了然	0.36
海鸟	0.36
麦克斯·比亚里斯托克	0.36
露丝达	0.36
布托	0.36
翠绿	0.36
柿	0.36
租房	0.36
软弱无力	0.36
仆从	0.36
上杉	0.36
失当	0.36
卡米尔	0.36
用药	0.36
国际法	0.36
沃实	0.36
馋嘴	0.36
防患于未然	0.36
玄乎	0.36
佐克	0.36
原名	0.36
麦文俊	0.36
猪仔	0.36
木林	0.36
列克星敦	0.36
拍掌	0.36
玄妙	0.36
敌情	0.36
虏	0.36
拉布莱伊	0.36
爱丽克丝	0.36
醍醐灌顶	0.36
奥古斯塔	0.36
开裂	0.36
克拉特	0.36
公家	0.36
肘子	0.36
更替	0.36
脏物	0.36
疏于	0.36
菜园	0.36
迪莉娅	0.36
相互作用	0.36
禁地	0.36
木琴	0.36
纽奈利	0.36
违心	0.36
黛丽	0.36
营运	0.36
支行	0.36
咸菜	0.36
二传手	0.36
凯尔泰克	0.36
原生	0.36
贱卖	0.36
厄里克	0.36
鱼汤	0.36
月票	0.36
救急	0.36
西尔斯	0.36
兴致勃勃	0.36
文子	0.36
伤天害理	0.36
口福	0.36
桑切斯	0.36
七零八	0.36
神鹰	0.36
促膝长谈	0.36
杰希	0.36
利特尔顿	0.36
贝梅铎	0.36
受试者	0.36
公理	0.36
积极性	0.36
斯科蒂	0.36
勛	0.36
佐拉	0.36
国际化	0.36
养精蓄锐	0.36
潜望镜	0.36
克莉丝登	0.36
莱克	0.36
桑摩斯	0.36
胖小子	0.36
史黛芬	0.36
带电	0.36
淳朴	0.36
二十九	0.36
命根	0.36
格莱戈瓦	0.36
试纸	0.36
科纳德	0.36
纺织厂	0.36
巴蒂	0.36
无度	0.36
西医	0.36
格瓦拉	0.36
度数	0.36
测评	0.36
老调	0.36
巴贝克	0.36
那尼亚	0.36
专业户	0.36
制衡	0.36
沃特·史密斯	0.36
黛布拉	0.36
默西迪丝	0.36
防风	0.36
执迷不悟	0.36
西震	0.36
衰亡	0.36
给面子	0.36
支路	0.36
老鸨	0.36
年会	0.36
指挥台	0.36
构图	0.36
丹东	0.36
出门在外	0.36
无碍	0.36
美中不足	0.36
工作证	0.36
面目可憎	0.36
威廉米勒	0.36
锥形	0.36
声讨	0.36
三等	0.36
假相	0.36
熙珠	0.36
进口商	0.36
夏尔巴	0.36
齐心合力	0.36
石桥	0.36
丹科	0.36
花市	0.36
华伦太	0.36
卡斯	0.36
环保局	0.36
雅加达	0.36
征募	0.36
子爵	0.36
奋不顾身	0.36
假意	0.36
年末	0.36
东京湾	0.36
欧戴尔	0.36
茶色	0.36
莉安	0.36
格兰诺拉	0.36
同盟国	0.36
乳牛	0.36
接收者	0.36
一动	0.36
每逢	0.36
花呢	0.36
在先	0.36
药理	0.36
声部	0.36
油膏	0.36
阿德里安	0.36
噩运	0.36
哈泽	0.36
画蛇添足	0.36
斯库兰特	0.36
成倍	0.36
刮风	0.36
痰盂	0.36
布尔什维克	0.36
瑞米	0.36
威龙	0.36
民航	0.36
证婚人	0.36
路易斯·沙兹	0.36
酒器	0.36
维京人	0.36
双层床	0.36
半程	0.36
大大小小	0.36
传世	0.36
整治	0.36
塌方	0.36
雷同	0.36
根据地	0.36
秦朝	0.36
飞毛腿	0.36
传唱	0.36
民防	0.36
莫奈	0.36
增值	0.36
威斯勒	0.36
举世无双	0.36
酸梅	0.36
遗忘症	0.36
纽奥良	0.36
玲子	0.36
杰迪戴亚	0.36
经济危机	0.36
一二三四五	0.36
皮埃罗	0.36
爱薇	0.36
二月份	0.36
散兵	0.36
鸦	0.36
复审	0.36
增派	0.36
杰瑞·肖	0.36
赫基	0.36
奥唐纳	0.36
奥多亚克	0.36
地形图	0.36
埃尔·帕索	0.36
众望所归	0.36
苏利	0.36
谭雅	0.36
橘汁	0.36
同道	0.36
成泰	0.36
海军蓝	0.36
劳务	0.36
彩电	0.36
杰克·贝尔	0.36
不敢当	0.36
鼓风机	0.36
太阳时	0.36
良民	0.36
林达河	0.36
体温计	0.36
嫁接	0.36
同日	0.36
埃塞克斯	0.36
引火烧身	0.36
沙砾	0.36
斯坦佛	0.36
今朝	0.36
金斯利	0.36
派兵	0.36
弹起	0.36
检察员	0.36
布朗森	0.36
薄薄的	0.36
橘黄	0.36
指日可待	0.36
居心	0.36
做文章	0.36
穿透力	0.36
六分之一	0.36
军部	0.36
灯光师	0.36
郎地	0.36
罗列	0.36
万花筒	0.36
干粮	0.36
讲义	0.36
哈德森	0.36
阿卡托	0.36
臆测	0.36
苏特勒	0.36
奇奇	0.36
光影	0.36
雏儿	0.36
箔	0.36
法罗	0.36
萨瓦若夫	0.36
救护队	0.36
苦心	0.36
二十一点	0.36
亏本	0.36
海味	0.36
朴朋申	0.36
不可逆转	0.36
猎捕	0.36
伙食费	0.36
假戏真做	0.36
亏空	0.36
摩妮琪	0.36
经典之作	0.36
斯摩尔斯	0.36
哮喘病	0.36
凶神恶煞	0.36
约束力	0.36
街市	0.36
溶入	0.36
临产	0.36
威慑力	0.36
医学界	0.36
阿布·费耶德	0.36
强敌	0.36
支队	0.36
洛丽	0.36
尼尔·安东尼·艾耶斯	0.36
煞费苦心	0.36
香喷喷	0.36
电器行	0.36
作陪	0.36
众生	0.36
人文	0.36
芭莉	0.36
诅	0.36
罩子	0.36
萘	0.36
各行各业	0.36
马克西姆	0.36
研讨	0.36
老到	0.36
哈里·波特	0.36
土豆片	0.36
铜牌	0.36
降雪	0.36
发丝	0.36
英吉利海峡	0.36
笃定	0.36
得名	0.36
精辟	0.36
条幅	0.36
找头	0.36
单数	0.36
胆寒	0.36
乌七八糟	0.36
疑案	0.36
盖洛	0.36
布莱希特	0.36
排场	0.36
计划表	0.36
才女	0.36
高难度	0.36
繁复	0.36
徹	0.36
金黄	0.36
武装部队	0.36
入骨	0.36
爹娘	0.36
呼吸系统	0.36
缔结	0.36
美贤	0.36
泰然自若	0.36
史帕兹	0.36
金科瑟斯	0.36
各得其所	0.36
贝莉	0.36
玛蒂尔达	0.36
昙花一现	0.36
阿林顿	0.36
贝贝	0.36
钟淑	0.36
苏利文	0.36
花都	0.36
玛格利特	0.36
迂腐	0.36
不由得	0.36
可信性	0.36
皮特森	0.36
间距	0.36
瞑	0.36
狰	0.36
鸨	0.36
诘	0.36
矗	0.36
蝣	0.36
蜈	0.34
巍	0.34
砥	0.34
猬	0.34
谑	0.34
蜿	0.34
糅	0.34
蚣	0.34
蜒	0.34
栀	0.34
莉齐	0.33
轰动一时	0.33
户主	0.33
盲童	0.33
镇宇	0.33
姑父	0.33
搔首弄姿	0.33
冰库	0.33
票务	0.33
弱不禁风	0.33
亚拉巴马	0.33
世锦赛	0.33
古堡	0.33
孤苦	0.33
药理学	0.33
一千五	0.33
大任	0.33
书柜	0.33
大专	0.33
经常性	0.33
大伯	0.33
三十五	0.33
好走	0.33
裹足不前	0.33
安科	0.33
半成品	0.33
普克	0.33
房里	0.33
妄自尊大	0.33
校花	0.33
气胸	0.33
猛增	0.33
姑息	0.33
大娘	0.33
大寿	0.33
浑浊	0.33
比林斯	0.33
响当当	0.33
近景	0.33
变幻莫测	0.33
中饱私囊	0.33
太白	0.33
白斑	0.33
戈德斯坦	0.33
阳关道	0.33
杰克·麦考利夫	0.33
二重奏	0.33
毛遂自荐	0.33
夏令时	0.33
空儿	0.33
大汉	0.33
外相	0.33
史传普	0.33
制高点	0.33
大牙	0.33
缓期	0.33
伊桑·卡宁	0.33
鲍比·乔	0.33
羞耻心	0.33
易付宝	0.33
叱	0.33
大田	0.33
书展	0.33
摘录	0.33
重负	0.33
矢量	0.33
炮台	0.33
天下第一	0.33
进退维谷	0.33
西班牙人	0.33
猴儿	0.33
吟诗	0.33
汗渍	0.33
裁减	0.33
题词	0.33
伸伸	0.33
胡乐	0.33
消音	0.33
科雷	0.33
铸铁	0.33
封建	0.33
受益者	0.33
奥德特	0.33
椰子树	0.33
招摇撞骗	0.33
罗斯克	0.33
事半功倍	0.33
僻静	0.33
牛排馆	0.33
方糖	0.33
豪放	0.33
驾御	0.33
背脊	0.33
下策	0.33
天秤座	0.33
深恶痛绝	0.33
迫近	0.33
昱	0.33
倩	0.33
赖瑞	0.33
特拉基斯坦	0.33
留任	0.33
戴斯蒙德	0.33
麦克卡特	0.33
麦克朗林	0.33
附言	0.33
保密性	0.33
春心	0.33
划定	0.33
单口相声	0.33
帕德美	0.33
列席	0.33
釉	0.33
黛斯特尼	0.33
利奥·克里茨基	0.33
姚	0.33
门神	0.33
电焊工	0.33
平克顿	0.33
巴甫洛	0.33
娇惯	0.33
装聋作哑	0.33
行长	0.33
剑圣武	0.33
凯瑟琳·华生	0.33
襟	0.33
必要性	0.33
洛伊斯	0.33
缺勤	0.33
发网	0.33
三角裤	0.33
商社	0.33
太植	0.33
冬华	0.33
德温	0.33
布拉德·斯坦德	0.33
卡辛	0.33
丹尼斯·道尔	0.33
目测	0.33
流域	0.33
自由体操	0.33
地租	0.33
倦怠	0.33
中线	0.33
一周周	0.33
春秋	0.33
突显	0.33
担保书	0.33
鬼神	0.33
省略号	0.33
故土	0.33
素养	0.33
皂	0.33
开裆裤	0.33
撒网	0.33
第一千	0.33
驾校	0.33
量化	0.33
朝外	0.33
故居	0.33
唐纳利	0.33
范尼	0.33
布莱金里奇	0.33
热带鱼	0.33
准确无误	0.33
油迹	0.33
虎头蛇尾	0.33
孽种	0.33
顺水推舟	0.33
腾飞	0.33
扰动	0.33
萤火	0.33
兔肉	0.33
盖茨比	0.33
邓恩	0.33
伸腿	0.33
中肯	0.33
极富	0.33
鬣	0.33
李纳德	0.33
处女作	0.33
霍克斯	0.33
净值	0.33
无穷大	0.33
范得帕克	0.33
一板一眼	0.33
宿敌	0.33
巴拉克	0.33
奥古斯特·拉什	0.33
油酸	0.33
大字	0.33
老同事	0.33
来历不明	0.33
葛原依子	0.33
鄂普	0.33
卡特·杜耶	0.33
加利	0.33
金科玉律	0.33
弘科	0.33
哺育	0.33
茧子	0.33
拱形	0.33
稀世	0.33
骤降	0.33
苍老	0.33
问诊	0.33
不容忽视	0.33
斯宾诺莎	0.33
人行横道	0.33
尼尔·盖恩斯	0.33
走回头路	0.33
圆圆的	0.33
轿子	0.33
知赫	0.33
肱	0.33
李约翰	0.33
用布	0.33
卢·里德	0.33
绕远	0.33
卷尺	0.33
要员	0.33
阿尔·戈尔	0.33
书目	0.33
故里	0.33
阿梅莉亚	0.33
维斯	0.33
科斯	0.33
知音	0.33
高瞻远瞩	0.33
问鼎	0.33
夫子	0.33
氢弹	0.33
芹	0.33
轮辐	0.33
小鹿	0.33
黄金分割	0.33
惊诧	0.33
利奥波德	0.33
楠塔基特岛	0.33
化油器	0.33
奸商	0.33
卡梅伦	0.33
念经	0.33
呷	0.33
宇航服	0.33
花边新闻	0.33
豆蔻	0.33
校庆	0.33
拉力赛	0.33
小乔	0.33
凯达	0.33
共振	0.33
进贡	0.33
不无	0.33
砍伐	0.33
凯里	0.33
圣歌	0.33
强硬派	0.33
大有人在	0.33
卡默洛	0.33
瞒天过海	0.33
亚树美	0.33
一丝一毫	0.33
记事簿	0.33
业内人士	0.33
页码	0.33
好景不长	0.33
卢福	0.33
对打	0.33
恭子	0.33
洪流	0.33
白食	0.33
罗纳尔多	0.33
大龄	0.33
小岛	0.33
穷乡僻壤	0.33
对数	0.33
逆反心理	0.33
战斗性	0.33
情事	0.33
诉讼费	0.33
配电	0.33
反光镜	0.33
好性	0.33
维克拉姆	0.33
长距离	0.33
圣山	0.33
对口	0.33
德列斯勒	0.33
近道	0.33
李威	0.33
集邮	0.33
三缄其口	0.33
督查	0.33
原作	0.33
枪术	0.33
珉浩	0.33
帕利塞德	0.33
与人为善	0.33
歧义	0.33
安藤	0.33
小瑞	0.33
二日	0.33
甘菊茶	0.33
花生油	0.33
坡道	0.33
拾掇	0.33
养殖	0.33
霞	0.33
疲于奔命	0.33
矢车菊	0.33
赫赫有名	0.33
聒噪	0.33
汽油味	0.33
稠密	0.33
身长	0.33
欢欣	0.33
泯灭	0.33
保护主义者	0.33
舍友	0.33
闲心	0.33
售完	0.33
襁褓	0.33
文稿	0.33
铁锈	0.33
誉为	0.33
阿什莉	0.33
米伦娜	0.33
缉捕	0.33
壮实	0.33
绸	0.33
山河	0.33
出殡	0.33
漂白粉	0.33
叠加	0.33
从医	0.33
瑞斯基	0.33
戴沃	0.33
画风	0.33
七日	0.33
费洛伦蒂纳	0.33
售价	0.33
龙凤	0.33
下流话	0.33
西格玛	0.33
東	0.33
险阻	0.33
坐骨神经	0.33
孜孜不倦	0.33
粉嫩	0.33
茂密	0.33
监守	0.33
排球队	0.33
越俎代庖	0.33
云母	0.33
灰溜溜	0.33
摆摆	0.33
果敢	0.33
仁九	0.33
劳丽	0.33
沛	0.33
电荷	0.33
总的说来	0.33
阴天	0.33
辩白	0.33
轰隆	0.33
挫折感	0.33
薄雾	0.33
罗斯库洛	0.33
男婴	0.33
萨拉·罗南	0.33
塔图	0.33
鲍威尔	0.33
上座率	0.33
妙语	0.33
布拉克	0.33
缤纷	0.33
马克·佩恩	0.33
无从下手	0.33
家规	0.33
晴天霹雳	0.33
威斯敏斯特	0.33
尼波勒	0.33
哗啦	0.33
果珍	0.33
圣尼古拉斯	0.33
毕丝可特	0.33
柴可夫斯基	0.33
够劲儿	0.33
出兵	0.33
二一	0.33
麦纳利	0.33
变味	0.33
金牛座	0.33
挺拔	0.33
除尘	0.33
准确率	0.33
杰那克	0.33
曼丽	0.33
麦格	0.33
货箱	0.33
守约	0.33
升降台	0.33
亨德里克斯	0.33
牌技	0.33
心慌	0.33
康成旭	0.33
两用	0.33
林迪	0.33
苦命	0.33
太空服	0.33
屍	0.33
独门	0.33
安第斯	0.33
风雨无阻	0.33
努米尔	0.33
动土	0.33
一万两千	0.33
敬媛	0.33
常住	0.33
户田	0.33
手球	0.33
金马	0.33
鲍莉娜	0.33
左膝	0.33
双料	0.33
恩珠	0.33
心绪	0.33
首屈一指	0.33
耳背	0.33
痴情	0.33
修脚	0.33
阴沉沉	0.33
多丁顿	0.33
噜	0.33
斯普力	0.33
长途车	0.33
罗麦斯	0.33
伊登	0.33
半导体	0.33
比勒陀利亚	0.33
后来者	0.33
乔·路易斯	0.33
痴心	0.33
寒假	0.33
常熙	0.33
前缘	0.33
雅克布	0.33
物是人非	0.33
司长	0.33
莎伦达	0.33
短打	0.33
名节	0.33
逊色	0.33
焦黄	0.33
斯坦纳	0.33
高脚杯	0.33
翻领	0.33
一张张	0.33
有伤风化	0.33
心口	0.33
恩师	0.33
莲雅	0.33
昧	0.33
七十二	0.33
普里莫	0.33
格瑞特	0.33
嗲	0.33
冯·沃尔夫豪森	0.33
涂改	0.33
梗塞	0.33
制作者	0.33
金东	0.33
一边倒	0.33
突兀	0.33
德墨拉	0.33
定单	0.33
小叔子	0.33
附注	0.33
议事日程	0.33
亚曼达·贝克特尔	0.33
控制线	0.33
基尼	0.33
锁眼	0.33
里查德	0.33
元熙	0.33
安吉尔·泰佐	0.33
砂纸	0.33
朴明洙	0.33
维博福斯	0.33
喉炎	0.33
奉还	0.33
败北	0.33
严冬	0.33
海市蜃楼	0.33
难当	0.33
滤波器	0.33
车管	0.33
伊藤	0.33
坦妮亚	0.33
埃文·巴克斯特	0.33
钓竿	0.33
福斯卡雷里	0.33
欢送会	0.33
督察员	0.33
前身	0.33
克劳	0.33
左上	0.33
菜市场	0.33
金凤	0.33
内奥比	0.33
狐狸尾巴	0.33
达菲	0.33
人人皆知	0.33
塔尔萨	0.33
色带	0.33
隐忍	0.33
茫	0.33
杉木	0.33
艾维伦	0.33
后来居上	0.33
锁头	0.33
判官	0.33
广告费	0.33
遗容	0.33
晃眼	0.33
名家	0.33
杜维	0.33
意大利人	0.33
处理机	0.33
可视电话	0.33
氨基酸	0.33
普里兹	0.33
小推车	0.33
达斯汀	0.33
信笺	0.33
茉莉花	0.33
眷属	0.33
青豆	0.33
金米	0.33
心魄	0.33
非典	0.33
姜哲钟	0.33
穆提	0.33
影音	0.33
魂飞魄散	0.33
桑德拉斯	0.33
夏普德	0.33
艾莉斯	0.33
自古	0.33
曼哈顿区	0.33
名作	0.33
抽水马桶	0.33
败绩	0.33
哆	0.33
煤气灯	0.33
摄录	0.33
罗丹	0.33
塔纳摩	0.33
立时	0.33
纽黑文	0.33
鲔	0.33
罗费欧	0.33
组胺	0.33
朱利亚	0.33
吃得消	0.33
报章	0.33
遍野	0.33
家犬	0.33
救生筏	0.33
指示器	0.33
活动房	0.33
气压计	0.33
浴血奋战	0.33
零三	0.33
传宗接代	0.33
藻类	0.33
侩	0.33
电瓶	0.33
一千五百	0.33
聪颖	0.33
康丝汀	0.33
售货	0.33
果酒	0.33
重水	0.33
阿什尔	0.33
记述	0.33
穂	0.33
由纪子	0.33
奥哈	0.33
跳马	0.33
愚昧无知	0.33
头马	0.33
会厌	0.33
盲肠	0.33
出落	0.33
银杏	0.33
致信	0.33
戏子	0.33
母猪	0.33
决出	0.33
铁矿	0.33
伍帝克	0.33
斯蒂克	0.33
克瑞斯	0.33
夸赞	0.33
据悉	0.33
纳赛尔	0.33
图克	0.33
嘻嘻哈哈	0.33
阿什比	0.33
今夏	0.33
瞎闹	0.33
适中	0.33
乒	0.33
山间	0.33
笈	0.33
家丑	0.33
拉科鲁尼亚	0.33
弗里曼	0.33
住持	0.33
瞬时	0.33
嘉宝	0.33
会计室	0.33
卡尔多罗	0.33
暖房	0.33
丹卡	0.33
希罕	0.33
明秀	0.33
廿	0.33
帕特丽夏	0.33
平反	0.33
狄浦斯	0.33
绣球	0.33
忠浩	0.33
铪	0.33
荒淫	0.33
长河	0.33
挑食	0.33
罗林斯	0.33
后悔药	0.33
国道	0.33
滚筒	0.33
蛹	0.33
世浩	0.33
希尔雅	0.33
公顷	0.33
蚊虫	0.33
物流	0.33
断奶	0.33
除暴安良	0.33
里弗斯	0.33
秀晶	0.33
功用	0.33
唧唧喳喳	0.33
迥然不同	0.33
起降	0.33
一条龙	0.33
筹措	0.33
明白人	0.33
顶骨	0.33
柯特妮·考克斯	0.33
善花	0.33
蚀刻	0.33
马西斯	0.33
卡拉米	0.33
工作餐	0.33
伯斯	0.33
取经	0.33
蔡贤	0.33
革命军	0.33
脯	0.33
睪	0.33
应景	0.33
艾灵	0.33
低频	0.33
通病	0.33
神威	0.33
圣·彼得堡	0.33
营帐	0.33
克莱尼	0.33
死硬	0.33
轩	0.33
祖孙	0.33
翻江倒海	0.33
至多	0.33
水蜜桃	0.33
丹诺利	0.33
阿哥	0.33
专用车	0.33
莱顿	0.33
斯巴奇	0.33
当即	0.33
帆布床	0.33
天狗	0.33
旅行袋	0.33
荣子	0.33
总价值	0.33
木雕	0.33
开挖	0.33
玛德琳	0.33
克林格	0.33
小拇指	0.33
白垩纪	0.33
丹尼丝	0.33
学到老	0.33
逆风	0.33
克里瑞	0.33
专家级	0.33
宫口	0.33
卦	0.33
驳斥	0.33
蟌	0.33
正儿八经	0.33
史东	0.33
歌王	0.33
瑞娜塔	0.33
维克托·艾伦·米勒	0.33
巨蟒	0.33
盛气凌人	0.33
圣蒂利	0.33
实足	0.33
布巴	0.33
拉结	0.33
头昏脑胀	0.33
香菜	0.33
布夫	0.33
滨海	0.33
叶芝	0.33
百分之三十	0.33
露辛达	0.33
巴特尔	0.33
俊美	0.33
班底	0.33
奖券	0.33
乔治娅·博德	0.33
劳拉比	0.33
军号	0.33
红云	0.33
激荡	0.33
烟民	0.33
全优	0.33
班子	0.33
表姐妹	0.33
黄河	0.33
军械	0.33
秋葵	0.33
跨度	0.33
绿湖营	0.33
付之东流	0.33
藏书室	0.33
污物	0.33
驯养	0.33
贝克希	0.33
失色	0.33
拼接	0.33
瓦汀	0.33
车号	0.33
完璧归赵	0.33
球类	0.33
承重	0.33
易懂	0.33
烟嘴	0.33
电风扇	0.33
言情小说	0.33
杠铃	0.33
切特	0.33
费雷格诺	0.33
红红	0.33
湿气	0.33
巴博萨	0.33
捎带	0.33
婆家	0.33
势在必行	0.33
槃	0.33
英云	0.33
跨入	0.33
脚丫子	0.33
南街	0.33
布条	0.33
仔仔细细	0.33
推诿	0.33
徐敏俊	0.33
泰姬	0.33
布拉	0.33
无坚不摧	0.33
红海	0.33
合拢	0.33
加勒特	0.33
蒂法妮	0.33
谷歌	0.33
黏着	0.33
闻风丧胆	0.33
破天荒	0.33
钸	0.33
逸事	0.33
注射液	0.33
在建	0.33
急刹车	0.33
乌头	0.33
新闻官	0.33
出奇制胜	0.33
空穴来风	0.33
哈哈大笑	0.33
鲁特	0.33
上列	0.33
基多	0.33
乌勒	0.33
工事	0.33
塞西尔	0.33
粘连	0.33
汉德森	0.33
暴跌	0.33
唐·哈斯金斯	0.33
兵工厂	0.33
教育学	0.33
拼音	0.33
交通局	0.33
油料	0.33
线头	0.33
清道	0.33
暨	0.33
免疫性	0.33
赔礼道歉	0.33
魯	0.33
浩克	0.33
纯氧	0.33
电扇	0.33
斯堪的纳维亚	0.33
甸	0.33
套头衫	0.33
基布让·阿尔扎利安	0.33
主次	0.33
四五十	0.33
实招	0.33
雍容	0.33
等位	0.33
叶窗	0.33
萨曼瑟	0.33
利特尔·古斯塔夫	0.33
岂止	0.33
海螺	0.33
锻	0.33
蓖麻	0.33
璧	0.33
南圭	0.33
练武	0.33
诺斯福克	0.33
基站	0.33
雷菲尔德	0.33
哈米尔·阿尔·阿萨德	0.33
礼服呢	0.33
基普	0.33
基曼	0.33
基思	0.33
免掉	0.33
拉麦士	0.33
夹带	0.33
剑齿虎	0.33
临场发挥	0.33
梭罗	0.33
捉拿归案	0.33
莨菪	0.33
漫天要价	0.33
工程兵	0.33
上文	0.33
亚历山大城	0.33
激愤	0.33
助推器	0.33
禄	0.33
推动力	0.33
己任	0.33
月历	0.33
违纪	0.33
嗤之以鼻	0.33
槟榔	0.33
初来乍到	0.33
后坐力	0.33
认认真真	0.33
挪窝	0.33
菲利	0.33
西维德	0.33
马卢人	0.33
蹑手蹑脚	0.33
刺头	0.33
肥厚	0.33
亮亮的	0.33
领导权	0.33
格莱格	0.33
调派	0.33
月度	0.33
伯恩斯坦	0.33
何干	0.33
开赴	0.33
无孔不入	0.33
希金斯	0.33
扁豆	0.33
纸质	0.33
韦德福德	0.33
夏莉	0.33
急件	0.33
感慨	0.33
尊姓	0.33
升学	0.33
公审	0.33
参政	0.33
邦奈尔	0.33
建树	0.33
不务正业	0.33
造影剂	0.33
馀	0.33
阿纳海姆	0.33
史蒂文森	0.33
铭文	0.33
大有可为	0.33
黑漆漆	0.33
漠	0.33
塔迪亚	0.33
嚏	0.33
伽林	0.33
菜汤	0.33
阿诺特	0.33
阿尔帕	0.33
阿莫	0.33
费恩曼	0.33
代替品	0.33
神韵	0.33
阿达	0.33
延森	0.33
汽笛声	0.33
邦奇	0.33
菲齐特	0.33
格罗霍姆	0.33
巴勃	0.33
主心骨	0.33
调令	0.33
皮诺切特	0.33
沿用	0.33
哥特式	0.33
硝酸	0.33
平平淡淡	0.33
肥水	0.33
羊粪	0.33
杰库	0.33
初审	0.33
醉意	0.33
辛辛纳提	0.33
格瑞克斯	0.33
木块	0.33
斯蒂文森	0.33
核潜艇	0.33
高姿态	0.33
文学家	0.33
郑浩	0.33
科里哥夫	0.33
二十亿	0.33
税法	0.33
欺瞒	0.33
日本人	0.33
精兵	0.33
弥惠子	0.33
辛酸	0.33
加布莉娜	0.33
英国式	0.33
迪亚娜	0.33
征税	0.33
老者	0.33
史学家	0.33
老脸	0.33
拚命	0.33
有悖于	0.33
花旗	0.33
无垠	0.33
俯首	0.33
反面教材	0.33
科文·史密斯	0.33
作伪	0.33
随军	0.33
测速	0.33
贝松	0.33
坑道	0.33
花童	0.33
嬴	0.33
衣食父母	0.33
珍奇	0.33
压轴戏	0.33
推脱	0.33
克丽思塔	0.33
触目惊心	0.33
美方	0.33
疑难	0.33
斯丹恩	0.33
新衣	0.33
西顿	0.33
癫痫病	0.33
理查德·莫尔	0.33
不善言辞	0.33
美差	0.33
美工	0.33
修理费	0.33
暴民	0.33
作秀	0.33
勒士达	0.33
疾苦	0.33
扫平	0.33
残酷无情	0.33
毫无疑义	0.33
业大	0.33
暴戾	0.33
詹妮弗·洛佩兹	0.33
阿卡普尔	0.33
阿尔及尔	0.33
入夜	0.33
侠客	0.33
精怪	0.33
几近	0.33
密不可分	0.33
海峡群岛	0.33
一大	0.33
展馆	0.33
威尔金森	0.33
洛儿	0.33
难上加难	0.33
腥味	0.33
铝合金	0.33
大饱眼福	0.33
构筑	0.33
相臻	0.33
骂街	0.33
排解	0.33
声道	0.33
孟加拉虎	0.33
脓肿	0.33
水龙	0.33
彼一时	0.33
经纬度	0.33
三四年	0.33
乘法表	0.33
皎洁	0.33
事不过三	0.33
雷内	0.33
政要	0.33
靠枕	0.33
苏杨	0.33
救火队	0.33
埃米利欧	0.33
敏感度	0.33
艾姆斯	0.33
望月	0.33
此一时	0.33
若隐若现	0.33
尚斗	0.33
望族	0.33
健美操	0.33
欲念	0.33
被褥	0.33
比亚	0.33
教育局	0.33
传入	0.33
水轮	0.33
威斯利	0.33
满头大汗	0.33
奥杜威	0.33
高喊	0.33
雷丽	0.33
日趋	0.33
李维	0.33
高宁	0.33
武藤田	0.33
锅子	0.33
威斯廷	0.33
高德	0.33
水蛇	0.33
胡珊	0.33
马塞诸塞州	0.33
赫斯	0.33
锅巴	0.33
偏移	0.33
苏代	0.33
顺文	0.33
哈丁	0.33
南中国海	0.33
瑞尼	0.33
职业装	0.33
贾维斯	0.33
桔黄色	0.33
智惠	0.33
周琪楠	0.33
瑞娃	0.33
莫氏	0.33
圣罗伦斯堡	0.33
容洙	0.33
莫提	0.33
高歌	0.33
格瑞	0.33
怪里怪气	0.33
嚓	0.33
再勋	0.33
交点	0.33
教职	0.33
奇里	0.33
能者	0.33
纳芙	0.33
索诺马	0.33
悲喜交加	0.33
罗曼尔	0.33
占星术	0.33
保护器	0.33
装糊涂	0.33
马洛	0.33
脑溢血	0.33
烦燥	0.33
哈弗	0.33
脑室	0.33
汤尼孟	0.33
破戒	0.33
拓荒	0.33
卡纳里斯	0.33
摔跟头	0.33
桑加	0.33
选集	0.33
桥墩	0.33
抛物线	0.33
露兰德	0.33
四秒	0.33
螺母	0.33
谢菲尔德	0.33
干戈	0.33
雷吉娜·史塔克	0.33
活性炭	0.33
尿酸	0.33
功底	0.33
阿维娃	0.33
浮雕	0.33
步行街	0.33
功利	0.33
扬眉吐气	0.33
同期	0.33
萨尔萨	0.33
康科德镇	0.33
浅绿色	0.33
郎中	0.33
莫里斯·理查德	0.33
爱犬	0.33
杰雷米亚	0.33
手劲	0.33
晔	0.33
民心	0.33
玛瑙	0.33
金卢克	0.33
桡骨	0.33
驱邪	0.33
豪伊	0.33
沙治	0.33
马莎	0.33
飞机库	0.33
切莉	0.33
千丝万缕	0.33
电场	0.33
不可磨灭	0.33
水磨	0.33
茨瓦克曼	0.33
借条	0.33
苏尔伯雷	0.33
润姬	0.33
知了	0.33
西瑞	0.33
在劫难逃	0.33
扎夫	0.33
路德维格	0.33
探戈舞	0.33
金诗恩	0.33
比福尔	0.33
艾维斯	0.33
阿斯伯格	0.33
话匣子	0.33
农贸市场	0.33
高潮迭起	0.33
温斯托姆	0.33
强心剂	0.33
良师	0.33
脓疮	0.33
纳帕	0.33
塔顶	0.33
纳西里耶	0.33
瀑	0.33
余光	0.33
向量	0.33
选址	0.33
干将	0.33
芭芭拉道尔	0.33
可比性	0.33
霍伦贝克	0.33
弗勒	0.33
相知	0.33
囔囔	0.33
费话	0.33
锦宋	0.33
顺扬	0.33
阿丽克丝	0.33
芫荽	0.33
孟波斯	0.33
卡洛塔	0.33
盖伦	0.33
食草动物	0.33
九霄云外	0.33
罗瑞	0.33
家住	0.33
老伯	0.33
切题	0.33
哈里·凯恩	0.33
虞	0.33
弑父	0.33
纳普斯	0.33
考斯基	0.33
杜克斯	0.33
逆时针	0.33
金善明	0.33
花顺	0.33
卷烟	0.33
乔治麦佛莱	0.33
盖奇	0.33
冷却剂	0.33
送交	0.33
扶养	0.33
评论员	0.33
得志	0.33
繁杂	0.33
乌瑞克冯利顿斯坦	0.33
热风	0.33
过硬	0.33
丰衣足食	0.33
芬巴	0.33
布赖恩特	0.33
展区	0.33
大放厥词	0.33
久而久之	0.33
织机	0.33
交头接耳	0.33
疱	0.33
客观性	0.33
克里斯·威尔顿	0.33
东尼艾瓦	0.33
从容不迫	0.33
画眉	0.33
老朽	0.33
培生	0.33
金龙	0.33
松紧带	0.33
巴林	0.33
新版	0.33
克劳福	0.33
奥克斯	0.33
排外	0.33
萨姆逊	0.33
喀他赫纳	0.33
啼	0.33
睡意	0.33
新教	0.33
孤苦伶仃	0.33
禁不起	0.33
钟明	0.33
罗伦	0.33
灰白	0.33
翻山越岭	0.33
预见性	0.33
铜线	0.33
奇装异服	0.33
寻根	0.33
迈克尔·沃恩	0.33
打抱不平	0.33
依托	0.33
恩·特劳特	0.33
芳草	0.33
丑化	0.33
胭	0.32
蓖	0.32
濡	0.32
蛔	0.32
螈	0.32
圄	0.32
龅	0.32
蝾	0.32
温特斯	0.3
天行道	0.3
零散	0.3
戚	0.3
镇委	0.3
艾德里恩娜	0.3
孤老	0.3
阔佬	0.3
维尔丽特	0.3
懈怠	0.3
大举	0.3
大业	0.3
配餐	0.3
小豆	0.3
财政部长	0.3
查姆	0.3
军需品	0.3
查对	0.3
多方	0.3
韵脚	0.3
冗	0.3
坦荡	0.3
待机	0.3
大言不惭	0.3
特快专递	0.3
大吉	0.3
卢平	0.3
百分之九十	0.3
小雅	0.3
佳克吉	0.3
凯夫	0.3
阔少	0.3
差额	0.3
零时	0.3
真丝	0.3
小葵	0.3
谈起	0.3
蔓非	0.3
透镜	0.3
嫡系	0.3
美联社	0.3
靥	0.3
镇纸	0.3
贤惠	0.3
汗珠	0.3
旦夕	0.3
外籍	0.3
普查	0.3
乘法	0.3
楼盘	0.3
大殿	0.3
修葺	0.3
最高峰	0.3
安尼	0.3
凯伦·克拉克	0.3
安安	0.3
鳟	0.3
瓦勒斯卡	0.3
指指	0.3
后劲	0.3
实业家	0.3
氩	0.3
身姿	0.3
祭礼	0.3
我正	0.3
结核	0.3
了无生趣	0.3
子午线	0.3
阿丽娜	0.3
安佐	0.3
狂轰滥炸	0.3
泰然处之	0.3
弗雷德里	0.3
落荒而逃	0.3
千年虫	0.3
玟	0.3
大肠杆菌	0.3
卡特布克	0.3
大做文章	0.3
根特	0.3
芸芸众生	0.3
亨哲	0.3
雪茄烟	0.3
黛拉·弗雷娅	0.3
意会	0.3
维那	0.3
主办人	0.3
长臂猿	0.3
净赚	0.3
身板	0.3
商定	0.3
背水一战	0.3
永泰	0.3
下线	0.3
击穿	0.3
老相好	0.3
握拳	0.3
置评	0.3
暂定	0.3
领海	0.3
傲气	0.3
消融	0.3
轮机	0.3
康普顿	0.3
第一线	0.3
离心	0.3
费格莱因	0.3
不假思索	0.3
德威	0.3
油光	0.3
囚笼	0.3
娇嫩	0.3
复印纸	0.3
詹金斯	0.3
下榻	0.3
腾云	0.3
纳豆	0.3
斯帕克	0.3
珍藏版	0.3
俄城	0.3
乔登	0.3
春海	0.3
石南	0.3
恪尽职守	0.3
鲜红	0.3
热身赛	0.3
先父	0.3
史密夫	0.3
屠刀	0.3
寻呼机	0.3
帽檐	0.3
气量	0.3
佛陀	0.3
吉历	0.3
波尔斯	0.3
沉积物	0.3
划着	0.3
商机	0.3
凶多吉少	0.3
去火	0.3
评理	0.3
瓢泼大雨	0.3
有求必应	0.3
阿加西	0.3
冷库	0.3
用车	0.3
萨克拉门	0.3
川上	0.3
本斯利	0.3
塞克斯	0.3
油灯	0.3
车英美	0.3
汉莎	0.3
评级	0.3
脱皮	0.3
喇	0.3
昌盛	0.3
阿爸	0.3
海莉·格雷汉姆	0.3
意象	0.3
胸襟	0.3
重复性	0.3
科勒	0.3
商铺	0.3
冠亚军	0.3
奇普斯	0.3
科尼利厄斯	0.3
鬼胎	0.3
退避三舍	0.3
娜塔丽	0.3
用纸	0.3
维尔	0.3
沃尔夫豪森	0.3
馥	0.3
悲天悯人	0.3
个性化	0.3
九分	0.3
加布	0.3
锄	0.3
破烂儿	0.3
阿维	0.3
耗资	0.3
科伦	0.3
昂首挺胸	0.3
忍让	0.3
簧片	0.3
露德	0.3
百分之四十	0.3
乔克	0.3
奥斯古	0.3
乔叟	0.3
加冰	0.3
如日中天	0.3
昌培	0.3
五指山	0.3
吊扇	0.3
继电器	0.3
不得已而为之	0.3
永苏	0.3
点歌	0.3
晋见	0.3
硕果	0.3
转战	0.3
原子核	0.3
日新月异	0.3
渔场	0.3
领衔	0.3
付诸实施	0.3
葡萄牙人	0.3
会议桌	0.3
嬉笑	0.3
卡丹	0.3
伊万斯	0.3
算清	0.3
府上	0.3
嗨哟	0.3
仗势欺人	0.3
要义	0.3
马泰利	0.3
扰民	0.3
站里	0.3
门道	0.3
梅萨	0.3
撤除	0.3
惕	0.3
末班车	0.3
纷至沓来	0.3
情变	0.3
情分	0.3
豆角	0.3
查里	0.3
重犯	0.3
违禁物品	0.3
情夫	0.3
汗颜	0.3
似是而非	0.3
如约	0.3
贾斯廷	0.3
白袍	0.3
大过	0.3
周身	0.3
错字	0.3
如数	0.3
糊涂虫	0.3
九百万	0.3
酷似	0.3
钢盔	0.3
先锋队	0.3
沧海	0.3
拉姆	0.3
弗里德姆	0.3
歇脚	0.3
亚述	0.3
布兰迪	0.3
小孔	0.3
藕	0.3
房契	0.3
吊索	0.3
莱姆勒	0.3
肃清	0.3
行云流水	0.3
生物碱	0.3
竟会	0.3
不比	0.3
虚脱	0.3
库伯	0.3
沃什	0.3
嫩芽	0.3
养牛	0.3
伊马拉	0.3
普立兹	0.3
死物	0.3
拜德克里克	0.3
创纪录	0.3
重兵	0.3
背靠背	0.3
小朴	0.3
摘自	0.3
芮秋	0.3
识货	0.3
亮色	0.3
近邻	0.3
巴尔兰德	0.3
古生物学家	0.3
退隐	0.3
麻风	0.3
波利尼西亚	0.3
瓦格斯	0.3
崔美尔	0.3
二意	0.3
滑稽戏	0.3
迪克·维蒙	0.3
烃	0.3
二时	0.3
自画像	0.3
情操	0.3
昊	0.3
约翰·肯尼迪	0.3
当机立断	0.3
不修边幅	0.3
麻辣	0.3
塔夫特	0.3
保藏	0.3
气缸	0.3
集聚	0.3
法国式	0.3
奥尔德斯	0.3
八秒	0.3
摒除	0.3
谨防	0.3
画质	0.3
罔	0.3
除恶	0.3
四月份	0.3
封闭式	0.3
科尔特	0.3
迦利亚	0.3
山水	0.3
刻不容缓	0.3
膊	0.3
艾菲尔铁塔	0.3
呵欠	0.3
姑婆	0.3
法比埃拉	0.3
戴森	0.3
卡里克	0.3
斋藤	0.3
亨利·泰勒	0.3
爱国人士	0.3
奥洛夫	0.3
奥马	0.3
矬	0.3
生子	0.3
内阁大臣	0.3
穗	0.3
奥克拉荷马	0.3
斯塔沃罗斯	0.3
零售店	0.3
杨苏克	0.3
杜·巴里	0.3
喷涂	0.3
十月份	0.3
如火如荼	0.3
泰勒德顿	0.3
乔·路普	0.3
骁勇	0.3
拥挤不堪	0.3
君士坦丁堡	0.3
维瓦迪	0.3
血泪	0.3
横流	0.3
不声不响	0.3
娇柔	0.3
殉情	0.3
辛迪加	0.3
聚精会神	0.3
断然	0.3
大半天	0.3
喜玛拉雅	0.3
会馆	0.3
转门	0.3
面食	0.3
会聚	0.3
劳心	0.3
星河	0.3
考文垂	0.3
懒骨头	0.3
转载	0.3
维吉尔·韦伯斯特	0.3
普罗希特	0.3
酒菜	0.3
酒色	0.3
亲和	0.3
找出路	0.3
肏	0.3
出具	0.3
李相贤	0.3
马丘比丘	0.3
沃特斯	0.3
三七二十一	0.3
血雨腥风	0.3
情义	0.3
维吉尔·科尔	0.3
伴有	0.3
斯托林斯	0.3
安娜·摩根	0.3
胫	0.3
怀恩	0.3
短刀	0.3
金边	0.3
拥戴	0.3
克里斯平	0.3
健硕	0.3
食粮	0.3
年代久远	0.3
联欢会	0.3
手摇	0.3
对子	0.3
他国	0.3
本拉登	0.3
场记	0.3
质朴	0.3
本杰明·富兰克林	0.3
艾格尼斯	0.3
大千世界	0.3
双簧	0.3
痴痴	0.3
说定	0.3
风镜	0.3
风雅	0.3
营业执照	0.3
数次	0.3
过关斩将	0.3
凭据	0.3
得不偿失	0.3
包饭	0.3
莫密欧	0.3
正反	0.3
陨石坑	0.3
钱真	0.3
马琳·迪恩	0.3
风貌	0.3
青椒	0.3
塔尔博特	0.3
罗永塞	0.3
卡塔尔	0.3
哀嚎	0.3
货机	0.3
抢答	0.3
函授	0.3
城池	0.3
诠	0.3
官衔	0.3
自由权	0.3
两旁	0.3
地地道道	0.3
金融家	0.3
布罗恩	0.3
炮制	0.3
超短裙	0.3
任天堂	0.3
服服帖帖	0.3
创举	0.3
青天	0.3
广告业	0.3
落体	0.3
分秒	0.3
厌食	0.3
反其道而行之	0.3
英雄传	0.3
马托博	0.3
惴惴不安	0.3
竭诚	0.3
花里胡哨	0.3
斯坦恩	0.3
镐	0.3
黑户	0.3
哀思	0.3
把关	0.3
嬉皮笑脸	0.3
掉泪	0.3
糟粕	0.3
拥入	0.3
一览无遗	0.3
教唆罪	0.3
丹娜尔	0.3
分段	0.3
圣马可	0.3
座无虚席	0.3
破落	0.3
石匠	0.3
两一	0.3
托里蒂	0.3
云杉	0.3
埃斯贝兰萨	0.3
夏佩尔	0.3
艺术节	0.3
首肯	0.3
分房	0.3
明文规定	0.3
擦边球	0.3
手快	0.3
滩头	0.3
尺子	0.3
沉降	0.3
金丝	0.3
姨婆	0.3
头晕眼花	0.3
边沿	0.3
黑车	0.3
高蛋白	0.3
左倾	0.3
咏菊	0.3
卡斯蒂	0.3
蛭	0.3
挂车	0.3
艳丽	0.3
精打细算	0.3
油乎乎	0.3
蝉	0.3
放缓	0.3
六十秒	0.3
五花八门	0.3
薛普	0.3
车架	0.3
塞纳河	0.3
罗庆浩	0.3
韦加斯	0.3
箭在弦上	0.3
碳酸钙	0.3
替班	0.3
高丽国	0.3
状告	0.3
摩拳擦掌	0.3
翌日	0.3
分贝	0.3
前脚	0.3
前言	0.3
格林利夫	0.3
煤气站	0.3
轮番	0.3
状元	0.3
杜伦	0.3
德拉古班	0.3
裙装	0.3
此致	0.3
短讯	0.3
单相思	0.3
郇	0.3
登峰造极	0.3
速溶	0.3
短视	0.3
庸才	0.3
曼米欧	0.3
二千万	0.3
非国大	0.3
黑金	0.3
处理厂	0.3
败局	0.3
达莱	0.3
诀别	0.3
沃斯利	0.3
蓄电池	0.3
伊娃贝隆	0.3
老少	0.3
断句	0.3
嗡	0.3
放映员	0.3
驻外	0.3
自修	0.3
油然而生	0.3
转氨酶	0.3
马赛克	0.3
包揽	0.3
病源	0.3
一知半解	0.3
麦考	0.3
名录	0.3
工时	0.3
劳伦森	0.3
斯坦·菲尔德	0.3
髋骨	0.3
睦	0.3
传家之宝	0.3
揭秘	0.3
格雷毕斯	0.3
耳根	0.3
梭子鱼	0.3
包租	0.3
友谊赛	0.3
绸缎	0.3
登记卡	0.3
民族主义	0.3
马丁卡西尔	0.3
诗词	0.3
气盛	0.3
哭丧	0.3
运费	0.3
凭空捏造	0.3
人身自由	0.3
土气	0.3
劳伦特	0.3
蹚	0.3
边城	0.3
正极	0.3
费工夫	0.3
器物	0.3
那阵子	0.3
百无聊赖	0.3
班得拉斯	0.3
吉科布	0.3
不虚此行	0.3
危险物品	0.3
迪肯	0.3
世界性	0.3
安莉	0.3
存有	0.3
林木	0.3
监考	0.3
利斯顿	0.3
片状	0.3
据传	0.3
戏称	0.3
排除法	0.3
自学成才	0.3
百依百顺	0.3
添置	0.3
赛利	0.3
赠券	0.3
沙特阿拉伯人	0.3
亨利·雷森	0.3
贾米森	0.3
视神经	0.3
赛会	0.3
据实	0.3
曾孙	0.3
称心	0.3
同人	0.3
叫绝	0.3
普里西拉	0.3
折叠床	0.3
挠头	0.3
奥图	0.3
硬壳	0.3
塔纳纳	0.3
动植物	0.3
泰斯	0.3
航天员	0.3
顷刻	0.3
艾莉丝·弗里斯	0.3
大头针	0.3
宋允慧	0.3
折叠椅	0.3
英烈	0.3
逐年	0.3
疏忽大意	0.3
瑞香	0.3
低等	0.3
家小	0.3
不严	0.3
巴勒特	0.3
转卖	0.3
吸附	0.3
奥普	0.3
心中有数	0.3
赛琪	0.3
头里	0.3
阴雨	0.3
出让	0.3
宇进	0.3
会心	0.3
前前后后	0.3
劳苦	0.3
齐声	0.3
咨询台	0.3
安吉拉·佩特利	0.3
两栖动物	0.3
适于	0.3
纽沃克	0.3
活动家	0.3
白发人	0.3
里脊	0.3
脚链	0.3
斯汀	0.3
现款	0.3
苏彼勒	0.3
异国他乡	0.3
罗宾斯	0.3
柴秦	0.3
栽种	0.3
电容	0.3
希美	0.3
菜豆	0.3
堆肥	0.3
克莱巴洛	0.3
梅布尔	0.3
平奇	0.3
八九不离十	0.3
软骨头	0.3
明细	0.3
梦游症	0.3
一件件	0.3
牙根	0.3
羊膜	0.3
施莱费尔	0.3
稚嫩	0.3
取决	0.3
洁米·桑摩斯	0.3
长江	0.3
菊苣	0.3
燎原	0.3
奔忙	0.3
夜场	0.3
绕口令	0.3
献媚	0.3
虚心	0.3
天宫	0.3
寸步难行	0.3
阿甘	0.3
各自为战	0.3
冷热	0.3
应声	0.3
瓦拉格	0.3
笔试	0.3
鳃	0.3
吃喝玩乐	0.3
楚伊	0.3
李昂	0.3
牛仔布	0.3
采油	0.3
沃茨	0.3
体表	0.3
巴的摩尔	0.3
当票	0.3
屡屡	0.3
麦克·安斯林	0.3
强的松	0.3
癔病	0.3
捐款箱	0.3
变形虫	0.3
今宵	0.3
王公	0.3
秀姬	0.3
机理	0.3
明快	0.3
西里尔	0.3
呈报	0.3
当事	0.3
物化	0.3
卡散德	0.3
皮埃尔·布罗萨尔	0.3
拉西	0.3
遮羞布	0.3
虚报	0.3
盐沼	0.3
没治	0.3
艾琦	0.3
长住	0.3
达斯·维德	0.3
栽跟头	0.3
嘚	0.3
亚瑟·斯派德威克	0.3
冲力	0.3
圈养	0.3
阿哲	0.3
纸浆	0.3
秀丽	0.3
归国	0.3
批注	0.3
家破人亡	0.3
沃特福德	0.3
明信	0.3
挂号	0.3
孔子	0.3
壁板	0.3
晨报	0.3
行政区	0.3
赛伯王	0.3
纳杰特	0.3
慧星	0.3
批文	0.3
艾柏	0.3
畏首畏尾	0.3
实干家	0.3
闪避	0.3
格拉迪斯	0.3
上颌	0.3
称做	0.3
厄根	0.3
布告	0.3
政治性	0.3
邀功	0.3
俊浩	0.3
举荐	0.3
智贤	0.3
多多益善	0.3
布兰	0.3
拉稀	0.3
汤顿	0.3
离群索居	0.3
米尔沃基	0.3
布彻	0.3
松松垮垮	0.3
托尼·布莱尔	0.3
并购案	0.3
伊斯贝	0.3
财路	0.3
宇佐美	0.3
浩儿	0.3
布隆姆	0.3
香菇	0.3
红娘	0.3
曼达拉	0.3
椎间盘	0.3
不一会儿	0.3
弗拉蒂米尔·比尔科	0.3
火盆	0.3
排除万难	0.3
武藏台	0.3
残羹	0.3
基莫	0.3
切中	0.3
清偿	0.3
海王	0.3
冠名	0.3
拉欧	0.3
丹格洛斯	0.3
提箱	0.3
黏土	0.3
屏气	0.3
篡夺	0.3
昂那尔	0.3
浑水摸鱼	0.3
南顺	0.3
互殴	0.3
歌后	0.3
鼓乐	0.3
营养师	0.3
粘稠	0.3
黄牛	0.3
村里人	0.3
请缨	0.3
史提	0.3
拉客	0.3
拉夫	0.3
松脂	0.3
息怒	0.3
艾丽厄特	0.3
灯会	0.3
工友	0.3
烧瓶	0.3
红杉	0.3
疆土	0.3
军籍	0.3
岱	0.3
助学金	0.3
海参	0.3
布拉塞尔	0.3
大声疾呼	0.3
伏兵	0.3
合意	0.3
盖洛德	0.3
造句	0.3
艾迪巴	0.3
东非	0.3
胎位	0.3
瓦凯迪斯	0.3
宫津	0.3
虎皮	0.3
娼	0.3
史戴夫	0.3
准星	0.3
参考书	0.3
万年	0.3
肥皂泡	0.3
东浩	0.3
北侧	0.3
基努	0.3
南纬	0.3
财主	0.3
新闻学	0.3
噓	0.3
基塔	0.3
松林	0.3
不苟言笑	0.3
少林寺	0.3
标杆	0.3
斯拉	0.3
熔解	0.3
鲍伯宝森	0.3
仁博	0.3
潘宁	0.3
逾期	0.3
纯朴	0.3
爽口	0.3
布莫	0.3
上位	0.3
失真	0.3
黛丝瑞	0.3
克林特·伊斯特伍德	0.3
芜菁	0.3
间歇泉	0.3
意犹未尽	0.3
加尔维斯	0.3
南斗	0.3
一年到头	0.3
直爽	0.3
世代相传	0.3
矿藏	0.3
对症下药	0.3
鸡笼	0.3
凡妮	0.3
上档次	0.3
诡秘	0.3
连声	0.3
玛莎拉蒂	0.3
竹筒	0.3
遏	0.3
墙板	0.3
比利布里克	0.3
响彻	0.3
钻空子	0.3
斯堡	0.3
晕机	0.3
骨膜	0.3
手工艺	0.3
鸡眼	0.3
责问	0.3
负心	0.3
斯拉维基	0.3
失信	0.3
维罗尼卡·德克斯特	0.3
骨密度	0.3
枣	0.3
直属	0.3
老狐狸	0.3
翠珊	0.3
残羹剩饭	0.3
倍加	0.3
箩筐	0.3
谈笑	0.3
琴键	0.3
等式	0.3
爱里西亚	0.3
南亚	0.3
费卢杰	0.3
香瓜	0.3
戈林	0.3
泰隆	0.3
警惕性	0.3
伍一	0.3
唐璜	0.3
裴普	0.3
一扫而空	0.3
致病	0.3
献词	0.3
朱莉安娜	0.3
走极端	0.3
遭劫	0.3
助跑	0.3
网球赛	0.3
奥莉佛	0.3
叛离	0.3
卡米埃	0.3
开间	0.3
帅帅	0.3
取道	0.3
斯皮尔	0.3
古施达施迪达赫	0.3
史帝文	0.3
开道	0.3
宋韵	0.3
彼德丝	0.3
宋荣日	0.3
反义词	0.3
马舒依	0.3
不露声色	0.3
按说	0.3
约法三章	0.3
小苏打	0.3
库比茨	0.3
硕大无比	0.3
马提尔	0.3
起居	0.3
驭	0.3
六合	0.3
崔氏	0.3
战功	0.3
奈斯基	0.3
水化	0.3
博伊德	0.3
小轿车	0.3
羊圈	0.3
话音	0.3
绿宝石	0.3
问候语	0.3
拉德克利夫	0.3
灵敏度	0.3
大革命	0.3
帕雷	0.3
周而复始	0.3
装假	0.3
音乐史	0.3
慢悠悠	0.3
甘薯	0.3
刻痕	0.3
动荡不安	0.3
过继	0.3
狗鱼	0.3
盛传	0.3
五音	0.3
希伯莱	0.3
瑞文戴尔	0.3
中南部	0.3
长足	0.3
帕默	0.3
船桨	0.3
有理	0.3
借书证	0.3
德鲁伊	0.3
幡	0.3
违例	0.3
萨哈拉	0.3
警察署	0.3
志乃	0.3
当道	0.3
世袭	0.3
挑拣	0.3
杰诺娃	0.3
聪敏	0.3
头头是道	0.3
研读	0.3
始祖	0.3
阿齐兹	0.3
五脏	0.3
串联	0.3
磨砺	0.3
伍迪·艾伦	0.3
天竺葵	0.3
但凡	0.3
一见如故	0.3
巴贝炬	0.3
水资源	0.3
年刊	0.3
倒贴	0.3
巻	0.3
伊格尔顿	0.3
老范	0.3
粪肥	0.3
克瑞斯迪克	0.3
奥斯维辛	0.3
勃发	0.3
置之度外	0.3
比尔·班宁	0.3
滑坡	0.3
寥寥无几	0.3
杰弗瑞	0.3
尸骸	0.3
一晃	0.3
三包	0.3
莫拉斯	0.3
入神	0.3
精干	0.3
无愧于	0.3
美淑	0.3
浅滩	0.3
法拉米尔	0.3
魁地	0.3
随员	0.3
竊	0.3
胃病	0.3
乘警	0.3
漏风	0.3
得利	0.3
围堵	0.3
验货	0.3
相思病	0.3
栓剂	0.3
得势	0.3
百日咳	0.3
内森·佩特利	0.3
贞美	0.3
磨擦	0.3
范妮	0.3
单飞	0.3
憨	0.3
双人滑	0.3
多马斯特	0.3
西式	0.3
琳妮	0.3
亚里安	0.3
载客	0.3
限制性	0.3
挥发性	0.3
欢迎会	0.3
古罗马	0.3
总行	0.3
杳无音讯	0.3
拘	0.3
求教	0.3
涉猎	0.3
业已	0.3
过虑	0.3
譬如说	0.3
费思	0.3
候鸟	0.3
贝姬	0.3
韧	0.3
居留权	0.3
篇幅	0.3
假手	0.3
普拉格	0.3
召集人	0.3
千亿	0.3
多米尼加人	0.3
马多克	0.3
狂想曲	0.3
花子	0.3
花季	0.3
铝箔	0.3
供不应求	0.3
伊兹霍克	0.3
声频	0.3
载人	0.3
维克汉姆	0.3
韦尼布	0.3
埃塞俄比亚人	0.3
欺侮	0.3
欣欣向荣	0.3
倚隽	0.3
花圃	0.3
送还	0.3
避邪	0.3
俎	0.3
三时	0.3
三言两语	0.3
保险业	0.3
旻	0.3
令人羡慕	0.3
稳步	0.3
见长	0.3
罗莫	0.3
背光	0.3
穆萨维	0.3
温器	0.3
浮冰	0.3
禽	0.3
印第安纳波利斯	0.3
瘦骨嶙峋	0.3
蓝山	0.3
塔里斯	0.3
哈森	0.3
德山	0.3
酸中毒	0.3
法默	0.3
温彻	0.3
虚无主义	0.3
瓜尔迪	0.3
卵石	0.3
粉蒸肉	0.3
冷冻库	0.3
安托万	0.3
怀疑论	0.3
借调	0.3
喊话	0.3
特劳特	0.3
灵丹妙药	0.3
山城	0.3
填词	0.3
约尔	0.3
世博会	0.3
越洋	0.3
依赖性	0.3
复核	0.3
增光	0.3
整版	0.3
细雨	0.3
以身试法	0.3
柳义泰	0.3
弗朗索	0.3
大丈夫	0.3
哈斯克	0.3
复明	0.3
巴瑞·曼尼洛	0.3
藤木	0.3
理当	0.3
基娅	0.3
塞尔玛	0.3
老调重弹	0.3
淘气包	0.3
破相	0.3
分析仪	0.3
在所不辞	0.3
观音	0.3
散场	0.3
蒙尼兹	0.3
植树	0.3
成真	0.3
传情	0.3
马福	0.3
克兰蒂斯	0.3
布兹林	0.3
不失为	0.3
温驯	0.3
螫	0.3
针尖	0.3
萨尔曼	0.3
武雄	0.3
白杨树	0.3
一鼓作气	0.3
逻辑性	0.3
率直	0.3
皮炎	0.3
齐亚	0.3
电传	0.3
疯人	0.3
比照	0.3
藤原	0.3
含泪	0.3
含混	0.3
少薰	0.3
卡西利亚斯	0.3
雷池	0.3
浮斯	0.3
本期	0.3
简明扼要	0.3
鹿皮	0.3
光泰	0.3
一味	0.3
保护人	0.3
疑问句	0.3
牧马	0.3
表带	0.3
感人至深	0.3
塔吉	0.3
芭蕾舞剧	0.3
送葬	0.3
比拟	0.3
范布伦	0.3
苏卿	0.3
尼亚加	0.3
阿基米德	0.3
专科学校	0.3
深不可测	0.3
教育课	0.3
塞普蒂默斯	0.3
沙皮	0.3
伤神	0.3
杰克·伯恩斯	0.3
航速	0.3
代词	0.3
篷车	0.3
马镫	0.3
加莱克	0.3
总攻	0.3
防波堤	0.3
清晰度	0.3
悠长	0.3
高迪	0.3
盘点	0.3
安吉莉娜	0.3
科瑞克	0.3
奥斯卡·维贝尼斯	0.3
菲斯杰拉德	0.3
圣丹斯	0.3
二期	0.3
雷雷	0.3
曼伯	0.3
卧铺	0.3
包福特	0.3
同级	0.3
赫秀	0.3
总站	0.3
台球室	0.3
法伦	0.3
克莱门斯	0.3
顺义	0.3
收下	0.3
爱称	0.3
河堤	0.3
领奖台	0.3
艾迪·金	0.3
宪兵队	0.3
言简意赅	0.3
奇普	0.3
斯马尔	0.3
查福德	0.3
干练	0.3
爱莉嘉	0.3
新郎官	0.3
通天	0.3
冰风暴	0.3
何乐而不为	0.3
双生	0.3
谈笑风生	0.3
巴特菲尔德	0.3
艾蓓	0.3
三十亿	0.3
托托	0.3
李苏	0.3
脊梁骨	0.3
哈西	0.3
扇形	0.3
久闻大名	0.3
犯上	0.3
酸雨	0.3
潜伏期	0.3
涂层	0.3
强盛	0.3
举棋不定	0.3
乡土	0.3
日用	0.3
玛希	0.3
莽汉	0.3
潺潺	0.3
接待室	0.3
水洗	0.3
接壤	0.3
玛奇	0.3
州府	0.3
哈雷	0.3
填料	0.3
可的松	0.3
布朗奇	0.3
体操课	0.3
年限	0.3
夸大其辞	0.3
考基	0.3
等离子体	0.3
趾头	0.3
不能自己	0.3
娄子	0.3
一致性	0.3
费茨	0.3
汤姆·林肯	0.3
就教	0.3
心急如焚	0.3
洁身自好	0.3
克莱尔·威尔斯	0.3
法门	0.3
膈	0.3
厩	0.3
积极向上	0.3
排挡	0.3
作践	0.3
交通部长	0.3
假药	0.3
远房亲戚	0.3
智取	0.3
雁	0.3
鬃毛	0.3
由珍	0.3
审时度势	0.3
乔伊斯	0.3
护短	0.3
沏	0.3
盖博	0.3
维罗	0.3
老巴	0.3
保龄	0.3
萨得	0.3
排污	0.3
电解液	0.3
巧舌如簧	0.3
有贞	0.3
杠子	0.3
莫威	0.3
杳无音信	0.3
远投	0.3
拳打脚踢	0.3
织布	0.3
盖比	0.3
大踏步	0.3
克雷迪	0.3
萨曼	0.3
式子	0.3
芬恩	0.3
眶	0.3
浜	0.3
绞杀	0.3
音译	0.3
巴尔达比约	0.3
卓拉	0.3
趁火打劫	0.3
命苦	0.3
斯蒂尔	0.3
塞勒斯廷·布	0.3
疮疤	0.3
比阿特丽斯	0.3
储量	0.3
铁栏杆	0.3
黑乎乎	0.3
杰弗逊	0.3
铜管	0.3
招魂	0.3
绞索	0.3
克雷默	0.3
罗丁	0.3
股份公司	0.3
考查	0.3
考林	0.3
擒获	0.3
卓绝	0.3
旁听席	0.3
想当初	0.3
签子	0.3
轴心	0.3
花饰	0.3
红极一时	0.3
瞠目结舌	0.3
不三不四	0.3
利剑	0.3
晚霜	0.3
推拿	0.3
景虎	0.3
绞痛	0.3
弱视	0.3
斯徒亚特	0.3
驮	0.3
梅迪斯	0.3
褛	0.3
荜	0.3
瑾	0.3
牦	0.3
砝	0.3
犄	0.3
恹	0.3
怩	0.3
谆	0.3
褴	0.3
缜	0.3
琶	0.3
榉	0.28
瞠	0.28
昙	0.28
耷	0.28
瘠	0.28
仃	0.28
峋	0.28
揶	0.28
樟	0.28
岗亭	0.27
遮阳	0.27
悲叹	0.27
后怕	0.27
杰克·斯瓦洛	0.27
刘易斯·卡洛尔	0.27
詹姆斯邦德	0.27
银元	0.27
戴斯莉	0.27
摩加迪沙	0.27
死棋	0.27
宗秀	0.27
供品	0.27
查办	0.27
既是	0.27
神经衰弱	0.27
啤酒花	0.27
小解	0.27
吃得开	0.27
罗迪欧	0.27
揉搓	0.27
永贝里	0.27
巴尔迪尼	0.27
亚斯伯格	0.27
马斯特	0.27
大佑	0.27
养鱼	0.27
绍	0.27
书稿	0.27
厄波铁	0.27
阔克	0.27
坐镇	0.27
褶子	0.27
周复	0.27
艾佛瑞	0.27
纵然	0.27
古书	0.27
马车夫	0.27
麦坎	0.27
奇丝汀	0.27
后缀	0.27
莉莲	0.27
大岛	0.27
埃尔顿	0.27
劲舞	0.27
凯文·欧尼尔	0.27
触须	0.27
宗师	0.27
引蛇出洞	0.27
周报	0.27
阿丽森	0.27
静一静	0.27
供热	0.27
檀香	0.27
汇入	0.27
多兰	0.27
岸川	0.27
夜市	0.27
喝西北风	0.27
浑厚	0.27
蛰伏	0.27
人民军	0.27
泯	0.27
杰克鲍尔	0.27
仰头	0.27
笑意	0.27
空域	0.27
周浩	0.27
大水	0.27
白沙	0.27
亚曼	0.27
觐	0.27
笑纹	0.27
小视	0.27
卢克·布兰登	0.27
摘取	0.27
古文	0.27
大行星	0.27
古时	0.27
对调	0.27
玛西娅	0.27
医德	0.27
水土不服	0.27
安享	0.27
荼	0.27
零壹	0.27
贪财	0.27
对簿公堂	0.27
审慎	0.27
阔绰	0.27
外敌	0.27
百分之十五	0.27
葛拉佛斯	0.27
可蕾	0.27
真浩	0.27
鲁本·费弗	0.27
老城区	0.27
封底	0.27
吉文	0.27
本特	0.27
地价	0.27
小卖	0.27
艾米洛	0.27
琼安	0.27
卸任	0.27
村姑	0.27
梅瑟	0.27
期满	0.27
捕头	0.27
变化无常	0.27
缝补	0.27
超生	0.27
乖戾	0.27
无记名	0.27
柳条	0.27
长沙	0.27
布里吉特	0.27
莎曼莎	0.27
中将	0.27
格兰·托里诺	0.27
问罪	0.27
搜罗	0.27
犬子	0.27
鱼尾纹	0.27
禀告	0.27
字里行间	0.27
驶出	0.27
交纳	0.27
连接器	0.27
麦肯济	0.27
地力	0.27
德彪	0.27
彼奇	0.27
胸卡	0.27
诚然	0.27
下同	0.27
缩手缩脚	0.27
惊呼	0.27
雷之心	0.27
醍	0.27
轻风	0.27
负隅顽抗	0.27
使团	0.27
亨瑞	0.27
糖纸	0.27
轻骑	0.27
电吹风	0.27
川口	0.27
裁缝店	0.27
唱法	0.27
川崎	0.27
威尔赫森	0.27
打浆机	0.27
艾伯特·布莱纳曼	0.27
佳节	0.27
链锁	0.27
低人一等	0.27
鲷	0.27
腹膜	0.27
屈尊	0.27
留用	0.27
亚利桑纳	0.27
地砖	0.27
领受	0.27
杜拜克	0.27
拉莱特	0.27
理解力	0.27
视死如归	0.27
永勋	0.27
敲门砖	0.27
胸章	0.27
潘宁顿	0.27
天鹅湖	0.27
欧伦比	0.27
科拉汉	0.27
时值	0.27
拍片子	0.27
琼格	0.27
德科	0.27
昆丁	0.27
岚	0.27
商榷	0.27
印制	0.27
螺纹	0.27
米萨德	0.27
马克盖	0.27
萨姆·戈尔德	0.27
鰭	0.27
组委会	0.27
弗伦奇	0.27
斯库希	0.27
缅	0.27
阴阳人	0.27
阿爹	0.27
阿比盖尔	0.27
包工头	0.27
锋芒毕露	0.27
极刑	0.27
素来	0.27
蛮不讲理	0.27
任选	0.27
挂牌	0.27
配药	0.27
膀	0.27
高元勇	0.27
油船	0.27
伊利里亚	0.27
轩然大波	0.27
卸车	0.27
铸就	0.27
沉沉	0.27
花天酒地	0.27
抚摩	0.27
南宫达	0.27
旧闻	0.27
力学	0.27
属地	0.27
沃尔桑	0.27
无利可图	0.27
隔断	0.27
踉跄	0.27
保险费用	0.27
山穷水尽	0.27
长盛不衰	0.27
红血球	0.27
中非	0.27
科万	0.27
中音	0.27
留职	0.27
订立	0.27
吆	0.27
耳熟能详	0.27
临阵磨枪	0.27
织布机	0.27
放大器	0.27
横膈膜	0.27
鸿	0.27
焕宣	0.27
素代	0.27
愤愤不平	0.27
成才	0.27
只身一人	0.27
哈里·胡迪尼	0.27
炉灶	0.27
舰载	0.27
布里斯	0.27
再有	0.27
臭架子	0.27
婌	0.27
囚衣	0.27
凯西·卡莱尔	0.27
勤勤恳恳	0.27
纷乱	0.27
火眼金睛	0.27
辖	0.27
马卡斯奥里勒斯	0.27
黄大佑	0.27
惊骇	0.27
聚众	0.27
苦不堪言	0.27
追悔莫及	0.27
陶伯	0.27
半吊子	0.27
肃然起敬	0.27
科切夫	0.27
森特	0.27
站长	0.27
转危为安	0.27
斜纹	0.27
永镐	0.27
辽	0.27
极性	0.27
流质	0.27
时不我待	0.27
洞窟	0.27
戈斯特	0.27
佳善	0.27
炊事	0.27
梅菲	0.27
蛾	0.27
卡布	0.27
差不离	0.27
不甘	0.27
软盘	0.27
律政司	0.27
相去甚远	0.27
阿基拉·安德森	0.27
毋庸	0.27
汰	0.27
重炮	0.27
尹雪英	0.27
遮光	0.27
维德贝	0.27
配制	0.27
联署	0.27
传声器	0.27
滴水	0.27
凌空	0.27
悲鸣	0.27
半身不遂	0.27
坐位	0.27
芝华士	0.27
死胎	0.27
小个	0.27
刑警队	0.27
孜	0.27
督导	0.27
援引	0.27
贫寒	0.27
卡拉什尼科	0.27
白面	0.27
贪恋	0.27
寸草不生	0.27
周长	0.27
保罗·布朗	0.27
查莉	0.27
小奈	0.27
瘦高	0.27
埃尔希	0.27
分期	0.27
古话	0.27
普顿	0.27
动物界	0.27
位移	0.27
圣旨	0.27
汤姆·斯	0.27
湖南	0.27
锐器	0.27
引流	0.27
磺	0.27
前因后果	0.27
其乐无穷	0.27
布列塔尼	0.27
坏血病	0.27
尤格	0.27
霜冻	0.27
刁钻	0.27
近郊	0.27
技法	0.27
阿尔扎利安	0.27
运动衣	0.27
养神	0.27
小淳	0.27
大起大落	0.27
洗洁	0.27
柳暗花明	0.27
小熏	0.27
情急	0.27
维可丁	0.27
可怜巴巴	0.27
折页	0.27
刚毅	0.27
小班	0.27
罗内蒂	0.27
小王	0.27
莱丝莉	0.27
调解人	0.27
陋习	0.27
库柏	0.27
约翰·罗德兹	0.27
气筒	0.27
柠檬茶	0.27
吊环	0.27
佩里戈	0.27
总量	0.27
奸淫	0.27
玩物丧志	0.27
死水	0.27
西弗勒斯	0.27
刳	0.27
丁烷	0.27
碧绿	0.27
玛拉瑞亚	0.27
漂洋过海	0.27
贺道格	0.27
桃红	0.27
识时务	0.27
私房钱	0.27
麦克格拉夫	0.27
血丝	0.27
吸盘	0.27
下划线	0.27
涯	0.27
长驱直入	0.27
康乃	0.27
康仁	0.27
险胜	0.27
费格斯	0.27
恩斯特	0.27
垂涎欲滴	0.27
喜忧参半	0.27
斯特拉斯堡	0.27
庞波	0.27
如梦初醒	0.27
感人肺腑	0.27
亭亭玉立	0.27
况士旺	0.27
巫山	0.27
受聘	0.27
牛皮癣	0.27
车到山前必有路	0.27
打油诗	0.27
迪塞	0.27
里氏	0.27
里洛	0.27
戴斯	0.27
钓鱼竿	0.27
诱奸	0.27
幼女	0.27
迪尔	0.27
龙套	0.27
心服口服	0.27
金箍棒	0.27
回暖	0.27
滔滔	0.27
正确性	0.27
恒	0.27
我校	0.27
云游	0.27
挺立	0.27
歪路	0.27
戴德	0.27
贝内尼斯	0.27
维斯特	0.27
塞琳娜	0.27
宝塔	0.27
劝架	0.27
省份	0.27
戴利	0.27
东倒西歪	0.27
钟雄苏	0.27
杰佛	0.27
欧纳	0.27
电镀	0.27
鲍里索夫	0.27
马多斯	0.27
瘙	0.27
关连	0.27
霍夫	0.27
一平君	0.27
推心置腹	0.27
职介所	0.27
瓦尔登湖	0.27
节庆	0.27
西姆布兰蒂克	0.27
克林泰特	0.27
会试	0.27
杜库	0.27
西比乌	0.27
败家子	0.27
邪路	0.27
亲娘	0.27
福冈	0.27
游逛	0.27
做媒	0.27
血球	0.27
法兰克班尼斯	0.27
白矛	0.27
一定量	0.27
山德	0.27
米琪	0.27
巴克西	0.27
纳纳吉	0.27
烈马	0.27
第二十三	0.27
第二十一	0.27
寒碜	0.27
水蒸气	0.27
贾维	0.27
落款	0.27
鞋业	0.27
编码器	0.27
布莱思·拉金	0.27
市府	0.27
伊南	0.27
千奇百怪	0.27
两翼	0.27
苦干	0.27
榭	0.27
赵春三	0.27
姜昱	0.27
刹那间	0.27
克芮	0.27
投诉信	0.27
常凌	0.27
祭器	0.27
黑岩	0.27
风行	0.27
正身	0.27
荷利波顿	0.27
救命之恩	0.27
对外开放	0.27
双打	0.27
牙垢	0.27
笑容满面	0.27
常会	0.27
粗制滥造	0.27
官能	0.27
游泳馆	0.27
麦金瑞特	0.27
和顺	0.27
此书	0.27
手相	0.27
苏西·汤姆林森	0.27
搓洗	0.27
食性	0.27
耳膜	0.27
唐老鸭	0.27
诗文	0.27
数组	0.27
爱莉丝	0.27
前例	0.27
棒槌	0.27
阿米达	0.27
米哈	0.27
娘儿	0.27
麦乐	0.27
伊瓦	0.27
守寡	0.27
膛线	0.27
米卡	0.27
贾宁	0.27
荼毒	0.27
特里尔	0.27
凛冽	0.27
班卓琴	0.27
临摹	0.27
踱	0.27
欧乃尔	0.27
草帽	0.27
莲藕	0.27
抢光	0.27
名胜	0.27
麦奇	0.27
阿姆	0.27
斯奇帕	0.27
给水	0.27
休闲装	0.27
黑管	0.27
斯韦托斯基	0.27
边际	0.27
审计长	0.27
音波	0.27
菊政	0.27
分批	0.27
怜惜	0.27
仿照	0.27
达什	0.27
卡塔琳	0.27
惠特利	0.27
亚当斯伯格	0.27
和乐	0.27
利雅得	0.27
荷恩	0.27
工房	0.27
斯宾德	0.27
铺就	0.27
砂石	0.27
尊夫人	0.27
伍德罗	0.27
拉科波	0.27
亚仑	0.27
山顶洞人	0.27
氯化钠	0.27
喉癌	0.27
定婚	0.27
杜尔	0.27
尼尔玛	0.27
自恃	0.27
常青	0.27
正剧	0.27
多面手	0.27
砂砾	0.27
正东	0.27
乞力马扎罗山	0.27
克山	0.27
玛登	0.27
旱冰鞋	0.27
记录本	0.27
金山	0.27
袒	0.27
一万一千	0.27
横线	0.27
言说	0.27
烈性酒	0.27
忍辱负重	0.27
范德卡	0.27
误用	0.27
自古以来	0.27
鲁皮尼	0.27
易燃物	0.27
墓志铭	0.27
委员长	0.27
递减	0.27
天下太平	0.27
鸣响	0.27
无事生非	0.27
指不定	0.27
远征军	0.27
洁妮	0.27
对味	0.27
老婆子	0.27
奔涌	0.27
控诉书	0.27
阿金佐拉	0.27
我有	0.27
细枝末节	0.27
衣钵	0.27
笨家伙	0.27
某部	0.27
金毛	0.27
并重	0.27
挂锁	0.27
心路	0.27
麦克雷蒂	0.27
定神	0.27
捷姆	0.27
立国	0.27
盘尼西林	0.27
海泽	0.27
西格利尤蒂	0.27
肉瘤	0.27
铁证如山	0.27
幽暗	0.27
熏蒸	0.27
谈判桌	0.27
掉价	0.27
梅尔伯格	0.27
代官山	0.27
边界线	0.27
举步维艰	0.27
首任	0.27
麦高	0.27
惨白	0.27
拉果	0.27
迪奥拉	0.27
死难者	0.27
岔气	0.27
心醉	0.27
喳	0.27
佳茜	0.27
麦克吉尔	0.27
内普利	0.27
鸥	0.27
旨	0.27
巨富	0.27
焦土	0.27
埃斯特拉达	0.27
应答器	0.27
从良	0.27
买方	0.27
梅森市	0.27
范妮·普莱斯	0.27
奥布里·弗莱明	0.27
璞玉	0.27
库曼	0.27
铁块	0.27
受冻	0.27
檞	0.27
报界	0.27
葛利	0.27
客源	0.27
打鱼	0.27
引经据典	0.27
半圆	0.27
吧哒	0.27
眼帘	0.27
非但	0.27
亚当夏娃	0.27
詹姆斯庞德	0.27
切合	0.27
省吃俭用	0.27
赛亚	0.27
惠子	0.27
巴罗	0.27
家母	0.27
堂而皇之	0.27
仙鹤	0.27
弗来迪	0.27
翼展	0.27
雄鸡	0.27
捐资	0.27
会操	0.27
该国	0.27
报效	0.27
无人机	0.27
防御工事	0.27
箱底	0.27
画卷	0.27
安乐窝	0.27
面皮	0.27
鹿特丹	0.27
米迦勒	0.27
变调	0.27
息事宁人	0.27
宪二	0.27
史戴尔斯	0.27
伟业	0.27
烹	0.27
康斯坦斯	0.27
弑	0.27
劳雷尔	0.27
开司米	0.27
奥桑	0.27
毕恭毕敬	0.27
奥格	0.27
喷香	0.27
明辨是非	0.27
飘零	0.27
内森逊	0.27
忆起	0.27
秀恩	0.27
通讯社	0.27
酒壶	0.27
乔瑟琳	0.27
文豪	0.27
别样	0.27
学术界	0.27
众志成城	0.27
摩天大厦	0.27
想当年	0.27
布拉迪	0.27
伊万德	0.27
头角	0.27
寥寥	0.27
铁木	0.27
齐心	0.27
井底之蛙	0.27
阿马里洛	0.27
蜀葵	0.27
文说	0.27
古典式	0.27
介子	0.27
绒布	0.27
表达式	0.27
米基·盖纳	0.27
瓦瑞克	0.27
安于现状	0.27
无以复加	0.27
文科	0.27
弹尽粮绝	0.27
文莱	0.27
煤块	0.27
亚斯卡	0.27
救起	0.27
相互之间	0.27
秀美	0.27
当政	0.27
黛利拉	0.27
吃紧	0.27
番木瓜	0.27
神田	0.27
米哈尔	0.27
开审	0.27
科特兹	0.27
幸福感	0.27
拜亚尔	0.27
斯达克	0.27
搬弄是非	0.27
格里菲斯	0.27
诺拉·莱斯	0.27
马西亚	0.27
身心健康	0.27
路基	0.27
菜花	0.27
华波	0.27
菜色	0.27
日月	0.27
鬼点子	0.27
亟需	0.27
病征	0.27
阿马迪奥	0.27
服务舱	0.27
纸板箱	0.27
德那多	0.27
菜馆	0.27
急进	0.27
笔误	0.27
公告牌	0.27
阿拉特里斯特	0.27
钙片	0.27
森福	0.27
开门红	0.27
密信	0.27
尼古拉斯·凯奇	0.27
刀法	0.27
五日	0.27
艾利斯	0.27
吸铁石	0.27
魂牵梦萦	0.27
自由市场	0.27
裤脚	0.27
蛮干	0.27
伊恩·布莱迪	0.27
口试	0.27
伯妮	0.27
阿兹卡	0.27
建筑业	0.27
出版界	0.27
浑然不知	0.27
神勇	0.27
盲女	0.27
神化	0.27
环路	0.27
深交	0.27
蒸汽浴	0.27
托斯卡尼	0.27
通风井	0.27
克里斯丁	0.27
一点零	0.27
横笛	0.27
犬牙	0.27
十二日	0.27
玛丽欧	0.27
汤姆汉克斯	0.27
白世美	0.27
盲区	0.27
懒腰	0.27
明儿	0.27
弯弯	0.27
宋珉	0.27
阿罗拉	0.27
按理	0.27
越狱犯	0.27
荷叶	0.27
化学元素	0.27
越野赛	0.27
帕尔	0.27
磨炼	0.27
华利	0.27
斯托勒	0.27
协力	0.27
贝洛克	0.27
对抗性	0.27
特斯拉	0.27
制造业	0.27
圆周	0.27
志远	0.27
归去	0.27
崔斯特	0.27
当儿	0.27
通条	0.27
冷天	0.27
杰克·贾西亚	0.27
正步	0.27
伯科	0.27
长年	0.27
平摊	0.27
恬	0.27
红土	0.27
泰格	0.27
玛瑞莲	0.27
请安	0.27
红光	0.27
火暴	0.27
皮里爵	0.27
汉瑞克	0.27
红发	0.27
迈克·吉维	0.27
工整	0.27
交通费	0.27
现眼	0.27
英格	0.27
庭长	0.27
厄恩	0.27
要面子	0.27
丘巴卡	0.27
德克勒	0.27
乌里	0.27
暗色	0.27
遵行	0.27
淋漓	0.27
北风	0.27
流动资金	0.27
英熙	0.27
屏息	0.27
江水	0.27
发达国家	0.27
骨科	0.27
圣·卢克斯	0.27
非政府	0.27
煙	0.27
哭笑不得	0.27
调皮鬼	0.27
姻亲	0.27
班娜	0.27
香醇	0.27
冠冕	0.27
浅显	0.27
哈里顿	0.27
误点	0.27
严丝合缝	0.27
露西亚	0.27
玉佛	0.27
弗勒德	0.27
烧杯	0.27
直路	0.27
骨伤	0.27
忠贞不渝	0.27
东裕	0.27
皮蓬	0.27
充饥	0.27
卡普拉	0.27
阴森森	0.27
歌德	0.27
大卫·格里恩	0.27
掰掰	0.27
梅雷迪斯	0.27
沏茶	0.27
鸭嘴兽	0.27
屏山	0.27
法兰斯	0.27
歌女	0.27
灯具	0.27
浓浓的	0.27
斥	0.27
脑满肠肥	0.27
脑血管	0.27
摩瑞亚	0.27
朴桑敏	0.27
债款	0.27
身经百战	0.27
赵仁英	0.27
普瑞姆	0.27
索芙	0.27
海弗	0.27
维格拉夫	0.27
军纪	0.27
索耶	0.27
遗传物质	0.27
百分之二	0.27
片麻岩	0.27
圣克拉拉	0.27
便壶	0.27
因人而异	0.27
玫瑰色	0.27
直销	0.27
汉普	0.27
泰兰	0.27
要道	0.27
东阳	0.27
红梅	0.27
偶发	0.27
买入	0.27
称王称霸	0.27
丰腴	0.27
球馆	0.27
快件	0.27
肯干	0.27
采购员	0.27
纯熟	0.27
罗米欧	0.27
底限	0.27
反对党	0.27
拉奥	0.27
亚历山大港	0.27
基南	0.27
油性	0.27
东汉	0.27
全长	0.27
标点	0.27
堂哥	0.27
彻夜不眠	0.27
银发	0.27
莫丽沙	0.27
称颂	0.27
高卢人	0.27
旱	0.27
上劲	0.27
哈里丹	0.27
基座	0.27
德菲若	0.27
素菜	0.27
息肉	0.27
飞抵	0.27
仁义	0.27
无情无义	0.27
警号	0.27
军饷	0.27
穴道	0.27
目空一切	0.27
佛雷德	0.27
贼心	0.27
隆德	0.27
翠吉	0.27
司法权	0.27
香娜	0.27
垃圾道	0.27
打主意	0.27
了却	0.27
罗伯特·格雷史密斯	0.27
倆	0.27
鲁恩	0.27
练就	0.27
世界银行	0.27
莎拉·马歇尔	0.27
退潮	0.27
装神弄鬼	0.27
法拉诺什	0.27
尽人皆知	0.27
路易兹	0.27
筒子	0.27
斯凯	0.27
枝条	0.27
计时员	0.27
又哭又闹	0.27
乖张	0.27
南山	0.27
比斯比	0.27
鲁彦	0.27
倾销	0.27
奥玛尔	0.27
万里无云	0.27
巴特利特	0.27
千百万	0.27
泪腺	0.27
竞争性	0.27
仆役	0.27
微米	0.27
溯源	0.27
英豪	0.27
圣·玛丽镇	0.27
写实	0.27
榄	0.27
其乐融融	0.27
塞缪尔·杰克逊	0.27
上桌	0.27
总务处	0.27
东大	0.27
皙	0.27
而我	0.27
截瘫	0.27
细看	0.27
狠命	0.27
出神	0.27
贼窝	0.27
准入	0.27
鲁丝	0.27
提速	0.27
布鲁贝克	0.27
巴基斯坦人	0.27
便餐	0.27
竹林	0.27
实纪	0.27
上房	0.27
佩皮斯	0.27
西尼娅	0.27
霍丽斯	0.27
租期	0.27
委托书	0.27
大有作为	0.27
别具一格	0.27
神宫儿	0.27
上晃	0.27
六一	0.27
先河	0.27
乔治·卢卡斯	0.27
酋	0.27
脏活	0.27
安妮·弗兰克	0.27
伯莱	0.27
带伤	0.27
崔珉	0.27
田间	0.27
燥热	0.27
回春	0.27
邱吉尔	0.27
埃克塞特	0.27
朱古力	0.27
莱昂	0.27
合成纤维	0.27
木柱	0.27
松果腺	0.27
违犯	0.27
没谱	0.27
前瞻性	0.27
原判	0.27
赔不是	0.27
块状	0.27
肠癌	0.27
臭氧	0.27
通车	0.27
民苏英	0.27
伯克斯	0.27
瑙	0.27
蔡常赫	0.27
崔斯	0.27
感悟	0.27
海卫	0.27
备齐	0.27
蜕皮	0.27
切诺基	0.27
时兴	0.27
发酵粉	0.27
多方面	0.27
兼任	0.27
积怨	0.27
夏装	0.27
寄居蟹	0.27
呔	0.27
盖布尔	0.27
带兵	0.27
冷藏箱	0.27
禁军	0.27
献花	0.27
平方英寸	0.27
酚酞	0.27
掌印	0.27
杂技团	0.27
珍英	0.27
菜叶	0.27
风和日丽	0.27
菊池	0.27
外骨骼	0.27
阿蒙	0.27
旅行团	0.27
鬼才信	0.27
片冈	0.27
违宪	0.27
米歇尔·戴斯勒	0.27
斯基达克思	0.27
恒河	0.27
触摸屏	0.27
萨曼莎·罗斯	0.27
滚边	0.27
芥菜	0.27
竞猜	0.27
的黎波里	0.27
笔画	0.27
棉绒	0.27
医药箱	0.27
姬欣	0.27
搔痒	0.27
伊娜斯	0.27
考拉汉	0.27
费尔柴尔德	0.27
莱尼	0.27
寄信人	0.27
奥康诺	0.27
公署	0.27
躁动不安	0.27
脏字	0.27
口服	0.27
调制解调器	0.27
姬玉	0.27
长青	0.27
帕萨	0.27
当量	0.27
晶石	0.27
孬	0.27
苦肉计	0.27
沿线	0.27
赛勒斯	0.27
箱式	0.27
黛博	0.27
歌功颂德	0.27
安全门	0.27
艰	0.27
圆领	0.27
探照灯	0.27
带病	0.27
威武	0.27
雪中送炭	0.27
孤军作战	0.27
格奥克·德雷曼	0.27
巴菲	0.27
舒克曼	0.27
一气	0.27
偷梁换柱	0.27
萨蒂	0.27
安娜·斯宾诺莎	0.27
富余	0.27
贝特	0.27
滚雪球	0.27
滞后	0.27
有声	0.27
皇位	0.27
划时代	0.27
佐佐木	0.27
纱线	0.27
豁	0.27
花房	0.27
鲍勃·迪伦	0.27
衰变	0.27
老表	0.27
萨米尔	0.27
异型	0.27
测距	0.27
患难与共	0.27
锦衣	0.27
繁荣昌盛	0.27
招租	0.27
烹制	0.27
德国人	0.27
盖兹	0.27
单面	0.27
鞍马	0.27
栓子	0.27
克莱斯特	0.27
观世音	0.27
挨骂	0.27
藤蔓	0.27
弹丸	0.27
八月份	0.27
求和	0.27
寄放	0.27
基夫顿	0.27
围场	0.27
智彦	0.27
生活会	0.27
熙贞	0.27
死灰复燃	0.27
黄种	0.27
大卫·威廉姆斯	0.27
塞瓦	0.27
蛋白酶	0.27
兼而有之	0.27
老当益壮	0.27
戈多	0.27
词根	0.27
作罢	0.27
山里人	0.27
自动步枪	0.27
罗兰德	0.27
德莫特里	0.27
赶时髦	0.27
望尘莫及	0.27
大手大脚	0.27
傻里傻气	0.27
无缝	0.27
洛普斯特	0.27
排长	0.27
无绳	0.27
天荒地老	0.27
罗谢尔	0.27
泥鳅	0.27
异状	0.27
有福	0.27
种子选手	0.27
切罗基·可苏	0.27
雷本斯	0.27
威廉·道森	0.27
入定	0.27
贝宁	0.27
英格里德	0.27
阿尔帕·奇诺	0.27
三生有幸	0.27
年报	0.27
脑神经	0.27
必要条件	0.27
无所不为	0.27
挑大梁	0.27
作成	0.27
氡	0.27
闭门羹	0.27
六千万	0.27
疾驰	0.27
石田	0.27
举手投足	0.27
露丝	0.27
综上所述	0.27
交好	0.27
德尔塔	0.27
本队	0.27
布鲁斯·韦恩	0.27
哈欠	0.27
雷克	0.27
四亿	0.27
辄	0.27
有言在先	0.27
皓	0.27
苏斯	0.27
高人	0.27
蓝利	0.27
晕晕乎乎	0.27
马努	0.27
臻	0.27
米格尔	0.27
麦克斯·贝尔	0.27
凡德高	0.27
评述	0.27
荣介	0.27
商言商	0.27
无言以对	0.27
莫库	0.27
水车	0.27
满浩	0.27
保护法	0.27
民郎	0.27
白俄罗斯	0.27
塞蕾	0.27
逻辑学	0.27
人迹罕至	0.27
名留青史	0.27
里程表	0.27
梅塞德斯	0.27
小熊猫	0.27
剜	0.27
威肯森	0.27
扒开	0.27
成万	0.27
大卫·帕克	0.27
按计划	0.27
四大	0.27
腰杆	0.27
哈玛	0.27
斯汤普	0.27
居心叵测	0.27
锹	0.27
牧草	0.27
苏信	0.27
姜泰镇	0.27
殷多容	0.27
阿里巴巴	0.27
石城	0.27
埃玛	0.27
病院	0.27
体魄	0.27
早逝	0.27
玛西	0.27
布朗迪	0.27
寺里	0.27
不自量	0.27
桂利达	0.27
石岗	0.27
费西尔	0.27
石墨	0.27
浇头	0.27
跶	0.27
打雪仗	0.27
止痒	0.27
一盘散沙	0.27
靠山	0.27
那曲	0.27
摩天楼	0.27
塔尔	0.27
不可同日而语	0.27
埃斯	0.27
一万四千	0.27
奥兹托克	0.27
贵宾席	0.27
巴戈特	0.27
铁笼	0.27
西尔维亚	0.27
蓝本	0.27
比曼	0.27
威廉斯堡	0.27
毒气弹	0.27
比斯	0.27
弗兰肯斯坦	0.27
蟒	0.27
莫瑞	0.27
痛骂	0.27
马拉	0.27
终身伴侣	0.27
胡克	0.27
破格	0.27
二等奖	0.27
扎眼	0.27
接洽	0.27
王族	0.27
亨利·奥尔森	0.27
优胜劣汰	0.27
斯卡莱特	0.27
厚厚	0.27
颅腔	0.27
瓦顿	0.27
猫眼	0.27
旅伴	0.27
碌	0.27
收复	0.27
比重	0.27
基辛格	0.27
总线	0.27
甲等	0.27
武汉	0.27
奥克卡	0.27
一往情深	0.27
安圭拉岛	0.27
干爽	0.27
布里奇	0.27
沙暴	0.27
路德维克	0.27
陋室	0.27
布朗罗	0.27
麦克格威	0.27
一吐为快	0.27
光能	0.27
成规	0.27
久负盛名	0.27
怪杰	0.27
德·坎普	0.27
沙洲	0.27
卡什嘉	0.27
匣子	0.27
总价	0.27
几千万	0.27
收监	0.27
钹	0.27
同乡	0.27
球菌	0.27
青筋	0.27
武天	0.27
危害性	0.27
良佐	0.27
卡维	0.27
进度表	0.27
昂首	0.27
塞拉斯	0.27
痿	0.27
新世界	0.27
驷马	0.27
恬静	0.27
岁月不饶人	0.27
拉修达	0.27
靠背	0.27
爱丽	0.27
恶贯满盈	0.27
穹	0.27
操持	0.27
街名	0.27
去污剂	0.27
送货上门	0.27
木法沙	0.27
收服	0.27
收摊	0.27
胸椎	0.27
懵懂	0.27
玛婷	0.27
津城	0.27
胰腺炎	0.27
瓮中之鳖	0.27
肯诺比	0.27
词藻	0.27
举家	0.27
水龙带	0.27
接地	0.27
政硕	0.27
同喜	0.27
菲迪尔	0.27
告慰	0.27
成宇	0.27
鞭笞	0.27
光华	0.27
众望	0.27
演算	0.27
日晷	0.27
玛利	0.27
酸菜	0.27
杂役	0.27
各取所需	0.27
偏颇	0.27
昂起	0.27
罗索	0.27
入境者	0.27
护法	0.27
一幕幕	0.27
罗翰	0.27
疾患	0.27
阿巴朗尼	0.27
堤岸	0.27
侧影	0.27
抄录	0.27
绺	0.27
推力	0.27
简娜特	0.27
双学位	0.27
昏天黑地	0.27
声援	0.27
达奈尔	0.27
四周围	0.27
伶牙俐齿	0.27
阿拉伯文	0.27
萨博	0.27
悄悄地	0.27
品茶	0.27
蒙特洛	0.27
防尘	0.27
相抵	0.27
求雨	0.27
交响	0.27
圣弗朗西斯	0.27
撂下	0.27
一丝丝	0.27
生产总值	0.27
欠佳	0.27
巴基	0.27
先遣队	0.27
黑云	0.27
珍静	0.27
热销	0.27
参议会	0.27
正规军	0.27
冷却器	0.27
立川	0.27
芬威	0.27
迪特里希	0.27
人烟	0.27
内河	0.27
都安	0.27
没头没脑	0.27
首饰盒	0.27
西摩	0.27
健身器	0.27
罗奇	0.27
阿拉伯人	0.27
睁眼瞎	0.27
一堆堆	0.27
泉源	0.27
瑞姆斯	0.27
繁多	0.27
吼声	0.27
体恤衫	0.27
布朗斯基	0.27
西西里岛	0.27
郭文迪	0.27
贝克斯菲尔德	0.27
天罗地网	0.27
贝尔沃	0.27
考究	0.27
拨云见日	0.27
奥菲莉娅	0.27
学龄	0.27
凡尔登	0.27
老王	0.27
左右开弓	0.27
杜蒂	0.27
谢泼德	0.27
利己	0.27
常佳	0.27
玛莎·斯图尔特	0.27
乘务	0.27
邦·乔维	0.27
净水	0.27
迈克罗夫特	0.27
相依	0.27
乔迁之喜	0.27
眼角膜	0.27
独断专行	0.27
企及	0.27
饷	0.26
醐	0.26
绌	0.26
胴	0.26
二郎	0.24
后手	0.24
慢条斯理	0.24
须知	0.24
苏格兰高地	0.24
萨克森	0.24
不寒而栗	0.24
晟	0.24
效用	0.24
骏河	0.24
朋申	0.24
太岁	0.24
三十三	0.24
大佛	0.24
凯乐	0.24
小量	0.24
废寝忘食	0.24
贤友	0.24
调查表	0.24
大典	0.24
艾里克	0.24
白垩	0.24
三十四	0.24
比格斯	0.24
时间差	0.24
大宇	0.24
忘情	0.24
和面	0.24
坦言	0.24
碰头会	0.24
脑瘫	0.24
烙铁	0.24
真个	0.24
盈余	0.24
躁动	0.24
迪克曼	0.24
布鲁卜尼特	0.24
戒赌	0.24
尤尔根	0.24
谦和	0.24
压惊	0.24
布兰琪	0.24
待办	0.24
伶伶	0.24
审美观	0.24
既有	0.24
另起炉灶	0.24
多尼	0.24
深浅	0.24
举国上下	0.24
百兽	0.24
查票	0.24
威尔·贝克特尔	0.24
猛扑	0.24
灭鼠	0.24
朋克	0.24
大法	0.24
什叶	0.24
外交家	0.24
补牙	0.24
招兵买马	0.24
格瑞克	0.24
不明不白	0.24
生物钟	0.24
鹊	0.24
白眉	0.24
柯尔斯基	0.24
钢锯	0.24
赐教	0.24
查抄	0.24
皮娜	0.24
罗·盖勒	0.24
零四	0.24
发横财	0.24
安于	0.24
豆瓣	0.24
化学系	0.24
折刀	0.24
亲骨肉	0.24
由来已久	0.24
洛克希德	0.24
炯炯有神	0.24
小学校	0.24
奥瑟罗	0.24
热情洋溢	0.24
赖斯	0.24
村冈	0.24
仰卧	0.24
产道	0.24
鹰宝	0.24
角球	0.24
攫	0.24
留影	0.24
期权	0.24
贴画	0.24
脱位	0.24
蓓蓓	0.24
波琳	0.24
豪情	0.24
炒菜	0.24
西莉亚	0.24
解忧	0.24
发式	0.24
该区	0.24
佩格	0.24
运动神经	0.24
阿·凯	0.24
开凿	0.24
克里斯蒂洛	0.24
一般而言	0.24
该地	0.24
矫揉造作	0.24
氟利昂	0.24
吉特	0.24
方才	0.24
钥匙孔	0.24
一窝蜂	0.24
黑潭	0.24
科莉	0.24
原动力	0.24
方方	0.24
春川	0.24
该会	0.24
圣塔莫尼卡	0.24
伺	0.24
豪爽	0.24
喧	0.24
豪猪	0.24
江湖骗子	0.24
电信局	0.24
号召力	0.24
中号	0.24
风景如画	0.24
克拉什	0.24
腕骨	0.24
迁居	0.24
沃尔顿	0.24
莱恩·伯内特	0.24
万金油	0.24
走上	0.24
方可	0.24
羊肉串	0.24
脱氧	0.24
波妮	0.24
格万格	0.24
梅干	0.24
债台高筑	0.24
冬夜	0.24
野驴	0.24
赖丘	0.24
执笔	0.24
方寸	0.24
始料未及	0.24
概述	0.24
琐	0.24
伺服	0.24
持之以恒	0.24
集合论	0.24
换药	0.24
紫丁香	0.24
评测	0.24
扼住	0.24
解禁	0.24
湿乎乎	0.24
牛车	0.24
康斯薇	0.24
布拉德·布拉米什	0.24
设宴	0.24
原教旨主义	0.24
驾机	0.24
尤妮丝	0.24
糖汁	0.24
鏖战	0.24
寇尔森	0.24
涎	0.24
门庭	0.24
佳音	0.24
抒	0.24
钥匙环	0.24
吉尼	0.24
划线	0.24
气势汹汹	0.24
删减	0.24
陆日	0.24
仿效	0.24
油瓶	0.24
发病率	0.24
气阀	0.24
临时性	0.24
墨菲斯托	0.24
弃子	0.24
心慌意乱	0.24
不外乎	0.24
驶进	0.24
商队	0.24
顺流而下	0.24
礼拜日	0.24
阿尔萨斯	0.24
妙手回春	0.24
香烟盒	0.24
战略家	0.24
素有	0.24
金玉良言	0.24
拉里·金	0.24
佳期	0.24
佛朗西斯	0.24
深褐色	0.24
烟草业	0.24
子孙后代	0.24
娜英	0.24
换挡	0.24
科堡	0.24
罗德尼·金	0.24
发髻	0.24
萨奇	0.24
班德拉堡	0.24
杰克·斯坦菲尔德	0.24
留话	0.24
封装	0.24
昌旭	0.24
点射	0.24
四点十五	0.24
满怀信心	0.24
超期	0.24
艾尔维	0.24
仰视	0.24
艳阳	0.24
回头客	0.24
德莱斯戴尔	0.24
谋略	0.24
阿芝台	0.24
迪克史提尔	0.24
进士	0.24
查尔斯·格雷	0.24
加刑	0.24
中选	0.24
商贸	0.24
活脱脱	0.24
商贩	0.24
换牙	0.24
朱斯	0.24
骤雨	0.24
私宅	0.24
歪主意	0.24
榛	0.24
晴美	0.24
出入境	0.24
肯德尔	0.24
克里斯·普莱特	0.24
巡视员	0.24
露普	0.24
内人	0.24
佛里奥	0.24
天时地利	0.24
孵化器	0.24
下酒	0.24
硬邦邦	0.24
空降兵	0.24
跪拜	0.24
靡	0.24
拒付	0.24
门诺	0.24
璐	0.24
汤姆·尼克森	0.24
领赏	0.24
艾塞克斯	0.24
阑	0.24
罗德曼	0.24
香夏子	0.24
斯沃德	0.24
时不再来	0.24
奥德萨	0.24
经久不衰	0.24
贺伯	0.24
下脚	0.24
灵动	0.24
阿尔及利亚人	0.24
伍德海德	0.24
代称	0.24
冷箭	0.24
佛兰克	0.24
爵士乐队	0.24
判若两人	0.24
吉马	0.24
盆景	0.24
德里斯库	0.24
比那奇	0.24
佛洛伊德	0.24
华利山	0.24
萎靡不振	0.24
科比	0.24
交游	0.24
杰思	0.24
贡纳	0.24
佳偶	0.24
鸿运	0.24
太郎	0.24
炎炎	0.24
福佑	0.24
六亲不认	0.24
一万三千	0.24
固守	0.24
伍德兰山	0.24
钢材	0.24
苏伊士	0.24
缓释	0.24
不灵	0.24
阿特丽斯	0.24
逗趣	0.24
口若悬河	0.24
刮胡刀	0.24
肃穆	0.24
普西	0.24
外道	0.24
平均值	0.24
索兰德斯	0.24
贝德福德	0.24
万籁俱寂	0.24
皮纳塔	0.24
进进	0.24
白质	0.24
小修	0.24
魔手	0.24
斯库特	0.24
尤卓斯基	0.24
汗腺	0.24
凯恩达	0.24
试验场	0.24
发展史	0.24
糊涂蛋	0.24
深有感触	0.24
旱地	0.24
卢西	0.24
小名	0.24
笑颜	0.24
魔窟	0.24
总统令	0.24
白银	0.24
铸造厂	0.24
披荆斩棘	0.24
福吉	0.24
古往今来	0.24
树懒	0.24
圣手	0.24
忽必烈	0.24
九又四分之三	0.24
咬定	0.24
大龙	0.24
普鲁	0.24
卫曲德	0.24
树杈	0.24
塔玛拉	0.24
库亚	0.24
小弗	0.24
瑟奇	0.24
补助金	0.24
陈诉	0.24
塞萨	0.24
喷水池	0.24
冢	0.24
小凯	0.24
雷吉娜	0.24
后脚	0.24
艾尔伯特	0.24
不免	0.24
速效	0.24
观察镜	0.24
凌厉	0.24
包罗万象	0.24
树原	0.24
多米妮克	0.24
分拣	0.24
对光	0.24
横竖	0.24
伙同	0.24
念咒	0.24
法国人	0.24
啤酒杯	0.24
圣基	0.24
罗伯特·福特	0.24
速滑	0.24
涤纶	0.24
奴婢	0.24
樵夫	0.24
赏钱	0.24
小原	0.24
位列	0.24
露马脚	0.24
小爱	0.24
煞笔	0.24
朴顺玉	0.24
蒜头	0.24
俨然	0.24
销售一空	0.24
约翰尼·诺克斯维尔	0.24
粗大	0.24
养料	0.24
圣代	0.24
史密森尼	0.24
维廉姆斯	0.24
冰点	0.24
两性人	0.24
喀拉克	0.24
根茎	0.24
染发剂	0.24
奥莱克	0.24
刨子	0.24
教职员	0.24
路易斯安娜	0.24
三角架	0.24
校样	0.24
打场	0.24
脚注	0.24
炉火纯青	0.24
受限	0.24
车棚	0.24
皱褶	0.24
气团	0.24
陆海空	0.24
蜂箱	0.24
喜帖	0.24
埃里斯特·约翰逊	0.24
家庭妇女	0.24
戴安·赫斯利	0.24
有赖于	0.24
帕尔帕丁	0.24
饕	0.24
磕磕绊绊	0.24
戴纳	0.24
反串	0.24
攻击力	0.24
出港	0.24
开快车	0.24
交换机	0.24
瑞扎克	0.24
奥萨	0.24
戴特	0.24
山沟	0.24
远渡重洋	0.24
飘然	0.24
节操	0.24
广为	0.24
夏洛特·沃伦	0.24
僚	0.24
孤陋寡闻	0.24
尹西	0.24
李美娟	0.24
金实长	0.24
希克	0.24
女人家	0.24
欧娜	0.24
锅盖	0.24
生产力	0.24
项背	0.24
莎丁卡	0.24
斯巴达克斯	0.24
柔情似水	0.24
蛙泳	0.24
毎	0.24
壮丁	0.24
回望	0.24
父老	0.24
榜上有名	0.24
哈维·肖恩	0.24
甥	0.24
有说有笑	0.24
履历表	0.24
光鲜	0.24
舍瓦	0.24
卡马乔	0.24
科雷顿	0.24
圣战	0.24
账面	0.24
药费	0.24
莫伊帕	0.24
萨利·迈克尔斯	0.24
催化	0.24
托尼·怀特	0.24
比比皆是	0.24
星相	0.24
卒子	0.24
回流	0.24
登记簿	0.24
诀	0.24
丁峰	0.24
适量	0.24
公开化	0.24
阴历	0.24
违约金	0.24
自然光	0.24
强占	0.24
礼花	0.24
哗哗	0.24
剧照	0.24
文人	0.24
林里	0.24
阿哈	0.24
黎斯特	0.24
笑纳	0.24
牵动	0.24
莫若	0.24
记挂	0.24
不可动摇	0.24
旧石器	0.24
不得要领	0.24
浸水	0.24
齐齐	0.24
唱对台戏	0.24
淫书	0.24
杰库拉	0.24
莫菲	0.24
乙醚	0.24
乙酸	0.24
出山	0.24
电鳗	0.24
小帽	0.24
桑尼·利斯顿	0.24
山岗	0.24
居心不良	0.24
公制	0.24
普鲁斯特	0.24
出家	0.24
攻击机	0.24
油渍	0.24
挥泪	0.24
踏平	0.24
街头巷尾	0.24
帕西法尔	0.24
克罗维斯	0.24
经销	0.24
塞伦斯奥	0.24
冰沙	0.24
定量	0.24
官长	0.24
海陆空	0.24
鸣谢	0.24
风风火火	0.24
达林	0.24
神来之笔	0.24
怯	0.24
败落	0.24
分外	0.24
米特	0.24
獒	0.24
伊帕	0.24
米粉	0.24
奥格塔	0.24
鲁大九	0.24
音带	0.24
内兹辛斯基	0.24
凹凸	0.24
场下	0.24
日场	0.24
大吉大利	0.24
麦罗	0.24
身受	0.24
左耳	0.24
冈特尔	0.24
悠扬	0.24
修身	0.24
埃莉诺尔	0.24
马库加	0.24
羟基	0.24
墨西拿	0.24
洪亮	0.24
货摊	0.24
贮存	0.24
施威	0.24
烈莉	0.24
维默·斯科特	0.24
酸甜苦辣	0.24
突进	0.24
敬君	0.24
做起	0.24
蹋	0.24
半边天	0.24
试射	0.24
晓熙	0.24
梨树	0.24
平心而论	0.24
秉性	0.24
挽具	0.24
首次	0.24
罗赫里奥	0.24
维廷顿	0.24
花前月下	0.24
普罗西莫	0.24
自述	0.24
旁若无人	0.24
医疗站	0.24
前生	0.24
新罕布什尔	0.24
大红人	0.24
搭界	0.24
纲领	0.24
安托瓦内特	0.24
米克邓迪	0.24
货场	0.24
庄介	0.24
黄绿色	0.24
返家	0.24
话家常	0.24
理论课	0.24
恩俊	0.24
遥遥	0.24
一万八	0.24
理查兹	0.24
滚轮	0.24
影坛	0.24
纽华克	0.24
影业	0.24
轻手轻脚	0.24
哀怨	0.24
马科夫斯基	0.24
债权人	0.24
贝瑞塔	0.24
诗作	0.24
恩麦特	0.24
生长激素	0.24
志愿军	0.24
他指	0.24
恶运	0.24
大志	0.24
波特卡洛斯	0.24
夕阳西下	0.24
风靡一时	0.24
森警	0.24
炼铁	0.24
高不可攀	0.24
纪念章	0.24
沙利文	0.24
说情	0.24
活页夹	0.24
哈扎拉	0.24
沉湎	0.24
尖刀	0.24
麦地	0.24
鐵	0.24
打群架	0.24
埃维塔	0.24
中村幸	0.24
小崔	0.24
雨露	0.24
狄金森	0.24
隘口	0.24
和亲	0.24
金佛	0.24
铺开	0.24
弗兰德斯	0.24
心旷神怡	0.24
粽子	0.24
正宇	0.24
放牛	0.24
自持	0.24
喜新厌旧	0.24
驻留	0.24
志在必得	0.24
言非	0.24
诺克斯堡	0.24
场主	0.24
热力学	0.24
放空	0.24
闭目	0.24
市镇	0.24
附有	0.24
人情债	0.24
管委会	0.24
肉品	0.24
柰	0.24
欧德尔	0.24
五花肉	0.24
亚拉巴马州	0.24
有机化学	0.24
莉莉思	0.24
贾布丽亚	0.24
附笔	0.24
自治区	0.24
奥黛丽·伍兹	0.24
瓦伦	0.24
格罗丽雅	0.24
姨丈	0.24
能言善辩	0.24
金奖	0.24
紧迫感	0.24
正统派	0.24
各样	0.24
金塔	0.24
孟肯	0.24
恶斗	0.24
霍雷肖	0.24
蕨	0.24
楔子	0.24
船桅	0.24
不懈努力	0.24
信义	0.24
弗兰克兰	0.24
自知	0.24
为之一振	0.24
阿比西纳斯	0.24
心花怒放	0.24
热热闹闹	0.24
光怪陆离	0.24
定于	0.24
萨尔玛·海耶克	0.24
乘风破浪	0.24
急病	0.24
发报机	0.24
伊默森·卡德	0.24
擀面杖	0.24
青鱼	0.24
丧钟	0.24
艾斯伯瑞	0.24
该州	0.24
阴阳怪气	0.24
凯特·拜茨	0.24
烟幕弹	0.24
电子眼	0.24
杜瑞	0.24
交流会	0.24
米阳	0.24
巴比琼斯	0.24
金正	0.24
边疆	0.24
丽迪雅	0.24
安德托利	0.24
喉头	0.24
鲍伊	0.24
纳米比亚	0.24
伊贺	0.24
严明	0.24
渡边	0.24
食量	0.24
军令	0.24
弗兰克林	0.24
桑拿浴	0.24
克族	0.24
衣饰	0.24
正片	0.24
罗伊斯	0.24
修甲	0.24
一气之下	0.24
拉威尔	0.24
金婚	0.24
尼克尔斯	0.24
克纳	0.24
中间商	0.24
白花花	0.24
满盘皆输	0.24
证者	0.24
刺激性	0.24
格雷索恩	0.24
之和	0.24
惊人之举	0.24
哈廷治	0.24
挥金如土	0.24
网坛	0.24
钓具	0.24
影露	0.24
扎兹拉	0.24
詹姆斯柯尔	0.24
手钻	0.24
益智	0.24
同船	0.24
车底	0.24
相关性	0.24
附录	0.24
特里莎	0.24
棱镜	0.24
纽西兰	0.24
蛾子	0.24
迺	0.24
金盾	0.24
祖默	0.24
卡瑟琳	0.24
不来梅	0.24
六十万	0.24
八千万	0.24
索拉娜	0.24
肉末	0.24
谷巴	0.24
会客厅	0.24
艾斯伯格	0.24
罗穆勒斯	0.24
一口咬定	0.24
侯赛因	0.24
放毒	0.24
旮旯	0.24
心静	0.24
名句	0.24
只言片语	0.24
佑宰	0.24
空车	0.24
逡	0.24
住店	0.24
玛格丽特·阿尔维利	0.24
乔瑟夫	0.24
俞	0.24
水电费	0.24
惟妙惟肖	0.24
夺魁	0.24
贝基·乔治	0.24
纠察	0.24
一席话	0.24
好生	0.24
均分	0.24
马斯格雷夫	0.24
海杰	0.24
殒命	0.24
阿联酋	0.24
萨福克	0.24
旅游车	0.24
老谋深算	0.24
布赖特怀斯	0.24
弗莱克	0.24
王中之	0.24
统制	0.24
尤兰达	0.24
药粉	0.24
面纸	0.24
电炉	0.24
打胎	0.24
跳鼠	0.24
泰瑞莎	0.24
滑冰鞋	0.24
库赛尔	0.24
水上飞机	0.24
好望角	0.24
弗莱多	0.24
泰文	0.24
亚历山德拉	0.24
龙骨	0.24
马尔济斯	0.24
云雾	0.24
牟取暴利	0.24
穆特	0.24
唉声叹气	0.24
铁片	0.24
古时候	0.24
斯蒂姆	0.24
亚瑟·哈勒姆	0.24
退兵	0.24
浓重	0.24
报偿	0.24
曼特多	0.24
夏洛特维尔	0.24
里间	0.24
尕	0.24
禅师	0.24
瞎蒙	0.24
深入人心	0.24
学术性	0.24
苏格·耐	0.24
卡利诺	0.24
卓琴	0.24
里道	0.24
添南	0.24
希塔努希塔	0.24
哈玛·科洛拉	0.24
家康	0.24
椰林	0.24
靛蓝	0.24
奥机	0.24
家元	0.24
进口货	0.24
桁	0.24
鸬鹚	0.24
时势	0.24
影视界	0.24
盗汗	0.24
局促不安	0.24
劳莉	0.24
效能	0.24
好事多磨	0.24
马耳他	0.24
药学	0.24
丁尼生	0.24
世界史	0.24
莱兹	0.24
待业	0.24
低洼	0.24
纸醉金迷	0.24
耀目	0.24
手提式	0.24
堆砌	0.24
答非所问	0.24
赌博机	0.24
跨栏	0.24
头胎	0.24
悬停	0.24
髂骨	0.24
友子	0.24
瑞米·布里桑特	0.24
电视塔	0.24
拆封	0.24
变速	0.24
诺卡特	0.24
统筹	0.24
弗海顿	0.24
小红	0.24
檀	0.24
嘉奇	0.24
出题	0.24
元勋	0.24
世美	0.24
需求量	0.24
斯歇尔	0.24
卡尔·麦卡弗雷	0.24
教务长	0.24
思思	0.24
施政	0.24
长条	0.24
卡麦克	0.24
伯仲	0.24
创立者	0.24
熟记	0.24
乔舒亚	0.24
战船	0.24
开垦	0.24
明珠	0.24
晶莹	0.24
秘史	0.24
勇斗	0.24
一万六千	0.24
一见倾心	0.24
郑顺贞	0.24
福尔松	0.24
山默尔·拉莫斯	0.24
希尔伯特	0.24
肖普	0.24
建筑群	0.24
道道	0.24
阿登	0.24
纳瓦霍	0.24
锈迹	0.24
养殖场	0.24
阿班	0.24
深红	0.24
徒有虚名	0.24
查梅尔	0.24
道顿	0.24
牙痛	0.24
珍娜·林克	0.24
五时	0.24
归纳	0.24
滚珠	0.24
孚	0.24
棉被	0.24
阿笙	0.24
艾德里安	0.24
嗝儿	0.24
特伦顿	0.24
盐巴	0.24
十四日	0.24
小便宜	0.24
犹疑	0.24
采光	0.24
无名之辈	0.24
居民楼	0.24
秀彬	0.24
世风日下	0.24
参加者	0.24
希尔德加德	0.24
正月	0.24
艾德蒙苏瓦尼	0.24
臭骂	0.24
莫罕默德	0.24
寿衣	0.24
容身之地	0.24
煤灰	0.24
即日	0.24
罗纳德·里根	0.24
爱国心	0.24
晨练	0.24
阿丰	0.24
史帝芬	0.24
崇兆	0.24
志郎	0.24
锡南	0.24
版块	0.24
桑提尼	0.24
曲柄	0.24
神崎	0.24
第一百	0.24
简洁明了	0.24
马克威	0.24
五代	0.24
世交	0.24
寿终正寝	0.24
希什	0.24
密林	0.24
弗奈尔	0.24
话不投机	0.24
欣欣	0.24
克里斯廷	0.24
挂历	0.24
毡帽	0.24
协和	0.24
阿弟	0.24
技高一筹	0.24
稳扎稳打	0.24
凉菜	0.24
当头棒喝	0.24
茅房	0.24
知无不言	0.24
托拜厄斯	0.24
决非	0.24
关颖珊	0.24
牙关	0.24
铜臭	0.24
安藤纪夫	0.24
全县	0.24
合家	0.24
氚	0.24
主语	0.24
主讲	0.24
塔兰特	0.24
灯管	0.24
特效药	0.24
泰沃	0.24
罗莎莉	0.24
互为	0.24
海法	0.24
普瑞斯	0.24
相濡以沫	0.24
财运	0.24
巨著	0.24
由始至终	0.24
隔离带	0.24
激酶	0.24
有效性	0.24
贝克特	0.24
史实	0.24
簇拥	0.24
史奇	0.24
万达	0.24
江河	0.24
特等	0.24
泰纳	0.24
莺	0.24
马基雅弗利	0.24
拉曼	0.24
生息	0.24
查基·诺里斯	0.24
扑鼻	0.24
旅游业	0.24
谓语	0.24
清心	0.24
泰特	0.24
朗尼	0.24
史毕兹	0.24
便笺	0.24
故弄玄虚	0.24
学以致用	0.24
鸡舍	0.24
局限性	0.24
远近	0.24
绮	0.24
瓦利	0.24
小数点	0.24
照直	0.24
怀亚特·博斯	0.24
篡权	0.24
朱力安	0.24
基诺	0.24
青草地	0.24
万般	0.24
海瑞	0.24
阿卡门拉	0.24
多汉姆	0.24
际遇	0.24
营养学	0.24
不谋而合	0.24
攀越	0.24
皮耶	0.24
泪汪汪	0.24
景气	0.24
草菅人命	0.24
等闲之辈	0.24
歌厅	0.24
反诉	0.24
巡礼	0.24
造价	0.24
簧	0.24
斯塔希	0.24
浩大	0.24
下城区	0.24
奥尔多	0.24
圣迪亚哥·蒙尼兹	0.24
红粉	0.24
电动机	0.24
斯顿	0.24
史恩	0.24
红票	0.24
全线	0.24
克里夫德·艾尔文	0.24
删节	0.24
小老婆	0.24
军旗	0.24
磁共振	0.24
枕套	0.24
一拍即合	0.24
比利·雷·波普	0.24
柔嫩	0.24
提格	0.24
政治化	0.24
希伯来文	0.24
痤疮	0.24
红星	0.24
古斯塔	0.24
李顺	0.24
英名	0.24
疆域	0.24
责令	0.24
催眠曲	0.24
拨给	0.24
莱斯特雷德	0.24
矩形	0.24
欠账	0.24
诡	0.24
薄荷油	0.24
军犬	0.24
石秋	0.24
工大	0.24
泪光	0.24
亚诺士·沃克	0.24
英子	0.24
奥塞罗	0.24
榎	0.24
达里尔	0.24
马修·派瑞	0.24
乳品	0.24
不辞劳苦	0.24
事变	0.24
秋日	0.24
叶县	0.24
惟利是图	0.24
军训	0.24
乌尔	0.24
玛莉娅	0.24
京淑	0.24
闪电战	0.24
知根知底	0.24
百战百胜	0.24
埃尔顿·约翰	0.24
比尔·格兰特	0.24
琼纳	0.24
玛莉塔	0.24
盖德兰	0.24
金治城	0.24
振兴	0.24
帕布罗·毕加索	0.24
氖	0.24
斯泰丝	0.24
乌兹	0.24
乏力	0.24
良策	0.24
味精	0.24
焉知非	0.24
红蓝	0.24
候诊	0.24
荔枝	0.24
嘬	0.24
费勒	0.24
斯旺	0.24
子鸡	0.24
艾琳娜	0.24
镉	0.24
怦	0.24
购买者	0.24
充数	0.24
免予	0.24
费立斯	0.24
答道	0.24
南斯	0.24
索比	0.24
鉴赏力	0.24
别动队	0.24
瑞里克	0.24
荨	0.24
烧香	0.24
争抢	0.24
香油	0.24
试探性	0.24
玩花招	0.24
温布尔顿	0.24
攀上	0.24
拉拉扯扯	0.24
上端	0.24
遣散费	0.24
鸡窝	0.24
唐森	0.24
颓	0.24
河面	0.24
松下	0.24
秘而不宣	0.24
图示	0.24
示波器	0.24
布兰尼亚	0.24
汉伯弗鲁	0.24
乌福	0.24
档案柜	0.24
威尔奇	0.24
江陵	0.24
罗里克	0.24
梵文	0.24
浅野	0.24
弗莱德利	0.24
问安	0.24
琼恩	0.24
乔治华盛顿	0.24
唐木	0.24
埃奇伍德	0.24
快手	0.24
南城	0.24
防锈	0.24
鲜汤	0.24
夏时制	0.24
海葵	0.24
高佛瑞	0.24
愧对	0.24
克拉克夫	0.24
小霸王	0.24
特拉基	0.24
京子	0.24
迈开	0.24
海顿	0.24
茶碗	0.24
珍妮·杰克逊	0.24
参观者	0.24
垂钓	0.24
南侧	0.24
蒙赫	0.24
克琪顿	0.24
研讨班	0.24
海量	0.24
黑斯廷斯	0.24
解手	0.24
照面	0.24
暖气片	0.24
生离死别	0.24
拉贝	0.24
留学生	0.24
财神	0.24
何其	0.24
威名	0.24
水行侠	0.24
企望	0.24
艾博特	0.24
楝	0.24
非理性	0.24
公义	0.24
哈维耶	0.24
防滑链	0.24
阿尔比恩	0.24
染色剂	0.24
泰德·琼斯	0.24
开闸	0.24
谙	0.24
闲不住	0.24
何塞	0.24
多尔	0.24
威廉·舒曼	0.24
瑰宝	0.24
漆工	0.24
威姆	0.24
指挥棒	0.24
国事	0.24
康芒斯	0.24
勒维奥萨	0.24
艾里莎	0.24
事不宜迟	0.24
通读	0.24
结痂	0.24
杰维	0.24
卅	0.24
凉气	0.24
公堂	0.24
国君	0.24
恒心	0.24
爱沙尼亚	0.24
杰罗姆	0.24
冻土	0.24
人愿	0.24
写字楼	0.24
莱瓦	0.24
菜名	0.24
熟客	0.24
尼可勒梅	0.24
榕树	0.24
国宴	0.24
柯克兰	0.24
惦念	0.24
艾芙	0.24
应接不暇	0.24
弗列德	0.24
施洛摩	0.24
阿姆利则	0.24
结缘	0.24
战国	0.24
瑞典队	0.24
吉隆坡	0.24
坚韧不拔	0.24
急不可耐	0.24
幸运者	0.24
门将	0.24
一二一	0.24
感召	0.24
巴拿马人	0.24
普朗姆	0.24
查理斯	0.24
柚木	0.24
熏鱼	0.24
阿贵	0.24
选修课	0.24
甘比超	0.24
病原菌	0.24
阿訇	0.24
威立	0.24
稣	0.24
倾斜度	0.24
帕莫拉	0.24
克兰福德	0.24
哈里森·福特	0.24
秀贞	0.24
老江湖	0.24
拔腿	0.24
月末	0.24
佐治	0.24
顶灯	0.24
大腹便便	0.24
结块	0.24
沃格	0.24
穆纳迪	0.24
髂	0.24
玛格丽	0.24
帕西	0.24
吉忠	0.24
破折号	0.24
善彩	0.24
归顺	0.24
奶罩	0.24
扯皮	0.24
巧手	0.24
水泄不通	0.24
起用	0.24
格林尼治	0.24
迷途知返	0.24
远胜	0.24
耐人寻味	0.24
约翰·法利	0.24
波斯尼亚人	0.24
利维	0.24
亘	0.24
梅蒂森	0.24
子系统	0.24
年假	0.24
攻防	0.24
艾尔帕索	0.24
斯蒂芬·蒙哥墨利	0.24
勉为其难	0.24
泥沙	0.24
夜深人静	0.24
福梅威尔	0.24
辉灿	0.24
秽语	0.24
坎巴	0.24
入籍	0.24
詹尼	0.24
作古	0.24
花拳	0.24
粮票	0.24
马丁尼	0.24
蜡笔画	0.24
信手拈来	0.24
阿萨莉娅	0.24
诺克斯维尔	0.24
事假	0.24
亚里桑	0.24
远郊	0.24
景民	0.24
词曲	0.24
旁观者清	0.24
词条	0.24
一筹	0.24
餐盒	0.24
贞烈	0.24
高架桥	0.24
窥见	0.24
拨动	0.24
恒温器	0.24
黄石	0.24
辅音	0.24
韩森	0.24
古尔德	0.24
王薇薇	0.24
老酒	0.24
劳教	0.24
基兰	0.24
盖里	0.24
预展	0.24
敏琼	0.24
名符其实	0.24
事必躬亲	0.24
格兰茨	0.24
杯水车薪	0.24
辛辛	0.24
新装	0.24
脊椎动物	0.24
入梦	0.24
斯普林特	0.24
忙音	0.24
果蔓	0.24
弱化	0.24
百分之一百	0.24
三美	0.24
查尔斯·法默尔	0.24
讴	0.24
活结	0.24
石子路	0.24
塔尼亚	0.24
害人不浅	0.24
征婚	0.24
凡·帕理斯	0.24
美奂	0.24
科纳瓦	0.24
子甲	0.24
慢性病	0.24
拳术	0.24
艾弗格拉	0.24
磨光	0.24
美不胜收	0.24
红褐色	0.24
众怒	0.24
贝多	0.24
巴尔莫勒尔堡	0.24
糠	0.24
报幕员	0.24
千古	0.24
年礼	0.24
诺维亚	0.24
汤姆·鲍德温	0.24
疏导	0.24
花布	0.24
学府	0.24
辩证法	0.24
桑普森	0.24
应运而生	0.24
占领区	0.24
穿针引线	0.24
阿尔维利	0.24
拐卖	0.24
李冬华	0.24
多莉·帕顿	0.24
一则	0.24
阶下囚	0.24
探明	0.24
词义	0.24
词人	0.24
大粪球	0.24
无悔	0.24
凯蒂·海伦	0.24
入世	0.24
随笔	0.24
迈克埃尔罗伊	0.24
安营扎寨	0.24
浮士德	0.24
相让	0.24
帕特里克·达菲	0.24
疾风	0.24
接连不断	0.24
东窗事发	0.24
珍重	0.24
阿克曼斯	0.24
马山	0.24
李明	0.24
新闻奖	0.24
罗宾森	0.24
外交辞令	0.24
学好	0.24
葛兰·卡斯提斯	0.24
约伯	0.24
塞奥顿	0.24
营业员	0.24
胡涂	0.24
久经沙场	0.24
抢镜头	0.24
圣塔安纳	0.24
维克特·那拉摩尔	0.24
马吉	0.24
艾美里欧	0.24
瑟姆拉	0.24
本家	0.24
泮	0.24
单刀直入	0.24
生意经	0.24
高亢	0.24
破釜沉舟	0.24
艾萨克·门德斯	0.24
水闸	0.24
比克	0.24
马号	0.24
佳文·哈里斯	0.24
脚蹼	0.24
稻米	0.24
琦玉县	0.24
法衣	0.24
鄂	0.24
马仕	0.24
逃难	0.24
沆瀣一气	0.24
花坛	0.24
约翰斯顿	0.24
学名	0.24
童心	0.24
偏狭	0.24
麦克伦	0.24
练功房	0.24
桑纳	0.24
绑票	0.24
笑里藏刀	0.24
塔科曼·马什	0.24
萨莫艾尔	0.24
降半旗	0.24
容培	0.24
投宿	0.24
成俊	0.24
奥丽芙	0.24
加莱蒂	0.24
有滋有味	0.24
谢国士	0.24
藤川	0.24
波弗特	0.24
马瑞哥	0.24
殴斗	0.24
菲尔丁	0.24
埃琳	0.24
红薯	0.24
莫提斯	0.24
李东	0.24
老态	0.24
铁棒	0.24
子宫癌	0.24
酸味	0.24
哈洛尔德	0.24
难觅	0.24
乡镇	0.24
玛芬	0.24
痛觉	0.24
率真	0.24
荟	0.24
韦尼	0.24
顺风耳	0.24
卧病	0.24
产权证	0.24
劳伦·艾德里安	0.24
大后天	0.24
格雷琴·维纳斯	0.24
马森	0.24
成家立业	0.24
曼达瓦瑞尔斯	0.24
写本	0.24
僵化	0.24
苏姗	0.24
土语	0.24
威斯特里亚	0.24
分析器	0.24
甲醇	0.24
彼得·柯尔特	0.24
石侠	0.24
牲口棚	0.24
文集	0.24
桑地	0.24
疆	0.24
武者	0.24
褒扬	0.24
斯克兰顿	0.24
佛格迪	0.24
兀鹫	0.24
特平	0.24
航标	0.24
奴隶制度	0.24
土豚	0.24
大将军	0.24
所以然	0.24
土质	0.24
水晶石	0.24
小斯拉	0.24
马尔伯特	0.24
大行其道	0.24
蓝鲸	0.24
妄自菲薄	0.24
填平	0.24
内奥米	0.24
索妮亚	0.24
有线电话	0.24
各个击破	0.24
癔	0.24
僻	0.24
哼唱	0.24
水力	0.24
萨梅·戴维斯	0.24
民俗	0.24
胶皮	0.24
杀气	0.24
养尊处优	0.24
新篇章	0.24
毫秒	0.24
格隆	0.24
职业性	0.24
铭	0.24
干涩	0.24
高压氧	0.24
牧民	0.24
干渴	0.24
郑泰成	0.24
良种	0.24
赫克托·拉沃	0.24
政务	0.24
干爹	0.24
铁栅栏	0.24
耦合	0.24
故地重游	0.24
妄动	0.24
电熨斗	0.24
偏方	0.24
奇洛	0.24
芥蒂	0.24
一年四季	0.24
索菲娅	0.24
安特万	0.24
霍尔德曼	0.24
衣食住行	0.24
布莱克威尔	0.24
余烬	0.24
庆浩	0.24
纳特	0.24
莫里	0.24
支支吾吾	0.24
扫雪	0.24
通气孔	0.24
昌洙	0.24
纳瓦	0.24
成贤	0.24
盒带	0.24
俠	0.24
圣安布鲁斯	0.24
展览品	0.24
卡科	0.24
策反	0.24
琥	0.24
纾	0.24
哈达	0.24
维特维奇	0.24
伯朗特	0.24
伯尔尼	0.24
聪明反被聪明误	0.24
政敏	0.24
阳刚之气	0.24
梅琳娜	0.24
羊绒衫	0.24
蒂尔	0.24
轰隆隆	0.24
得过且过	0.24
六十五	0.24
起床号	0.24
整车	0.24
糖蜜	0.24
软硬兼施	0.24
土堆	0.24
民永	0.24
杀价	0.24
雅纳切克	0.24
背书	0.24
生疑	0.24
菲利克斯	0.24
掩耳盗铃	0.24
惩处	0.24
艾米布朗	0.24
纳威	0.24
桑顿	0.24
宫达	0.24
波斯猫	0.24
法治	0.24
奇事	0.24
布里斯班	0.24
崩裂	0.24
纳布	0.24
凯培斯	0.24
焰	0.24
女秀太	0.24
少佐	0.24
余力	0.24
针脚	0.24
百灵鸟	0.24
布朗尼	0.24
米吉尔	0.24
菲斯克	0.24
鹬	0.24
修车铺	0.24
轱辘	0.24
杀头	0.24
干巴	0.24
水景	0.24
水族	0.24
图姆斯	0.24
流动性	0.24
日方	0.24
紫外	0.24
企求	0.24
一言一行	0.24
每每	0.24
洛伊	0.24
不慌不忙	0.24
任意球	0.24
波罗莫	0.24
伊内兹	0.24
古兰经	0.24
瑞琪	0.24
老乔	0.24
金炯韵	0.24
大头菜	0.24
科丽恩	0.24
丹顿	0.24
横截面	0.24
子集	0.24
每户	0.24
喳喳	0.24
西乐	0.24
堤坝	0.24
拉斐特	0.24
利昂	0.24
过户	0.24
利斯	0.24
阿伦·普拉特	0.24
近视眼	0.24
朱迪亚	0.24
南安	0.24
萨南	0.24
沃连斯基	0.24
洛尼	0.24
沦丧	0.24
柜橱	0.24
假若	0.24
巴利	0.24
步步高	0.24
莫里斯·奥布赖恩	0.24
推介	0.24
露珠	0.24
一步登天	0.24
作用力	0.24
轴线	0.24
江南区	0.24
械斗	0.24
宣传画	0.24
年轮	0.24
柑桔	0.24
爆炸力	0.24
老山	0.24
卓克	0.24
毛毛雨	0.24
疑凶	0.24
个人赛	0.24
费雪	0.24
有轨	0.24
耍猴	0.24
褥	0.24
都宾	0.24
豈	0.24
大马力	0.24
无可比拟	0.24
洛汗	0.24
黄花	0.24
自顾不暇	0.24
法里德	0.24
清晰可见	0.24
几度	0.24
风口	0.24
钟熙	0.24
单性	0.24
海路	0.24
培特	0.24
不期而遇	0.24
再嫁	0.24
考特	0.24
智恩	0.24
湍急	0.24
杰夫·特瑞	0.24
巴格	0.24
迪瑞克	0.24
方杜	0.24
比亚里	0.24
老汉	0.24
倒挂	0.24
盖文	0.24
远洋	0.24
徐熙珍	0.24
学艺	0.24
坑洞	0.24
汤米·唐纳利	0.24
新政	0.24
肾病	0.24
壳牌	0.24
佛斯特	0.24
短兵相接	0.24
罗兰达	0.24
老牛	0.24
天有不测风云	0.24
美誉	0.24
神投手	0.24
声学	0.24
城东	0.24
入股	0.24
粮草	0.24
基特里奇	0.24
馁	0.24
顺境	0.24
风驰电掣	0.24
教育家	0.24
人均	0.24
单簧管	0.24
连贯性	0.24
格罗莉娅	0.24
一针	0.24
襁	0.23
菪	0.23
绉	0.23
怅	0.23
诿	0.23
荽	0.23
斓	0.23
嵩	0.23
芫	0.23
蜃	0.23
皎	0.23
褓	0.23
锵	0.23
编译	0.21
让座	0.21
造假者	0.21
闹饥荒	0.21
小肖	0.21
婚介所	0.21
血红素	0.21
吉村	0.21
小蔡	0.21
太君	0.21
浑然	0.21
十五日	0.21
劫富济贫	0.21
茅塞顿开	0.21
如法炮制	0.21
外币	0.21
介词	0.21
小觑	0.21
我党	0.21
计入	0.21
发明人	0.21
挣开	0.21
房舍	0.21
大杂院	0.21
编者	0.21
斯奎伯	0.21
大件	0.21
凯丁	0.21
音响效果	0.21
四十三	0.21
分布图	0.21
神物	0.21
剧变	0.21
宗派	0.21
雅克·克劳索	0.21
爱瑞丝	0.21
扼	0.21
踏破	0.21
卢丹	0.21
言而有信	0.21
维科	0.21
查尔斯·狄更斯	0.21
犬马之劳	0.21
盂	0.21
拉哥斯	0.21
包里	0.21
吉玛德	0.21
阳间	0.21
外事	0.21
过敏原	0.21
本末倒置	0.21
塔尼斯	0.21
豪威尔	0.21
麦萨姆	0.21
马德琳	0.21
剧增	0.21
后移	0.21
十二指肠	0.21
谛	0.21
二千五百万	0.21
宁波	0.21
双刃剑	0.21
大干	0.21
大忌	0.21
注脚	0.21
连轴转	0.21
集成	0.21
套裤	0.21
比格洛	0.21
拉夫特	0.21
冤家对头	0.21
点到为止	0.21
顾不得	0.21
安君	0.21
斯考比	0.21
不难	0.21
一显身手	0.21
狂跌	0.21
鸿毛	0.21
对齐	0.21
安卡	0.21
普林	0.21
正常值	0.21
联通	0.21
苍蝇拍	0.21
硝酸甘油	0.21
突发性	0.21
步兵师	0.21
苏菲·梅斯	0.21
白棋	0.21
尼多斯	0.21
婚介	0.21
体育部	0.21
外用	0.21
安瓦尔	0.21
行色匆匆	0.21
看押	0.21
查禁	0.21
空哥	0.21
安多	0.21
零两	0.21
发射架	0.21
十五六	0.21
户籍	0.21
停车楼	0.21
查普	0.21
吊钩	0.21
百亿	0.21
约翰·奎恩	0.21
悲恸	0.21
三万五千	0.21
身居	0.21
八面玲珑	0.21
来路	0.21
通讯卫星	0.21
凌迟	0.21
精确度	0.21
弗里西娅	0.21
氩气	0.21
聒	0.21
性器	0.21
奥瑞拉纳	0.21
外文	0.21
冰机	0.21
供求	0.21
吟诵	0.21
医大	0.21
粗重	0.21
葵花子	0.21
购入	0.21
中下	0.21
丟	0.21
贝纳多	0.21
蜡油	0.21
蒙太奇	0.21
萨斯市	0.21
佃农	0.21
蛋清	0.21
风湿病	0.21
吉本	0.21
一千二	0.21
糖厂	0.21
西餐厅	0.21
该剧	0.21
长方形	0.21
霍特	0.21
永济	0.21
姆莱	0.21
朱里斯	0.21
消食	0.21
世珍	0.21
永树	0.21
五十一	0.21
珠光宝气	0.21
雷·波特	0.21
怠	0.21
戚奇	0.21
德雷顿	0.21
范特根	0.21
五十二	0.21
艳阳天	0.21
比利·兰斯	0.21
桑德森	0.21
改革者	0.21
永田	0.21
溪松	0.21
门环	0.21
雨过天晴	0.21
离岗	0.21
慷慨激昂	0.21
加高	0.21
圣希罗	0.21
弗兰克·马丁	0.21
吉田	0.21
塔丝丽玛	0.21
专利局	0.21
彼德	0.21
适配器	0.21
降服	0.21
斜面	0.21
列强	0.21
波曼	0.21
桂淳	0.21
矿泉水瓶	0.21
科诺	0.21
中华	0.21
中古	0.21
卸妆	0.21
体贴入微	0.21
娇弱	0.21
勤务兵	0.21
舞迷	0.21
一星半点	0.21
高尼克	0.21
无可争议	0.21
帕提	0.21
婢女	0.21
旧有	0.21
洛乔斯	0.21
方向舵	0.21
撒播	0.21
滞	0.21
癌变	0.21
无可争辩	0.21
深棕色	0.21
油滑	0.21
罗尼克	0.21
换血	0.21
春游	0.21
续订	0.21
五十分	0.21
愤然	0.21
往复	0.21
惹不起	0.21
马尔文	0.21
牙牙学语	0.21
朝代	0.21
毛糙	0.21
梅勒	0.21
坦尼亚	0.21
滋补	0.21
封皮	0.21
斯帕拉	0.21
离散	0.21
托马斯·杰斐逊	0.21
吃官司	0.21
屈就	0.21
波卡	0.21
中继	0.21
高性能	0.21
中介费	0.21
鲁宾逊	0.21
库克群岛	0.21
历代	0.21
塞德里克·迪戈里	0.21
用膳	0.21
吉吉	0.21
沙发床	0.21
佩兹	0.21
交班	0.21
耗油	0.21
稀饭	0.21
门径	0.21
人多势众	0.21
设在	0.21
多瑙河	0.21
解气	0.21
下作	0.21
发源	0.21
仰泳	0.21
门子	0.21
用血	0.21
地瓜	0.21
萨斯曼	0.21
费尔沃特镇	0.21
希尔提乌斯	0.21
小嘉奇	0.21
斯坦希尔莱斯库	0.21
朝妍	0.21
华特斯	0.21
身体力行	0.21
孟斐斯	0.21
欧米佳	0.21
杰米里	0.21
纪芸	0.21
麦克马那斯	0.21
解铃	0.21
素昧平生	0.21
围观者	0.21
阿格拉	0.21
先验	0.21
菲洛特	0.21
确证	0.21
证婚	0.21
甘浦	0.21
斩钉截铁	0.21
维勒	0.21
帕斯	0.21
对答	0.21
奥利里	0.21
仰面	0.21
鬼节	0.21
蝼蚁	0.21
拗口	0.21
伊丽莎白·泰勒	0.21
娇贵	0.21
科室	0.21
人仰马翻	0.21
千万千万	0.21
扶摇直上	0.21
中考	0.21
管理权	0.21
铸币	0.21
安妮·法兰克	0.21
吉尔斯	0.21
桑达克	0.21
歧	0.21
卡灵	0.21
比弗利山	0.21
加山	0.21
德都	0.21
范海辛	0.21
店家	0.21
英格丽	0.21
加宽	0.21
作品集	0.21
奥德修斯	0.21
该车	0.21
鼻窦炎	0.21
会议厅	0.21
杰里迈亚	0.21
克莱威斯	0.21
钢条	0.21
罗德兹	0.21
明斯克	0.21
侦察员	0.21
用水	0.21
商行	0.21
艾克特	0.21
佛经	0.21
发还	0.21
赶早	0.21
从业者	0.21
户名	0.21
露底	0.21
拉维尔	0.21
宜真	0.21
里脊肉	0.21
仰赖	0.21
淑贤	0.21
种牛	0.21
情话	0.21
赶忙	0.21
加洲	0.21
帕梅	0.21
索尼亚	0.21
使命感	0.21
巴士拉	0.21
钉子户	0.21
问起	0.21
安琪拉	0.21
文森特·里派克	0.21
力拉	0.21
加收	0.21
格林纳达	0.21
惠特尼·休斯顿	0.21
与世无争	0.21
走私案	0.21
铲车	0.21
麦迪·鲍文	0.21
阅兵式	0.21
科曼	0.21
罗莫斯	0.21
钱德拉	0.21
福塔雷萨	0.21
廉洁	0.21
斯冰克	0.21
斯普里兹	0.21
乔科	0.21
抚弄	0.21
黛安娜·丝高莉	0.21
要件	0.21
肱骨	0.21
并拢	0.21
下腹	0.21
克里斯·约翰逊	0.21
滚木	0.21
冬装	0.21
塔尖	0.21
舒尔茨	0.21
本杰明·奥莱安	0.21
内向	0.21
卡子	0.21
阿不思	0.21
形象化	0.21
科兹莫	0.21
沃土	0.21
摩里森	0.21
下装	0.21
克米特	0.21
艾蒂安	0.21
泰利斯	0.21
内勒	0.21
跃起	0.21
钡餐	0.21
瘦肉	0.21
硒	0.21
白肉	0.21
软玉	0.21
供应品	0.21
努尔哈赤	0.21
光气	0.21
费尔曼	0.21
黑板擦	0.21
裂隙	0.21
欧比厄宁	0.21
史帕德	0.21
挥之即去	0.21
拉什莫尔	0.21
克洛斯	0.21
缘于	0.21
子嗣	0.21
约翰·克拉克	0.21
剪草机	0.21
语文课	0.21
弄虚作假	0.21
固化	0.21
持续性	0.21
史蒂芙	0.21
新生代	0.21
座次	0.21
丝高莉	0.21
冰雨	0.21
感恩戴德	0.21
撬杠	0.21
菲茨杰拉德	0.21
布朗什埃	0.21
休闲服	0.21
加博特里斯	0.21
气功	0.21
槐	0.21
泄洪道	0.21
减员	0.21
眼巴巴	0.21
弹子房	0.21
济济一堂	0.21
费里尼	0.21
对流	0.21
里吉斯	0.21
瘦长	0.21
卡鲁瑟	0.21
约翰森	0.21
截击	0.21
查账	0.21
集成电路	0.21
外露	0.21
昆绍	0.21
嗵	0.21
祖仪	0.21
综合性	0.21
食蚁兽	0.21
大饼	0.21
弗隆	0.21
甲安菲他明	0.21
仲介	0.21
阳平	0.21
气度	0.21
回味无穷	0.21
謎	0.21
博大	0.21
卢茜	0.21
闹哄哄	0.21
卢芳	0.21
由美子	0.21
联合体	0.21
含氧量	0.21
重启	0.21
一技之长	0.21
国家机器	0.21
髒	0.21
屡见不鲜	0.21
情爱	0.21
气恼	0.21
克洛依	0.21
红树林	0.21
朴成元	0.21
对弈	0.21
卡尔·艾伦	0.21
旁遮普	0.21
治本	0.21
玻璃缸	0.21
枝节	0.21
呢喃	0.21
带菌者	0.21
东北风	0.21
曼努埃尔	0.21
韩艺媛	0.21
小有名气	0.21
来路不明	0.21
麻黄	0.21
刑房	0.21
炮艇	0.21
羽绒	0.21
柠檬酸	0.21
月工资	0.21
训练馆	0.21
斯莱文	0.21
小泽	0.21
羡	0.21
单人舞	0.21
齐格弗德	0.21
编撰	0.21
养护	0.21
多蒂	0.21
圣佩德罗	0.21
大气压	0.21
交感神经	0.21
小珠	0.21
配有	0.21
旱灾	0.21
乌尔巴诺	0.21
诱导性	0.21
瞻	0.21
布拉德皮特	0.21
圣·克莱尔	0.21
追思	0.21
大卫艾姆	0.21
克劳迪亚斯	0.21
特德·雷	0.21
贝拉芬	0.21
耳濡目染	0.21
防盗门	0.21
福田	0.21
利尿剂	0.21
贺瑞斯·格林	0.21
供电系统	0.21
格洛普	0.21
小罗	0.21
盗窃犯	0.21
百花	0.21
谦让	0.21
仲淑	0.21
痂	0.21
普洛特洛	0.21
什莫	0.21
章鹤洙	0.21
强尼·柯德	0.21
脚气	0.21
头筹	0.21
蝶泳	0.21
孤独感	0.21
霍根	0.21
图杜	0.21
仙乐	0.21
金英姬	0.21
顶叶	0.21
宣示	0.21
寂寥	0.21
佛吉尼亚	0.21
迷惑不解	0.21
马修·麦康纳	0.21
鱼贩	0.21
毒蜘蛛	0.21
什里夫波特	0.21
译文	0.21
打平	0.21
霍华德·森特	0.21
原产地	0.21
光合作用	0.21
奥茨	0.21
赶下台	0.21
埃斯科	0.21
小国	0.21
抵债	0.21
广义	0.21
麦纳斯	0.21
壮年	0.21
霍斯	0.21
催款	0.21
奥齐	0.21
阿基伯	0.21
墨盒	0.21
毅然	0.21
狄林斯	0.21
先拔头筹	0.21
碳素	0.21
雄壮	0.21
西切斯特	0.21
保管人	0.21
泰·克瑞恩	0.21
劳碌	0.21
英哲	0.21
翼龙	0.21
东淑	0.21
钢琴曲	0.21
抽调	0.21
闭幕	0.21
飘散	0.21
脏器	0.21
云团	0.21
丁满	0.21
红光满面	0.21
颠倒黑白	0.21
能歌善舞	0.21
才英	0.21
宝儿	0.21
吝惜	0.21
劳务费	0.21
文尼	0.21
粒细胞	0.21
兰迪尼	0.21
崔浩	0.21
目眩	0.21
血水	0.21
拉斯科	0.21
仙波	0.21
估测	0.21
从新	0.21
卖假	0.21
回游	0.21
男宾	0.21
卖出	0.21
公正性	0.21
霍宾孙	0.21
普利姆顿	0.21
折寿	0.21
弗拉纳根	0.21
拉斯特	0.21
卖国	0.21
重温旧梦	0.21
电解	0.21
科鲁鲁	0.21
有别于	0.21
御寒	0.21
九千万	0.21
星火	0.21
回眸	0.21
灭菌	0.21
纸老虎	0.21
果盘	0.21
山克	0.21
祁洛	0.21
米尔德里德	0.21
打散	0.21
语系	0.21
报考	0.21
大卫赫夫	0.21
文中	0.21
马到成功	0.21
士力架	0.21
转车	0.21
沃特曼	0.21
急救法	0.21
不法分子	0.21
图坦卡门	0.21
比尔·海顿	0.21
转调	0.21
长剑	0.21
牵头	0.21
家臣	0.21
星斗	0.21
出工	0.21
回笼	0.21
血痕	0.21
鬼斧神工	0.21
鸫	0.21
劳勃	0.21
拉依姆	0.21
麦浪	0.21
火上加油	0.21
给定	0.21
映衬	0.21
伊齐基尔	0.21
说和	0.21
骐	0.21
关键字	0.21
斗浩	0.21
令人感动	0.21
朱利安尼	0.21
斯泰恩布鲁	0.21
劫狱	0.21
映象	0.21
下半年	0.21
字头	0.21
偌大	0.21
福加克斯	0.21
杜鹃	0.21
比利·雷	0.21
闲庭信步	0.21
查尔蒙特	0.21
麦泽迪	0.21
包藏	0.21
金花	0.21
伊士	0.21
斗智	0.21
导电性	0.21
言传	0.21
寒毛	0.21
雅芳	0.21
萨拉·考沃斯	0.21
搭伴	0.21
马克德摩特	0.21
雷霆	0.21
手痒	0.21
阿达姆	0.21
双星	0.21
惰性	0.21
一诺千金	0.21
罰	0.21
草本	0.21
蓬头垢面	0.21
肖申克	0.21
恒温	0.21
梅尔罗斯	0.21
幽静	0.21
贬义词	0.21
锰	0.21
电子表	0.21
伊芙琳·马丁	0.21
大笑不止	0.21
曼博	0.21
运输船	0.21
妖孽	0.21
黑河	0.21
霸权	0.21
贝夫	0.21
级数	0.21
贪生怕死	0.21
名酒	0.21
奔逃	0.21
草叶	0.21
肠痉挛	0.21
把子	0.21
看家本领	0.21
博比·德威特	0.21
紧箍咒	0.21
罗素汉蒙	0.21
舅父	0.21
拉路什	0.21
圭亚那	0.21
数亿	0.21
黑木	0.21
恩京	0.21
衣帽	0.21
乔治·汉密尔顿	0.21
绿化	0.21
走马上任	0.21
驱动力	0.21
达伦	0.21
名记者	0.21
桑加娜丽	0.21
威洛纳	0.21
琅琅上口	0.21
距离感	0.21
名菜	0.21
普莱	0.21
毒箭	0.21
范德伍德	0.21
逐客令	0.21
阿基尼斯	0.21
常温	0.21
胆大妄为	0.21
威尔弗雷德·伍德拉夫	0.21
对虾	0.21
字数	0.21
影城	0.21
何顿	0.21
落差	0.21
僮	0.21
诺沃克	0.21
落座	0.21
塔皮汉纳	0.21
动量	0.21
漫无边际	0.21
狡黠	0.21
李尚道	0.21
雨量	0.21
皮科斯	0.21
一般性	0.21
辍	0.21
牌坊	0.21
喉舌	0.21
怀廷	0.21
达峰	0.21
讲解员	0.21
伊阿古	0.21
全身性	0.21
黑豆	0.21
贝尼尼	0.21
顾东雄	0.21
辣手	0.21
柴可撒	0.21
马克思主义者	0.21
肺腑之言	0.21
超短波	0.21
放炮	0.21
风尘	0.21
乔装打扮	0.21
四环素	0.21
声名远播	0.21
步幅	0.21
包伯	0.21
黑话	0.21
恶疾	0.21
远光灯	0.21
左岸	0.21
皮尔维斯	0.21
曼蒙	0.21
铺垫	0.21
风儿	0.21
硌	0.21
正品	0.21
人贩子	0.21
人中	0.21
曼肃	0.21
曼联	0.21
斯特劳斯	0.21
鮎	0.21
剔出	0.21
迪克·利	0.21
英才	0.21
罗伯和	0.21
分水岭	0.21
诈死	0.21
诈欺	0.21
牧童	0.21
柯泰兹	0.21
合奏	0.21
过滤嘴	0.21
罗伯兹	0.21
是是非非	0.21
西蒙·格林	0.21
缝缝补补	0.21
恩内斯	0.21
上下车	0.21
格别乌	0.21
毒酒	0.21
自省	0.21
天寒地冻	0.21
唰	0.21
五六七八	0.21
首日	0.21
史书	0.21
桑弗兰	0.21
卡特莱特	0.21
罗伯斯	0.21
昆塔斯	0.21
首富	0.21
狼獾	0.21
雪亮	0.21
高杜·基	0.21
狼狗	0.21
六亿五千万	0.21
金泰	0.21
六十六	0.21
狼疮	0.21
偿付	0.21
裙带关系	0.21
狭路相逢	0.21
克比	0.21
侦缉	0.21
恫吓	0.21
场次	0.21
萌生	0.21
哥斯	0.21
葛宋	0.21
砂岩	0.21
为时	0.21
筏	0.21
科尔伯特	0.21
三连冠	0.21
焦炭	0.21
乓乓	0.21
特搜部	0.21
彪形大汉	0.21
领带夹	0.21
双肩	0.21
罢免	0.21
误区	0.21
妖言	0.21
粟	0.21
汽化	0.21
正民	0.21
正气	0.21
麦麸	0.21
墨菲·布朗	0.21
首位	0.21
梅德里	0.21
显要	0.21
金童	0.21
鱼刺	0.21
必修课	0.21
责无旁贷	0.21
神采飞扬	0.21
莉娜·梅	0.21
德冈白	0.21
肉感	0.21
老资格	0.21
绿藻	0.21
昆塔纳	0.21
灯红酒绿	0.21
柯文	0.21
附则	0.21
创面	0.21
兽医院	0.21
麦道	0.21
红霉素	0.21
队医	0.21
把舵	0.21
女子组	0.21
海廷斯	0.21
鳗	0.21
米诺	0.21
丛书	0.21
阿克苏	0.21
心音	0.21
克利奥	0.21
韦尔德	0.21
改制	0.21
韩相君	0.21
尹峰	0.21
稻	0.21
祼	0.21
顽	0.21
安洛斯	0.21
道真	0.21
钱德拉·沙瑞西	0.21
炒股	0.21
目镜	0.21
盛况	0.21
反毒	0.21
多特里希	0.21
蓉	0.21
镓	0.21
捐躯	0.21
会社	0.21
木管乐器	0.21
闲适	0.21
沭	0.21
斯塔布斯	0.21
电眼	0.21
万里长城	0.21
师大	0.21
悬空	0.21
特许权	0.21
形变	0.21
电疗	0.21
薄情	0.21
竣工	0.21
鱼市	0.21
金民贞	0.21
核酸	0.21
安珀·威尔森	0.21
李相浩	0.21
婉	0.21
踏踏实实	0.21
投桃报李	0.21
登载	0.21
辩证	0.21
乙炔	0.21
朱利叶斯	0.21
詹姆森	0.21
航天器	0.21
硬干	0.21
古拉格	0.21
荣华富贵	0.21
西尔威斯特	0.21
硬度	0.21
攻坚	0.21
勤勉	0.21
宙	0.21
舍身	0.21
萨克拉曼多	0.21
中城	0.21
宏观	0.21
风华正茂	0.21
安波儿	0.21
各有所长	0.21
游人	0.21
攻心	0.21
酒商	0.21
开发区	0.21
格温·格里森	0.21
轰击	0.21
宪俊	0.21
马其顿人	0.21
梗阻	0.21
妖艳	0.21
悔过书	0.21
斯莱特	0.21
摈弃	0.21
意识流	0.21
束之高阁	0.21
科雷多	0.21
冰棍儿	0.21
酒徒	0.21
费格莱	0.21
立下	0.21
先决条件	0.21
奥玛尔·萨义德·谢赫	0.21
海琳娜	0.21
酿蜜	0.21
巴里·巴蒂耐	0.21
卢切斯	0.21
莱克斯	0.21
进口车	0.21
奥撒	0.21
满天星	0.21
改组	0.21
出言	0.21
汀奇	0.21
通宵达旦	0.21
浦津	0.21
毅迪	0.21
拍卖师	0.21
天蓝色	0.21
爱德蒙德	0.21
省长	0.21
霍顿	0.21
简恩	0.21
电阻	0.21
无可置疑	0.21
伪科学	0.21
捡破烂	0.21
复读	0.21
药师	0.21
橄榄树	0.21
雾蒙蒙	0.21
住校	0.21
治病救人	0.21
科学史	0.21
萍水相逢	0.21
挥汗如雨	0.21
拉斯比尤丁	0.21
锲而不舍	0.21
海克特	0.21
安西	0.21
碧蓝	0.21
嚇	0.21
瓦尔特	0.21
抽样	0.21
桑格利亚	0.21
求胜心	0.21
珠峰	0.21
艾维丝克琪顿	0.21
当月	0.21
巴托克	0.21
公转	0.21
棒冰	0.21
猪肝	0.21
班加罗尔	0.21
冷枪	0.21
病夫	0.21
粕	0.21
人人自危	0.21
克莱格	0.21
平底	0.21
站住脚	0.21
船舷	0.21
冲散	0.21
路易威登	0.21
史密提	0.21
明美	0.21
仓皇	0.21
巨石阵	0.21
路向	0.21
晨光	0.21
热塑性	0.21
明熙	0.21
弗拉	0.21
圆润	0.21
茅厕	0.21
思潮	0.21
波莉·帕金斯	0.21
芳香剂	0.21
焊工	0.21
圆梦	0.21
帕米	0.21
亨利·琼斯	0.21
刀架	0.21
岘港	0.21
费茨帕特里克	0.21
横亘	0.21
乔斯林	0.21
国门	0.21
扩大化	0.21
菏	0.21
盖斯默	0.21
竞走	0.21
列岛	0.21
存量	0.21
腌制	0.21
艾利森	0.21
艾什	0.21
埃克斯	0.21
分身术	0.21
卡西亚斯	0.21
祖玛	0.21
择友	0.21
南诺德	0.21
起重	0.21
伯尔	0.21
舒格	0.21
应力	0.21
乔万尼	0.21
加湿器	0.21
克劳莱镇	0.21
思科	0.21
舱位	0.21
营火	0.21
沃肯	0.21
心功能	0.21
帕特里克·察莫索	0.21
应允	0.21
木讷	0.21
马努斯	0.21
峰顶	0.21
园地	0.21
整齐划一	0.21
艾尔顿约翰	0.21
莫霍特	0.21
通篇	0.21
跋山涉水	0.21
附属物	0.21
可乘之机	0.21
平缓	0.21
板车	0.21
农用	0.21
竜	0.21
玛丽那瓦	0.21
骶骨	0.21
笤帚	0.21
艳光四	0.21
太极拳	0.21
莱诺	0.21
贝斯希尔	0.21
二流子	0.21
帕吉	0.21
翰诚	0.21
白永明	0.21
电容器	0.21
榴霰弹	0.21
安娜·福斯特	0.21
秀兰	0.21
怡然自得	0.21
慧知	0.21
晓普	0.21
石蜡	0.21
李奥纳多	0.21
詹洛威尔	0.21
扮鬼脸	0.21
暮色	0.21
海伦·本森	0.21
阿嚏	0.21
史图	0.21
毁损	0.21
克林斯	0.21
冲压	0.21
科特斯	0.21
虚空	0.21
梦龙	0.21
明代	0.21
韩泰秀	0.21
精确性	0.21
密报	0.21
亚斯敦	0.21
海生	0.21
煤渣	0.21
麦克赖恩	0.21
荣归	0.21
邮政编码	0.21
横杆	0.21
当差	0.21
布鲁图	0.21
巴卡第	0.21
挂失	0.21
阿婆	0.21
批斗	0.21
国境线	0.21
卡迈隆	0.21
达琳·费林	0.21
维尔斯	0.21
合宜	0.21
必斗	0.21
抬杠	0.21
米里亚姆	0.21
鳕	0.21
霍维斯	0.21
壽	0.21
教研室	0.21
绝唱	0.21
提托	0.21
史戴西佩拉塔	0.21
大风大浪	0.21
一霎那	0.21
阿纳托利·马尔科夫	0.21
风餐露宿	0.21
银鱼	0.21
百听不厌	0.21
海江	0.21
泰拉	0.21
果汁机	0.21
扑腾	0.21
迎难而上	0.21
嗓	0.21
玉木	0.21
绝壁	0.21
罗伊·艾伯哈特	0.21
硬纸板	0.21
退伍兵	0.21
大队人马	0.21
纯净水	0.21
邦妮派克	0.21
斯达克韦德	0.21
实证	0.21
拉线	0.21
从严	0.21
冷不丁	0.21
放影机	0.21
亨得森	0.21
布头	0.21
鸡雏	0.21
万贯	0.21
河内	0.21
打官腔	0.21
泰研	0.21
格林威尔	0.21
矿主	0.21
坚冰	0.21
菲利普·鲍尔	0.21
军属	0.21
沙达罗	0.21
邀请信	0.21
露天矿	0.21
军工	0.21
造纸	0.21
警讯	0.21
格兰·弗伊	0.21
张英	0.21
北郊	0.21
风景线	0.21
杯杯	0.21
拉比	0.21
特特	0.21
经营权	0.21
迪莉娅·德雷科特	0.21
英特尔	0.21
玉珍	0.21
微观	0.21
鲜鱼	0.21
卡普契诺	0.21
镖师	0.21
映照	0.21
阿尔冯斯	0.21
嘴快	0.21
鼻祖	0.21
拉克	0.21
读法	0.21
皮蛋	0.21
海产	0.21
大事记	0.21
歌单	0.21
三两	0.21
嗷嗷	0.21
史洛	0.21
散兵游勇	0.21
监察员	0.21
保尔·瑞恩	0.21
无所不有	0.21
台柱	0.21
瓦查	0.21
橙红色	0.21
风口浪尖	0.21
斯塔博	0.21
全称	0.21
皮娜露	0.21
旗语	0.21
经得住	0.21
河川	0.21
军机	0.21
皮赖	0.21
玉帛	0.21
瓦罐	0.21
清真	0.21
五彩缤纷	0.21
锃	0.21
清瘦	0.21
乐歌	0.21
两点一	0.21
韩智媛	0.21
布斯	0.21
跟随者	0.21
赞恩	0.21
合演	0.21
军事学	0.21
篡位	0.21
铅中毒	0.21
闻名遐迩	0.21
难能可贵	0.21
全文	0.21
希利尔	0.21
慌慌张张	0.21
英姿	0.21
红潮	0.21
镜面	0.21
舒麦克	0.21
沃斯沃	0.21
鼻息	0.21
科温·厄尔	0.21
一锤定音	0.21
专座	0.21
朗福	0.21
风机	0.21
债权	0.21
皮拉	0.21
卡明斯	0.21
碱性	0.21
上宾	0.21
上家	0.21
隆之	0.21
公用事业	0.21
鲁索	0.21
欠妥	0.21
虎豹	0.21
军费	0.21
不可逾越	0.21
痛改前非	0.21
基古	0.21
鸡心	0.21
主业	0.21
答话	0.21
辛蒂	0.21
乐不可支	0.21
蕉	0.21
果戈拉克	0.21
卡莫迪	0.21
叙利亚人	0.21
克里奥	0.21
承继	0.21
布拉索斯	0.21
鲜亮	0.21
触景生情	0.21
葛迈茨	0.21
上品	0.21
上坟	0.21
直来直去	0.21
岳利	0.21
专修	0.21
皮猴	0.21
绝育	0.21
闻一闻	0.21
四人帮	0.21
老花镜	0.21
鉴赏家	0.21
禀报	0.21
佛罗诺	0.21
在任	0.21
写意	0.21
工期	0.21
圣何塞	0.21
候车	0.21
邀请赛	0.21
合资	0.21
心悦诚服	0.21
罄	0.21
松紧	0.21
实录	0.21
反目	0.21
末代	0.21
基佛	0.21
连晟	0.21
不可一世	0.21
静寂	0.21
莎拉摩尔	0.21
巨匠	0.21
岳得	0.21
读者群	0.21
否决权	0.21
布衣	0.21
窘	0.21
全貌	0.21
烧饼	0.21
借助于	0.21
叶片	0.21
潵	0.21
故去	0.21
斯勒	0.21
标点符号	0.21
查韦斯	0.21
咏叹调	0.21
不懂装懂	0.21
标兵	0.21
粧	0.21
登月	0.21
斯泰普斯	0.21
灯饰	0.21
快板	0.21
鲁勒	0.21
海老	0.21
克拉特罗斯	0.21
约翰·贝尔	0.21
罗伦多	0.21
杰克·莱利	0.21
美术品	0.21
埃及人	0.21
鸡皮	0.21
万民	0.21
乳香	0.21
本·阿弗莱克	0.21
管家婆	0.21
迪戈里	0.21
举目	0.21
直尺	0.21
亟待解决	0.21
脚脖子	0.21
尼尔森·戴维斯	0.21
倍儿	0.21
便鞋	0.21
朱尔斯	0.21
海鳗	0.21
松劲	0.21
人去楼空	0.21
广角	0.21
蜕	0.21
电子游戏机	0.21
招聘会	0.21
耶哥	0.21
专项	0.21
海金	0.21
罗伦佐	0.21
幼子	0.21
皮姆	0.21
香炉	0.21
允夏	0.21
海防	0.21
妒忌心	0.21
神气活现	0.21
帕姆代尔	0.21
贝利·戈迪	0.21
慢镜头	0.21
维尔马	0.21
泰门	0.21
核物理	0.21
郑勋	0.21
复兴党	0.21
斯万尼	0.21
潜移默化	0.21
女服	0.21
调控	0.21
禁书	0.21
飨	0.21
虚设	0.21
培尔	0.21
操作法	0.21
歹毒	0.21
九日	0.21
天赐	0.21
达克西斯	0.21
阡	0.21
马西莫	0.21
有名无实	0.21
贩枪	0.21
颌	0.21
麂皮	0.21
圣巴特	0.21
土特产	0.21
斯蒂	0.21
收录机	0.21
艾雅	0.21
沃兹	0.21
罗兰多	0.21
怀特伍德	0.21
偎依	0.21
鲁佩兹	0.21
打入冷宫	0.21
建房	0.21
弗莱切尔	0.21
樟脑	0.21
账簿	0.21
辱没	0.21
狄特尔·邓格勒	0.21
结疤	0.21
调理	0.21
钱有权	0.21
善用	0.21
公婆	0.21
畏缩不前	0.21
建构	0.21
斯皮尔曼	0.21
短小精悍	0.21
待人接物	0.21
六四	0.21
防护衣	0.21
埃里·博金	0.21
道家	0.21
呈递	0.21
一片片	0.21
调笑	0.21
真传	0.21
亚瑟·利	0.21
宣传部长	0.21
名不副实	0.21
丑角	0.21
托莉	0.21
比利·巴尔山	0.21
六六	0.21
船木	0.21
粟米	0.21
肥硕	0.21
菲尔德科	0.21
国情	0.21
葡萄藤	0.21
哲英	0.21
殊途同归	0.21
博达村	0.21
金弓	0.21
国教	0.21
拔除	0.21
如雷贯耳	0.21
裤管	0.21
归航	0.21
笔筒	0.21
深谷	0.21
沃登	0.21
升旗	0.21
拔高	0.21
兽王	0.21
东溪松	0.21
干瞪眼	0.21
姬淑	0.21
船民	0.21
查理曼	0.21
六时	0.21
社员	0.21
公愤	0.21
库曼库曼	0.21
海枯石烂	0.21
磁卡	0.21
卡西迪	0.21
大势所趋	0.21
男中音	0.21
结下	0.21
见世面	0.21
襟翼	0.21
卡波埃拉	0.21
普莱西德	0.21
滞纳金	0.21
克丽丝史达琳	0.21
东雄	0.21
丹·杰弗瑞	0.21
安娜贝尔	0.21
垃	0.21
顶盖	0.21
杰姆	0.21
菲罗塔斯	0.21
志保	0.21
何日	0.21
骄阳	0.21
强尼塔皮亚	0.21
箱内	0.21
荻布拉	0.21
服务性	0.21
阿齐姆	0.21
莱娅	0.21
尼科尔森	0.21
拆解	0.21
道白	0.21
白令海峡	0.21
哈利法克斯	0.21
物竞天择	0.21
环卫	0.21
斯基特·布朗森	0.21
衬裙	0.21
罗恩·威尔逊	0.21
沃施	0.21
橡皮擦	0.21
冒号	0.21
延淑	0.21
冷餐	0.21
霍克西	0.21
孔里	0.21
小买卖	0.21
慈母	0.21
发展商	0.21
长龙	0.21
莱卡	0.21
依依不舍	0.21
里维埃拉	0.21
卢欣达	0.21
克拉克森	0.21
唐吉诃德	0.21
还账	0.21
三宝	0.21
有喜	0.21
豁口	0.21
系列赛	0.21
銼	0.21
止息	0.21
远视	0.21
克雷文	0.21
黄疸	0.21
预习	0.21
文实长	0.21
叶原	0.21
停刊	0.21
克雷恩	0.21
麦汤米	0.21
贞淑	0.21
防虫	0.21
边石九	0.21
拳师	0.21
预后	0.21
学籍	0.21
理想国	0.21
入时	0.21
卡姆隆	0.21
工薪阶层	0.21
贞熙	0.21
咄	0.21
气垫船	0.21
序言	0.21
分门别类	0.21
帕提亚	0.21
决策者	0.21
中路	0.21
爱丽卡	0.21
贝提	0.21
奥斯汀·艾姆斯	0.21
喜马拉雅	0.21
拨冗	0.21
编辑部	0.21
杰弗森	0.21
杜博伊斯	0.21
老黄	0.21
词源	0.21
算总账	0.21
增值税	0.21
求学	0.21
普柯	0.21
波拉波	0.21
庞克	0.21
樋	0.21
笑哈哈	0.21
威廉森	0.21
有余	0.21
罩衫	0.21
西餐	0.21
围剿	0.21
单项	0.21
吴玄宇	0.21
离心力	0.21
铜锣	0.21
千惠	0.21
得闲	0.21
防震	0.21
利他林	0.21
阿凡克	0.21
丹特	0.21
馆藏	0.21
子粒	0.21
抽丝	0.21
硫化氢	0.21
群雄	0.21
美尔	0.21
饥民	0.21
伪造品	0.21
一传	0.21
波卡拉顿	0.21
加布里	0.21
妨	0.21
芭洛	0.21
入列	0.21
约翰·霍普金斯	0.21
迪米特洛夫	0.21
克莉奥佩特拉	0.21
八十四	0.21
春暖花开	0.21
子痫	0.21
除却	0.21
醉态	0.21
暴晒	0.21
锡耶纳	0.21
磨刀	0.21
火山灰	0.21
呱呱	0.21
楚楚动人	0.21
部属	0.21
帕丁顿	0.21
范塔索	0.21
听诊	0.21
美兰	0.21
薄脆	0.21
都铎	0.21
招子	0.21
玛丽·安托瓦内特	0.21
斯卡特	0.21
一天	0.21
璐易丝	0.21
苗圃	0.21
韩知赫	0.21
逻辑推理	0.21
参展	0.21
慢车道	0.21
爱立克斯	0.21
躲雨	0.21
对称性	0.21
涉水	0.21
电离	0.21
萨依德	0.21
渐进	0.21
引以自豪	0.21
拉吉曼	0.21
赌咒	0.21
避险	0.21
糊糊	0.21
罗耶	0.21
活页	0.21
拉扎罗斯	0.21
圣莫尼卡	0.21
威尔金斯	0.21
花冠	0.21
驯兽师	0.21
暴烈	0.21
类推	0.21
雷德尔	0.21
凯特尔	0.21
米尔布鲁克	0.21
埃克	0.21
长镜头	0.21
整改	0.21
胖嘟嘟	0.21
水饺	0.21
脑汁	0.21
浅海	0.21
皮包公司	0.21
招工	0.21
爱芙琳	0.21
化脓	0.21
简尼特	0.21
骨质疏松症	0.21
光剑	0.21
安相秀	0.21
百分之二十	0.21
金贤珠	0.21
郎兵卫	0.21
鲁弗斯	0.21
水量	0.21
强酸	0.21
埃娃	0.21
民赫	0.21
赫然	0.21
己所不欲	0.21
宥	0.21
高产	0.21
蒂娜·琼斯	0.21
马兰	0.21
法利德	0.21
弥荣	0.21
旅费	0.21
沃刚人	0.21
高力	0.21
国内外	0.21
个协	0.21
高发	0.21
美杜莎	0.21
衣锦还乡	0.21
莫林·奥弗拉赫蒂	0.21
克莱斯奇	0.21
旧地重游	0.21
生财	0.21
散打	0.21
洛斯阿拉莫斯	0.21
布丽姬	0.21
哈瓦	0.21
价廉物美	0.21
杰亚当斯	0.21
伊拉克人	0.21
贾森耐	0.21
挻	0.21
苏特	0.21
混淆视听	0.21
冷飕飕	0.21
居委会	0.21
浮云	0.21
莫哈	0.21
克罗芙	0.21
一亿七千五百万	0.21
同路	0.21
酸度	0.21
姚明	0.21
马尔可夫	0.21
石圭	0.21
接货	0.21
同辈	0.21
腰子	0.21
格纳	0.21
戴维森	0.21
马群	0.21
雷米	0.21
光缆	0.21
桑丘	0.21
朴哲秀	0.21
复合物	0.21
费利西娅	0.21
戮	0.21
乡里	0.21
石川	0.21
悠然	0.21
约数	0.21
相似性	0.21
顷刻间	0.21
吴镇宇	0.21
帕金斯	0.21
熊市	0.21
越加	0.21
马克思·斯特恩	0.21
玛茜	0.21
惊天地泣鬼神	0.21
干货	0.21
深居简出	0.21
光电	0.21
增殖	0.21
埃罗	0.21
交由	0.21
盘踞	0.21
燕窝	0.21
马泰	0.21
增生	0.21
越位	0.21
胡弗	0.21
格列佛	0.21
钯	0.21
无往不胜	0.21
葛兰尼夫	0.21
果核	0.21
恍	0.21
仙后座	0.21
吾友	0.21
霍伊特	0.21
亨内西	0.21
艾里克斯	0.21
侮辱性	0.21
饭量	0.21
塔图提克	0.21
塔里克	0.21
举目无亲	0.21
散乱	0.21
李尔	0.21
马曼	0.21
仪仗队	0.21
褥子	0.21
超爽	0.21
倒掉	0.21
扎诺	0.21
先睹为快	0.21
马提	0.21
苏克	0.21
县长	0.21
淡漠	0.21
居中	0.21
病状	0.21
有来有往	0.21
高菲	0.21
亚拉冈	0.21
麦克斯·坎皮农	0.21
莫西	0.21
本金	0.21
布坎兰	0.21
爱丽森	0.21
童车	0.21
神剑	0.21
班德尔	0.21
彩照	0.21
透明度	0.21
振荡器	0.21
医学会	0.21
犯愁	0.21
花菜	0.21
水军	0.21
彩纸	0.21
塞姆	0.21
厄丽丝	0.21
札幌	0.21
管制区	0.21
艾普尔	0.21
金像奖	0.21
锅贴	0.21
科拉·考曼	0.21
狐皮	0.21
淡紫	0.21
密密麻麻	0.21
帕吉特	0.21
特鲁迪	0.21
奥科维塔欧	0.21
高难	0.21
马裤	0.21
洛斯克	0.21
家族式	0.21
土木	0.21
观感	0.21
诓	0.21
航路	0.21
尔歌	0.21
阿图罗·班蒂尼	0.21
玛瑞	0.21
民居	0.21
克拉舍戴维斯	0.21
斐然	0.21
伊普斯维奇	0.21
蓝蓝	0.21
汉特	0.21
过街老鼠	0.21
代金	0.21
民船	0.21
泛太平洋	0.21
巩特尔	0.21
美索不达米亚	0.21
比莉	0.21
干红	0.21
压缩性	0.21
互帮互助	0.21
实力派	0.21
爱美	0.21
童子鸡	0.21
病恹恹	0.21
毫厘	0.21
塞牙	0.21
胎动	0.21
杰夫·戈登	0.21
丹尼尔·拉弗第	0.21
同义	0.21
威敏斯特	0.21
陈述句	0.21
水缸	0.21
东柏林	0.21
萨碧恩	0.21
武夫	0.21
奇巧	0.21
奇尔	0.21
少允	0.21
弗朗茨	0.21
鸟群	0.21
弥散	0.21
早川	0.21
得空	0.21
后勤局	0.21
优缺点	0.21
伦纳德	0.21
黄毛丫头	0.21
洗发精	0.21
科洛伊	0.21
阿伯丁	0.21
杰佛森	0.21
汪洋大海	0.21
沙尘	0.21
南卡罗	0.21
坡度	0.21
汉墨	0.21
孙泰	0.21
斯特西	0.21
鬣狗	0.21
利多卡	0.21
淡季	0.21
蒋	0.21
收拢	0.21
水渠	0.21
山德士	0.21
紫外光	0.21
迈克尔·克莱顿	0.21
保护膜	0.21
爱多	0.21
衣阿华	0.21
碰杯	0.21
吉莉安	0.21
何许人也	0.21
法拉	0.21
榴弹炮	0.21
镀金	0.21
日晒	0.21
总务	0.21
帕特洛克罗斯	0.21
慢慢吞吞	0.21
玛努	0.21
爱将	0.21
马德拉斯	0.21
玛卡	0.21
一笑置之	0.21
妄称	0.21
总值	0.21
大礼堂	0.21
围追	0.21
办公厅	0.21
未果	0.21
胆管	0.21
顺慧	0.21
赛琳娜	0.21
悟出	0.21
朴欣苏	0.21
审判员	0.21
怯弱	0.21
推导	0.21
推子	0.21
支那	0.21
萨瑞	0.21
沈大锡	0.21
卡尔曼	0.21
达根	0.21
考勤	0.21
安迪·王	0.21
希克斯潘	0.21
前庭	0.21
阿佛雷德	0.21
唇枪舌剑	0.21
更有甚者	0.21
光秃秃	0.21
邮船	0.21
受惠	0.21
高一	0.21
求解	0.21
赤条条	0.21
埃尔斯佩思	0.21
小住	0.21
孟乔森	0.21
詹妮斯	0.21
相碰	0.21
见方	0.21
源代码	0.21
声息	0.21
巴丹	0.21
矬子	0.21
排戏	0.21
罗洛	0.21
相映	0.21
拉赫曼尼诺夫	0.21
盖娅	0.21
输油	0.21
滑车	0.21
水族箱	0.21
令人神往	0.21
话机	0.21
思波多克斯	0.21
斟酒	0.21
鲁伊兹	0.21
吹号	0.21
沽	0.21
老农	0.21
温妮	0.21
洛娜	0.21
飞檐走壁	0.21
奥莉维亚·泰勒	0.21
弗瑞格诺	0.21
精装	0.21
欧比·旺·科努比	0.21
千变万化	0.21
济慈	0.21
阿尔·帕西诺	0.21
安理会	0.21
百思不得其解	0.21
摇摇摆摆	0.21
铜像	0.21
老崔	0.21
独当一面	0.21
古尔金	0.21
艾米利奥	0.21
远射	0.21
若果	0.21
铜器	0.21
钟琴	0.21
托拉斯	0.21
统帅部	0.21
晚辈	0.21
诽谤罪	0.21
就义	0.21
话中有话	0.21
总领事	0.21
相哲	0.21
泥坑	0.21
寄送	0.21
七八十	0.21
长谷川	0.21
单杠	0.21
茶匙	0.21
鲜有	0.21
地头蛇	0.21
迪罗里安	0.21
粪池	0.21
倒水	0.21
泉涌	0.21
奥森·贝利	0.21
展位	0.21
专营	0.21
紫翼	0.21
省力	0.21
罹难	0.21
备课	0.21
的亚斯	0.21
面善	0.21
贝西	0.21
两千五百	0.21
盖提	0.21
畸形儿	0.21
劫数	0.21
金伯利	0.21
始于足下	0.21
罗南	0.21
科萨夫	0.21
条令	0.21
扫视	0.21
安妮·布拉达克	0.21
锦标	0.21
加来	0.21
听写	0.21
不期而至	0.21
贞雅	0.21
每局	0.21
催眠药	0.21
护墙	0.21
不依不饶	0.21
虹	0.21
新派	0.21
行车道	0.21
随机性	0.21
司法局	0.21
忙乎	0.21
集团公司	0.21
克尼什	0.21
倜	0.21
針	0.21
推托	0.21
海德公园	0.21
慌忙	0.21
挖空心思	0.21
阿尔哈依	0.21
凡尔纳	0.21
测绘	0.21
阿玛德	0.21
分裂主义	0.21
提货	0.21
欠条	0.21
顺延	0.21
寇维尔	0.21
刮刀	0.21
黄鱼	0.21
睡熟	0.21
镍币	0.21
赅	0.21
怏	0.21
娓	0.21
舜	0.21
啾	0.21
筱	0.21
缨	0.21
砺	0.21
葺	0.21
驷	0.19
碜	0.19
榷	0.19
煦	0.19
腴	0.19
纶	0.19
粱	0.19
鳅	0.19
晷	0.19
壑	0.18
会合点	0.18
加菲尔德	0.18
翘首以待	0.18
乔·克拉克	0.18
风情万种	0.18
锐角	0.18
小苏	0.18
莫德	0.18
太和	0.18
帕斯特	0.18
为民除害	0.18
在逃犯	0.18
蠢笨	0.18
出疹子	0.18
楠茜	0.18
鼎立	0.18
汉妮罗尔	0.18
冰岛人	0.18
永往直前	0.18
平滑肌	0.18
校际	0.18
博迪	0.18
雷克斯·潘尼贝克	0.18
横纹肌	0.18
院方	0.18
埃里克·马修斯	0.18
布兰尼	0.18
承租人	0.18
小诚	0.18
大城市	0.18
丹尼·阿彻	0.18
恭贺	0.18
纽贝利	0.18
卡拉·珍	0.18
维柯丁	0.18
外向	0.18
博览	0.18
葛雷格	0.18
介质	0.18
西奥多·罗斯福	0.18
白天鹅	0.18
四十七	0.18
普雷斯科特	0.18
糨糊	0.18
轻音乐	0.18
希姆思	0.18
对比度	0.18
大卡	0.18
丽安	0.18
注资	0.18
欧比·旺·科诺比	0.18
墨克摩	0.18
猛将	0.18
醋栗	0.18
奥克·米·菲	0.18
大城	0.18
欢腾	0.18
模模糊糊	0.18
补品	0.18
丽尔	0.18
咨文	0.18
依存	0.18
气门	0.18
莉西	0.18
四十四	0.18
摇旗呐喊	0.18
讲评	0.18
蓓	0.18
普奇	0.18
泽村	0.18
分布式	0.18
打圆场	0.18
追述	0.18
亚丁	0.18
里德斯多姆	0.18
埃尔默	0.18
安永	0.18
登革热	0.18
初夜权	0.18
醋意	0.18
西科塞斯	0.18
真中	0.18
聚氯乙烯	0.18
周平	0.18
拨浪鼓	0.18
姑爷	0.18
书生	0.18
沃伦·威廉姆斯	0.18
小萝卜	0.18
指印	0.18
套裙	0.18
萨杜恩	0.18
大成	0.18
挖掘机	0.18
乌孙国	0.18
波德克	0.18
联防	0.18
膈膜	0.18
普鲁托	0.18
冰窖	0.18
棋牌	0.18
说空话	0.18
白朗	0.18
安利	0.18
书会	0.18
马鲁奇	0.18
波尔汉森	0.18
爱利克西	0.18
朱尼尔·巴特尔	0.18
大村	0.18
采石	0.18
流行色	0.18
褒贬不一	0.18
闯劲	0.18
凯曼	0.18
人民币	0.18
半生不熟	0.18
额叶	0.18
阅览室	0.18
多心	0.18
冰片	0.18
思绪万千	0.18
格温多林	0.18
铲雪机	0.18
真经	0.18
凸现	0.18
托尼·本尼特	0.18
中介人	0.18
烦忧	0.18
定位仪	0.18
包装箱	0.18
妮娜	0.18
幸惠	0.18
保值	0.18
卡尔文克莱	0.18
贤洁	0.18
大洲	0.18
巧取豪夺	0.18
粉末状	0.18
对证	0.18
歧路	0.18
罗伯特·宾汉姆	0.18
狐假虎威	0.18
吞云吐雾	0.18
乌娜·弗拉科斯	0.18
对角	0.18
差役	0.18
单人床	0.18
盖茨堡	0.18
顾不了	0.18
迈凯	0.18
共和派	0.18
妻室	0.18
棋手	0.18
波宾斯基	0.18
不一会	0.18
孟德尔	0.18
罗贝托	0.18
商务部	0.18
郑延	0.18
军功章	0.18
关西	0.18
福利社	0.18
弗雷多	0.18
后嗣	0.18
白瑞	0.18
勒温斯丁	0.18
图米卡	0.18
彼得·哈克	0.18
闲言闲语	0.18
书卷	0.18
疑心病	0.18
书单	0.18
历尽艰辛	0.18
光闪闪	0.18
大前天	0.18
古格	0.18
待价而沽	0.18
身披	0.18
托特纳姆	0.18
招待所	0.18
泰寿	0.18
杜瓦特	0.18
唐涅格	0.18
法瑞尔	0.18
佛克	0.18
联袂	0.18
露蒂	0.18
电离层	0.18
斜边	0.18
池边	0.18
留堂	0.18
常绿树	0.18
佩林	0.18
忍冬	0.18
封套	0.18
吉瑟拉	0.18
走私船	0.18
肉制品	0.18
谬误	0.18
离任	0.18
着力	0.18
喜笑颜开	0.18
印刷品	0.18
阿比高斯	0.18
厄尼斯	0.18
多尔切斯特	0.18
陆克	0.18
贤一	0.18
上溯	0.18
村夫	0.18
关硕勇	0.18
一应俱全	0.18
梅琪	0.18
退居二线	0.18
吉洙	0.18
卢毅迪	0.18
到货	0.18
留吉	0.18
购得	0.18
森达	0.18
美重子	0.18
五十三	0.18
亚文化	0.18
锉刀	0.18
卡斯托	0.18
永登	0.18
福兰克	0.18
电源线	0.18
桦树	0.18
麦芽糖	0.18
党徒	0.18
纪元	0.18
门生	0.18
降调	0.18
吐字	0.18
僭	0.18
秘书处	0.18
回顾展	0.18
赖特	0.18
封信	0.18
蒙大纳	0.18
奇普·约翰逊	0.18
杰克·罗林斯	0.18
扣杀	0.18
五十五	0.18
中土	0.18
唱工	0.18
中培	0.18
经不住	0.18
苍穹	0.18
艾米罗	0.18
任劳任怨	0.18
村上	0.18
德干	0.18
铩羽而归	0.18
中叶	0.18
中原	0.18
屠戮	0.18
桂楠	0.18
跃动	0.18
姜奉求	0.18
佛蒙	0.18
一饱眼福	0.18
奠基石	0.18
波形	0.18
意欲	0.18
激进派	0.18
旋涡	0.18
地沟	0.18
夜宿	0.18
拉夫古兹	0.18
德斯	0.18
罗斯纳	0.18
俄军	0.18
专业课	0.18
购票	0.18
生成器	0.18
皮卡丘	0.18
麦卡伦	0.18
朝东	0.18
外交部长	0.18
早班车	0.18
佩丁	0.18
威克多尔	0.18
斯戈玛	0.18
发绿	0.18
间谍网	0.18
迁入	0.18
地摊	0.18
又惊又喜	0.18
费尔法克斯	0.18
加马提尼	0.18
种花	0.18
米其林	0.18
自高自大	0.18
远近闻名	0.18
流星锤	0.18
故友	0.18
本·托马斯	0.18
帕森斯	0.18
赶车	0.18
何约瑟	0.18
唱盘	0.18
西弗吉尼亚州	0.18
希拉里·克林顿	0.18
莫拉	0.18
购房	0.18
一反常态	0.18
雷切尔·吉布森	0.18
苯环	0.18
玛塔·哈里	0.18
贫困线	0.18
普里默斯	0.18
解惑	0.18
佩剑	0.18
茹	0.18
走老路	0.18
老弱病残	0.18
格雷汉姆	0.18
梅修	0.18
愤懑	0.18
引以为戒	0.18
泡泡纱	0.18
帕柯	0.18
佩尼	0.18
祸事	0.18
佩尔	0.18
塞米扬	0.18
克莱尔·雷德菲尔	0.18
慎之又慎	0.18
安塔雷	0.18
大器	0.18
歪打正着	0.18
佩奥	0.18
心领神会	0.18
聚齐	0.18
方向性	0.18
吉布提	0.18
柴尔德	0.18
过犹不及	0.18
范彻	0.18
四弦琴	0.18
舞剧	0.18
稀泥	0.18
笑嘻嘻	0.18
好人好事	0.18
箕	0.18
罗那多	0.18
油路	0.18
贲	0.18
撒腿	0.18
娇虎	0.18
德萨	0.18
远见卓识	0.18
轻生	0.18
评说	0.18
青儿	0.18
费玛莉	0.18
春节	0.18
斯莫勒	0.18
处女地	0.18
谢瑞尔	0.18
焕熙	0.18
笋	0.18
温和派	0.18
影侠	0.18
敏吉	0.18
拉洛克	0.18
动脉硬化	0.18
波里考夫	0.18
喀拉	0.18
科大	0.18
翡	0.18
伊米莉亚	0.18
解馋	0.18
擂台赛	0.18
阿穆特	0.18
怒视	0.18
查理·法默尔	0.18
牛气	0.18
利欲熏心	0.18
机动性	0.18
稀粥	0.18
杜斯·比格洛	0.18
毛色	0.18
旧部	0.18
络腮胡子	0.18
森君	0.18
崔秀珍	0.18
糯米	0.18
斜塔	0.18
葵花籽	0.18
费登丝	0.18
胡格纳	0.18
上十万	0.18
再审	0.18
苏伯金	0.18
仰角	0.18
聚积	0.18
用法	0.18
陶斯	0.18
广播员	0.18
油酥	0.18
帕特森	0.18
阿戴米安	0.18
按摩椅	0.18
奥斯力	0.18
洞开	0.18
入射角	0.18
聘任	0.18
亨迪	0.18
情理之中	0.18
加元	0.18
詹尼弗·托兰	0.18
乃华克	0.18
对角线	0.18
善明	0.18
池水	0.18
布里恩	0.18
肝部	0.18
用地	0.18
鳗鲡	0.18
坎迪丝	0.18
露意	0.18
马祖格兰	0.18
约旦河	0.18
普拉绍夫	0.18
奥黛丽·赫	0.18
一八六四年	0.18
九死一生	0.18
诺伦	0.18
曲谱	0.18
性腺	0.18
无线电报	0.18
豪迈	0.18
艾齐	0.18
加西斯	0.18
维纳	0.18
布里桑	0.18
约翰·杜	0.18
傲视	0.18
乔杰	0.18
奕奕	0.18
拉姆齐	0.18
克莉斯	0.18
阿伯纳	0.18
弗德曼	0.18
格陵兰岛	0.18
讨还	0.18
谢赫·吉拉尼	0.18
离心机	0.18
艾里	0.18
改朝换代	0.18
凯尔索	0.18
遭遇战	0.18
德瑞斯纳	0.18
容积	0.18
诺子	0.18
一把抓	0.18
一把把	0.18
丧家之犬	0.18
极权	0.18
牛乳	0.18
徳	0.18
區	0.18
枣子	0.18
可望而不可及	0.18
布鲁斯韦恩	0.18
肯麦丁利	0.18
夫复	0.18
波西	0.18
维托	0.18
艾拉·海耶斯	0.18
波诺	0.18
佛得角	0.18
褥疮	0.18
二次大战	0.18
契托	0.18
蒙戈马瑞	0.18
客座教授	0.18
弗里斯科	0.18
奥斯特	0.18
自行其是	0.18
跃进	0.18
沃实本	0.18
碑铭	0.18
维克力	0.18
改革派	0.18
卡巴	0.18
吉龙	0.18
姑奶奶	0.18
内力	0.18
维克托·布鲁斯	0.18
艾伯哈特	0.18
麦考菲	0.18
科尔·金	0.18
莱昂纳多	0.18
闸刀	0.18
粗活	0.18
校医	0.18
大虫	0.18
恙	0.18
拦网	0.18
马利曼	0.18
默多克	0.18
理查·摩根	0.18
毕格斯	0.18
兰尼·莫里斯	0.18
斯坦莉	0.18
奇美拉	0.18
剧评	0.18
埃普斯	0.18
格洛克	0.18
烦琐	0.18
重罚	0.18
瓜果	0.18
欢声	0.18
索·迪亚兹	0.18
艾帕索	0.18
差价	0.18
马库斯·杜瓦尔	0.18
冰霜	0.18
辞藻	0.18
殃	0.18
大足	0.18
大跌	0.18
外角	0.18
不料	0.18
生物界	0.18
芒刺在背	0.18
小写	0.18
可欺	0.18
气动	0.18
小半	0.18
明宏	0.18
市中区	0.18
咬合	0.18
阳关	0.18
化学键	0.18
棋艺	0.18
贺苏	0.18
白露	0.18
净资产	0.18
施密茨	0.18
橡实	0.18
不拘	0.18
治国	0.18
酸溜溜	0.18
查获	0.18
不消	0.18
拉格纳	0.18
太行	0.18
圣堂	0.18
肉搏战	0.18
硅酸盐	0.18
萩	0.18
坐定	0.18
墨水瓶	0.18
城中	0.18
小宝	0.18
降雨量	0.18
可望	0.18
里谢克	0.18
汤姆·莱利	0.18
铁达尼	0.18
精神性	0.18
二三	0.18
对敌	0.18
坐席	0.18
苏吉	0.18
华莱特	0.18
赵健	0.18
虚无飘渺	0.18
斯雷特	0.18
普瑞凡克斯	0.18
重地	0.18
费尽周折	0.18
葛雷夫斯	0.18
八成	0.18
端详	0.18
乌尔茨	0.18
布鲁托斯	0.18
安妮克	0.18
费达因	0.18
曾巴克	0.18
拉里·德利	0.18
重压	0.18
顿莱普	0.18
以期	0.18
识趣	0.18
折腰	0.18
达尔富尔	0.18
兰平顿	0.18
边克达	0.18
福林	0.18
小棚	0.18
萨曼莎·布	0.18
阿米	0.18
重影	0.18
减法	0.18
德拉库尔	0.18
追索	0.18
拦劫	0.18
对垒	0.18
呢帽	0.18
不外	0.18
嶋	0.18
小池	0.18
強	0.18
蒙蒂·詹姆斯	0.18
垂垂老矣	0.18
霍利斯·梅森	0.18
好气	0.18
观览	0.18
小本生意	0.18
恩加巴	0.18
小清	0.18
哈希米	0.18
分内事	0.18
情愫	0.18
套服	0.18
半信半疑	0.18
光柱	0.18
巴瑞特	0.18
知名人士	0.18
旱獭	0.18
声势浩大	0.18
四两拨千斤	0.18
气焰	0.18
阳炎	0.18
莉泽	0.18
顽石	0.18
生物圈	0.18
小玄	0.18
余光超人	0.18
光板	0.18
保费	0.18
后防	0.18
袖章	0.18
库斯	0.18
安莫	0.18
邓尼斯	0.18
工装裤	0.18
特塞温	0.18
普拉斯特	0.18
李舜臣	0.18
米德兰	0.18
配戴	0.18
愁容	0.18
闹笑话	0.18
格里塔	0.18
联会	0.18
蜜罐	0.18
优于	0.18
三点一	0.18
群龙无首	0.18
博格斯	0.18
慢行	0.18
邮政局	0.18
坦吉亚	0.18
赫鲁迪	0.18
宗英	0.18
治罪	0.18
怀尔德	0.18
欢欢	0.18
艾佛里	0.18
甘乃迪	0.18
格罗斯曼	0.18
纤弱	0.18
圣索菲亚	0.18
多如牛毛	0.18
燻	0.18
线路图	0.18
浆洗	0.18
罗姗·辛普森	0.18
打假	0.18
埃里	0.18
虚数	0.18
普里斯顿	0.18
壮士	0.18
艾尔维斯	0.18
斯泰芬	0.18
兰德斯	0.18
文真	0.18
财产权	0.18
普乐希雅	0.18
哥伦	0.18
沃辛汉姆	0.18
抵偿	0.18
康佳	0.18
康保	0.18
五台	0.18
峡	0.18
热火朝天	0.18
挺举	0.18
休伯特	0.18
五年计划	0.18
碧波	0.18
抓阄	0.18
勉勉强强	0.18
笑面虎	0.18
赛伦斯·杜古德	0.18
教工	0.18
咽喉炎	0.18
组团	0.18
奥斯吉力亚斯	0.18
血崩	0.18
售书	0.18
腭裂	0.18
阿尔里克	0.18
如狼似虎	0.18
六七年	0.18
曲奇曲奇	0.18
哗然	0.18
布拉斯	0.18
小家子气	0.18
飞涨	0.18
别太久	0.18
师部	0.18
迪姆	0.18
仙人球	0.18
卡里娜	0.18
云初	0.18
回廊	0.18
血口	0.18
阿什顿	0.18
肖恩·康纳利	0.18
亚维兰达	0.18
广度	0.18
维奥莱特·波特莱尔	0.18
亲缘	0.18
呵斥	0.18
天时	0.18
罗莎妮·赖安	0.18
特伦特	0.18
退避	0.18
万德宾克	0.18
诱敌	0.18
宝兰	0.18
摆摊	0.18
幼时	0.18
丁克	0.18
慌里慌张	0.18
报告单	0.18
楚龙	0.18
世喜	0.18
一会会	0.18
龙恩	0.18
文官	0.18
伊凡卡	0.18
客运	0.18
省会	0.18
梯级	0.18
蕴涵	0.18
客货	0.18
洛斯泽克	0.18
马鬃	0.18
经脉	0.18
垫脚	0.18
麦金诺	0.18
心直口快	0.18
恣意妄为	0.18
边陲	0.18
群情	0.18
山东	0.18
促膝谈心	0.18
催命	0.18
丁当	0.18
特伦托	0.18
沙箱	0.18
奇谈	0.18
叫骂	0.18
赔本	0.18
山前	0.18
退色	0.18
埃尔帕索	0.18
迪特	0.18
弊病	0.18
祖姆	0.18
打战	0.18
悲怆	0.18
钢索	0.18
费尼门	0.18
夸口	0.18
节律	0.18
耳鼻喉科	0.18
茶叶罐	0.18
亨瑞克	0.18
谨言慎行	0.18
不法之徒	0.18
假面具	0.18
皮耶里	0.18
沃特森	0.18
青年团	0.18
徐银玲	0.18
此情此景	0.18
卧薪尝胆	0.18
怀斯曼	0.18
山岭	0.18
蛙人	0.18
道康	0.18
门当户对	0.18
宋洙	0.18
钡	0.18
脚力	0.18
歹	0.18
治疗学	0.18
酿制	0.18
金凯瑞	0.18
市容	0.18
麦氏	0.18
铜钹	0.18
金达	0.18
纪念会	0.18
落榜	0.18
肌瘤	0.18
博尔格	0.18
华丽丽	0.18
落潮	0.18
他因	0.18
穆齐	0.18
赛迪·布雷克	0.18
当家的	0.18
言基	0.18
草窝	0.18
斯洛文尼亚	0.18
零零	0.18
损失费	0.18
约翰吉里根	0.18
马丁·路德	0.18
分包	0.18
环境保护局	0.18
食盐	0.18
草纸	0.18
套用	0.18
伊始	0.18
守真	0.18
痛心疾首	0.18
贝塔兹	0.18
千头万绪	0.18
幽魂	0.18
分之	0.18
酷暑	0.18
雅座	0.18
水泥板	0.18
心窍	0.18
议定书	0.18
隐没	0.18
直肠癌	0.18
搭伙	0.18
市侩	0.18
奉基	0.18
疫病	0.18
手眼	0.18
肉质	0.18
货栈	0.18
寒气	0.18
草果	0.18
有气无力	0.18
鲍勃·麦卡农	0.18
自然主义	0.18
苦于	0.18
胶合板	0.18
阿克斯	0.18
麦琦	0.18
毒刺	0.18
金陵	0.18
道教	0.18
氛	0.18
寒意	0.18
玻利维亚人	0.18
残缺不全	0.18
敬启	0.18
不白之冤	0.18
幽雅	0.18
乐天	0.18
莎尔	0.18
让西德	0.18
把式	0.18
说白	0.18
酣畅淋漓	0.18
闭馆	0.18
存款单	0.18
克里斯·穆伦	0.18
苦笑	0.18
搭线	0.18
沸水	0.18
分立	0.18
克朗克	0.18
分管	0.18
丧偶	0.18
两岸	0.18
阿克塔	0.18
自费	0.18
莎莉·肯杜	0.18
七万五	0.18
裂谷	0.18
榴	0.18
附加费	0.18
圣马丁	0.18
喉镜	0.18
常田	0.18
多功能	0.18
曼柯	0.18
恩佐	0.18
洛克比	0.18
不可捉摸	0.18
晶体管	0.18
卡斯波	0.18
乌德隆	0.18
佛瑞德·汉普顿	0.18
回报率	0.18
一千九百万	0.18
绿党	0.18
自愧不如	0.18
蜱	0.18
高尔门	0.18
怜爱	0.18
克里米亚	0.18
维罗尼卡盖林	0.18
金融界	0.18
各路	0.18
娃儿	0.18
炼钢	0.18
中国式	0.18
蛎	0.18
青云	0.18
怒发冲冠	0.18
姜黄	0.18
痱子	0.18
莤	0.18
内骨骼	0.18
钢珠	0.18
创造物	0.18
斯图加特	0.18
莫斯·达夫	0.18
阖	0.18
所有权证	0.18
桑克曼	0.18
圣像	0.18
麦吉	0.18
小报告	0.18
蹬腿	0.18
鲍勃·琼尼	0.18
塔图因	0.18
满面春风	0.18
常数	0.18
雕刻师	0.18
达夫	0.18
误食	0.18
杨朵	0.18
拉乌莉	0.18
伯鲁士	0.18
掉色	0.18
吴知勋	0.18
名车	0.18
大功率	0.18
麦凯	0.18
滤器	0.18
肌体	0.18
双城记	0.18
胜人一筹	0.18
祭祖	0.18
达尼	0.18
放浪形骸	0.18
短浅	0.18
科兹耶	0.18
餐饮业	0.18
括	0.18
各组	0.18
八音盒	0.18
巴尼斯	0.18
凯尔·克莱恩	0.18
色纸	0.18
谟	0.18
自给	0.18
劳改犯	0.18
西蒙·彼得斯	0.18
极权主义	0.18
咏荷	0.18
综	0.18
曼诺	0.18
女伶	0.18
莎蔓	0.18
体操队	0.18
玛蒂尔	0.18
雅观	0.18
风帽	0.18
人口数	0.18
金瑟拉	0.18
波洛第	0.18
罗斯塔	0.18
套筒	0.18
源源	0.18
艾莉安	0.18
巴里·博姆	0.18
雪景	0.18
狼孩	0.18
引人瞩目	0.18
数千万	0.18
有惊无险	0.18
布鲁温	0.18
样机	0.18
优惠价	0.18
轭	0.18
流线型	0.18
磁化	0.18
分送	0.18
舍己为人	0.18
达斯克	0.18
鼻头	0.18
绸带	0.18
韦瑟斯	0.18
金希	0.18
麦格劳·希尔	0.18
维特根斯坦	0.18
举报人	0.18
高尔森	0.18
败兴	0.18
奉送	0.18
瓦奇塔	0.18
切切实实	0.18
传染源	0.18
真智	0.18
雪碧	0.18
卡吉	0.18
纯文学	0.18
葛斯	0.18
雪瑞	0.18
母夜叉	0.18
雕花	0.18
协进会	0.18
黑面	0.18
敛财	0.18
米格尔·斯勒瓦	0.18
襄	0.18
蓝领工人	0.18
帕布鲁	0.18
巴布亚	0.18
七窍	0.18
契诃夫	0.18
自用	0.18
绞肉机	0.18
哈维尔·高德龙	0.18
独孤	0.18
垛	0.18
沱	0.18
为先	0.18
吉日	0.18
桎梏	0.18
受气包	0.18
名厨	0.18
厌弃	0.18
迷蒙	0.18
西碧儿	0.18
粘粘糊糊	0.18
名剧	0.18
凯西奥	0.18
两鬓	0.18
青龙	0.18
烫头	0.18
六十四	0.18
金波	0.18
多纳尔	0.18
各家	0.18
劳伦·霍布斯	0.18
放养	0.18
金橘	0.18
长此以往	0.18
臣子	0.18
达思迪·特尔斯	0.18
叛党	0.18
雅提娜	0.18
朴再勋	0.18
幽深	0.18
拜佛	0.18
草鞋	0.18
胼胝	0.18
哈萨克人	0.18
和易	0.18
克林姆林	0.18
匀速	0.18
滥竽充数	0.18
令人担忧	0.18
不可估量	0.18
氧化铝	0.18
摄影者	0.18
杰伯斯	0.18
查布丽丝	0.18
哈拉威	0.18
克扣	0.18
立竿见影	0.18
误传	0.18
耐热	0.18
葆	0.18
集思广益	0.18
科米兹	0.18
包放	0.18
电子管	0.18
彼得·麦克马那斯	0.18
可持续性	0.18
死死地	0.18
锦绣前程	0.18
阿基力斯	0.18
反目成仇	0.18
哈奈特	0.18
滕	0.18
瑞克里斯	0.18
阿布·尤瑟福	0.18
一颗颗	0.18
金粉	0.18
径自	0.18
焙	0.18
鲍尼	0.18
苏约翰	0.18
狗血喷头	0.18
唯唯诺诺	0.18
电子战	0.18
新气象	0.18
径赛	0.18
一万八千	0.18
德兰尼	0.18
为着	0.18
詹姆士·内森逊	0.18
格洛里娅	0.18
正文	0.18
杜欧	0.18
切·格瓦拉	0.18
克特	0.18
抑止	0.18
做活	0.18
艾科威尔	0.18
克烈	0.18
殖	0.18
乔治·彻	0.18
奥佳	0.18
血衣	0.18
喷薄而出	0.18
朴正熙	0.18
奥伟	0.18
塔吉夫	0.18
伊芙·德瑞帕	0.18
玛莉亚·杜瓦特	0.18
盖利霍奇	0.18
切分	0.18
科学性	0.18
帕萨迪	0.18
党羽	0.18
迪蒙	0.18
摇头晃脑	0.18
祈望	0.18
夹竹桃	0.18
分离器	0.18
杰克曼	0.18
努阿达	0.18
低垂	0.18
帕萨迪纳市	0.18
铁公鸡	0.18
回赠	0.18
英气	0.18
卡门·伊莱克特拉	0.18
不含糊	0.18
转瞬	0.18
丑态	0.18
毕兹	0.18
辐射源	0.18
路路通	0.18
威廉·莎士比亚	0.18
打骂	0.18
使性子	0.18
康斯坦丝	0.18
纪念照	0.18
大麻哈鱼	0.18
图帕克	0.18
斯科塞斯	0.18
鱼子	0.18
伊斯坦堡	0.18
矫枉过正	0.18
东西方	0.18
打落	0.18
霍洛维茨	0.18
阿斯泰	0.18
索伊卡	0.18
画幅	0.18
奥尼	0.18
希达哥	0.18
反作用力	0.18
百分之六十	0.18
挨批	0.18
夏福特	0.18
火成岩	0.18
葛斯东	0.18
师弟	0.18
尼亚	0.18
旅游鞋	0.18
奥基	0.18
乔布莱克	0.18
乔治·奥斯本	0.18
受众	0.18
麦利威瑟	0.18
试管婴儿	0.18
谱曲	0.18
崇辉	0.18
祖沙路齐	0.18
髁	0.18
锁孔	0.18
小试牛刀	0.18
哗啦啦	0.18
福克西	0.18
罐头盒	0.18
酒楼	0.18
斯吉那	0.18
苦行僧	0.18
朱利欧	0.18
玛瑞斯卡	0.18
骑车人	0.18
洞房花烛	0.18
忾	0.18
定心丸	0.18
妙语连珠	0.18
椰汁	0.18
奥氏	0.18
酵母菌	0.18
鲁伯特	0.18
温切斯特	0.18
高飞球	0.18
伞衣	0.18
庸庸碌碌	0.18
波克塞	0.18
国税	0.18
会同	0.18
鱼油	0.18
宾士	0.18
探头探脑	0.18
弗朗西斯·奥密特	0.18
面世	0.18
克森	0.18
本诺特·诺特丹	0.18
记者席	0.18
家史	0.18
德加	0.18
遗孤	0.18
改称	0.18
浆膜	0.18
尼特	0.18
尤瑟·潘达	0.18
转基因	0.18
酒家	0.18
会师	0.18
出访	0.18
老宅	0.18
文采	0.18
罗马教皇	0.18
迎击	0.18
地区性	0.18
二郎腿	0.18
多巴克	0.18
舞艺	0.18
勤恳	0.18
哥伦布斯	0.18
庄稼地	0.18
都柏利	0.18
丝莲恩	0.18
葛力马	0.18
凯尔·沃尔什	0.18
喷药	0.18
查琳斯基	0.18
低血压	0.18
主办者	0.18
贾妮丝	0.18
市场经济	0.18
小规模	0.18
惠美	0.18
叫座	0.18
鱼群	0.18
家信	0.18
姬碧	0.18
格特鲁德·帕金斯	0.18
圣弗朗西斯科	0.18
环城	0.18
林君	0.18
家什	0.18
传统型	0.18
纳丁诺	0.18
阿拉贝斯克	0.18
电弧	0.18
受潮	0.18
暂住证	0.18
感化院	0.18
节选	0.18
发展前途	0.18
势如破竹	0.18
铁桥	0.18
泛起	0.18
巴贝鲁斯	0.18
报以	0.18
惊愕	0.18
民法	0.18
堵截	0.18
沃罗达斯基	0.18
会计学	0.18
客官	0.18
佩加索斯	0.18
飘舞	0.18
宣花	0.18
劈头盖脸	0.18
惊魂未定	0.18
阴差阳错	0.18
独善其身	0.18
咣	0.18
夜壶	0.18
升调	0.18
夜大	0.18
密告	0.18
史盖特	0.18
阿明	0.18
鲍勃亚科特	0.18
道荣	0.18
让克罗伊	0.18
归期	0.18
班卓	0.18
思朋	0.18
弗兰则斯	0.18
斡旋	0.18
献丑	0.18
纸婚	0.18
艾德蒙	0.18
葛莱丝	0.18
汤姆森	0.18
夺标	0.18
思慕	0.18
帕皮	0.18
船舶	0.18
好胜心	0.18
平山	0.18
农奴	0.18
该人	0.18
克里斯托	0.18
版画	0.18
陨	0.18
闷棍	0.18
弗列迪	0.18
光谱仪	0.18
珍·尼克斯	0.18
闷气	0.18
狩	0.18
纪子	0.18
枫木	0.18
绪方	0.18
佐证	0.18
彩头	0.18
海伦·凯勒	0.18
菲波里	0.18
米顿	0.18
寡言	0.18
布福德	0.18
明欣	0.18
伊昂·莱德	0.18
伯利	0.18
挂灯	0.18
清廉	0.18
华瑞	0.18
艾佛	0.18
安全线	0.18
体腔	0.18
安达曼群岛	0.18
岂能	0.18
神权	0.18
纪江辉	0.18
血流如注	0.18
苹果园	0.18
哈登布鲁	0.18
前仆后继	0.18
二万五	0.18
克莱皮	0.18
肖氏	0.18
裴敏娥	0.18
天军	0.18
长空	0.18
物性	0.18
水乳交融	0.18
一一点	0.18
拔地而起	0.18
溢于言表	0.18
马圣基	0.18
巴拿马城	0.18
巴士底狱	0.18
淋浴器	0.18
体裁	0.18
数论	0.18
仪容	0.18
克里斯琴	0.18
论战	0.18
寻短见	0.18
环视	0.18
艾米纳姆	0.18
什叶派	0.18
不置可否	0.18
米德	0.18
朴云申	0.18
平移	0.18
牛仔服	0.18
天棚	0.18
怂	0.18
亨利·珀西	0.18
军用品	0.18
本·盖茨	0.18
神医	0.18
刀剑	0.18
菲尼克斯城	0.18
艾翠	0.18
希姆	0.18
让杰克	0.18
冒进	0.18
阿信	0.18
氙	0.18
阿丽	0.18
社里	0.18
结语	0.18
盛赞	0.18
防不胜防	0.18
双眼皮	0.18
十亿分之一	0.18
朴熙敏	0.18
芬尼斯	0.18
机群	0.18
锑	0.18
艾瓦	0.18
明善	0.18
卡美拉	0.18
软骨病	0.18
艾登	0.18
华勒	0.18
摈	0.18
乔纳斯·莫萨迪	0.18
宴请	0.18
娱	0.18
忌惮	0.18
崔茜	0.18
物主	0.18
阿光	0.18
焊枪	0.18
非专业	0.18
卡西姆	0.18
比尔特摩	0.18
印狄威	0.18
乍得	0.18
地下隧道	0.18
平成	0.18
艾恩	0.18
特迪·邦奇	0.18
艾尔迈拉	0.18
华夫	0.18
施马特	0.18
取景	0.18
格雷夫斯	0.18
楚楚	0.18
杰露	0.18
克丝塔	0.18
黛佛林	0.18
开拔	0.18
千刀万剐	0.18
拉特	0.18
死亡线	0.18
磨砂玻璃	0.18
交通警	0.18
台中	0.18
埃斯库罗斯	0.18
蓝谢茵	0.18
日进斗金	0.18
盖伊·福克斯	0.18
嗖嗖	0.18
宫内	0.18
特沃	0.18
快讯	0.18
不攻自破	0.18
灯箱	0.18
绝品	0.18
吉伯特	0.18
切克	0.18
维托利亚	0.18
弗妮斯	0.18
照抄	0.18
专案	0.18
卡彭特	0.18
切变	0.18
摩卡	0.18
慰劳	0.18
九十六	0.18
泵站	0.18
李·布朗查德	0.18
主营	0.18
拉维	0.18
特斯	0.18
布宜	0.18
熔合	0.18
主食	0.18
史学	0.18
拉手	0.18
俊硕	0.18
玛丽·凯特	0.18
尼·肖	0.18
骨粉	0.18
孝利	0.18
军嫂	0.18
教职员工	0.18
欧塞尔	0.18
军容	0.18
艺智	0.18
记分员	0.18
阿莱克西	0.18
坯子	0.18
特殊性	0.18
和非	0.18
旌	0.18
朝三暮四	0.18
乳猪	0.18
甬道	0.18
巴特利	0.18
贸	0.18
俊熙	0.18
艾么丽	0.18
泪珠	0.18
提纯	0.18
延年益寿	0.18
嘈	0.18
烟雾弥漫	0.18
杜卡迪	0.18
残生	0.18
霍邓伯格	0.18
河滩	0.18
回天乏术	0.18
马尔斯基	0.18
熵	0.18
兵马	0.18
肖恩·法雷尔	0.18
卡维特	0.18
业务部	0.18
费得里奇	0.18
抛头颅	0.18
清显	0.18
时隐时现	0.18
康奈利	0.18
大刀阔斧	0.18
斯道	0.18
克拉伯金	0.18
一代代	0.18
娑	0.18
巴特梅	0.18
泪人	0.18
安娜·里弗斯	0.18
详实	0.18
海乐	0.18
摩根斯坦	0.18
霍滕西亚	0.18
空白处	0.18
蒙冤	0.18
泰格·伍兹	0.18
扁平足	0.18
坎蒂斯	0.18
老霍	0.18
捉襟见肘	0.18
摩特	0.18
芝惠	0.18
抬价	0.18
高夫曼	0.18
玛琳·詹森	0.18
余味	0.18
鳀	0.18
斯帕斯基	0.18
艺德	0.18
洪万泽	0.18
不辞辛劳	0.18
垦	0.18
三万五	0.18
松藏	0.18
模版	0.18
福布斯	0.18
便了	0.18
伕	0.18
克斯托克	0.18
军礼	0.18
有意无意	0.18
姗姗来迟	0.18
迪克斯特	0.18
吉姆·康明斯	0.18
约翰·麦克	0.18
小娜莉	0.18
罅隙	0.18
红晕	0.18
工党	0.18
皮雪	0.18
军粮	0.18
宫本	0.18
芬克勒曼	0.18
伯班克	0.18
提克	0.18
抽象派	0.18
胥	0.18
海口	0.18
沸	0.18
比利·马丁	0.18
是非题	0.18
义大利	0.18
攀附	0.18
无产阶级	0.18
致癌物	0.18
火墙	0.18
刘炳哲	0.18
育婴	0.18
氰化氢	0.18
莱特曼	0.18
海图	0.18
军事化	0.18
提娜	0.18
鞜	0.18
火并	0.18
提奥	0.18
烟云	0.18
梅尔斯亚	0.18
赤足	0.18
烟丝	0.18
科迪马丁	0.18
梅菲尔	0.18
瓦迪	0.18
文尚相	0.18
伍德·海特	0.18
反潜	0.18
秋收	0.18
写生	0.18
亲切感	0.18
罗培斯	0.18
示例	0.18
连翘	0.18
基克	0.18
窿	0.18
西门子	0.18
文斯·柯林斯	0.18
小日子	0.18
跌伤	0.18
主从	0.18
方子	0.18
管严	0.18
松永	0.18
羞于启齿	0.18
清脆	0.18
讲情面	0.18
赛基威	0.18
上光	0.18
退烧药	0.18
真迹	0.18
财会	0.18
兵丁	0.18
维特菲尔德	0.18
捧得	0.18
努比亚	0.18
航海图	0.18
上刑	0.18
米开朗琪罗	0.18
基度	0.18
俘	0.18
阿塔拉斯	0.18
谀	0.18
鲁西安	0.18
直指	0.18
纯纯	0.18
别瑞杰	0.18
斯纳	0.18
艾米丽·考斯提奇	0.18
非此即彼	0.18
斯米	0.18
警区	0.18
莎朗斯通	0.18
瓦肯	0.18
四百亿	0.18
线形	0.18
巴雷特	0.18
塔尼娅	0.18
印度洋	0.18
怕羞	0.18
道格班德	0.18
甚或	0.18
萨瓦诺夫	0.18
林德伯格	0.18
在业	0.18
怨声载道	0.18
斯斯	0.18
上书	0.18
矿物油	0.18
线呢	0.18
权威性	0.18
课税	0.18
金碧辉煌	0.18
基业	0.18
失算	0.18
枝干	0.18
花样游泳	0.18
瓦赛尔	0.18
红角	0.18
坍	0.18
一千两百	0.18
菲戈斯	0.18
福尔马林	0.18
合著	0.18
鲁昂	0.18
斯波	0.18
玛瑞恩	0.18
实景	0.18
泰语	0.18
纯化	0.18
诺伍德	0.18
悬崖勒马	0.18
热和	0.18
碰钉子	0.18
佩拉塔	0.18
杨百翰	0.18
拘礼	0.18
米夏·伯格	0.18
连天	0.18
提芬	0.18
等价	0.18
上坡路	0.18
事由	0.18
地磁	0.18
泪花	0.18
隐君子	0.18
准予	0.18
细流	0.18
剑道	0.18
吉姆·埃里斯	0.18
新闻社	0.18
伯特顿	0.18
争光	0.18
逸昊	0.18
暴发	0.18
格索德	0.18
海蛇	0.18
马海毛	0.18
盖亚	0.18
理查德森	0.18
拉霍什	0.18
和平谈判	0.18
男低音	0.18
朝气蓬勃	0.18
秆子	0.18
基数	0.18
斯塔西	0.18
康巴	0.18
呼号	0.18
狸猫	0.18
激浪	0.18
逻辑思维	0.18
劳动法	0.18
哨音	0.18
韦维那	0.18
倭	0.18
反差	0.18
迪斯肯	0.18
奥马尔·沙里夫	0.18
王国里	0.18
万念俱灰	0.18
巡逻艇	0.18
大帽子	0.18
基托	0.18
哈里特	0.18
张氏	0.18
北爱	0.18
发慌	0.18
劳动日	0.18
先知先觉	0.18
假使	0.18
周润发	0.18
东城	0.18
呼应	0.18
措词	0.18
柑	0.18
回家来	0.18
不辞辛苦	0.18
威斯康辛	0.18
雇请	0.18
帕美艾丽	0.18
拉维恩	0.18
侊	0.18
没脸	0.18
惊弓之鸟	0.18
月初	0.18
公休	0.18
回条	0.18
沃尔	0.18
马洛尼	0.18
财政危机	0.18
开锅	0.18
荚	0.18
九昌	0.18
维尼·琼斯	0.18
百货大楼	0.18
行将	0.18
莱斯特雷	0.18
船位	0.18
三万两千	0.18
礼金	0.18
鹏	0.18
纸面	0.18
寿枝	0.18
案板	0.18
弹无虚发	0.18
女流	0.18
备考	0.18
原址	0.18
逢凶化吉	0.18
埃特伍德	0.18
环抱	0.18
第五十	0.18
猩红热	0.18
箱根	0.18
剿	0.18
鲁瓦克	0.18
弗劳福	0.18
米希尔	0.18
朱娜	0.18
金正满	0.18
安娜·米勒	0.18
兰普	0.18
阿普洛	0.18
驾驶台	0.18
一念之差	0.18
乔丹·威尔斯	0.18
小杰米	0.18
安特怀恩	0.18
邦戈	0.18
横贯	0.18
塔希提	0.18
群策群力	0.18
国务	0.18
奥科塔维欧	0.18
保罗·斯坦恩	0.18
尊容	0.18
马哈立克	0.18
欧菲姆	0.18
道喜	0.18
常任	0.18
木羽	0.18
船厂	0.18
路易·丹皮尔	0.18
竞买	0.18
兰斯多普	0.18
道场	0.18
活动性	0.18
佐伯	0.18
国际级	0.18
汉尼伯	0.18
行乞	0.18
拨火棍	0.18
招生办	0.18
七月份	0.18
泰博	0.18
磁极	0.18
门帘	0.18
艾德娜	0.18
夜航	0.18
淡淡的	0.18
孙博石	0.18
九秒	0.18
惦	0.18
公国	0.18
凯斯利	0.18
嘶哑	0.18
纸花	0.18
宙依	0.18
施洛特贝克	0.18
安歇	0.18
列宁格勒	0.18
致残	0.18
摩尔多瓦	0.18
泰德·斯	0.18
柏威	0.18
猪崽	0.18
初三	0.18
菲立普	0.18
神通	0.18
声讯	0.18
回执	0.18
那录影	0.18
格雷森	0.18
瓦琪	0.18
脸形	0.18
跋扈	0.18
施肥	0.18
多明诺	0.18
湄公河	0.18
油灰	0.18
感光	0.18
哀叹	0.18
肺脏	0.18
希雯	0.18
朴民秀	0.18
更名	0.18
磕头	0.18
九五	0.18
科维克	0.18
设卡	0.18
深藏	0.18
阿西	0.18
神龛	0.18
舵轮	0.18
财迷心窍	0.18
竖立	0.18
挂钟	0.18
金秀真	0.18
发梢	0.18
查理维	0.18
哲钟	0.18
归途	0.18
初学	0.18
哥利亚	0.18
善喜	0.18
哲雄	0.18
拔营	0.18
六秒	0.18
数据表	0.18
带状	0.18
道破	0.18
西冈	0.18
菲拉	0.18
简·奥斯丁	0.18
威洛	0.18
赖志克	0.18
西尔玛	0.18
恸	0.18
明艳	0.18
坦尼娅	0.18
吃荤	0.18
恩将仇报	0.18
枢	0.18
汉纳·乌戈尔	0.18
救灾	0.18
批准书	0.18
莱兰	0.18
黛利	0.18
韩币	0.18
挾	0.18
维克多利亚	0.18
领巾	0.18
郁积	0.18
格里登科	0.18
丹参	0.18
有功	0.18
精制	0.18
山达基	0.18
珥	0.18
谢赫	0.18
莫伦奈克斯	0.18
费伦	0.18
芝山	0.18
信息网	0.18
回马枪	0.18
红蓝影	0.18
哄堂大笑	0.18
侧重	0.18
火山岩	0.18
花枪	0.18
录放机	0.18
热水瓶	0.18
杰弗瑞斯	0.18
春野郡	0.18
康民	0.18
千瓦	0.18
尼克·哈特曼	0.18
杰克罗杰斯	0.18
马苏德	0.18
报时	0.18
三副	0.18
丝织	0.18
夏彼得	0.18
桑德拉·帕默尔	0.18
丝网	0.18
保家卫国	0.18
祺	0.18
扫盲	0.18
洋地黄	0.18
扁桃腺	0.18
停产	0.18
芳江	0.18
谢顶	0.18
型心	0.18
火药桶	0.18
胃炎	0.18
艾丽卡·范·德伦	0.18
谢尔登	0.18
谢尔盖	0.18
吉瑞米	0.18
才貌	0.18
记过	0.18
借债	0.18
老祖宗	0.18
侧耳	0.18
富强	0.18
教师节	0.18
萨门	0.18
客气话	0.18
无不	0.18
勾股定理	0.18
满腔热情	0.18
围坐	0.18
党规	0.18
围嘴	0.18
紫菜	0.18
紫苑	0.18
塞尔帕莱罗	0.18
窃笑	0.18
巴鲁	0.18
贯通	0.18
二十分	0.18
暴利	0.18
古建筑	0.18
指挥员	0.18
美意	0.18
暴风骤雨	0.18
沃勒什	0.18
帕兰汀	0.18
锥子	0.18
伽麦茨	0.18
菲弗博格	0.18
花会	0.18
维加	0.18
庆熙	0.18
抛光机	0.18
诸侯	0.18
千岁	0.18
佐伊德伯格	0.18
曼荼罗	0.18
寄生物	0.18
丽雅	0.18
日理万机	0.18
史狄克	0.18
燃点	0.18
膀臂	0.18
弗斯鲁	0.18
美奈	0.18
卫奇塔	0.18
奥吉	0.18
寄售	0.18
大书特书	0.18
费拉	0.18
美事	0.18
存放在	0.18
阿特茨	0.18
哥萨克	0.18
蒸笼	0.18
妙趣横生	0.18
珍斯	0.18
曼诺洛	0.18
麦克宁	0.18
投递员	0.18
类人猿	0.18
尼加拉	0.18
围拢	0.18
副食品	0.18
族谱	0.18
尤金尼奥	0.18
迈可·纽曼	0.18
盘缠	0.18
护肩	0.18
寨	0.18
达罗尔	0.18
特·帕柯曼	0.18
闵志远	0.18
不减当年	0.18
皇军	0.18
活靶	0.18
枯干	0.18
心肌炎	0.18
疏失	0.18
占领军	0.18
餐券	0.18
贝利球	0.18
求知	0.18
葡	0.18
探囊取物	0.18
秀东	0.18
梅勒妮	0.18
白衣天使	0.18
凯伦·艾芙	0.18
罗蒙	0.18
主机房	0.18
普契尼	0.18
一元	0.18
生殖腺	0.18
塞勒干	0.18
塞勒姆	0.18
学堂	0.18
工业化	0.18
塞勒姆盖提	0.18
厉	0.18
无机	0.18
集体舞	0.18
见闻	0.18
几何级数	0.18
军工厂	0.18
特鲁尔	0.18
本利	0.18
越级	0.18
改版	0.18
比彻	0.18
成十	0.18
龙争虎斗	0.18
普莱斯利	0.18
惠特克	0.18
光复	0.18
满篇	0.18
光夫	0.18
代为	0.18
通达	0.18
莫不	0.18
硬拼	0.18
马里布	0.18
菲舍尔	0.18
马头	0.18
以儆效尤	0.18
迈克尔·乔丹	0.18
日光灯	0.18
法龙	0.18
晴空万里	0.18
留言簿	0.18
寓	0.18
威尔·斯坦顿	0.18
举重若轻	0.18
投中	0.18
遛弯	0.18
埃塞	0.18
埃塔	0.18
塔曼	0.18
玲玲	0.18
核算	0.18
鸟鸣	0.18
马善	0.18
四一	0.18
海格胡珍	0.18
任重道远	0.18
螺帽	0.18
反扑	0.18
强逼	0.18
威德汉	0.18
琼·卡特	0.18
赛拉吉娜	0.18
代表大会	0.18
埃尼	0.18
塔拉	0.18
硅石	0.18
生擒	0.18
中药	0.18
约翰·布莱德利	0.18
加德满都	0.18
法隆	0.18
野炊	0.18
鲈	0.18
高台	0.18
表盘	0.18
卵泡	0.18
气动力	0.18
翻录	0.18
珍妮斯·高尔德	0.18
借问	0.18
抗药性	0.18
增兵	0.18
霍比人	0.18
托斯特尔	0.18
尤里·奥洛夫	0.18
防毒	0.18
颠倒是非	0.18
借阅	0.18
哈里·佛罗诺	0.18
透明胶	0.18
奥尔特加	0.18
山默尔	0.18
达姆弹	0.18
成亿万	0.18
桑特	0.18
合众社	0.18
苏琴	0.18
内芙·坎贝尔	0.18
童军	0.18
麦尔肯姆	0.18
狭长	0.18
高徒	0.18
化食	0.18
德威特	0.18
韦勒	0.18
洛森	0.18
满处	0.18
堑	0.18
玛达	0.18
艰难险阻	0.18
托兰斯	0.18
凯特纳	0.18
赫夫	0.18
复式	0.18
宁死不屈	0.18
德维安	0.18
叽里咕噜	0.18
尚且	0.18
马童	0.18
干裂	0.18
羁留	0.18
传汉	0.18
石山	0.18
克伦斯勒	0.18
婕婕	0.18
菰	0.18
陆毅奇	0.18
埃米	0.18
卡特·史莱德	0.18
说不上	0.18
狄克罗伦	0.18
航站	0.18
满城	0.18
马汀	0.18
阿本森	0.18
整地	0.18
萨茹曼	0.18
肯亚	0.18
东奔西走	0.18
瑞仁	0.18
坎波尔	0.18
荒诞不经	0.18
默蒂	0.18
生辰	0.18
斯奇普	0.18
潘本洛	0.18
偶然性	0.18
选题	0.18
警觉性	0.18
格格	0.18
土葬	0.18
代笔	0.18
李其	0.18
告示牌	0.18
沒	0.18
寡不敌众	0.18
八点零五	0.18
表征	0.18
干饭	0.18
植皮	0.18
胡吹	0.18
亏心事	0.18
布隆克霍斯特	0.18
格曼	0.18
知难而退	0.18
教鞭	0.18
马扎	0.18
阿梓	0.18
汉雄	0.18
塞尔克	0.18
丰饶	0.18
黑色素	0.18
威奇伯恩	0.18
海德薇	0.18
弗洛	0.18
爱尔帕索	0.18
卡丽库恩	0.18
裴特斯	0.18
剋	0.18
奇秀	0.18
玛尔戈	0.18
日头	0.18
抛洒	0.18
痛惜	0.18
强弱	0.18
余波	0.18
同桌	0.18
伊梅特	0.18
功德	0.18
苯酚	0.18
凯特·托马斯	0.18
聚酯薄膜	0.18
默然	0.18
厂里	0.18
硫酸盐	0.18
柳贞	0.18
乐平	0.18
上百亿	0.18
东西一	0.18
生出	0.18
百分之七	0.18
同月	0.18
数日	0.18
嫉恨	0.18
史蒂夫西	0.18
吉拉斯	0.18
潦草	0.18
爱淑	0.18
胡汀	0.18
埃米瑞	0.18
易地	0.18
高远	0.18
血色素	0.18
埃里克·怀斯	0.18
良枝	0.18
同房	0.18
合理合法	0.18
彩笔	0.18
小飞侠	0.18
才俊	0.18
扎斯	0.18
接续	0.18
超额	0.18
今秋	0.18
阿尔梅达·斯林姆	0.18
杰森·史蒂文斯	0.18
高野	0.18
醇厚	0.18
萨尔马	0.18
东玖	0.18
弯弯曲曲	0.18
增量	0.18
维伦	0.18
法伯	0.18
塞缪尔斯	0.18
斯塔福德	0.18
交谊	0.18
奥多芙	0.18
弧形	0.18
乐事	0.18
超量	0.18
乡愁	0.18
斯碧尔·谢波德	0.18
洛克威尔	0.18
埃西	0.18
帕尼尼	0.18
磷光	0.18
哺乳类	0.18
科斯塔维德	0.18
悄声	0.18
催人泪下	0.18
尔格	0.18
杰克·罗德戴尔	0.18
迈克·科瓦楚克	0.18
拉巴特	0.18
撑竿跳	0.18
尿血	0.18
浮躁	0.18
红萝卜	0.18
屋大维·凯撒	0.18
石侠会	0.18
玛丽·雷顿	0.18
东西来	0.18
大大咧咧	0.18
阿迪尔	0.18
喀尔巴阡山脉	0.18
希克斯	0.18
亚历山大勒塔	0.18
风土人情	0.18
睏	0.18
常备	0.18
粤语	0.18
望见	0.18
沙兹	0.18
明哲保身	0.18
心浮	0.18
钋	0.18
易经	0.18
雷玛人	0.18
政敌	0.18
尤卡坦	0.18
民情	0.18
弗尔曼	0.18
吃吃喝喝	0.18
良久	0.18
汤玛斯·盖布尔	0.18
临危	0.18
纳丁	0.18
二进宫	0.18
巴克纳	0.18
欲速则不达	0.18
合不拢嘴	0.18
噔	0.18
奉承话	0.18
派生	0.18
澄	0.18
埃迪镇	0.18
厮打	0.18
巧夺天工	0.18
塔拉瓦	0.18
储存罐	0.18
怪僻	0.18
日照	0.18
泥瓦匠	0.18
礼尚往来	0.18
贝弗利	0.18
生疼	0.18
盘古	0.18
细细的	0.18
水生	0.18
土层	0.18
保护套	0.18
禾	0.18
脱销	0.18
休姆	0.18
石蕊	0.18
辛·拉塞尔	0.18
吉拉德	0.18
寒流	0.18
武云	0.18
金伯丽·埃文斯	0.18
洛纳	0.18
巴班	0.18
表链	0.18
杂务	0.18
德洛丽丝	0.18
藤球	0.18
科迪·马	0.18
颇具	0.18
水潭	0.18
蒂亚	0.18
格奥克	0.18
生源	0.18
疯长	0.18
万有引力	0.18
赫赫	0.18
德柯尔	0.18
香火	0.18
弗吉	0.18
波斯科	0.18
玛尔塔	0.18
干妈	0.18
嗦嗦	0.18
姗迪	0.18
龋齿	0.18
防弹汽车	0.18
金斯敦	0.18
教具	0.18
保护色	0.18
同党	0.18
弥足珍贵	0.18
鼠目寸光	0.18
沙丁	0.18
存活率	0.18
艾普莉尔	0.18
强攻	0.18
水文	0.18
讲法	0.18
奉公守法	0.18
题名	0.18
尚银	0.18
拉登胡伯	0.18
恋家	0.18
丽塔·海华斯	0.18
桑卡拉	0.18
蕃	0.18
洛伦	0.18
理查德斯	0.18
丁香花	0.18
德尔加多	0.18
金刚石	0.18
莫妮克	0.18
蒸锅	0.18
加尔文	0.18
杰米·盖茨	0.18
邮资	0.18
麦哲伦	0.18
防伪	0.18
阿道夫·格林鲍姆	0.18
克劳奇	0.18
丹铃	0.18
爱西尼	0.18
谢丽	0.18
普罗萨克	0.18
费舍	0.18
无量	0.18
徐英卿	0.18
不痛不痒	0.18
火舌	0.18
准军事	0.18
活水	0.18
家家户户	0.18
家用电器	0.18
伊奥温	0.18
儿童节	0.18
德瑞沃科	0.18
洞房	0.18
爱面子	0.18
约翰·泰顿	0.18
哈切尔	0.18
卡洛儿	0.18
荫凉	0.18
阿卡曼斯	0.18
高高挂起	0.18
甘农	0.18
李中培	0.18
推演	0.18
亦友	0.18
斑疹	0.18
含情脉脉	0.18
卡特尔	0.18
刑法典	0.18
伊默森	0.18
粪堆	0.18
冲绳岛	0.18
洛山	0.18
蒙特瑞	0.18
筆	0.18
喝彩声	0.18
净化器	0.18
停赛	0.18
内乱	0.18
谢娜	0.18
授命	0.18
相接	0.18
博加特	0.18
精虫	0.18
谢弗	0.18
婆罗洲	0.18
谭美	0.18
社会科学	0.18
分光计	0.18
口诀	0.18
前所未闻	0.18
西巴	0.18
贝尔奈	0.18
号啕大哭	0.18
珍雅	0.18
芬尼	0.18
泥水	0.18
柳泰正	0.18
盖勒	0.18
狄克州	0.18
疑团	0.18
茶油	0.18
卡特勒	0.18
奥克利	0.18
塔西蒂	0.18
伊莎贝尔·毕格洛	0.18
竹篮	0.18
粪桶	0.18
一穷二白	0.18
格兰维	0.18
杜莫莉尔	0.18
远房	0.18
情报站	0.18
疗养地	0.18
相劝	0.18
贝里	0.18
防洪	0.18
留一手	0.18
萨尔·米内特	0.18
洛桑	0.18
冰球场	0.18
乔纳森·里弗斯	0.18
拉普拉斯	0.18
黛比·雷诺兹	0.18
弗洛伊	0.18
暖色调	0.18
浪涛	0.18
乃美	0.18
芜	0.18
来势汹汹	0.18
迎面而来	0.18
狄克森	0.18
西泽	0.18
六点一	0.18
以防不测	0.18
试问	0.18
餐费	0.18
活佛	0.18
洛杰	0.18
骂娘	0.18
基露	0.18
智淑	0.18
始料不及	0.18
听任	0.18
得悉	0.18
玄武岩	0.18
扶桑	0.18
银灰色	0.18
噩	0.18
钟硕	0.18
厢房	0.18
斯特林堡	0.18
罗博	0.18
光荣榜	0.18
凯斯特	0.18
洛拉	0.18
帕特里克·肯奇	0.18
罗勒	0.18
征调	0.18
一万一	0.18
情人卡	0.18
谓	0.18
喃	0.18
隅	0.18
克拉科夫	0.18
利夫	0.18
心算	0.18
倪莎	0.18
银珠	0.18
罗乌	0.18
麦克菲	0.18
听凭	0.18
乘凉	0.18
扳子	0.18
霍德曼	0.18
黄雀	0.18
西玛	0.18
基米	0.18
人墙	0.18
系列片	0.18
诺瑞瑟	0.18
亦步亦趋	0.18
听差	0.18
防灾	0.18
眉笔	0.18
空口无凭	0.18
推推	0.18
阿里·哈桑·萨拉迈	0.18
新楼	0.18
下工夫	0.18
贝弗利山	0.18
劵	0.18
投资家	0.18
丢手	0.18
洛特	0.18
防冻液	0.18
赳	0.17
樵	0.17
鏖	0.17
俨	0.17
榕	0.17
旯	0.17
痤	0.17
铮	0.17
蛐	0.17
旮	0.17
黠	0.17
鹚	0.17
湎	0.17
鸬	0.17
訇	0.17
疥	0.17
瀣	0.17
迩	0.17
巾帼	0.15
有理有据	0.15
毛瑟枪	0.15
开路先锋	0.15
折桂	0.15
德莱弗	0.15
可怜相	0.15
特殊教育	0.15
亚哈	0.15
米沙伦	0.15
卢奇	0.15
大卫·克罗基特	0.15
外屋	0.15
默不作声	0.15
服罪	0.15
英普斯	0.15
亚克	0.15
靖	0.15
死难	0.15
卢安	0.15
挚	0.15
举世瞩目	0.15
书报	0.15
真容	0.15
曲奇国	0.15
小试	0.15
比尔·彼斯坎	0.15
德妮丝	0.15
古奇	0.15
祠堂	0.15
一千亿	0.15
形式主义	0.15
贤人	0.15
旭日	0.15
圣·玛丽·纳·莫登恩镇	0.15
小迪	0.15
冰城	0.15
桑德林	0.15
引语	0.15
索尔兹伯里	0.15
瘦削	0.15
剧务	0.15
裴勇俊	0.15
孙明兰	0.15
大冈	0.15
科西嘉	0.15
依从	0.15
罗丝维尔	0.15
后盖	0.15
大垣	0.15
阿摩	0.15
乔伊·库塞克	0.15
小青	0.15
埃尔金	0.15
斯考德	0.15
皮尔鲁	0.15
醇香	0.15
配色	0.15
理工	0.15
空战	0.15
激光束	0.15
恭顺	0.15
泽普	0.15
白嫩	0.15
麦克斯·高	0.15
宗族	0.15
崔哲洙	0.15
金智秀	0.15
彼得斯堡	0.15
校训	0.15
阁员	0.15
真义	0.15
白布	0.15
小齐	0.15
隐蔽所	0.15
热辣辣	0.15
压强	0.15
伊贝林	0.15
破财	0.15
北冰洋	0.15
小黄	0.15
凯德	0.15
近处	0.15
贝蒂·米德勒	0.15
大户	0.15
格鲁吉亚	0.15
保底	0.15
彼得派克	0.15
渴盼	0.15
浑圆	0.15
皮下组织	0.15
汽油费	0.15
真知	0.15
查特	0.15
辛迪·金	0.15
三十日	0.15
外罩	0.15
欧斯卡	0.15
不倒翁	0.15
硝烟弥漫	0.15
安克	0.15
无可非议	0.15
波贝	0.15
鄙夷	0.15
空勤	0.15
铿锵	0.15
楚博	0.15
穷追	0.15
医书	0.15
贝拉克	0.15
大棚	0.15
大校	0.15
阿历士	0.15
卢皮	0.15
原生态	0.15
皮卓	0.15
细致入微	0.15
巴蒂·克劳奇	0.15
曉	0.15
维克多·斯维特	0.15
杰克·布里斯托	0.15
先锋派	0.15
萨缪尔	0.15
树阴	0.15
況	0.15
顾全大局	0.15
金龟子	0.15
阿菲瑞克	0.15
尤尔曼	0.15
七点一	0.15
多孔	0.15
冰盖	0.15
智能化	0.15
格里菲	0.15
因循守旧	0.15
雅各布·惠勒	0.15
艾伯特·马科夫斯基	0.15
妻妾	0.15
史怀特	0.15
瓯	0.15
后进生	0.15
浪迹天涯	0.15
亮度	0.15
十平	0.15
分局长	0.15
古朴	0.15
猴头	0.15
崔博恩	0.15
形而上学	0.15
立体派	0.15
看破	0.15
萨达姆侯赛因	0.15
树苗	0.15
大卫·弗罗斯特	0.15
卑下	0.15
布莱恩·杰克逊	0.15
看相	0.15
爱瑞斯	0.15
阿帕·扎尔克	0.15
引言	0.15
谦信	0.15
塔卢拉	0.15
票友	0.15
小姑	0.15
树蛙	0.15
不衰	0.15
斯柏德	0.15
桑德士	0.15
缓步	0.15
后山	0.15
医士	0.15
邵	0.15
冰晶	0.15
卢戈	0.15
嘱	0.15
解困	0.15
波尔克	0.15
塞尔丹	0.15
永柏	0.15
吉拉	0.15
概况	0.15
题解	0.15
涵	0.15
琼叶	0.15
腭	0.15
椰子油	0.15
亲如一家	0.15
巡展	0.15
曾曾曾	0.15
盖米伯德	0.15
狗选秀	0.15
七千五百万	0.15
帕斯德堡	0.15
处变不惊	0.15
受伤者	0.15
蝇头小利	0.15
留待	0.15
久已	0.15
梁子	0.15
瓜迪亚	0.15
危楼	0.15
该市	0.15
范高	0.15
谢丽尔·弗雷泽	0.15
罗伯·琼斯	0.15
帕丽斯	0.15
和卡尔	0.15
抹香鲸	0.15
当局者迷	0.15
维肯	0.15
里奇·罗伯斯	0.15
和杰克	0.15
拉姆斯菲尔德	0.15
彭林	0.15
乌拉圭	0.15
不堪入耳	0.15
疥疮	0.15
明理	0.15
论理	0.15
杰克·格林	0.15
黍	0.15
划一	0.15
男女老幼	0.15
艾哲	0.15
搀扶	0.15
下笔	0.15
波玛	0.15
豪杰	0.15
解夏	0.15
浓烟滚滚	0.15
咣当	0.15
德古	0.15
凯莉·布拉德肖	0.15
米黄色	0.15
下旬	0.15
历法	0.15
党徽	0.15
里香子	0.15
囚牢	0.15
土里土气	0.15
旧址	0.15
玛丽乔	0.15
列国	0.15
本杰明·巴克	0.15
北达科他州	0.15
油库	0.15
乔顿	0.15
劳工法	0.15
特快车	0.15
略去	0.15
油压	0.15
麦卡罗	0.15
蜷曲	0.15
中听	0.15
梅拉	0.15
埃尔金斯	0.15
储蓄所	0.15
明朗化	0.15
地勤	0.15
地利	0.15
新石器	0.15
娇媚	0.15
划归	0.15
认生	0.15
江德郡	0.15
史密森	0.15
米克哈尔	0.15
性福	0.15
吉纳	0.15
苦尽甘来	0.15
萨拉曼卡	0.15
内城	0.15
提雅玛	0.15
珍妮·斯莱特	0.15
浮想联翩	0.15
卡苏	0.15
年久失修	0.15
约翰·巴特利特	0.15
列日	0.15
但杰克	0.15
绝缘层	0.15
中演	0.15
马科	0.15
论处	0.15
踵	0.15
用不完	0.15
意向书	0.15
敲锣打鼓	0.15
奥丽维亚	0.15
孙太郎	0.15
泽塔琼斯	0.15
巴德·约翰逊	0.15
特里·莱泽	0.15
管理费	0.15
意气	0.15
野食	0.15
财务科	0.15
偎	0.15
波奇	0.15
本·施瓦兹瓦德	0.15
斯帕格	0.15
中森	0.15
紫禁城	0.15
核导弹	0.15
沃尔金	0.15
塔皓湖	0.15
妇联	0.15
高才生	0.15
硫化	0.15
促进会	0.15
笑眯眯	0.15
封爵	0.15
主要矛盾	0.15
啄食	0.15
该片	0.15
卡拉文	0.15
轮岗	0.15
传道士	0.15
启动器	0.15
饮茶	0.15
方宁	0.15
南丁格尔	0.15
象形	0.15
简妮斯	0.15
席南	0.15
五彩斑斓	0.15
发稿	0.15
纤维素	0.15
韩蓝	0.15
丹·福尔曼	0.15
腹胀	0.15
穆林斯	0.15
聚酯	0.15
传记片	0.15
毛料	0.15
俏丽	0.15
东马文	0.15
达米阿	0.15
更新换代	0.15
克莱佩斯特	0.15
城建	0.15
解恨	0.15
两千四百万	0.15
骨髓炎	0.15
梅佛	0.15
奇诺	0.15
凯文·弗兰克斯	0.15
泽西市	0.15
手艺人	0.15
吉塔	0.15
门店	0.15
撤兵	0.15
天年	0.15
牛蒡	0.15
地火	0.15
北角	0.15
讨嫌	0.15
解法	0.15
娇笑	0.15
韭	0.15
惆怅	0.15
喧宾夺主	0.15
横空出世	0.15
帕沃丝	0.15
佟吉公	0.15
朝子	0.15
一百六十万	0.15
帕森	0.15
讨巧	0.15
格米顿	0.15
发案	0.15
印发	0.15
中班	0.15
贪赃枉法	0.15
佩奇	0.15
德纳	0.15
特蕾西·施特劳斯	0.15
罗斯林	0.15
趋之若鹜	0.15
芬奇镇	0.15
逐字逐句	0.15
诺阿	0.15
乖僻	0.15
与会	0.15
罗斯曼	0.15
维基	0.15
陶罐	0.15
德莫	0.15
奥古斯特·格鲁普	0.15
伊斯肯德仑	0.15
纷扰	0.15
聚拢	0.15
拉罗·杜拉克	0.15
范德	0.15
娇艳	0.15
多尔普	0.15
打井	0.15
弗兰兹·贝特曼	0.15
史特兰	0.15
发酸	0.15
脸上无光	0.15
苔原	0.15
无烟火药	0.15
比齐蒙戈	0.15
罗德里戈	0.15
原子结构	0.15
范宁	0.15
都市人	0.15
晴好	0.15
撂挑子	0.15
挤兑	0.15
巴里·班森	0.15
格米拉	0.15
大同	0.15
萨克拉曼	0.15
无名英雄	0.15
劳林斯	0.15
马可斯	0.15
莆	0.15
错别字	0.15
世纪末	0.15
林薇	0.15
帷	0.15
毛驴	0.15
该镇	0.15
胸臆	0.15
行宫	0.15
倚重	0.15
私用	0.15
定位球	0.15
日尔曼	0.15
韩文	0.15
素性	0.15
睐	0.15
马丁·鲁博	0.15
唱词	0.15
盖瑟克	0.15
拍外景	0.15
轻活	0.15
朱毅	0.15
降伏	0.15
要案	0.15
艾米·巴克斯特	0.15
蒂雅	0.15
贝蒂·戴维斯	0.15
乔乔·怀特	0.15
洛伊·华士布	0.15
福瑞克	0.15
令堂	0.15
丽贝卡·洛克	0.15
荷马·辛普森	0.15
加尔	0.15
速成班	0.15
士龙	0.15
灵猫	0.15
鸦雀无声	0.15
公信力	0.15
捷克共和国	0.15
牛棚	0.15
趣味性	0.15
药物学	0.15
露卡	0.15
销售点	0.15
绽开	0.15
欧多尔	0.15
羅	0.15
变化多端	0.15
阿连德	0.15
阿特拉斯	0.15
喀麦隆	0.15
特威德	0.15
埃米利阿罗	0.15
炽烈	0.15
内省	0.15
渔村	0.15
圣安祖斯	0.15
资产阶级	0.15
参众两院	0.15
史迪威	0.15
贤宇	0.15
富兰克林·罗斯福	0.15
侦查员	0.15
腾跃	0.15
毕夏普	0.15
纷繁	0.15
耍心眼	0.15
葛瑞夫	0.15
区内	0.15
边缘科学	0.15
荷妮	0.15
春雅	0.15
高抬贵手	0.15
暑	0.15
若尼	0.15
马赫	0.15
旱鸭子	0.15
流食	0.15
托姆	0.15
白矮星	0.15
谋事	0.15
加演	0.15
阿尔布开克	0.15
修脚师	0.15
提帕洛	0.15
丽达	0.15
圣马力诺	0.15
伯罗斯	0.15
各有千秋	0.15
安志哲	0.15
麦卡蒂	0.15
超水平	0.15
妥帖	0.15
蹩脚货	0.15
炊具	0.15
永良	0.15
后半段	0.15
印行	0.15
皮博迪	0.15
妃子	0.15
杰克·德里斯库	0.15
甘于	0.15
撰稿	0.15
灵侠	0.15
费普斯	0.15
贸易额	0.15
世贞	0.15
梅里克	0.15
黄苏杨	0.15
费加罗	0.15
佩西	0.15
分子生物学	0.15
莱昂纳德	0.15
妇产医院	0.15
金蝉脱壳	0.15
素平	0.15
再版	0.15
露瑟	0.15
沙文主义	0.15
如虎添翼	0.15
吉米·唐纳利	0.15
乔罗	0.15
库塔	0.15
乌苏拉·勒奎恩	0.15
若真	0.15
森田	0.15
塞尔弗里奇	0.15
见仁见智	0.15
落寞	0.15
缺货	0.15
瓦尔莉亚	0.15
吉布哈	0.15
脸谱	0.15
纽金	0.15
常见病	0.15
爱斯特	0.15
剽悍	0.15
形同虚设	0.15
淑男	0.15
斯特拉波尼兹	0.15
亚历桑	0.15
下调	0.15
伏里克	0.15
詹姆斯·海明斯	0.15
社会学家	0.15
精算师	0.15
夺眶而出	0.15
卡宴	0.15
辛希尔	0.15
令爱	0.15
范杜	0.15
路德维格·凡·贝多芬	0.15
伦勃朗	0.15
科登诺斯基	0.15
柴尔斯	0.15
社会党	0.15
谋利	0.15
林琴人	0.15
佩饰	0.15
格罗夫	0.15
营养素	0.15
呓语	0.15
危重	0.15
净空	0.15
宕	0.15
大节	0.15
成材	0.15
追回	0.15
吊杆	0.15
节外生枝	0.15
豆豉	0.15
耆	0.15
补药	0.15
指甲剪	0.15
库勒	0.15
二分	0.15
古道	0.15
警卫员	0.15
马丁·特威德	0.15
家眷	0.15
披挂	0.15
不胫而走	0.15
供需	0.15
权术	0.15
喀斯	0.15
比尔·盖茨	0.15
掃	0.15
活火山	0.15
千家万户	0.15
安·迪格斯	0.15
非正规	0.15
进言	0.15
号声	0.15
哈布斯堡	0.15
外逃	0.15
梦话	0.15
通知单	0.15
坦娜	0.15
能工巧匠	0.15
凉风	0.15
外间	0.15
接风	0.15
大辅	0.15
内燃机	0.15
一千二百万	0.15
拖船	0.15
侮蔑	0.15
小亭	0.15
芮克	0.15
莉丽	0.15
夹缝	0.15
副标题	0.15
本杰明·朱玛	0.15
认同感	0.15
若诺密阿玛斯	0.15
黎莱	0.15
歼	0.15
威廉敏娜	0.15
贺茂	0.15
噘	0.15
西蒙妮	0.15
大通	0.15
吐诺尔	0.15
遗落	0.15
煤球	0.15
视窗	0.15
板斧	0.15
玛奇雅朵	0.15
外贸	0.15
德拉库拉	0.15
山洪	0.15
啫	0.15
可气	0.15
小基	0.15
博克	0.15
凯雷	0.15
尹京民	0.15
雷·瑞奇	0.15
戴尔·杜拜克	0.15
可我	0.15
莫萨迪	0.15
奸人	0.15
旱季	0.15
色彩斑斓	0.15
氰	0.15
白驹	0.15
小字	0.15
笑靥	0.15
克里斯贝拉	0.15
刑台	0.15
映入眼帘	0.15
教导员	0.15
雉	0.15
格里格	0.15
湖吉	0.15
冰芯	0.15
白象	0.15
二百五十	0.15
艾伦瑞克森	0.15
阿里嘎多	0.15
唐纳德·格林利夫	0.15
君不见	0.15
空调机	0.15
尤利	0.15
白鹭	0.15
念旧	0.15
二五	0.15
普鲁斯	0.15
软椅	0.15
苏打粉	0.15
二点	0.15
枪栓	0.15
不啻	0.15
溴	0.15
铅球	0.15
湖滨	0.15
特克斯	0.15
小惠	0.15
格里克	0.15
善珠	0.15
篦	0.15
公里数	0.15
赵千	0.15
藤介	0.15
八时	0.15
小我	0.15
邦普士	0.15
后腰	0.15
钱庄	0.15
爱尔兰共和国	0.15
好高骛远	0.15
小数	0.15
座舱	0.15
十进制	0.15
盖尔斯克	0.15
最逊	0.15
达尔林普尔	0.15
如其	0.15
安吉拉·桑迪斯	0.15
托瑞利	0.15
吉奈儿	0.15
汤姆·乔丹	0.15
凯特林	0.15
养生	0.15
圣帝	0.15
诺维克	0.15
乐呵呵	0.15
迪克逊	0.15
好声好气	0.15
劈柴	0.15
芝士三	0.15
醋酸	0.15
屉	0.15
乒乒乓乓	0.15
树冠	0.15
李宝中	0.15
引子	0.15
蜜橘	0.15
卡罗林	0.15
艰苦卓绝	0.15
后进	0.15
岸防	0.15
朗罗斯	0.15
鹅毛	0.15
贪官	0.15
来娣	0.15
贱骨头	0.15
自谋生路	0.15
凯莉·布拉德	0.15
血压计	0.15
钢刀	0.15
柯林·克拉克	0.15
迪克西	0.15
鲍比·迪	0.15
运动量	0.15
拋	0.15
莉洁	0.15
踝骨	0.15
秒针	0.15
梅尔维尔	0.15
如白驹	0.15
空转	0.15
博物	0.15
麻醉针	0.15
滴滴答答	0.15
乌尔都	0.15
洛克·休斯顿	0.15
利兰·贾纳斯	0.15
花花世界	0.15
瑟缩	0.15
卡博	0.15
醒醒	0.15
大熊座	0.15
如上	0.15
空肠	0.15
摩托罗拉	0.15
芮文	0.15
奥姆斯	0.15
马特森	0.15
电子器件	0.15
迈克尔·格拉斯	0.15
具象	0.15
结构性	0.15
不丹	0.15
宗范	0.15
憩	0.15
死沉	0.15
独此一家	0.15
歌舞升平	0.15
玛莎·洛根	0.15
水汪汪	0.15
乔·哈里森	0.15
南希·斯托克	0.15
死海	0.15
玻璃板	0.15
桑吉	0.15
平均数	0.15
百分之九十九	0.15
昭雪	0.15
语义	0.15
查理·韦伯	0.15
斯泰西	0.15
米尔科	0.15
琳达·利斯基	0.15
碧翠	0.15
宋汉墨	0.15
舍去	0.15
二尖瓣	0.15
凯利·斯莱特	0.15
階	0.15
维斯帕	0.15
诵	0.15
官吏	0.15
游园会	0.15
塞斯尔	0.15
出血热	0.15
血仇	0.15
浆汁	0.15
弗莱蒂	0.15
米特西	0.15
一页页	0.15
铁锅	0.15
摄食	0.15
伯恩赛德	0.15
猕猴	0.15
双曲线	0.15
迈克·华莱士	0.15
白嘉莉	0.15
约翰·布里格斯	0.15
好处费	0.15
试跳	0.15
贝德温	0.15
不拘小节	0.15
出浴	0.15
聚氨酯	0.15
霍恩	0.15
代理费	0.15
半道	0.15
梯形	0.15
馆员	0.15
多瑞丝	0.15
山泉	0.15
布列克	0.15
范·霍帕	0.15
遏止	0.15
沃特尔	0.15
海科特	0.15
嘉丽丝	0.15
薇琪	0.15
贾柯莫·卡萨诺瓦	0.15
蛊惑人心	0.15
盗车	0.15
返祖现象	0.15
疲乏	0.15
拉网式	0.15
斯丽姆	0.15
科尔森	0.15
柴郡	0.15
万王之王	0.15
圣帕特里克	0.15
欧律	0.15
桃源	0.15
舒梅克	0.15
枷	0.15
一千零一	0.15
埃米利·凯尔索	0.15
詹姆士·法默	0.15
迈克·希瓦	0.15
迎新会	0.15
暗渡陈仓	0.15
回函	0.15
寰球	0.15
防洪堤	0.15
山石	0.15
砚台	0.15
安魂曲	0.15
起到	0.15
摸爬滚打	0.15
鲍勃·威尔森	0.15
阴极	0.15
雷达站	0.15
康威	0.15
文星	0.15
卡宾枪	0.15
小弗勒德	0.15
劳拉·图林思	0.15
零九	0.15
弗拉纳市	0.15
綁	0.15
温道尔	0.15
出笼	0.15
宝洁	0.15
利布肯	0.15
卖方	0.15
学有所成	0.15
没羞	0.15
广州	0.15
进口税	0.15
坑坑洼洼	0.15
蝻	0.15
盖乌斯	0.15
众说纷纭	0.15
丁加	0.15
回文	0.15
戴孝	0.15
帕梅拉·安德森	0.15
酒铺	0.15
文斯·帕佩利	0.15
胎生	0.15
平行线	0.15
实验鼠	0.15
血泡	0.15
客船	0.15
霍丽	0.15
会阴	0.15
怏怏	0.15
力作	0.15
汪洋	0.15
组曲	0.15
家鼠	0.15
博·拉莱米	0.15
文娱	0.15
古西	0.15
豆类	0.15
公允	0.15
安吉丽娜·朱莉	0.15
说一不二	0.15
厄立特里亚	0.15
喷壶	0.15
圣巴特斯	0.15
西中佐	0.15
家道	0.15
里山	0.15
拉米罗	0.15
苏菲·费舍尔	0.15
法希	0.15
龙洋	0.15
查尔斯福瑞克	0.15
义裔	0.15
会餐	0.15
桃园	0.15
阿比·弗德曼	0.15
李京子	0.15
德罗谢尔	0.15
伊斯特班	0.15
演讲会	0.15
清一色	0.15
十七八	0.15
阿蒂斯	0.15
卖唱	0.15
里奥	0.15
亲事	0.15
普天之下	0.15
出土	0.15
白熊	0.15
波里尼西亚	0.15
粉盒	0.15
波西塔诺	0.15
李宪宇	0.15
总编辑	0.15
比利·布里克	0.15
肩胛	0.15
彼莱斯	0.15
电铃	0.15
转轴	0.15
伫立	0.15
艾考夫	0.15
查克·艾柯斯	0.15
平方尺	0.15
皮埃特	0.15
辣酱油	0.15
卖乖	0.15
回火	0.15
科尔亚	0.15
霍勒	0.15
伊斯特本	0.15
体细胞	0.15
挨近	0.15
冷光	0.15
鲍洛奇	0.15
实验舱	0.15
译名	0.15
从简	0.15
尽心竭力	0.15
衡	0.15
莫琳·雷森	0.15
售房	0.15
斯德茜	0.15
卡里科	0.15
喜来	0.15
莫利·沃克	0.15
沃利斯	0.15
霍兹	0.15
电热毯	0.15
俗话说得好	0.15
普罗文奇	0.15
风势	0.15
柏柏尔	0.15
激活剂	0.15
爱德芒	0.15
阿特金斯	0.15
寒窗	0.15
普斯妮凯蒂	0.15
轼	0.15
惊涛骇浪	0.15
修改稿	0.15
递补	0.15
托马西	0.15
迪恩斯	0.15
广告栏	0.15
葛瑞琴	0.15
跐	0.15
东城区	0.15
他勒	0.15
百里挑一	0.15
勒兹	0.15
神道	0.15
狄海雯	0.15
怀春	0.15
苦役	0.15
达官贵人	0.15
一排排	0.15
追逐赛	0.15
诗社	0.15
驰名	0.15
巴勒拉特	0.15
耳鼓	0.15
原籍	0.15
精美绝伦	0.15
心惊	0.15
尼尔·帕特里克·哈里斯	0.15
心性	0.15
安德顿	0.15
俚	0.15
昆汀	0.15
伊莱恩	0.15
静脉炎	0.15
氰酸	0.15
川流不息	0.15
网膜	0.15
苏里南	0.15
巴塞隆纳	0.15
競	0.15
床架	0.15
八角	0.15
花美男	0.15
小玛丽	0.15
插科打诨	0.15
惨象	0.15
勒夫	0.15
草籽	0.15
哈斯霍夫	0.15
风闻	0.15
信风	0.15
气慨	0.15
明晃晃	0.15
前尘	0.15
成竹在胸	0.15
皮科克	0.15
不均	0.15
书屋	0.15
风霜	0.15
格瑞尔	0.15
本尼娜	0.15
纪念币	0.15
维里茨	0.15
霍格斯	0.15
金鸡	0.15
健步	0.15
战歌	0.15
斯坦得	0.15
败退	0.15
亨利·罗	0.15
镂空	0.15
钙化	0.15
色谱仪	0.15
咏华	0.15
塞德斯基	0.15
官腔	0.15
无用武之地	0.15
祭台	0.15
恩珍	0.15
赎身	0.15
残兵败将	0.15
悬崖峭壁	0.15
敌区	0.15
多年生	0.15
透光	0.15
寒战	0.15
穆罕默	0.15
心焦	0.15
萌发	0.15
罗蓝	0.15
德鲁·贝勒	0.15
场馆	0.15
玄苏扬	0.15
两手	0.15
幻灯	0.15
显明	0.15
量子论	0.15
一呼百应	0.15
伊丽撒	0.15
紫红	0.15
马太	0.15
第二十六	0.15
安布托	0.15
邓格勒	0.15
诺森伯兰	0.15
立体感	0.15
成双成	0.15
汉·索罗	0.15
威廉·威廉姆斯	0.15
学前教育	0.15
妙法	0.15
仟	0.15
居多	0.15
艾文泰	0.15
说理	0.15
浴液	0.15
鹿死谁手	0.15
贾德	0.15
小杨	0.15
衣兜	0.15
金尚然	0.15
康州	0.15
黑森	0.15
鲑	0.15
市级	0.15
常秀	0.15
安娜·伊万诺娃	0.15
李琪安娜	0.15
圣克里斯	0.15
车辙	0.15
拉希德	0.15
转正	0.15
敬慕	0.15
大字报	0.15
雅果	0.15
卡德尔	0.15
布根哈根	0.15
守军	0.15
气锅	0.15
蒸汽机	0.15
斯利姆·霍普金斯	0.15
勒布朗·詹姆斯	0.15
气旋	0.15
后备军	0.15
肥美	0.15
弹簧锁	0.15
恩仇	0.15
寒冰	0.15
世卫	0.15
斯普斯	0.15
黑枪	0.15
黑白片	0.15
停车处	0.15
詹姆斯·科斯塔	0.15
切尔文	0.15
双座	0.15
缬	0.15
装饰性	0.15
卢内尔	0.15
哀愁	0.15
寒喧	0.15
返工	0.15
常波	0.15
纳尔逊·曼德拉	0.15
滩地	0.15
鲍顿	0.15
祝寿	0.15
贵贱	0.15
黑纱	0.15
暸	0.15
索太罗	0.15
青丝	0.15
疫区	0.15
杰克·安德森	0.15
禽类	0.15
杰斯帝	0.15
对撞机	0.15
摇撼	0.15
非难	0.15
伯纳德·史雷贝克	0.15
朱尼奥	0.15
神人	0.15
塔尔克	0.15
放胆	0.15
祭献	0.15
詹姆士斯巴奇	0.15
长征	0.15
斗山	0.15
恩召	0.15
承受力	0.15
哈特利	0.15
补偿费	0.15
两两	0.15
克利里	0.15
一段段	0.15
审判权	0.15
内德·中森	0.15
芬奇曼	0.15
康格里夫	0.15
凭吊	0.15
分晓	0.15
车里	0.15
掼	0.15
恩尼	0.15
奔袭	0.15
莎拉·乔丹	0.15
敬献	0.15
达奇	0.15
茶花女	0.15
嘟哝	0.15
咯吱咯吱	0.15
哀痛	0.15
二氧化硅	0.15
二氧化硫	0.15
坂下	0.15
墨菲斯托菲里斯	0.15
车钩	0.15
高爱丽	0.15
百战不殆	0.15
恩多	0.15
麦兹	0.15
阿尔海伊	0.15
义父	0.15
觸	0.15
直肠子	0.15
苏里曼	0.15
质变	0.15
贝得·哈克	0.15
麦可	0.15
明令禁止	0.15
门楣	0.15
局域网	0.15
克人	0.15
耶利哥	0.15
风姿	0.15
宿吉	0.15
查理·唐森	0.15
丘疹	0.15
制服呢	0.15
莱密阿	0.15
泰托·帕利斯	0.15
思前想后	0.15
敬语	0.15
玛莉丝卡	0.15
箐	0.15
住院费	0.15
亨弗莱·鲍嘉	0.15
花红	0.15
接力棒	0.15
动能	0.15
花岗石	0.15
向东	0.15
言情片	0.15
洋面	0.15
欺人太甚	0.15
边框	0.15
拉帮结派	0.15
义正词严	0.15
文具店	0.15
特里·本尼迪克特	0.15
杜德	0.15
摹仿	0.15
杰德加马	0.15
雅虎	0.15
李秀哲	0.15
分针	0.15
审判长	0.15
腾克	0.15
自慰	0.15
卡维拉	0.15
弗罗多	0.15
凯丽·韦伯	0.15
穆尔	0.15
韓	0.15
粉墨登场	0.15
风湿热	0.15
普锐斯	0.15
此间	0.15
柯南	0.15
金宝	0.15
第四十	0.15
丢丑	0.15
败仗	0.15
同岁	0.15
阿米巴	0.15
第纳尔	0.15
戴夫·托什	0.15
戴尔特	0.15
不干胶	0.15
金基德	0.15
核糖核酸	0.15
莱纳尔	0.15
字节	0.15
独具	0.15
注册表	0.15
为害	0.15
过氧化氢	0.15
炯	0.15
朵朵	0.15
雷德·史蒂文斯	0.15
责任人	0.15
明争暗斗	0.15
阿瓦特斯·斯通	0.15
恺	0.15
曼马	0.15
风传	0.15
高加米拉	0.15
普里斯	0.15
爱德华兹	0.15
裙裤	0.15
娜努克	0.15
七零八落	0.15
教练员	0.15
各族	0.15
迈尔文	0.15
雨燕	0.15
埃默斯	0.15
遗恨	0.15
洁宁	0.15
埃弗雷特·希什	0.15
哥儿	0.15
搭腔	0.15
难友	0.15
灶台	0.15
车皮	0.15
伍德斯	0.15
做东	0.15
审判者	0.15
提拉米苏	0.15
軟	0.15
约翰霍普金斯	0.15
永敏	0.15
弗兰克·艾伦	0.15
凯文罗麦斯	0.15
砟	0.15
嘉露莲	0.15
江洋大	0.15
人云亦云	0.15
尼克尔森	0.15
锤头	0.15
青鸟	0.15
马蜂	0.15
布鲁克思	0.15
判明	0.15
平常心	0.15
岑	0.15
检验室	0.15
心迹	0.15
不可抗力	0.15
朊	0.15
格莱谢姆	0.15
梅里特·阿姆巴赫	0.15
肉牛	0.15
葛威	0.15
圣马迪	0.15
戴维·夏佩尔	0.15
耶利米	0.15
希瑟·霍洛威	0.15
斗智斗勇	0.15
痨	0.15
恍若	0.15
盗匪	0.15
冤情	0.15
篠	0.15
伯大尼	0.15
正版	0.15
迪菲尔德	0.15
遗像	0.15
疲态	0.15
恶兆	0.15
玉米粥	0.15
玉米粒	0.15
罗圈腿	0.15
色光	0.15
波洛克	0.15
判别	0.15
米普·吉斯	0.15
思佩特	0.15
名山	0.15
二房	0.15
麦莎	0.15
尚格云顿	0.15
姨母	0.15
朴胤	0.15
杜林	0.15
咘	0.15
鞍前马后	0.15
仁田	0.15
拉科塔	0.15
自备	0.15
斯科特·埃文斯	0.15
混纺	0.15
绝对真理	0.15
伏尔加	0.15
面红耳赤	0.15
自幼	0.15
梨花	0.15
谗言	0.15
拿破仑·波	0.15
网罗	0.15
秋水	0.15
宋飞传	0.15
两亿一千两百万	0.15
安杰罗蒂	0.15
威尔·斯特朗霍德	0.15
李贞熙	0.15
艾德·米勒	0.15
金秋	0.15
独独	0.15
自小	0.15
独具慧眼	0.15
守车	0.15
海伯尔	0.15
冈特	0.15
梶	0.15
布鲁士	0.15
正数	0.15
安德沃	0.15
习作	0.15
衣被	0.15
百折不挠	0.15
橡胶树	0.15
冈瑟	0.15
必然性	0.15
荷康	0.15
弗里德里希	0.15
使领馆	0.15
礼炮	0.15
改判	0.15
立柱	0.15
卡尔·罗夫	0.15
瑞斯蒂	0.15
奥云	0.15
啾啾	0.15
甥女	0.15
信用证	0.15
阿比让	0.15
齐步	0.15
布拉迪斯拉发	0.15
苏斯塞尔	0.15
霍赫特	0.15
输者	0.15
吐根	0.15
龙舟	0.15
齐洛	0.15
旧习	0.15
面汤	0.15
受制	0.15
官能症	0.15
电感	0.15
礼盒	0.15
金黎	0.15
助纣为虐	0.15
罗智妮	0.15
伊莱亚·穆罕默德	0.15
交互式	0.15
加马丁尼	0.15
犒赏	0.15
俊男靓女	0.15
梅普索普	0.15
哈蒂·梅·皮尔斯	0.15
强身健体	0.15
跳远	0.15
中华人民共和国	0.15
姜世宗	0.15
低烧	0.15
回身	0.15
权永勋	0.15
多米尼克·弗伊	0.15
发奖	0.15
雷纳德·马丁	0.15
达利拉	0.15
祖母绿	0.15
伊丽莎白·班纳特	0.15
斯旺吉	0.15
顿奇	0.15
宫延	0.15
福福	0.15
助消化	0.15
齐整	0.15
药材	0.15
向心力	0.15
粒状	0.15
埃瑟里奇	0.15
欧芹	0.15
嗽	0.15
伊特鲁里亚	0.15
耐久	0.15
露西·佩文西	0.15
箱包	0.15
卡瑞	0.15
群英	0.15
蚁穴	0.15
群芳	0.15
电棒	0.15
圆舞曲	0.15
星光奖	0.15
诺玛·珍	0.15
低位	0.15
奥康	0.15
鱼塘	0.15
转椅	0.15
文森特·卡迪夫	0.15
鼓噪	0.15
惠妮	0.15
阿提拉	0.15
比尔·克林顿	0.15
相差无几	0.15
委任状	0.15
阙	0.15
换汤不换药	0.15
帕米达拉	0.15
鲛	0.15
游水	0.15
保罗·卢斯赛伯吉纳	0.15
塘边	0.15
钢化玻璃	0.15
奥多	0.15
绒线	0.15
展销会	0.15
纪大伟	0.15
阿来达	0.15
批发价	0.15
卡福克斯阿比	0.15
面点	0.15
迎春	0.15
劝降	0.15
图文	0.15
棚户区	0.15
圣特丽萨	0.15
肯·卡特	0.15
跟手	0.15
面神经	0.15
面相	0.15
奈丽	0.15
自助式	0.15
转子	0.15
尼科	0.15
三二一	0.15
伊拉斯特斯·弗尔曼	0.15
百宝箱	0.15
山腰	0.15
一万三千五	0.15
厄秀	0.15
薄冰	0.15
硬性	0.15
地下党	0.15
弗林克曼	0.15
受用	0.15
岸谷	0.15
谱子	0.15
金顺义	0.15
弗莱曼	0.15
描画	0.15
伟伦	0.15
奋起直追	0.15
法拉第	0.15
蒂艾尼	0.15
企业界	0.15
家底	0.15
齐乐	0.15
遮阳帽	0.15
昆斯基	0.15
甾	0.15
转包	0.15
质证	0.15
于是乎	0.15
融解	0.15
霍茨	0.15
因数	0.15
画架	0.15
自然课	0.15
简练	0.15
夏纳汉	0.15
慢车	0.15
混浊	0.15
飞飞	0.15
珍妮·赖安	0.15
严查	0.15
大喜事	0.15
聚丙烯	0.15
吉尔·塔克	0.15
拆伙	0.15
改扮	0.15
票贩子	0.15
到校	0.15
希尔斯	0.15
同时代	0.15
斋月	0.15
出乎预料	0.15
基秀	0.15
山野	0.15
弗雷德里克斯堡	0.15
拆台	0.15
奥哈马	0.15
希尔曼	0.15
林地	0.15
特雷比西亚	0.15
夸里	0.15
铁杵	0.15
印刷体	0.15
曾祖	0.15
闻讯	0.15
雷打不动	0.15
山雀	0.15
罗曼诺夫	0.15
存单	0.15
埃尼亚斯·梅拉	0.15
儒雅	0.15
经办	0.15
弗里斯	0.15
才学	0.15
韦尔斯	0.15
简森	0.15
飞轮	0.15
普里西亚	0.15
达利斯	0.15
濑户	0.15
史达林	0.15
城北区	0.15
低效	0.15
愧	0.15
原班人马	0.15
守望相助	0.15
宝路	0.15
杰夫·波特	0.15
哈克尼	0.15
哈罗朗	0.15
低息	0.15
山鸡	0.15
铁汉	0.15
统称	0.15
画片	0.15
自上而下	0.15
陆一	0.15
农具	0.15
蒂蒙斯	0.15
公告栏	0.15
唐·西洛	0.15
康恩秀	0.15
弗瑞琪	0.15
臀围	0.15
猪脚	0.15
合正洞	0.15
秘室	0.15
福同享	0.15
奥丽埃纳	0.15
卡拉威	0.15
沟槽	0.15
养猪场	0.15
困倦	0.15
第四十二	0.15
约翰尼斯	0.15
葛佛莱佩	0.15
卢尔德	0.15
人才济济	0.15
语义学	0.15
艾利	0.15
扉页	0.15
呼之欲出	0.15
格里菲思	0.15
开具	0.15
言谈举止	0.15
荣欣	0.15
通力	0.15
兵戎相见	0.15
克里斯托普	0.15
明皋	0.15
迦百农	0.15
镯子	0.15
施洗	0.15
祖摩	0.15
沃里	0.15
福兰尼	0.15
克拉荷马城	0.15
海姆斯	0.15
纸人	0.15
轶闻	0.15
马尔斯	0.15
姜德罗	0.15
冀	0.15
蒂凡妮	0.15
波拉特·萨格迪耶夫	0.15
伊弗斯·格鲁昂特	0.15
冷眼	0.15
阿申	0.15
斯奇尼德威森	0.15
够味儿	0.15
查里·罗根	0.15
没说的	0.15
事过境迁	0.15
吃水	0.15
长生	0.15
菲达	0.15
麝	0.15
平价	0.15
冲田	0.15
笔触	0.15
乔尼·米切尔	0.15
月薪	0.15
施用	0.15
嫉	0.15
伯内	0.15
洒水车	0.15
物探	0.15
手迹	0.15
贾德纳	0.15
仓桥	0.15
救难	0.15
艾迪熊	0.15
希斯	0.15
助力	0.15
客队	0.15
科迪·马丁	0.15
第叁	0.15
行李架	0.15
阿秀	0.15
少言寡语	0.15
橡皮膏	0.15
文学院	0.15
查尔斯·卡莱尔	0.15
环行	0.15
斯麦卡利斯特	0.15
婫	0.15
澳州	0.15
泰伊丝	0.15
军区	0.15
自强不息	0.15
邦妮兴	0.15
伏拉斯卡	0.15
马拉维	0.15
神君	0.15
艾索	0.15
大陆架	0.15
樊	0.15
平纹	0.15
阿米拉	0.15
初试	0.15
开箱	0.15
巴赛罗	0.15
晖	0.15
舱盖	0.15
煤烟	0.15
阿修	0.15
阉人	0.15
镫	0.15
逻	0.15
废黜	0.15
木船	0.15
锡兰	0.15
忠仆	0.15
秀哲	0.15
亢进	0.15
开矿	0.15
蕴	0.15
开盘	0.15
保罗森	0.15
工作队	0.15
特洛埃	0.15
舒张	0.15
马西森	0.15
革命家	0.15
阻尼	0.15
威利·王	0.15
写信人	0.15
厄尔尼诺	0.15
井泽	0.15
明嘉	0.15
神往	0.15
查理布朗	0.15
长兄	0.15
咸兴	0.15
肠衣	0.15
表演艺术家	0.15
荒僻	0.15
洛丝琳	0.15
毡子	0.15
拉卫利	0.15
阿唯	0.15
审定	0.15
尼奥比	0.15
卡梅隆·迪亚兹	0.15
秀京	0.15
天秀	0.15
忌恨	0.15
维修费	0.15
十二秒	0.15
考菲德	0.15
荣升	0.15
物产	0.15
克莱夫	0.15
阿久津	0.15
明令	0.15
约斯顿	0.15
勾销	0.15
农机	0.15
白皮书	0.15
艾里斯	0.15
破冰船	0.15
艾温	0.15
芋头	0.15
阿德	0.15
贤俊	0.15
冷峻	0.15
塔博勒	0.15
维达尔	0.15
普利莫	0.15
约翰·艾尔维	0.15
阿希	0.15
团体照	0.15
多布金斯	0.15
百分之二十五	0.15
祖克	0.15
天目	0.15
九龙	0.15
纽斯	0.15
史莱德	0.15
江本胜	0.15
稚气	0.15
阿姐	0.15
牵强附会	0.15
梦铉	0.15
赦免权	0.15
盐罐	0.15
神佑	0.15
缝缝	0.15
虔敬	0.15
唐诺	0.15
巨轮	0.15
魏蒙哥	0.15
考迪莉亚	0.15
马丁毕	0.15
道伊尔	0.15
先斩后奏	0.15
泰武	0.15
墓场	0.15
贼赃	0.15
务农	0.15
抱头痛哭	0.15
合声	0.15
叶酸	0.15
蒙彼利埃	0.15
摩娜	0.15
河口	0.15
巧妇	0.15
布勒	0.15
玛孝乐	0.15
基逊	0.15
克里斯·科德维尔	0.15
切忌	0.15
欧文·戴维安	0.15
汤面	0.15
潘达	0.15
专断	0.15
明知故犯	0.15
布希	0.15
费吉贝尔	0.15
财迷	0.15
但查理	0.15
詹姆斯·布朗	0.15
瑞潘泽	0.15
柔性	0.15
莫菲斯	0.15
科摩湖	0.15
马格利特·休斯	0.15
嘴皮	0.15
约翰肯尼迪	0.15
希斯罗	0.15
穆恩	0.15
马克·斯坦	0.15
粘合	0.15
万难	0.15
请命	0.15
米西纳斯	0.15
危地马拉人	0.15
铁路线	0.15
万金	0.15
基顿	0.15
英淑	0.15
柔术	0.15
甚嚣尘上	0.15
维尔森	0.15
笛福	0.15
香花	0.15
务工	0.15
罗勃特	0.15
旺旺	0.15
道格·卡林	0.15
特瓦瑞格	0.15
塔唐卡	0.15
人财物	0.15
台式	0.15
英灵	0.15
俊秀	0.15
斯代夫切克	0.15
万象	0.15
惶	0.15
恻隐之心	0.15
玖	0.15
哽咽	0.15
金童玉女	0.15
海碗	0.15
埃默特	0.15
若有所思	0.15
藏书楼	0.15
参照物	0.15
高伯	0.15
矿上	0.15
笼络	0.15
催生	0.15
幡然	0.15
冤狱	0.15
清剿	0.15
怀孕期	0.15
清冷	0.15
泰米	0.15
打桩机	0.15
震级	0.15
维尔特	0.15
刹车片	0.15
自刎	0.15
帕吉塔	0.15
硫黄岛	0.15
基英	0.15
灰质炎	0.15
史蒂文·泰勒	0.15
矢志不渝	0.15
逆耳	0.15
左顾右盼	0.15
香港脚	0.15
马蒂巴	0.15
革除	0.15
艺校	0.15
弗雷迪班德	0.15
坩埚	0.15
神崎二	0.15
工种	0.15
韩尚宇	0.15
艾瑞斯	0.15
玉玺	0.15
绵薄	0.15
悉数	0.15
三六	0.15
托德曼	0.15
逸闻	0.15
拉利	0.15
衛	0.15
总理府	0.15
六十九	0.15
攀谈	0.15
两万四千	0.15
安迪·沃霍尔	0.15
蒙塔	0.15
玛莉雅	0.15
终年	0.15
耶西	0.15
镖客	0.15
财产税	0.15
哈雷路亚	0.15
震中	0.15
萨卡吉威尔	0.15
乔治·卢塔甘达	0.15
瓦格	0.15
蒙山	0.15
课表	0.15
称称	0.15
克里斯·雷利	0.15
麦克莱伦	0.15
祠	0.15
鳎	0.15
埔	0.15
萨迪士	0.15
等腰	0.15
圣博纳德	0.15
结肠炎	0.15
屏弃	0.15
再者说	0.15
直航	0.15
费欧娜	0.15
罗贞珠	0.15
胡萝卜素	0.15
柯蒂斯·曼宁	0.15
英伍	0.15
田谷	0.15
病假条	0.15
葛丝	0.15
二十七日	0.15
潸然泪下	0.15
专区	0.15
亚列舒曼	0.15
英兰	0.15
俊夫	0.15
俊大	0.15
拼版	0.15
酌情	0.15
科里斯科	0.15
松鸡	0.15
杀气腾腾	0.15
约翰·墨菲	0.15
黝	0.15
玉女	0.15
嘁	0.15
玛丽亚·冈扎勒斯	0.15
洛纳·梅尔兹	0.15
艾利克森	0.15
前赴后继	0.15
功败垂成	0.15
赤诚	0.15
特兹	0.15
答疑	0.15
尼阿卡斯	0.15
特出	0.15
倩影	0.15
帘布	0.15
工程部	0.15
布洛	0.15
必得	0.15
维德·钱伯斯	0.15
杰西·弗里德曼	0.15
哨塔	0.15
丹尼尔·达烈	0.15
田鸡	0.15
莫明其妙	0.15
赤贫	0.15
和煦	0.15
请来	0.15
复活节岛	0.15
励志	0.15
坎布里奇	0.15
暗想	0.15
亨利·基辛格	0.15
以色列人	0.15
迈泰	0.15
富川	0.15
郡长	0.15
结膜炎	0.15
伯戴尔	0.15
从艺	0.15
清蒸	0.15
强尼·卡什	0.15
戈塔	0.15
攀比	0.15
晦暗	0.15
埃弗勒斯	0.15
失敬	0.15
斯盖	0.15
课文	0.15
主仆	0.15
成员国	0.15
二万五千	0.15
互连	0.15
乌多	0.15
标灯	0.15
民族英雄	0.15
热心人	0.15
霍米	0.15
汤米·金凯德	0.15
东河	0.15
范艾略	0.15
军职	0.15
撒欢	0.15
实为	0.15
格鲁威尔	0.15
银光	0.15
张弓	0.15
南珠	0.15
清贫	0.15
红龙	0.15
肯塔辛	0.15
费雷罗	0.15
边缘化	0.15
舷窗	0.15
谐波	0.15
饱尝	0.15
棍儿	0.15
鸡场	0.15
切面	0.15
艰苦奋斗	0.15
赛尼	0.15
底色	0.15
罗伦斯	0.15
麦辛杰	0.15
廉价品	0.15
惟勇	0.15
潘姆	0.15
巨幅	0.15
一息尚存	0.15
大卫·科波菲尔	0.15
伍德拉夫	0.15
科林·法瑞尔	0.15
驼毛	0.15
联络点	0.15
雷克斯雷克斯拉夫	0.15
辛迪·坎贝尔	0.15
虫灾	0.15
格伦海姆	0.15
伍时	0.15
练功	0.15
承接	0.15
负极	0.15
拉夫·劳伦	0.15
底薪	0.15
暗码	0.15
比基利	0.15
高耸入云	0.15
胜利果实	0.15
快嘴	0.15
摩戴尔	0.15
末了	0.15
藓	0.15
恩塞纳达	0.15
乌龙茶	0.15
皮筏	0.15
奥波德	0.15
摩莱	0.15
盖史特·埃弗拉考托斯	0.15
黄包车	0.15
主叫	0.15
矿脉	0.15
球茎	0.15
灰鲸	0.15
凯拉斯	0.15
奎植	0.15
隆冬	0.15
主因	0.15
鹫	0.15
下家	0.15
安特里姆	0.15
麦格尔	0.15
直体	0.15
文昊	0.15
亚特·布兰克	0.15
这方	0.15
花言巧语	0.15
特罗纳	0.15
跳脚	0.15
佩托·派普齐奥	0.15
路德·范德罗斯	0.15
格林奇	0.15
标号	0.15
哈弗利克	0.15
今儿个	0.15
斯温尼	0.15
奎克	0.15
一览表	0.15
索卡	0.15
肯帕森	0.15
阿洛伊修斯	0.15
索拉诺	0.15
斯吉	0.15
凡尼	0.15
解放战争	0.15
泰费	0.15
混合型	0.15
风光一时	0.15
护校	0.15
承建	0.15
患得患失	0.15
乳腺	0.15
斯塔	0.15
订书针	0.15
鸨母	0.15
潘撒	0.15
脑积水	0.15
快意	0.15
课业	0.15
猩	0.15
憾事	0.15
叶素	0.15
买者	0.15
泽诺斯	0.15
保健品	0.15
香精	0.15
杰森·艾姆斯	0.15
輕	0.15
警民	0.15
女低音	0.15
东夏	0.15
专递	0.15
汉普敦	0.15
良辰美景	0.15
失势	0.15
尼克迪莫斯	0.15
维萨卡	0.15
贝森	0.15
皮具	0.15
影视圈	0.15
安纳金	0.15
囊虫	0.15
海鹰	0.15
埃尔德雷德	0.15
虫卵	0.15
英音	0.15
有板有眼	0.15
可歌可泣	0.15
等值	0.15
斯塔腾	0.15
基氏	0.15
特罗松	0.15
联络处	0.15
乔纳森·麦考利	0.15
倾覆	0.15
泛指	0.15
文绉绉	0.15
迈入	0.15
皮帽	0.15
汗津津	0.15
考评	0.15
允姬	0.15
戴韦恩	0.15
赤云	0.15
随访	0.15
避重就轻	0.15
在教	0.15
瑞克·莱克	0.15
导护	0.15
氢化物	0.15
呲	0.15
利己主义	0.15
全国委员会	0.15
笔尖	0.15
寡头	0.15
挑唆	0.15
体坛	0.15
麦克·桑德斯	0.15
调拨	0.15
盛放	0.15
小赫特	0.15
嘌	0.15
萌动	0.15
卡尔波	0.15
奥哈伊萨	0.15
笔墨	0.15
心灵手巧	0.15
培养液	0.15
平方公里	0.15
卡罗斯	0.15
战书	0.15
舱面	0.15
威廉·道斯	0.15
缎子	0.15
艾默	0.15
挑动	0.15
凯思琳	0.15
鲣	0.15
暇	0.15
何如	0.15
口岸	0.15
姬亚	0.15
敬老院	0.15
肠炎	0.15
哈桑·努米尔	0.15
雅马哈	0.15
亨曼	0.15
不大不小	0.15
小洛蒂	0.15
切·贝克	0.15
踉踉跄跄	0.15
南希·布朗	0.15
艾力库伦	0.15
天蛾	0.15
哈蒂·吉恩	0.15
沃刚	0.15
图玛	0.15
雷夫贾西	0.15
高度计	0.15
普希金	0.15
本特利	0.15
枱	0.15
廋	0.15
达·芬奇	0.15
幼发拉底河	0.15
奥普里	0.15
近墨者黑	0.15
口实	0.15
遥遥无期	0.15
盐都	0.15
武田军	0.15
公差	0.15
夜袭	0.15
阿尔温	0.15
目无法纪	0.15
曲风	0.15
图瓦卢	0.15
玄学	0.15
国力	0.15
漠然	0.15
顾影	0.15
感怀	0.15
杰罗	0.15
道地	0.15
一拥而上	0.15
韩成宇	0.15
腻味	0.15
商业性	0.15
骗子手	0.15
朱莉娅·罗伯茨	0.15
马泽斯基	0.15
环线	0.15
舒瓦兹	0.15
东正教	0.15
掌嘴	0.15
柏尼	0.15
玛丽亚·凯莉	0.15
恭恭敬敬	0.15
张洁顺	0.15
嘶吼	0.15
歌会	0.15
开腔	0.15
不在少数	0.15
古典主义	0.15
感叹词	0.15
天露	0.15
曲霉	0.15
艾蒙	0.15
拿人	0.15
开荒	0.15
佐藤希	0.15
路易斯·西莫	0.15
斯图尔	0.15
腔骨	0.15
迪盖普西	0.15
吉娜瑞	0.15
七嘴八舌	0.15
鲍比·莫瑟	0.15
阿尔库	0.15
阶段性	0.15
卫生球	0.15
压岁钱	0.15
道斯	0.15
菜根	0.15
溝	0.15
咖喱粉	0.15
贾兹敏·比尔特摩	0.15
五香	0.15
行经	0.15
撞入	0.15
精神损失费	0.15
原由	0.15
原田	0.15
弗劳尔	0.15
凯雷德	0.15
帕高	0.15
托勒利斯	0.15
辛特拉	0.15
凑数	0.15
普拉蒙德	0.15
丙醇	0.15
棉纱	0.15
毖	0.15
新五郎	0.15
卢旺达人	0.15
一着不慎	0.15
杰奥诺索斯	0.15
肥胖症	0.15
兽皮	0.15
洛德	0.15
长谷	0.15
竞相	0.15
交响音乐会	0.15
猾	0.15
圆规	0.15
阿萨姆斯	0.15
船桥	0.15
抒情诗	0.15
公房	0.15
麦多斯	0.15
魁北克省	0.15
希达	0.15
丧葬费	0.15
调养	0.15
从速	0.15
莉娜卡利加瑞	0.15
决堤	0.15
五谷	0.15
暗含	0.15
杰墨	0.15
马丁布里斯	0.15
观测站	0.15
明证	0.15
嵴	0.15
威松	0.15
杰妮	0.15
好男儿	0.15
博瑟·山特洛斯	0.15
乔治·芬奇	0.15
文学系	0.15
威彭斯	0.15
卜满	0.15
盖斯麦丘	0.15
安杰拉	0.15
存贮	0.15
罗慕伦	0.15
初夏	0.15
威治	0.15
约翰·史密斯	0.15
建筑队	0.15
菊花茶	0.15
沉淀物	0.15
核反应	0.15
拉脱维亚	0.15
圣·托马斯	0.15
马西亚诺	0.15
氯化	0.15
鼻窦	0.15
盛岗	0.15
营长	0.15
便帽	0.15
塑性	0.15
臼	0.15
舒达	0.15
詹姆士庞德	0.15
文学界	0.15
乘积	0.15
奉达虎	0.15
赛丽丝	0.15
阿香	0.15
秀英	0.15
绪语	0.15
游移	0.15
忍俊不禁	0.15
欧布莱恩	0.15
火山学	0.15
冶	0.15
敏淑	0.15
苗族	0.15
萨菲	0.15
爱德华·库伦	0.15
声明书	0.15
三五年	0.15
鸭舌帽	0.15
迪坦贝	0.15
老花	0.15
优越性	0.15
弄僵	0.15
凯蒂·巴伦	0.15
贝尔蒙	0.15
探察	0.15
新都	0.15
抽水机	0.15
摊主	0.15
可可粉	0.15
狸	0.15
坎儿	0.15
沃勒普	0.15
纬线	0.15
公安部	0.15
单色	0.15
马丁路德	0.15
光芒万丈	0.15
精壮	0.15
百事通	0.15
惰	0.15
老迈	0.15
莎朗·斯通	0.15
多灾多难	0.15
炳赞	0.15
三和	0.15
佛斯诺	0.15
智谋	0.15
鲍比·沙迪	0.15
西南风	0.15
假山	0.15
扶轮	0.15
老詹	0.15
睡莲	0.15
葛洛蒂亚	0.15
鹤甘	0.15
美灵	0.15
倍数	0.15
申述	0.15
谆谆	0.15
格兰迪	0.15
黄牌	0.15
达雷尔	0.15
作乱	0.15
萨那	0.15
无限大	0.15
眼屎	0.15
圣罗莎	0.15
南克莱	0.15
贝慧	0.15
寻访	0.15
忐忑	0.15
千夫所指	0.15
载波	0.15
红墨水	0.15
擒拿	0.15
透析机	0.15
费弗	0.15
一群	0.15
随同	0.15
词性	0.15
老郭	0.15
意译	0.15
电报局	0.15
发奇	0.15
铝土	0.15
迈基拉多拉	0.15
想得开	0.15
麻油	0.15
花白	0.15
真情实意	0.15
春意盎然	0.15
千柏	0.15
楚客	0.15
浣	0.15
卓逊	0.15
费兹	0.15
参差	0.15
恍如隔世	0.15
易卜生	0.15
快捷键	0.15
阿拉贝拉	0.15
丑相	0.15
达吉斯	0.15
一对对	0.15
型台	0.15
飞行服	0.15
西普瑞恩	0.15
果树	0.15
克莱尔·库切芙	0.15
斯卡尼	0.15
艾米丽·波萨	0.15
斑驳	0.15
佩里格林·图克	0.15
梅索斯	0.15
鸡屎	0.15
利诱	0.15
九点一	0.15
奥尔德斯·斯诺	0.15
帕兰波	0.15
心有余而力不足	0.15
旧金山湾	0.15
安德鲁·吉尔	0.15
亚运会	0.15
眼波	0.15
热泪	0.15
入味	0.15
珍妮夫	0.15
坎特	0.15
斑鸠	0.15
红矛	0.15
斯布克	0.15
精瘦	0.15
贝勒	0.15
三相	0.15
宾史东	0.15
肯尼亚人	0.15
贝弗	0.15
熊曼	0.15
装订机	0.15
皮斯	0.15
罹	0.15
柴维斯	0.15
玛丽安·珀尔	0.15
帕罗奥多	0.15
顽抗	0.15
贝奇	0.15
合成器	0.15
声色	0.15
品红	0.15
油公司	0.15
修正主义	0.15
法雷尔	0.15
柜门	0.15
精练	0.15
崔明信	0.15
佩普	0.15
费斐	0.15
研习班	0.15
四万七	0.15
千伏	0.15
美乐	0.15
熙攘	0.15
一审	0.15
斯廷威	0.15
罗伯特·兰登	0.15
参看	0.15
龟裂	0.15
一阵风	0.15
班尼特·霍拉迪	0.15
线团	0.15
招徕	0.15
黄土	0.15
珍妮丝	0.15
承重墙	0.15
比尔·安德森	0.15
曲别针	0.15
花头	0.15
眼福	0.15
伯蒂	0.15
科莱	0.15
顺顺	0.15
凝神	0.15
缺一不可	0.15
巴兹尔	0.15
绮勋	0.15
罗蓓	0.15
藏刀	0.15
晚场	0.15
古卢姆伯格	0.15
招兵	0.15
卢卡斯·舒麦克	0.15
霍姆弗里德	0.15
安妮塔·葛雷	0.15
鲜红色	0.15
花卷	0.15
罗致	0.15
舌癌	0.15
宣传部	0.15
访友	0.15
一品	0.15
融融	0.15
拐子	0.15
丹泽	0.15
展销	0.15
疾驶	0.15
雷克斯路瑟	0.15
直性子	0.15
玛奇朵	0.15
井口	0.15
斯泰格	0.15
十三日	0.15
科尼	0.15
胡氏	0.15
马库	0.15
复合型	0.15
亲如兄弟	0.15
吉斯卡德	0.15
斯科尔斯基	0.15
马奇	0.15
韩珠	0.15
成哲	0.15
布莱梅	0.15
四十五秒	0.15
摩西德·沙瑞西	0.15
架空	0.15
克丽布	0.15
相联	0.15
小提姆	0.15
伯纳德·拉法第	0.15
情真意切	0.15
塔普	0.15
交卷	0.15
列车长	0.15
磷脂	0.15
拉斯菲尔德	0.15
里程碑式	0.15
政论	0.15
痔	0.15
民贞	0.15
靠手	0.15
韦维	0.15
本年	0.15
厂子	0.15
韦美	0.15
尚无	0.15
比值	0.15
成山	0.15
直拨	0.15
艺术类	0.15
油腻腻	0.15
水解	0.15
绝处逢生	0.15
莫奇	0.15
水晶宫	0.15
日见	0.15
艾克斯	0.15
爱尔莎	0.15
获益匪浅	0.15
吴方兵	0.15
舰炮	0.15
哈斯尔	0.15
原则性	0.15
燕尔	0.15
瓦里格兰德	0.15
膺	0.15
生辉	0.15
弗朗茨·利布肯	0.15
韦斯	0.15
圣·嘉力	0.15
洪水猛兽	0.15
哈理	0.15
约翰麦凯恩	0.15
瑞本	0.15
水草	0.15
瑞杰	0.15
史薇	0.15
红场	0.15
复方	0.15
巴解组织	0.15
瑞斯	0.15
费歇尔	0.15
根本性	0.15
哈皮	0.15
插秧	0.15
石溪	0.15
翻地	0.15
塞迪	0.15
埼	0.15
菲克斯	0.15
雷顿布雷克	0.15
多丽丝	0.15
白米饭	0.15
画中画	0.15
铜墙铁壁	0.15
罗塞	0.15
腰板	0.15
作料	0.15
泛泛而谈	0.15
分分秒秒	0.15
成片	0.15
临门	0.15
拉奇奥·沃勒什	0.15
挖土	0.15
敏基	0.15
比罗	0.15
玛吉蕾	0.15
不可终日	0.15
兵员	0.15
塔丽	0.15
成灾	0.15
赌账	0.15
奇顿	0.15
瑞尔	0.15
云斯顿	0.15
缪斯	0.15
接诊	0.15
本相	0.15
杨芝	0.15
下坡路	0.15
病毒学	0.15
尚·斯塔格	0.15
时效性	0.15
云烟	0.15
容沃	0.15
沙锅	0.15
格笛	0.15
传扬	0.15
复学	0.15
抓手	0.15
麦迪森	0.15
乡野	0.15
弗里博格	0.15
散射	0.15
三亿五千万	0.15
城市规划委员会	0.15
籍贯	0.15
马田	0.15
维克丁	0.15
冷冻箱	0.15
曼德尔	0.15
赫博	0.15
斯特兰	0.15
霞安	0.15
淑英	0.15
淡薄	0.15
马文·伯恩斯坦	0.15
阿卡迪亚	0.15
轿	0.15
宇宙空间	0.15
翻本	0.15
朲	0.15
航管	0.15
德尔特	0.15
默顿	0.15
杰兹博·曼波	0.15
朴智敏	0.15
高洁	0.15
本报	0.15
桑宏	0.15
四十五万	0.15
干道	0.15
佘	0.15
哈莉·贝瑞	0.15
保安员	0.15
洛斯	0.15
田昌幸	0.15
桑娅	0.15
高炮	0.15
范伦茨	0.15
哈希	0.15
佩利丝	0.15
古德姆	0.15
容秀	0.15
使用量	0.15
詹森·卡希尔	0.15
哄抬	0.15
倘	0.15
观者	0.15
鼓膜	0.15
统治阶级	0.15
哈姆	0.15
本本	0.15
卫道士	0.15
老字号	0.15
早茶	0.15
倾向性	0.15
格丽塔	0.15
学制	0.15
质量上乘	0.15
碎步	0.15
枯叶	0.15
瓦埃勒·兹怀伊特	0.15
血本无归	0.15
坦克车	0.15
叫门	0.15
一体化	0.15
南洋	0.15
斯特罗姆	0.15
伊维利亚	0.15
光悦	0.15
誠	0.15
普切特	0.15
嫂嫂	0.15
柏奇	0.15
瓜达尔梅迪纳	0.15
本源	0.15
新编	0.15
翻看	0.15
求同存异	0.15
挟制	0.15
胡博	0.15
子承	0.15
巨子	0.15
歌德斯坦	0.15
临行	0.15
高粱	0.15
贾维德·哈比布	0.15
刘曼	0.15
打哈哈	0.15
浮游	0.15
李奇	0.15
格拉	0.15
硫化物	0.15
塔里奇	0.15
难舍难分	0.15
本顿维尔	0.15
费尔班克斯	0.15
杜林科	0.15
斯克特	0.15
教案	0.15
接济	0.15
鸾	0.15
爱我	0.15
满载而归	0.15
临盆	0.15
童装	0.15
卡迪士	0.15
剧作者	0.15
余款	0.15
奇美	0.15
龇牙咧嘴	0.15
玛歌	0.15
誊	0.15
凯瑟琳马丁	0.15
莫迪	0.15
鲁帕特	0.15
不成方圆	0.15
白虎星	0.15
卡哈利夫	0.15
哈勒姆	0.15
强将	0.15
别出心裁	0.15
蒂米	0.15
休憩	0.15
蒙古族	0.15
赠礼	0.15
凯莱布	0.15
侄	0.15
讲学	0.15
开创性	0.15
乌干达人	0.15
兰蒂	0.15
封路	0.15
和玛丽	0.15
汉文	0.15
雷锋	0.15
阿卡理斯	0.15
水土	0.15
亚瑟·塞尔顿	0.15
伊普斯威奇	0.15
怪相	0.15
精益求精	0.15
山姆·雷纳德	0.15
观礼	0.15
本·朗	0.15
政事	0.15
巴伦泰	0.15
塞岛	0.15
科斯塔·维德	0.15
教育者	0.15
怵	0.15
增设	0.15
成色	0.15
玛蒂娜	0.15
年长者	0.15
百分之四	0.15
覆盖面	0.15
穆斯塔法	0.15
卡哈利	0.15
早操	0.15
彩敏	0.15
甘农镇	0.15
扎木	0.15
卫视	0.15
伊奈莎	0.15
宛	0.15
国法	0.15
英娜拉	0.15
化合	0.15
临晨	0.15
水侠	0.15
菜地	0.15
成虫	0.15
麦肯塔	0.15
弘美	0.15
蜻蜓点水	0.15
普拉西多	0.15
水体	0.15
大舅子	0.15
甲级	0.15
破脸	0.15
盘桓	0.15
四邻	0.15
喊冤	0.15
航船	0.15
卫门	0.15
彩民	0.15
武斗	0.15
蒂托	0.15
武昌	0.15
休养生息	0.15
尤金市	0.15
讥	0.15
爱索	0.15
擀	0.15
莫雷	0.15
比茨	0.15
奇景	0.15
塞东	0.15
崔西	0.15
克里夫·琼斯	0.15
牧群	0.15
郞	0.15
本轮	0.15
淡然	0.15
聚集一堂	0.15
武打	0.15
曝晒	0.15
瑞兹克莱斯特	0.15
尚法兰柯斯	0.15
稻谷	0.15
苏达	0.15
扩音机	0.15
哈瑞斯	0.15
土包	0.15
合作社	0.15
皮特·卡尔	0.15
拍卖场	0.15
塔吉克斯坦	0.15
石阶	0.15
弗伊	0.15
梅勒迪斯	0.15
齒	0.15
民房	0.15
电力网	0.15
诡诈	0.15
久经考验	0.15
讨饭	0.15
甲亢	0.15
怀恩威尔	0.15
水系	0.15
让·德罗谢尔	0.15
临到	0.15
鲁博克	0.15
民愤	0.15
碴儿	0.15
易爆	0.15
马克当娜	0.15
哈蒂	0.15
联络网	0.15
日班	0.15
悬雍垂	0.15
秩序井然	0.15
土墩	0.15
奇克	0.15
弗里蒙特	0.15
米尔勒	0.15
玛瑞斯	0.15
沙堡	0.15
汉尼拔·莱克	0.15
回转仪	0.15
高宗	0.15
淡黄	0.15
生生	0.15
克莉斯蒂娜	0.15
故伎重演	0.15
土屋	0.15
斯特内尔	0.15
拂袖而去	0.15
戈史东	0.15
满街	0.15
獭	0.15
罗依	0.15
东海道	0.15
戴安娜·布鲁姆	0.15
克里斯丁·汤普森	0.15
恩小惠	0.15
西波拉	0.15
内田君	0.15
阿瑟·丹特	0.15
杰佛瑞	0.15
电磁辐射	0.15
谢赫·奥玛尔	0.15
生水	0.15
横断面	0.15
琉球	0.15
雷动	0.15
三教九流	0.15
马蹄莲	0.15
奋发	0.15
抗战	0.15
幻想曲	0.15
粹	0.15
斯波得	0.15
民熙	0.15
水波	0.15
房地产业	0.15
水汽	0.15
滔天大罪	0.15
职业化	0.15
蒸馏水	0.15
枝子	0.15
朴正植	0.15
叶特斯	0.15
填报	0.15
迪米尔	0.15
本内特	0.15
再就是	0.15
哈门	0.15
京石	0.15
告戒	0.15
汉卓	0.15
漫游费	0.15
出生于	0.15
苏门	0.15
总参谋部	0.15
瑞莎	0.15
布朗宁	0.15
土产	0.15
土丘	0.15
声威	0.15
栎	0.15
按捺不住	0.15
病体	0.15
饭堂	0.15
美杜沙	0.15
斯莫尔	0.15
瘆	0.15
功放	0.15
蒲生	0.15
格兰德	0.15
见异思迁	0.15
莫斯曼	0.15
奈德·施内布利	0.15
常规武器	0.15
小鲍勃	0.15
弗洛伦丝	0.15
考场	0.15
罗纳	0.15
掳掠	0.15
疑义	0.15
帕特拉	0.15
破罐子破摔	0.15
卡洛夫	0.15
马斯特逊	0.15
丹阳	0.15
邮费	0.15
推延	0.15
苦功	0.15
此起彼伏	0.15
安享晚年	0.15
现行犯	0.15
富达	0.15
顺服	0.15
送终	0.15
罗生	0.15
贾维德	0.15
过奖	0.15
人机	0.15
蒸饺	0.15
生铁	0.15
卡丽·美	0.15
合同工	0.15
麦克拉肯	0.15
阿拉古斯库	0.15
克里斯多夫	0.15
茉莉花茶	0.15
萨丽	0.15
条状	0.15
伊莉莎白	0.15
真儿	0.15
紧接	0.15
书生气	0.15
辛德	0.15
图森市	0.15
后发制人	0.15
格拉夫	0.15
甜味剂	0.15
帝波	0.15
阿塞拉	0.15
安吉丽卡	0.15
巴伯	0.15
迪特里克	0.15
冷却塔	0.15
盖头	0.15
参阅	0.15
享清福	0.15
螺旋体	0.15
凝重	0.15
爱罗史密斯	0.15
赶巧	0.15
灰土	0.15
从古到今	0.15
雷蒙德·普兰蒂斯·肖	0.15
韦伯·桑德斯	0.15
岩本	0.15
萨凡	0.15
袒露	0.15
巴哈	0.15
低三下四	0.15
话柄	0.15
铜币	0.15
罗森	0.15
阵前	0.15
誊写	0.15
坎肩	0.15
庄园主	0.15
仁弗洛伊	0.15
支配权	0.15
肃	0.15
若木	0.15
品评	0.15
海迪	0.15
老屋	0.15
防务	0.15
规劝	0.15
魏怀	0.15
壳子	0.15
费雯	0.15
萧伯	0.15
小吉米	0.15
梅维斯	0.15
好人家	0.15
狮身人面像	0.15
游园	0.15
西塞	0.15
播撒	0.15
弗农·桑杜	0.15
爱米丽·罗丝	0.15
单字	0.15
轴心国	0.15
老妪	0.15
老夫	0.15
过火	0.15
单方	0.15
兑换率	0.15
潘达刚	0.15
斤两	0.15
席琳迪翁	0.15
二号机	0.15
相勋	0.15
佝	0.15
骂名	0.15
柯斯达	0.15
考试题	0.15
舒马赫	0.15
贝都	0.15
瑞奇·维罗纳	0.15
情报网	0.15
彻丽	0.15
法兰肯斯坦	0.15
受气	0.15
锦缎	0.15
罗伯特·凡恩	0.15
辉长岩	0.15
慑服	0.15
萨拉佩林	0.15
同学录	0.15
糙米	0.15
织品	0.15
鹧鸪	0.15
肯尼基	0.15
费尔沃特	0.15
大煞风景	0.15
岩盐	0.15
老潘	0.15
诸葛	0.15
工长	0.15
德谟克	0.15
载重	0.15
才艺秀	0.15
忿忿不平	0.15
容子	0.15
阿迪达斯	0.15
罗基	0.15
扶植	0.15
抢点	0.15
卡雷托	0.15
和约翰	0.15
克迪斯	0.15
鲁帕	0.15
倒手	0.15
哈里·洛克哈特	0.15
罗纳多	0.15
罗凯	0.15
花茎	0.15
迈肯西	0.15
单格	0.15
个展	0.15
罗双	0.15
郭菲	0.15
众口	0.15
孟加拉国	0.15
布朗纳	0.15
洛扎	0.15
勃拉姆斯	0.15
沁人心脾	0.15
美达	0.15
是非曲直	0.15
加利西亚	0.15
乘员	0.15
疾呼	0.15
路人皆知	0.15
正格儿	0.15
新春	0.15
曾用名	0.15
流速	0.15
订户	0.15
泰尼斯	0.15
阔别	0.15
比利·科斯塔	0.15
朝鲜泡菜	0.15
拉纤	0.15
诽谤案	0.15
詹姆·布洛克	0.15
西珊	0.15
贞镜	0.15
叶维蒂	0.15
刮宫	0.15
梅多·吉恩	0.15
倒置	0.15
赔偿费	0.15
远眺	0.15
提亲	0.15
道恩思	0.15
勿施于人	0.15
卡特琳	0.15
牵引力	0.15
晚霞	0.15
磕磕碰碰	0.15
柯尔·波特	0.15
胆结石	0.15
洛瑞	0.15
晚钟	0.15
昂格尔	0.15
入超	0.15
小件	0.15
奥菲莉亚	0.15
漏电	0.15
旗手	0.15
让·巴蒂斯特·格雷诺耶	0.15
急电	0.15
窝棚	0.15
一隅	0.15
沃尔道夫	0.15
句法	0.15
敬达	0.15
千里眼	0.15
声像	0.15
南汉普敦	0.15
国际货币基金组织	0.15
钱箱	0.15
吹管	0.15
杰奎琳·芙	0.15
拿手戏	0.15
麂	0.15
岘	0.15
蝼	0.15
笤	0.15
竣	0.15
裨	0.15
胤	0.15
恫	0.15
疸	0.15
踞	0.15
丕	0.15
祁	0.15
袂	0.13
鲡	0.13
阄	0.13
糨	0.13
怆	0.13
龋	0.13
镂	0.13
懑	0.13
婀	0.13
愫	0.13
黜	0.13
纭	0.13
梏	0.13
竽	0.13
飒	0.13
铩	0.13
擞	0.13
胝	0.13
徇	0.13
罅	0.13
胼	0.13
奥塔维斯	0.12
发射场	0.12
冷敷	0.12
兰瑟	0.12
知法犯法	0.12
套鞋	0.12
强身	0.12
库里	0.12
克劳迪斯	0.12
葛雷柯	0.12
卢尔	0.12
我太	0.12
古博	0.12
罗伯逊	0.12
小范	0.12
外宾	0.12
齐格勒	0.12
姜民	0.12
小莎	0.12
全日	0.12
吹风会	0.12
本·坎贝尔	0.12
西迪厄斯	0.12
明码	0.12
次席	0.12
丽丝	0.12
帕西诺	0.12
标尺	0.12
塔斯马尼亚	0.12
瓦格斯韦尔	0.12
米里诺夫	0.12
悲喜	0.12
利润率	0.12
纵深	0.12
压力计	0.12
多玛	0.12
具体化	0.12
李大瑾	0.12
日积月累	0.12
开屏	0.12
桀	0.12
弗莱蒂·赫斯特	0.12
帕拉斯	0.12
亚布	0.12
市场占有率	0.12
格洛里	0.12
范·海伦	0.12
父老乡亲	0.12
泽田	0.12
这一下	0.12
格鲁昂	0.12
灭虫剂	0.12
裁断	0.12
够本	0.12
招待券	0.12
贝雷托	0.12
泥水匠	0.12
补交	0.12
欢颜	0.12
新馆	0.12
一千两	0.12
电泳	0.12
尤莉	0.12
贴现	0.12
三十一	0.12
耍贫嘴	0.12
斯·柯林斯	0.12
杰克·帕兰斯	0.12
羞耻感	0.12
大佐	0.12
钱物	0.12
埃尔西	0.12
小辫	0.12
卢卡	0.12
瓦德利	0.12
朗士菲	0.12
四十二	0.12
古川	0.12
我在	0.12
查实	0.12
切特·米勒	0.12
贾斯菲	0.12
肯塔辛镇	0.12
萨拉贝斯	0.12
后爹	0.12
昆塔	0.12
安曼	0.12
大刑	0.12
小金	0.12
四十六	0.12
金石为开	0.12
刷洗	0.12
罗伯塔·弗莱克	0.12
蛟龙	0.12
卡祖笛	0.12
大区	0.12
周公	0.12
老大爷	0.12
拖布	0.12
多杜	0.12
进关	0.12
四十分	0.12
欧多利斯	0.12
零用	0.12
小舟	0.12
遮荫	0.12
化学剂	0.12
守恒	0.12
汤姆·琼斯	0.12
小银	0.12
非亲非故	0.12
普吉	0.12
温德尔·斯托克斯	0.12
爱娃·马谢塔	0.12
深化	0.12
卷尾猴	0.12
弗兰克·哈克特	0.12
徇私	0.12
小阿	0.12
周周	0.12
福隆	0.12
约翰尼·卡什	0.12
其父	0.12
库西	0.12
托基	0.12
忘性	0.12
辐射能	0.12
胜喜	0.12
火焰山	0.12
自主性	0.12
斯塔克伍德里	0.12
幻化	0.12
科特勒	0.12
昆布	0.12
试用品	0.12
贝琳达	0.12
卡斯特拉	0.12
享有盛誉	0.12
亚历	0.12
大幸	0.12
盈亏	0.12
近旁	0.12
姑母	0.12
拉古纳	0.12
万克立	0.12
小马丁	0.12
马科维茨	0.12
奸计	0.12
塞舌尔	0.12
迈拉·欣	0.12
凯彻	0.12
笑剧	0.12
肺泡	0.12
大抵	0.12
苏丹人	0.12
座落	0.12
多哥	0.12
三等奖	0.12
次等	0.12
阿列克	0.12
百褶裙	0.12
豆油	0.12
表面积	0.12
看涨	0.12
埃塞尔比亚	0.12
切姆	0.12
统计局	0.12
如非	0.12
调节剂	0.12
免收	0.12
斯班奇	0.12
亮亮	0.12
贤明	0.12
罗伯特·多诺文	0.12
盈盈	0.12
伊丽莎白·罗斯	0.12
多元	0.12
西葫芦	0.12
杰克·博登	0.12
强加于人	0.12
戴维·戈登	0.12
咽炎	0.12
奇瓦瓦	0.12
桑得诺	0.12
外缘	0.12
普普	0.12
大数	0.12
发射点	0.12
米勒祖	0.12
枪身	0.12
阔气	0.12
白兰地酒	0.12
定调	0.12
迪克兰	0.12
安居	0.12
胜方	0.12
马特·达蒙	0.12
纸头	0.12
斯凯纳	0.12
白桦	0.12
大椿	0.12
宁安	0.12
大溜	0.12
呼叫器	0.12
哈利·艾伦	0.12
对门	0.12
相见恨晚	0.12
亚种	0.12
泽兰	0.12
盛况空前	0.12
古籍	0.12
进深	0.12
低收入者	0.12
幻景	0.12
缕缕	0.12
查达奇	0.12
次次	0.12
叁分之一	0.12
平叛	0.12
安妮·柯林斯	0.12
查理·罗斯	0.12
赫本	0.12
阿里斯泰尔·麦格考林	0.12
挑逗性	0.12
引航	0.12
镇民	0.12
念诵	0.12
侨	0.12
联营	0.12
卡通画	0.12
妻小	0.12
西尔韦斯特	0.12
不肖	0.12
法国队	0.12
楼板	0.12
啧啧声	0.12
嗲声嗲气	0.12
布格瑞	0.12
古施	0.12
掌门人	0.12
同心圆	0.12
漆皮	0.12
主任医师	0.12
联运	0.12
麦基尼	0.12
休养所	0.12
茶余饭后	0.12
我才	0.12
外挂	0.12
五十秒	0.12
引证	0.12
松平	0.12
重载	0.12
乔吉亚	0.12
白磷	0.12
我操	0.12
白羽	0.12
百罗熊	0.12
布兰森	0.12
折合	0.12
待产	0.12
供气	0.12
密谈	0.12
瓜德罗普	0.12
溜号	0.12
萨莎·普力罗	0.12
大义凛然	0.12
裁军	0.12
帕特里克·盖茨	0.12
泰龙	0.12
弗拉迪米尔·奈斯基	0.12
黎巴嫩人	0.12
豪格	0.12
梁川	0.12
乌拉尔	0.12
该奖	0.12
雪豹	0.12
弗西斯	0.12
克罗斯基	0.12
椰子汁	0.12
朝政	0.12
毛哥	0.12
苫	0.12
硼	0.12
迈克安什	0.12
沃伦·比蒂	0.12
永新	0.12
吉普森	0.12
当家作主	0.12
禁脔	0.12
斜角	0.12
奥斯卡·王尔德	0.12
徐延	0.12
危殆	0.12
接轨	0.12
勃朗宁	0.12
巴尔洛特	0.12
油亮	0.12
让柯蒂斯	0.12
环环相扣	0.12
夜叉	0.12
蓖麻油	0.12
维里	0.12
肯卓·肖	0.12
米奇·罗萨	0.12
佩拉	0.12
克拉图	0.12
尤德夫	0.12
缔	0.12
齐洛夫	0.12
蓓蕾	0.12
贺拉斯	0.12
奥维地	0.12
莉贾娜	0.12
万丈深渊	0.12
骤然	0.12
摩卡奇诺	0.12
马丁·科里尔	0.12
诚如	0.12
毛布	0.12
彭斯	0.12
比勒维尔	0.12
原配	0.12
仰天	0.12
发彪	0.12
左宗棠	0.12
默非	0.12
斯嘉莱	0.12
发奋	0.12
加茨	0.12
马琳达·皮斯利	0.12
莫伦西	0.12
下移	0.12
数以亿计	0.12
兰博基尼	0.12
鹰军	0.12
彼得·帕	0.12
密克罗尼西亚	0.12
哽	0.12
遴选	0.12
屈才	0.12
蜡纸	0.12
马约	0.12
迈克尔·阿申	0.12
坯	0.12
瘘	0.12
中山	0.12
中小	0.12
旧地	0.12
安妮·霍尔	0.12
科萨	0.12
亚力汉卓	0.12
舢板	0.12
布鲁诺马泰利	0.12
列农	0.12
圣马科斯	0.12
金鱼缸	0.12
原子钟	0.12
哈伯	0.12
颐养	0.12
雄二君	0.12
席次	0.12
陆两	0.12
囊中羞涩	0.12
印第	0.12
侨民	0.12
奶油色	0.12
该书	0.12
玉蜀黍	0.12
仓储式	0.12
葛比路	0.12
凯西·格里芬	0.12
中大	0.12
中天	0.12
池锡	0.12
变化莫测	0.12
维达	0.12
奥斯陆	0.12
下泻	0.12
无机物	0.12
德安	0.12
醛	0.12
冬木	0.12
海泡石	0.12
萨查·拜伦·科根	0.12
普伦	0.12
东武	0.12
开绿灯	0.12
春分	0.12
火葬场	0.12
话剧团	0.12
小肖恩	0.12
大逆不道	0.12
方正	0.12
方步	0.12
明矾	0.12
丘波特	0.12
特布莱德	0.12
期终	0.12
丹哈姆	0.12
巴尔地	0.12
方汀	0.12
文明人	0.12
莫吉托	0.12
爱萨	0.12
黯然神伤	0.12
邦布尔	0.12
法尔威兹	0.12
旋梯	0.12
娜潘	0.12
乔治娅·尼科森	0.12
波尼	0.12
窦性	0.12
屋门	0.12
卡菲	0.12
约瑟夫·塞西尔·沃若	0.12
塞巴斯蒂安·海弗	0.12
窒	0.12
羸	0.12
射电	0.12
彼时	0.12
一扇扇	0.12
吉米·科斯塔	0.12
桑西埃	0.12
歃血为盟	0.12
下关	0.12
骤变	0.12
贾索尔	0.12
卡尔瑞辛	0.12
中段	0.12
中档	0.12
祖鲁人	0.12
时价	0.12
时人	0.12
玛贝拉	0.12
内设	0.12
讲演稿	0.12
合家欢	0.12
上几千	0.12
发狠	0.12
佛莱	0.12
油气	0.12
米拉贝尔	0.12
参差不齐	0.12
肋膜	0.12
艳星	0.12
天昏地暗	0.12
行军床	0.12
卷笔刀	0.12
马特·帕克曼	0.12
论及	0.12
中放	0.12
角子	0.12
吉尔伯特	0.12
毛竹	0.12
罗森伯格	0.12
薰香	0.12
席勒	0.12
施耐德	0.12
百慕大群岛	0.12
油机	0.12
迁出	0.12
方巾	0.12
卡迈	0.12
波兹	0.12
辈出	0.12
波光	0.12
高赛林	0.12
毛笔	0.12
萨默塞特	0.12
该省	0.12
象山	0.12
唱段	0.12
克里斯·布里克	0.12
该校	0.12
永国	0.12
执拗	0.12
沃尔西	0.12
秦始皇	0.12
着数	0.12
一间间	0.12
艾尔顿	0.12
吉兰	0.12
白净	0.12
隘	0.12
发春	0.12
意第	0.12
诧	0.12
诊疗室	0.12
历任	0.12
卡雷	0.12
门卡	0.12
总领事馆	0.12
故国	0.12
佩儿	0.12
旖旎	0.12
永华	0.12
德纳洛	0.12
格鲁史柯夫	0.12
糖水	0.12
要账	0.12
金妮卫斯理	0.12
妇道	0.12
促膝	0.12
中看	0.12
詹妮弗洛佩兹	0.12
发汗	0.12
格瑞斯	0.12
薛培尔	0.12
射流	0.12
科洛斯基	0.12
逗弄	0.12
血常规	0.12
油烟	0.12
中田	0.12
印刷术	0.12
李顺慧	0.12
怒放	0.12
先放	0.12
琼浆	0.12
吉川	0.12
毛毡	0.12
佩姆	0.12
拉富尔	0.12
湍	0.12
朝夕	0.12
罄竹难书	0.12
亚当库瑟	0.12
野菜	0.12
先期	0.12
伊梅特·琳斯考特	0.12
刊印	0.12
走卒	0.12
赛迪昂	0.12
放射源	0.12
鱼肝油	0.12
昆土斯	0.12
吊架	0.12
汽油桶	0.12
范式	0.12
寇斯果	0.12
可溶性	0.12
渔翁	0.12
佩利西埃	0.12
风雨同舟	0.12
怒骂	0.12
村野	0.12
乔丝	0.12
彼蒂	0.12
产值	0.12
卡曼	0.12
卡普	0.12
汛	0.12
科利	0.12
卡柏	0.12
不远千里	0.12
挛	0.12
佛尼雅·法丽	0.12
七分之一	0.12
恐龙蛋	0.12
两万八	0.12
卡撒	0.12
霸气	0.12
不解之缘	0.12
权相宇	0.12
和保罗	0.12
素杨	0.12
弃儿	0.12
司令员	0.12
佛法	0.12
祖籍	0.12
暖意	0.12
结怨	0.12
炭坑	0.12
消弭	0.12
先遣	0.12
满目疮痍	0.12
评议	0.12
素族	0.12
二八	0.12
内景	0.12
乔·奥德姆	0.12
德莫娃	0.12
泰德瑞姆	0.12
史特姆	0.12
超大型	0.12
诺斯	0.12
娜莎	0.12
麦比乔	0.12
路瑟·葛雷夫	0.12
胸膜	0.12
维娜	0.12
徐静	0.12
排他性	0.12
消夜	0.12
消夏	0.12
朴一顺	0.12
伯罗莱尼	0.12
题字	0.12
贡兹	0.12
概略	0.12
凯塞	0.12
聚碳酸酯	0.12
发蜡	0.12
伤风败俗	0.12
任课	0.12
奥利芬	0.12
奥斯塔夫·克雷	0.12
都维特	0.12
一千四百万	0.12
故态复萌	0.12
毛莉	0.12
德雅	0.12
力康	0.12
坎帕拉	0.12
著书	0.12
考纳斯	0.12
甘美	0.12
造谣中伤	0.12
惩办	0.12
布来恩	0.12
续签	0.12
桑菲尔	0.12
乔婕	0.12
投标人	0.12
科伯	0.12
暗潮	0.12
帽舌	0.12
爱德华·布洛克	0.12
维亚	0.12
小飞	0.12
左右逢源	0.12
详详细细	0.12
迈克·斯通	0.12
普遍性	0.12
巴伦·德·海克	0.12
美其名曰	0.12
佛罗	0.12
尚姆瑟	0.12
弛缓	0.12
丞相	0.12
老气横秋	0.12
素玫	0.12
惠里香	0.12
杰奎琳娜	0.12
科菲·安南	0.12
聘书	0.12
泰尔琼斯	0.12
铸件	0.12
阿拉伯沙漠	0.12
购进	0.12
春雨	0.12
罗莎尔巴	0.12
卡索	0.12
欧路克	0.12
传略	0.12
馅儿饼	0.12
透视图	0.12
窖藏	0.12
特兰斯凯	0.12
下陷	0.12
加利亚多	0.12
帕特儿	0.12
约瑟夫·斯大林	0.12
维琪	0.12
维珍	0.12
珍妮·史密斯	0.12
曼诺林·瓦拉特	0.12
土色	0.12
川野	0.12
和阿诺德	0.12
乌尔比诺	0.12
方队	0.12
瑢	0.12
卖身契	0.12
侠义	0.12
涵养	0.12
姆斯特朗	0.12
卢斯赛伯吉纳	0.12
扭力	0.12
永载	0.12
扼要	0.12
应募	0.12
维克多·马谢塔	0.12
瑞娃·泰姆	0.12
玛塔·哈丽	0.12
马瑞塔	0.12
圣玛丽亚	0.12
不育症	0.12
佩迪	0.12
吉诺	0.12
拉斯帕尔马斯	0.12
乔普	0.12
伦尼	0.12
陶古	0.12
塔亚斯	0.12
阿罗哈	0.12
诺曼·梅勒	0.12
昌守	0.12
神汉	0.12
点拨	0.12
戴安妮塞尔温	0.12
雄赳赳	0.12
牟	0.12
声名鹊起	0.12
雷震子	0.12
屋脊	0.12
川四郎	0.12
麦卡西	0.12
经手人	0.12
梅雨	0.12
奥瑟里	0.12
蒙德里安	0.12
牛劲	0.12
公司法	0.12
乔索	0.12
专业化	0.12
经验主义	0.12
维曼	0.12
处之泰然	0.12
啼笑皆非	0.12
尼克·沃斯	0.12
丹维尔	0.12
玩味	0.12
崔恩焕	0.12
诺娜	0.12
日月星辰	0.12
凄厉	0.12
甲斐	0.12
马可尼	0.12
世情	0.12
格温妮斯	0.12
猛冲	0.12
溃退	0.12
毁伤	0.12
爱雷蒙德	0.12
阿里安妮	0.12
巴比·摩根斯特恩	0.12
佳境	0.12
甘当	0.12
狄米奇	0.12
经济性	0.12
冬衣	0.12
谋士	0.12
抗菌素	0.12
托什	0.12
诺克	0.12
谢尔曼·施瑞德	0.12
凡哥拉	0.12
科温	0.12
卡宏	0.12
佛州	0.12
乔瑟	0.12
维杰	0.12
凰	0.12
科洛	0.12
范本	0.12
排放量	0.12
沙·科切夫	0.12
佛影	0.12
麦娅·拉莱吉	0.12
联合王国	0.12
勉	0.12
纽泽西	0.12
游弋	0.12
茕	0.12
琳恩	0.12
拉姆西	0.12
海达哥	0.12
慕名而来	0.12
爱伯克奇	0.12
肝素	0.12
阿瑟夫	0.12
社会化	0.12
灵堂	0.12
佛学	0.12
冬至	0.12
贤良	0.12
值日	0.12
电讯报	0.12
布利斯	0.12
打地铺	0.12
大艾	0.12
对等	0.12
查尔斯·德沃	0.12
驽	0.12
尤西	0.12
雅各比	0.12
铅块	0.12
大胜	0.12
凯芙	0.12
格雷拉尔	0.12
冷不防	0.12
辞行	0.12
垂体	0.12
凯萨	0.12
埃德加·凯泽	0.12
梅贝尔	0.12
颁奖会	0.12
皮德蒙	0.12
套取	0.12
岱洛	0.12
莎拉·哈廷治	0.12
九八点六	0.12
引申	0.12
古典文学	0.12
麦克里迪	0.12
潮头	0.12
蒜泥	0.12
雷明顿	0.12
防雨布	0.12
阿布拉哈	0.12
大葱	0.12
酣睡	0.12
杰罗尼莫	0.12
歇手	0.12
圣维	0.12
教学法	0.12
瓷碗	0.12
生物战	0.12
朴淑英	0.12
缘何	0.12
然则	0.12
罗德吉斯	0.12
铜管乐	0.12
史蒂薇	0.12
贺瑞斯	0.12
李洪	0.12
来美	0.12
真香	0.12
妮雅	0.12
卡希尔	0.12
浑然天成	0.12
测试仪	0.12
串通一气	0.12
梅尔·吉布森	0.12
傻瓜相机	0.12
一叶障目	0.12
毛囊炎	0.12
铅字	0.12
尼尔·艾耶斯	0.12
阿维拉达	0.12
欢宴	0.12
小产	0.12
恭介	0.12
凯迪	0.12
气化	0.12
艾瑞克·马修斯	0.12
艾菲韦特	0.12
换季	0.12
如故	0.12
谷氨酸	0.12
小包	0.12
露塔	0.12
势能	0.12
缆索	0.12
麦克斯威尔	0.12
通奸罪	0.12
不服	0.12
福尔	0.12
如月	0.12
吊瓶	0.12
约翰·洛克	0.12
重构	0.12
君孙泰	0.12
福娃	0.12
错开	0.12
科斯塔维	0.12
門	0.12
泽尔	0.12
农牧	0.12
小城	0.12
阿索	0.12
土话	0.12
爱德瓦尔多	0.12
戴伦·麦卡锡	0.12
埃莉诺·罗斯福	0.12
劈啪	0.12
阿吉姆	0.12
白骨	0.12
福地	0.12
白条	0.12
厉斯特	0.12
轻车熟路	0.12
丹尼·科特	0.12
谁料	0.12
萨拉托加	0.12
大黄	0.12
滴管	0.12
闹革命	0.12
白鹳	0.12
杰拉尔德	0.12
毕格洛	0.12
克立特	0.12
白鱼	0.12
白鲑	0.12
小康	0.12
荨麻疹	0.12
二佐	0.12
软垫	0.12
后舱	0.12
室女	0.12
瑟曼	0.12
联在	0.12
泰坦尼亚斯·英格史密斯	0.12
曹洪奎	0.12
易卜拉欣	0.12
西斯洛	0.12
腱子	0.12
空气锤	0.12
鲍比·龙	0.12
扑面而来	0.12
沾边儿	0.12
重在	0.12
零花	0.12
马萨德	0.12
机电	0.12
出勤率	0.12
赛缪尔	0.12
商业部	0.12
联动	0.12
铡	0.12
朴顺文	0.12
优劣	0.12
高蒂亚	0.12
布斯特维特	0.12
兴旺发达	0.12
叩击	0.12
陪客	0.12
那什维尔	0.12
毫无例外	0.12
淇	0.12
后藏	0.12
独立国家	0.12
安野	0.12
倡议者	0.12
特丽萨	0.12
莱戴尔	0.12
埃尔温	0.12
透射	0.12
治标	0.12
小树	0.12
埃德加·胡佛	0.12
订货单	0.12
果子露	0.12
滴眼药	0.12
赫特福德郡	0.12
迪比斯	0.12
书脊	0.12
福斯	0.12
重彩	0.12
埃伯哈特	0.12
一系列	0.12
对偶	0.12
圣剑	0.12
乔琪安娜	0.12
稳定剂	0.12
忽明忽暗	0.12
马可波罗	0.12
空防	0.12
克莉丝	0.12
空阔	0.12
愁云	0.12
莎翁	0.12
气象卫星	0.12
血肉相连	0.12
二线	0.12
哈默妮	0.12
神坛	0.12
堀田	0.12
弗里	0.12
米尔顿·弗里德曼	0.12
发生率	0.12
粗布	0.12
盖布瑞尔·努恩	0.12
假想敌	0.12
贴边	0.12
三十九	0.12
通货	0.12
禁欲主义	0.12
消息报	0.12
丹叶儿	0.12
须藤	0.12
蓄发	0.12
南达科塔	0.12
雷柏磊	0.12
帜	0.12
钢圈	0.12
萨卡吉维亚	0.12
戒条	0.12
近距	0.12
编组	0.12
努苏坦·艾格拜因	0.12
追授	0.12
自由民主党	0.12
提姆·伍兹	0.12
卢顿	0.12
安之若素	0.12
塔夫绸	0.12
不冷不热	0.12
寡言少语	0.12
奥罗夫	0.12
圣上	0.12
不孕症	0.12
赛车场	0.12
工日	0.12
暴殄天物	0.12
克莉娅	0.12
泄恨	0.12
鲣鸟	0.12
苏塞克斯	0.12
马蒂娜·洛夫	0.12
荷兰人	0.12
来件	0.12
格洛佛	0.12
皮萨尔	0.12
巴迪·霍利	0.12
奇柯瑞	0.12
丹·卡森	0.12
马克吐温	0.12
哥拉斯通布里	0.12
艾丽特·内勒	0.12
调查会	0.12
莫利·迈尔斯	0.12
煞白	0.12
托尔金	0.12
空中楼阁	0.12
肚量	0.12
布拉索	0.12
沃特加	0.12
金伯	0.12
引文	0.12
锄草	0.12
杰克米勒	0.12
姻	0.12
基基	0.12
低龄	0.12
老年斑	0.12
鱿	0.12
一统天下	0.12
地震波	0.12
澄明	0.12
拉米勒斯	0.12
撘	0.12
杰克·杜普利	0.12
尽义务	0.12
记叙	0.12
烤红薯	0.12
文秀	0.12
纠集	0.12
铁青	0.12
基内维尔·贝蒂格鲁	0.12
喜宴	0.12
瑞弗顿	0.12
贝克利镇	0.12
后院起火	0.12
村委会	0.12
浓眉	0.12
人事部门	0.12
汤姆·拉德洛	0.12
阿那卡斯提亚	0.12
杰克·道伊尔	0.12
霍拉	0.12
埃斯米	0.12
登堂入室	0.12
铁骨	0.12
何乐不为	0.12
记念	0.12
引咎辞职	0.12
星团	0.12
二十八万	0.12
里普提尔克斯	0.12
霍华德·库赛尔	0.12
译本	0.12
拉普什	0.12
瓦妮莎·帕克斯	0.12
金银财宝	0.12
布拉登	0.12
奥哈拉	0.12
集散地	0.12
克里斯·格兰迪	0.12
半音	0.12
跖	0.12
大久保	0.12
比利格林	0.12
劳损	0.12
形迹	0.12
马丁·斯科塞斯	0.12
馆内	0.12
饭团子	0.12
奥肯	0.12
喜力	0.12
雷布斯	0.12
衍生物	0.12
瓦莱莉	0.12
宇津	0.12
罗伯特森	0.12
欧尼	0.12
拍击	0.12
糟踏	0.12
轰鸣声	0.12
詹妮弗·玛希	0.12
雄威	0.12
龙基	0.12
股民	0.12
梅杰曼切克	0.12
碧水	0.12
康利	0.12
安娜塔西亚	0.12
格鲁根	0.12
麦克劳夫伦	0.12
迪利	0.12
萨切尔	0.12
闲书	0.12
谢克尔	0.12
玛德林	0.12
别让	0.12
头植	0.12
要不得	0.12
希格威尔	0.12
金凯德	0.12
向钱看	0.12
阿蒙德	0.12
撞钟	0.12
股骨头	0.12
跳台	0.12
五六点	0.12
格努斯	0.12
戴民	0.12
钢质	0.12
语境	0.12
古训	0.12
头油	0.12
克里夫·墨林	0.12
生产厂	0.12
阿拉木图	0.12
切入口	0.12
凯尔鲍德温	0.12
锗	0.12
萨泰里阿	0.12
凶宅	0.12
骑墙	0.12
康塔	0.12
本杰明·弗兰克林	0.12
詹妮·赖德	0.12
龙帝	0.12
公分母	0.12
奥门	0.12
摆开	0.12
麦克斯坦利	0.12
龙尼	0.12
温士顿	0.12
梯伯	0.12
梗概	0.12
龙嵩	0.12
斯太克	0.12
毅然决然	0.12
单幅	0.12
迪山	0.12
师长	0.12
简述	0.12
股息	0.12
亨利·威尔金斯	0.12
朦	0.12
变现	0.12
哈西姆	0.12
牛皮纸	0.12
铁质	0.12
反射镜	0.12
东拼西凑	0.12
亚西里亚	0.12
同音词	0.12
自然美	0.12
批判性	0.12
盖露奇	0.12
痊	0.12
尼米克	0.12
儿孙满堂	0.12
欧氏	0.12
起兵	0.12
男双	0.12
虚线	0.12
格兰威尔	0.12
偷闲	0.12
地震仪	0.12
集体性	0.12
单极	0.12
停薪留职	0.12
康拉	0.12
阿贾克斯	0.12
掌声雷动	0.12
贵奈	0.12
葛雷那多	0.12
巧和佑	0.12
约翰·拉贝	0.12
血污	0.12
辛纳特拉	0.12
明日黄花	0.12
淀粉酶	0.12
信任投票	0.12
从权	0.12
强尼·楚拉夫	0.12
桑佛德·克拉克	0.12
科莱蒂	0.12
摆手	0.12
邦加罗尔	0.12
碧奇	0.12
依布恩	0.12
塞巴斯蒂安·海斯丁斯	0.12
比尔·沃恩	0.12
康桑	0.12
希耶拉	0.12
戴兰	0.12
霍洛克斯	0.12
阿斯阔	0.12
蓝道尔	0.12
马拉加	0.12
和事老	0.12
诵经	0.12
腮帮子	0.12
律令	0.12
报馆	0.12
克莱尔·谢泼德	0.12
乙肝	0.12
斯基托	0.12
十五分	0.12
九万五千	0.12
图鉴	0.12
杰瑞·阿姆斯特朗	0.12
歌舞团	0.12
基基曼	0.12
墙体	0.12
适逢	0.12
堪称一绝	0.12
罗伯特·特纳	0.12
古达	0.12
里士	0.12
黑压压	0.12
男工	0.12
电表	0.12
里外	0.12
史特维克	0.12
忙里偷闲	0.12
康灵	0.12
取长补短	0.12
监理	0.12
游鱼	0.12
伊利湖	0.12
辩才	0.12
温希普	0.12
孔明灯	0.12
大有文章	0.12
蒙博托	0.12
箭鱼	0.12
一颦一笑	0.12
省城	0.12
遮风挡雨	0.12
自然力	0.12
螺旋藻	0.12
约翰·克莱斯奇	0.12
勤工俭学	0.12
鼓吹者	0.12
金·比伊	0.12
妮莉	0.12
迪努瓦	0.12
迦纳	0.12
杰拉尔丁	0.12
地震学	0.12
阿马蒂奥	0.12
龙王	0.12
戏言	0.12
吉姆·威廉姆斯	0.12
催产	0.12
艾尔顿·约翰	0.12
渗水	0.12
粉状	0.12
出典	0.12
收效甚微	0.12
主婚人	0.12
五六十	0.12
攘	0.12
镬	0.12
天真烂漫	0.12
圣菲	0.12
柯妮·拉芙	0.12
默道夫	0.12
伊斯特曼	0.12
麦克格雷格	0.12
安和莉莉	0.12
裘皮	0.12
老皇历	0.12
节拍器	0.12
出巡	0.12
圣·路易斯	0.12
格里芬·多德	0.12
微分	0.12
加利佛尼亚	0.12
哈迪肯	0.12
威利·凯奇	0.12
布赛佛勒斯	0.12
安全岛	0.12
男丁	0.12
那是	0.12
星战	0.12
恩·韦斯特伍德	0.12
诺布里	0.12
仙石	0.12
山巅	0.12
艾尔德里奇	0.12
讹	0.12
云申	0.12
黄飞鸿	0.12
血癌	0.12
利莎	0.12
跟脚	0.12
宝丽	0.12
温尼伯	0.12
捶背	0.12
杰利科	0.12
郑泰秀	0.12
签到簿	0.12
槛	0.12
赛璐珞	0.12
帕廷顿	0.12
分忧	0.12
俄克拉何马州	0.12
特丽莎	0.12
代售	0.12
青翠	0.12
科迪斯·布克	0.12
威尔·麦克林	0.12
初二	0.12
麦根	0.12
克莉	0.12
基达克思	0.12
审判官	0.12
定锷	0.12
扎维	0.12
不足为怪	0.12
蒙巴顿	0.12
惮	0.12
吟咏	0.12
赛蒂·琼斯	0.12
祥植	0.12
克里福兰	0.12
猩红	0.12
佩维奇	0.12
拉路沙	0.12
回天无力	0.12
区域性	0.12
兰道尔·本内特	0.12
奥斯布恩	0.12
刀鞘	0.12
创收	0.12
沉底	0.12
吞服	0.12
奥卡拉汉	0.12
索菲亚·瓦格斯	0.12
克里斯多夫·马罗	0.12
音律	0.12
碘化钾	0.12
菲尼亚斯	0.12
手模	0.12
詹姆斯·默曼	0.12
金融业	0.12
证章	0.12
超薄	0.12
雪花膏	0.12
迪克斯	0.12
短式	0.12
夏柏	0.12
常务	0.12
正逢	0.12
赫布·凯恩	0.12
上下学	0.12
耳际	0.12
衣箱	0.12
正酣	0.12
弗雷娜	0.12
短工	0.12
抢滩	0.12
马古奇	0.12
说头	0.12
觑	0.12
秉公	0.12
水暖工	0.12
萨尔茨	0.12
莎利	0.12
钻塔	0.12
口头语	0.12
非法所得	0.12
切尔滕姆	0.12
粗陋	0.12
卡塔娜	0.12
出资人	0.12
斯坦德	0.12
八方	0.12
穆萨	0.12
鞋帽	0.12
大暴雨	0.12
积极分子	0.12
投石问路	0.12
交汇点	0.12
鲸油	0.12
给以	0.12
草料	0.12
圣路易斯市	0.12
败阵	0.12
货款	0.12
查塔姆群岛	0.12
拾荒	0.12
英格拉姆	0.12
介怀	0.12
韩钟硕	0.12
反射面	0.12
古力亚肯	0.12
朵让科	0.12
食不果腹	0.12
哈姆林	0.12
通信卫星	0.12
高斯威	0.12
妖气	0.12
风能	0.12
巷战	0.12
蒲柏	0.12
责任者	0.12
痴恋	0.12
比邻	0.12
一唱一和	0.12
高科技	0.12
金阳	0.12
一鼻子灰	0.12
克莱顿·哈丁	0.12
肉色	0.12
恩内斯丁	0.12
米泽	0.12
杆儿	0.12
擾	0.12
时年	0.12
健怡	0.12
马丁·鲍尔	0.12
清洁员	0.12
依萨克	0.12
不谙	0.12
布洛克曼	0.12
布伦娜	0.12
低价位	0.12
于今	0.12
梦遗	0.12
显性	0.12
邪道	0.12
上等兵	0.12
哀叫	0.12
心田	0.12
比尼	0.12
福瑞德·马	0.12
义军	0.12
现代主义	0.12
约翰·康罗伊	0.12
哈利胡狄尼	0.12
炸药包	0.12
幽门	0.12
引力场	0.12
冬奥会	0.12
洋介	0.12
伊藤博	0.12
洋人	0.12
排忧解难	0.12
张藏宝	0.12
鹦鹉螺	0.12
雍	0.12
拉德洛	0.12
奇欧	0.12
玛丽·弗里曼	0.12
妖娆	0.12
轟	0.12
望子成龙	0.12
雷蒙·斯尼奇	0.12
边关	0.12
康庄大道	0.12
显影	0.12
山姆菲力普	0.12
伊甘	0.12
分站	0.12
卡皮塔纳	0.12
莲达	0.12
斯坦格	0.12
敬泰	0.12
史提芬	0.12
一波三折	0.12
佩里·梅森	0.12
思忖	0.12
亚伯拉汗·林肯	0.12
多伦	0.12
售票机	0.12
教学片	0.12
多明妮克	0.12
伏洛迪亚	0.12
詹姆士·卡特	0.12
貘	0.12
笔端	0.12
阿道夫·伊丽莎白·希特勒	0.12
受难者	0.12
巷口	0.12
丹尼·戴维斯	0.12
尾数	0.12
鈦	0.12
勒纳	0.12
塔霍湖	0.12
喉音	0.12
霍利·亨特	0.12
史迪夫	0.12
米夏	0.12
某年	0.12
比夫	0.12
檀香木	0.12
前缀	0.12
邻邦	0.12
汤姆·摩根	0.12
伍德门	0.12
帕杰克	0.12
摩根·格莱姆	0.12
歌德风	0.12
加利·格兰特	0.12
义愤	0.12
佛朗斯法	0.12
膝关节	0.12
传声筒	0.12
圣伯纳	0.12
不得人心	0.12
艾琳·布伦娜	0.12
甄别	0.12
娃利	0.12
帕迪希	0.12
赚头	0.12
夏洛	0.12
多南菲尔德	0.12
郑瑛淑	0.12
煤油灯	0.12
组织胺	0.12
巴塞尔	0.12
阿克伦	0.12
兆瓦	0.12
焦黑	0.12
下半时	0.12
苦活	0.12
珊瑚岛	0.12
流连忘返	0.12
他日	0.12
罗格斯	0.12
法兰西共和国	0.12
大有益处	0.12
史蒂夫·麦奎因	0.12
古埃罗	0.12
弗雷德里克·道格拉斯	0.12
萨诺瓦	0.12
此法	0.12
硬脂酸	0.12
钓钩	0.12
祖哥	0.12
刚正不阿	0.12
哈特勒	0.12
麦克斯·史龙	0.12
约翰·格鲁根	0.12
前日	0.12
断肢	0.12
扣球	0.12
杰佛高恩	0.12
感慨万千	0.12
沸点	0.12
洋槐	0.12
后话	0.12
棉絮	0.12
耕田	0.12
首航	0.12
李惠珍	0.12
黑痣	0.12
达尔福尔	0.12
滚圆	0.12
园艺学	0.12
唏嘘	0.12
园艺家	0.12
爱丽丝·史密森	0.12
巴兰基利亚	0.12
氧化物	0.12
杆状	0.12
马丽琳·鲍尔	0.12
喜马拉雅山脉	0.12
阿墨	0.12
断语	0.12
车铃	0.12
簿记员	0.12
此文	0.12
手巧	0.12
传输线	0.12
参谋部	0.12
莎莉·维勒	0.12
帕米拉·安德森	0.12
高分子	0.12
莎米	0.12
奥德萨市	0.12
帕布罗	0.12
达尔	0.12
草体	0.12
小母	0.12
曹长	0.12
缝衣针	0.12
柯帝	0.12
益友	0.12
弟媳	0.12
洋酒	0.12
莎草	0.12
难为	0.12
黑貂	0.12
小乔治	0.12
裇	0.12
窄小	0.12
韩京培	0.12
迪克·苏斯金德	0.12
定势	0.12
鹞	0.12
威特·范托斯	0.12
戴尔·迈西	0.12
肉弹	0.12
混事	0.12
放热	0.12
修身养性	0.12
粑	0.12
正子	0.12
威罗	0.12
哀诉	0.12
克利恩	0.12
比利·钱伯斯	0.12
姜汤	0.12
二十五六	0.12
沉郁	0.12
赛义德·穆查西	0.12
尔文	0.12
阿多尼斯	0.12
前驱	0.12
敬老	0.12
正基	0.12
尼加拉瓜人	0.12
普·马丁	0.12
三叶虫	0.12
肉冻	0.12
风华	0.12
裕仁	0.12
杜安	0.12
眷恋	0.12
伊马	0.12
功利主义	0.12
正南	0.12
常量	0.12
集邮册	0.12
大卫朵	0.12
亨德利	0.12
电子学	0.12
威廉·雷蒙德·波普	0.12
乔迪克森	0.12
湛乡	0.12
反唇相讥	0.12
艾弗隆堡	0.12
输电网	0.12
哀鸣	0.12
看家狗	0.12
婶子	0.12
赵奇勋	0.12
拜神	0.12
凯西·多诺万	0.12
分辩	0.12
一跃而起	0.12
阿金哲	0.12
苦行	0.12
阿凯迪亚	0.12
路透社	0.12
输电线	0.12
包头	0.12
温软	0.12
上梁不正下梁歪	0.12
叶甫盖尼·茨平	0.12
奥尔登·罗伯特·克撒	0.12
和局	0.12
二十三日	0.12
西碧拉	0.12
愚忠	0.12
运输业	0.12
场场	0.12
娴	0.12
林立	0.12
泛滥成灾	0.12
杰福斯	0.12
伊莎	0.12
家乡话	0.12
比较文学	0.12
自绝	0.12
饮食店	0.12
不适感	0.12
约翰·凯尔索	0.12
总工程师	0.12
包干	0.12
市貌	0.12
遥测	0.12
焦痕	0.12
宋炳泰	0.12
李贞心	0.12
小剧场	0.12
尾音	0.12
阿丽莎	0.12
雅阁	0.12
杜亨	0.12
惊叹号	0.12
约翰·克劳斯	0.12
和和	0.12
小阿尔玛	0.12
短装	0.12
布林克斯	0.12
伊豆	0.12
网卡	0.12
短衣	0.12
丧身	0.12
吉马那	0.12
黑逵	0.12
克利	0.12
鲍登	0.12
金叶	0.12
诬赖	0.12
连年	0.12
罗伯塔	0.12
雷克萨斯	0.12
塚	0.12
德拉提	0.12
西北风	0.12
朵儿	0.12
沈永国	0.12
观赏者	0.12
艾莉西雅	0.12
定然	0.12
节目表	0.12
报丧	0.12
礒	0.12
恶念	0.12
金浦	0.12
金基泰	0.12
特瑞·博迪	0.12
捶打	0.12
波米拉	0.12
囫囵	0.12
修筑	0.12
雪伦	0.12
邻座	0.12
抢手货	0.12
样书	0.12
阿克顿	0.12
塔比莎	0.12
作鸟兽散	0.12
沙格	0.12
伊利亚特	0.12
南辕北辙	0.12
严令禁止	0.12
贵妃	0.12
汗马功劳	0.12
创设	0.12
金桔	0.12
中国话	0.12
葛哈	0.12
海吉斯	0.12
映淑	0.12
谘	0.12
诊断书	0.12
屣	0.12
拟订	0.12
金昌	0.12
名媛	0.12
凌志	0.12
定稿	0.12
诈取	0.12
伊莱莎	0.12
四季豆	0.12
澳大利亚人	0.12
误事	0.12
金宿吉	0.12
玉米糊	0.12
蒙罗维亚	0.12
克里特	0.12
郎尼	0.12
坎特罗	0.12
各别	0.12
腾空而起	0.12
腻烦	0.12
冕	0.12
变异性	0.12
奥利维亚·泰勒	0.12
汽修	0.12
定级	0.12
达赖	0.12
密封圈	0.12
顾名思义	0.12
阿德里斯洛	0.12
烈根	0.12
巴祖卡	0.12
罗纳德·帕蒂兹	0.12
溴化物	0.12
低平	0.12
易燃品	0.12
布布	0.12
罗慕路斯	0.12
同案犯	0.12
角膜炎	0.12
古根汉姆	0.12
以偏概全	0.12
右卫	0.12
纂	0.12
索菲·奈芙	0.12
耐德	0.12
祇	0.12
运载	0.12
栗林	0.12
风沙	0.12
捆扎	0.12
安安稳稳	0.12
摩勒西	0.12
史卡戴尔	0.12
德累斯顿	0.12
李连杰	0.12
米耐	0.12
风洞	0.12
车床	0.12
李贞焕	0.12
婚配	0.12
斯克里普斯	0.12
髈	0.12
归隐	0.12
精神抖擞	0.12
拜年	0.12
赛维莉亚	0.12
史菊伯	0.12
变声器	0.12
拉法叶	0.12
雅量	0.12
金石	0.12
车况	0.12
七彩	0.12
冗员	0.12
焦味	0.12
自力	0.12
名波	0.12
丘东	0.12
中国队	0.12
迈克斯·彼得森	0.12
阿德瑞	0.12
六十七	0.12
雨布	0.12
布莱克里	0.12
隔岸观火	0.12
玛莉丝卡·赛克丽塔波维奇	0.12
肉松	0.12
克尔凯	0.12
弗拉维奥	0.12
鲍嘉	0.12
凯瑟琳·弗森	0.12
金环	0.12
灰白色	0.12
试飞员	0.12
钱飞	0.12
陈列柜	0.12
尼·加斯曼	0.12
煤气灶	0.12
七大	0.12
青苔	0.12
霍姆尔	0.12
艾尔·迈尔文	0.12
旧作	0.12
家私	0.12
天候	0.12
敌占区	0.12
康胜	0.12
奥伯	0.12
阿杰	0.12
答理	0.12
尼奇	0.12
偷电	0.12
奥丹	0.12
尼塔	0.12
赛德	0.12
欧如科	0.12
德特利克堡	0.12
兴衰	0.12
克瑞丝	0.12
轰然	0.12
怀·戈登	0.12
简克	0.12
赛威	0.12
璞琪	0.12
龙舞	0.12
将心比心	0.12
毕夏	0.12
着色剂	0.12
受凉	0.12
通讯兵	0.12
永浩	0.12
麦克杰宁斯	0.12
创建人	0.12
戴夫·赛威	0.12
心驰神往	0.12
正大	0.12
槟	0.12
雄谷	0.12
褒贬	0.12
踢皮球	0.12
爱德·汤姆	0.12
摆谱	0.12
铁定	0.12
珍妮·雷立	0.12
吃苦耐劳	0.12
埃里克斯·莱德	0.12
庄稼汉	0.12
胳	0.12
迪诺	0.12
赤胆忠心	0.12
拉斯帕尔玛	0.12
平民化	0.12
填空	0.12
排风扇	0.12
那非	0.12
葛列格·霍尔	0.12
弗里克	0.12
弗里兰	0.12
绀	0.12
七十五万	0.12
乐不思蜀	0.12
星野	0.12
袄	0.12
佑吾	0.12
硼酸	0.12
查克·波特	0.12
挤眉弄眼	0.12
科莱特	0.12
满腹牢骚	0.12
克瑞巴	0.12
泰坦尼亚斯	0.12
卡罗维	0.12
巴斯托	0.12
存疑	0.12
达利亚	0.12
霍伊特·安布罗斯	0.12
蒂尔达	0.12
布鲁斯·斯普林斯汀	0.12
串连	0.12
匡恩	0.12
凡尔赛宫	0.12
保修期	0.12
杜塞尔多夫	0.12
跳闸	0.12
象牙海岸	0.12
林白	0.12
埃斯普兰托	0.12
娶亲	0.12
弗兰海夫	0.12
帕德梅	0.12
查理·斯图亚特	0.12
惠尼	0.12
烘制	0.12
石雕	0.12
铺张浪费	0.12
缪西	0.12
辐	0.12
浇铸	0.12
电热	0.12
奥塔	0.12
拉米苏	0.12
阿道夫·拉普	0.12
肖恩菲尔德	0.12
拉斯蒂	0.12
狂傲	0.12
九宫	0.12
黎伯拉奇	0.12
霍马	0.12
卡纳克	0.12
软塌塌	0.12
詹姆斯·乔伊斯	0.12
格雷戈	0.12
堂上	0.12
戴明	0.12
含含糊糊	0.12
急急	0.12
髯	0.12
摩根波尔	0.12
斯蒂斯	0.12
适意	0.12
延时	0.12
白雪皑皑	0.12
穆罕穆德	0.12
硬座	0.12
鳐	0.12
埃迪·英格拉姆	0.12
超高压	0.12
塞肯多斯	0.12
格律	0.12
张韩星	0.12
企业主	0.12
绒球	0.12
瓦莱利	0.12
基特卡	0.12
福寿	0.12
奥克	0.12
圣雄甘地	0.12
形影	0.12
鲍比·肯尼迪	0.12
瓦尔克	0.12
自不量力	0.12
收发员	0.12
拉各斯	0.12
密令	0.12
硬挺	0.12
拉斯普亭	0.12
安东尼奥尼	0.12
铁环	0.12
水果摊	0.12
義	0.12
奥洛	0.12
格尔达	0.12
擦澡	0.12
昭田	0.12
报国	0.12
格雷尔	0.12
较真儿	0.12
独揽	0.12
祝辞	0.12
吉本斯	0.12
雷尼·盖格南	0.12
磨刀石	0.12
古驰	0.12
烘托	0.12
弗兰克·默多克	0.12
昆西·琼斯	0.12
报喜	0.12
晴雨表	0.12
里里	0.12
齐丹	0.12
怔住	0.12
韩允姬	0.12
会审	0.12
提货单	0.12
最新型	0.12
浓香	0.12
电价	0.12
因故	0.12
槭	0.12
戛	0.12
狄马斯	0.12
卡尔·沃尔夫施塔格	0.12
礼子	0.12
小雅各布	0.12
才云	0.12
玛格莱特	0.12
受窘	0.12
佛瑞德·本杰明	0.12
塔吉夫·扎克利亚	0.12
瑞奇马丁	0.12
吃老本	0.12
落地灯	0.12
阿纳托利	0.12
低热	0.12
图册	0.12
财神爷	0.12
画押	0.12
紫水晶	0.12
昭示	0.12
尼克·休姆	0.12
么磊	0.12
寡居	0.12
第三十三	0.12
斋期	0.12
币值	0.12
出阵	0.12
滂沱	0.12
宇都	0.12
互不相让	0.12
受敌	0.12
尼欧	0.12
瓦伦蒂娜	0.12
汗如雨下	0.12
哈里波特	0.12
维蒙	0.12
克丽思塔·希兰	0.12
风向标	0.12
窑子	0.12
博士生	0.12
简明	0.12
表面文章	0.12
劳顿	0.12
增长率	0.12
转业	0.12
伟岸	0.12
乙巳	0.12
杰克塔	0.12
赛格	0.12
嚓嚓	0.12
十分之九	0.12
丑娃	0.12
鱼粉	0.12
苏黎士	0.12
家世	0.12
罗伊·布兰德	0.12
樣	0.12
存取	0.12
扎克米莉	0.12
药厂	0.12
索德博格	0.12
林安	0.12
立式	0.12
安得烈	0.12
飞跑	0.12
惠玲	0.12
弗里敦	0.12
深长	0.12
乔埃斯	0.12
铁桶	0.12
丹尼斯·波特	0.12
十二点一	0.12
洁伊斯	0.12
卡皮克	0.12
圣加特纳	0.12
戈巴尔斯	0.12
见习生	0.12
卡纳瓦	0.12
斃	0.12
罗伯特·布朗	0.12
蹶	0.12
朴温达	0.12
德苏泽	0.12
科学奖	0.12
拉菲尔	0.12
顿河	0.12
苏玛丽	0.12
吴敏娥	0.12
发展署	0.12
寮	0.12
克劳塞维茨	0.12
冬去春来	0.12
外强中干	0.12
平实	0.12
丹尼·马丁	0.12
采煤	0.12
开山	0.12
孔洞	0.12
筱田	0.12
血吸虫	0.12
凑足	0.12
消费群	0.12
马尔登	0.12
伊萨卡	0.12
开市	0.12
丹尼·道尔顿	0.12
于艾滋	0.12
那根红	0.12
宝刀不老	0.12
微生物学	0.12
横加指责	0.12
备件	0.12
燎	0.12
菡娜	0.12
哈洛德	0.12
道蒂	0.12
克拉荷马市	0.12
巴尔干	0.12
卫生院	0.12
葛丽泰	0.12
遭难	0.12
艾希	0.12
祖拉	0.12
熟读	0.12
思波	0.12
安妮·丹劳	0.12
基莎	0.12
贝泰尔	0.12
何须	0.12
国语	0.12
基色	0.12
夙敌	0.12
佃	0.12
博伊西	0.12
先于	0.12
运筹帷幄	0.12
卤素	0.12
农工	0.12
凯特琳·欧尼尔	0.12
升腾	0.12
穿刺术	0.12
国贼	0.12
难找	0.12
希玛	0.12
长海	0.12
柏西	0.12
匹夫	0.12
帕纳	0.12
哲淳	0.12
即位	0.12
熟路	0.12
施法	0.12
碾压	0.12
佐雅	0.12
科特妮	0.12
花大姐	0.12
诽	0.12
布乐	0.12
帕特莫斯	0.12
物欲	0.12
并进	0.12
库斯热	0.12
明植	0.12
加拉尔夫	0.12
长玖	0.12
人高马大	0.12
可燃性	0.12
克斯拉特	0.12
希沪	0.12
璐娜	0.12
杜海姆	0.12
佃京	0.12
华盖	0.12
采撷	0.12
厉鬼	0.12
栈道	0.12
取保	0.12
肠梗阻	0.12
西斯廷	0.12
神曲	0.12
仓木	0.12
奥斯蒂斯	0.12
重于泰山	0.12
锋线	0.12
滚翻	0.12
四面楚歌	0.12
捕蝇纸	0.12
伯希	0.12
利文斯顿	0.12
克莱瑟	0.12
克莱瑞	0.12
泸	0.12
杰尼佛	0.12
丹尼森	0.12
卢易丝	0.12
阿力山	0.12
物极必反	0.12
天兵	0.12
马克·科恩	0.12
肺痨	0.12
詹妮弗·特里	0.12
马库斯热	0.12
配电盘	0.12
伽马	0.12
橡皮船	0.12
明文	0.12
诏	0.12
铱	0.12
协约	0.12
启蒙运动	0.12
掸子	0.12
农会	0.12
金真镜	0.12
达拉克斯	0.12
云满春	0.12
歪歪扭扭	0.12
口译	0.12
希恩	0.12
原色	0.12
飘移	0.12
狗名	0.12
芬尼根	0.12
威维安	0.12
嗥	0.12
路经	0.12
迈尔云	0.12
左摇	0.12
初赛	0.12
稚爱	0.12
横祸	0.12
堂·普卢塔科	0.12
祖业	0.12
缩微胶片	0.12
制造家	0.12
通称	0.12
革命党	0.12
眨巴	0.12
迷魂药	0.12
希姬	0.12
外交大臣	0.12
泰然	0.12
凯恩斯	0.12
川菜	0.12
格罗佛	0.12
叹词	0.12
三点十五	0.12
神妙	0.12
审计局	0.12
互助组	0.12
王子和	0.12
小燕子	0.12
宰相	0.12
嗷嗷叫	0.12
和和气气	0.12
司基	0.12
克瑞斯塔	0.12
女裤	0.12
马尔塞	0.12
应承	0.12
青云直上	0.12
一九一二年	0.12
卓俊夏	0.12
弯子	0.12
撷取	0.12
吴宗贤	0.12
约瑟夫·爱里克	0.12
希兰	0.12
格兰特·斯莱姆	0.12
拔尖	0.12
世兰	0.12
確	0.12
恢复性	0.12
财大气粗	0.12
更迭	0.12
圆圆	0.12
纽桑	0.12
安全壳	0.12
路沿	0.12
世世	0.12
玛莉莲	0.12
军政府	0.12
勇夺	0.12
昏花	0.12
翼手龙	0.12
火力网	0.12
一清早	0.12
洛奇·马西亚诺	0.12
长卷	0.12
克里斯多	0.12
瓦勒拉	0.12
俊男	0.12
克莱弗	0.12
祖库	0.12
九零	0.12
忠厚	0.12
朴恩湖	0.12
殖民主义	0.12
态势	0.12
阿博	0.12
倒腾	0.12
敌营	0.12
沟壑	0.12
平塔·拉莫斯	0.12
十四万	0.12
梅飞利	0.12
因卡纳辛	0.12
明人	0.12
调阅	0.12
平添	0.12
斯福扎	0.12
科玛克	0.12
崔布乐	0.12
路毕	0.12
里维斯	0.12
电火花	0.12
地块	0.12
盐碱	0.12
至友	0.12
芝麻酱	0.12
肆	0.12
井筒	0.12
克拉拉·汤普森	0.12
楚波	0.12
卡门·伊莱克特	0.12
通明	0.12
艾梅诺	0.12
桑吉塔	0.12
扁柏	0.12
尼克拉	0.12
荣峰	0.12
小静	0.12
斯瓦希里	0.12
镴	0.12
哲尔	0.12
长工	0.12
曼德雷克	0.12
批改	0.12
建起	0.12
韧劲	0.12
阿尔芒	0.12
火力点	0.12
上纲上线	0.12
爱国志士	0.12
珍哈露	0.12
祖坟	0.12
苯甲酸	0.12
功成身退	0.12
儒勒凡尔纳	0.12
路维林	0.12
冒雨	0.12
优兰达	0.12
法内莎	0.12
神似	0.12
洲际导弹	0.12
全区	0.12
佛罗德	0.12
乌黑	0.12
达·西尔瓦	0.12
汤里	0.12
菁	0.12
少男少女	0.12
上高	0.12
谷口	0.12
老黄历	0.12
提提	0.12
利多卡因	0.12
汤锅	0.12
杰瑞·斯普林格	0.12
稿纸	0.12
绝后	0.12
希维尔	0.12
托马斯·富兰克林	0.12
汉米什	0.12
宫城	0.12
史令	0.12
春田	0.12
力格拉斯	0.12
线衣	0.12
艾斯卡达	0.12
玉树	0.12
火攻	0.12
震源	0.12
互信	0.12
姪	0.12
地动山摇	0.12
殚精竭虑	0.12
希优德	0.12
婆罗	0.12
多米尼克·马泰	0.12
历届	0.12
合剂	0.12
摩兹	0.12
汤姆·富勒	0.12
红山	0.12
肯萨斯	0.12
松松	0.12
复试	0.12
狄米	0.12
合写	0.12
沽名钓誉	0.12
终审	0.12
估价师	0.12
特别奖	0.12
帕尔沃	0.12
巴达克斯	0.12
马洛斯	0.12
玛丽·斯皮尔	0.12
旺查	0.12
喜气洋洋	0.12
巧克	0.12
弗兰克·卡登	0.12
公安局	0.12
泰朴	0.12
温布尔登	0.12
单被	0.12
欧也妮	0.12
残月	0.12
球坛	0.12
俊杰	0.12
昆特斯·布波	0.12
二百三十万	0.12
上院	0.12
布瓦	0.12
深灰色	0.12
精工	0.12
飘洋过海	0.12
上解	0.12
向心	0.12
歌本	0.12
某国	0.12
开发部	0.12
沪	0.12
红蜘蛛	0.12
雪利	0.12
格拉斯代尔	0.12
邀请书	0.12
班贝格	0.12
教科文	0.12
导读	0.12
李昌燮	0.12
军徽	0.12
鼻翼	0.12
上臂	0.12
铡刀	0.12
罐内	0.12
君主立宪	0.12
广角镜头	0.12
教条主义	0.12
艾扎克	0.12
比尔·贝斯顿	0.12
海特	0.12
清规戒律	0.12
尤里·培	0.12
算不得	0.12
诺亚·班尼特	0.12
铁路桥	0.12
鼎力相助	0.12
斯多姆	0.12
狄氏	0.12
卢·沃格	0.12
艾哈迈德·汗	0.12
微调	0.12
骨癌	0.12
工科	0.12
清官	0.12
史基	0.12
季努	0.12
坐收渔利	0.12
河湾	0.12
巴德利	0.12
海登	0.12
布拉德利·史密斯	0.12
己方	0.12
包士德	0.12
费迪嘉拜姆	0.12
多米尼	0.12
狄格	0.12
尼亚加拉	0.12
泪痕	0.12
季军	0.12
佩祖罗	0.12
薪俸	0.12
清明	0.12
脑血栓	0.12
牍	0.12
底火	0.12
伯特兰	0.12
呐喊助威	0.12
贝利克	0.12
耗子药	0.12
詹姆斯·安格尔顿	0.12
常见于	0.12
泰伯	0.12
验钞机	0.12
身心交瘁	0.12
减震器	0.12
阿斯格里斯	0.12
海伊	0.12
手术钳	0.12
全省	0.12
从刑	0.12
万人空巷	0.12
儿马	0.12
马洛伊	0.12
球网	0.12
讳	0.12
江夏	0.12
反观	0.12
读本	0.12
奥尔嘉	0.12
杨凤熙	0.12
推陈出新	0.12
红糖	0.12
全篇	0.12
理查得	0.12
费斯托	0.12
费宾	0.12
克伦威尔	0.12
特立尼达	0.12
眉目传情	0.12
血液学	0.12
多普瑞	0.12
一百六十	0.12
查基	0.12
詹姆斯·海勒	0.12
豢养	0.12
必修	0.12
哨位	0.12
二十七秒	0.12
散装	0.12
金玉	0.12
古西·麦基	0.12
土著居民	0.12
凯罗琳·琼斯	0.12
恳	0.12
史蒂芬·霍金	0.12
工位	0.12
恢宏	0.12
鲇鱼	0.12
喜结良缘	0.12
车刚	0.12
希尔德布兰达	0.12
奥伯龙	0.12
古里古怪	0.12
卫戍	0.12
史料	0.12
遗产税	0.12
圣·帕特里克	0.12
蒙哥	0.12
灾民	0.12
红敏	0.12
鲁西	0.12
分光仪	0.12
贝弗莉山	0.12
窗沿	0.12
斯莱	0.12
贾柯莫	0.12
桑迪·莱尔	0.12
盛情难却	0.12
哈马斯	0.12
惟独	0.12
费戈斯	0.12
核动力	0.12
一锅端	0.12
吉恩·巴提斯	0.12
伯克霍尔	0.12
从无到有	0.12
联络部	0.12
英卿	0.12
布施	0.12
维苏威	0.12
蟊	0.12
凯特·沃克	0.12
麦克洛奇	0.12
玉孙	0.12
海床	0.12
阿尔·热扎尼	0.12
春情	0.12
脉象	0.12
风景区	0.12
长年累月	0.12
阿尔德索特	0.12
艾琳·格鲁维尔	0.12
电话局	0.12
烧火	0.12
弗拉曼科	0.12
魏克斯	0.12
虹吸	0.12
电瓶车	0.12
乳化	0.12
王奇柏	0.12
波利维亚	0.12
海内	0.12
割除	0.12
照准	0.12
隔三差五	0.12
合情	0.12
阿斯顿马丁	0.12
加尔维斯敦	0.12
工程队	0.12
候教	0.12
琴弓	0.12
斯迪	0.12
工序	0.12
塞布丽娜	0.12
巴托拉	0.12
犹太族	0.12
巴特·米尔斯	0.12
冥顽	0.12
总书记	0.12
泰和	0.12
搧	0.12
光辉灿烂	0.12
骨化	0.12
污泥	0.12
鎳	0.12
特型	0.12
慢腾腾	0.12
河姬	0.12
迟疑不决	0.12
球风	0.12
囤	0.12
银婚	0.12
知事	0.12
陈酒	0.12
布鞋	0.12
贼人	0.12
清泉	0.12
炷	0.12
克里夫兰市	0.12
短大衣	0.12
万幸	0.12
夹攻	0.12
南站	0.12
阿班那德	0.12
卡蒂亚	0.12
哈金森	0.12
弗兰斯	0.12
东湖	0.12
本·威利斯	0.12
克拉丽莎	0.12
威尔第	0.12
肯姆	0.12
阿华田	0.12
暗访	0.12
烧肉	0.12
颜道文	0.12
耳听八方	0.12
诞辰	0.12
痩	0.12
马克贝斯	0.12
莫特港	0.12
艾默森	0.12
代数学	0.12
弗雷德·苏莫斯	0.12
莱迪恩	0.12
盖乌斯·屋大维	0.12
普里阿摩斯	0.12
广泛性	0.12
斯科	0.12
镜架	0.12
奎罗	0.12
闰年	0.12
喝道	0.12
姜贤珠	0.12
威廉布莱克	0.12
比克斯	0.12
重任在肩	0.12
直拍	0.12
卡米拉霍迪斯	0.12
赤纬	0.12
教书育人	0.12
标竿	0.12
巧遇	0.12
胯骨	0.12
万古	0.12
戒严法	0.12
大片大片	0.12
梅涅劳斯	0.12
快当	0.12
乌代	0.12
证明信	0.12
海因里希·希姆莱	0.12
塔尼奥	0.12
写明	0.12
保罗·杰拉德	0.12
坎丝	0.12
萨尔瓦多·达利	0.12
香干	0.12
成人式	0.12
热土	0.12
瓤	0.12
帕克斯	0.12
捅娄子	0.12
耻骨	0.12
艾柏斯	0.12
武藏野	0.12
法鲁加	0.12
谷草	0.12
达瑞尔	0.12
静听	0.12
主将	0.12
罗缪勒斯	0.12
尤文内尔	0.12
亚历山大·弗莱明	0.12
罗经	0.12
唐格拉德	0.12
负数	0.12
历史剧	0.12
纪念邮票	0.12
伍斯	0.12
媒婆	0.12
兵卫	0.12
梭克	0.12
萨克森豪斯	0.12
西尔伯林	0.12
向阳	0.12
颓丧	0.12
怕生	0.12
准绳	0.12
弗朗西丝卡·布鲁尼	0.12
东赤胜	0.12
唐兹	0.12
迎头痛击	0.12
著作权	0.12
实属	0.12
威克多	0.12
点头哈腰	0.12
迪亚哥·阿拉特里斯特	0.12
摩纳哥人	0.12
泻湖	0.12
弗里德	0.12
什姆尔	0.12
黏附	0.12
科斯比	0.12
鲍博·凡·卡普	0.12
签字笔	0.12
事体	0.12
底边	0.12
陈货	0.12
细嫩	0.12
罗得西亚	0.12
粘膜	0.12
旺达尔	0.12
诹	0.12
北国	0.12
索桥	0.12
仁庆	0.12
二万六千	0.12
档案库	0.12
德沃	0.12
别让杰瑞	0.12
卡蒂勃	0.12
历史学	0.12
米莉姆	0.12
跃然纸上	0.12
网状结构	0.12
斯古	0.12
保健室	0.12
北桦	0.12
伍分	0.12
安·厄波尔	0.12
爽朗	0.12
扬长避短	0.12
龙山	0.12
树原亮	0.12
姜仁九	0.12
巴莱巴	0.12
张真	0.12
李英云	0.12
文质彬彬	0.12
肯纳	0.12
上税	0.12
马库修	0.12
日本海	0.12
脍炙人口	0.12
米纳迪奥	0.12
艾何克来	0.12
提莉	0.12
魔高一丈	0.12
圣詹姆士	0.12
惺忪	0.12
历史感	0.12
皑皑	0.12
食古不化	0.12
专著	0.12
邓达斯	0.12
拉锯	0.12
吉尔·泰勒	0.12
凡尔	0.12
阿得曼	0.12
杰克·戴布斯	0.12
张狂	0.12
迪瓦恩	0.12
一概而论	0.12
细沙	0.12
克丽思塔·玛利亚·希兰	0.12
汤碗	0.12
葛斯塔夫	0.12
必败	0.12
人造革	0.12
泰莎	0.12
万全之策	0.12
四五年	0.12
海船	0.12
铁蹄	0.12
混合器	0.12
鸵	0.12
胡安尼托	0.12
小巧玲珑	0.12
轻骑兵	0.12
相映成辉	0.12
乌玛	0.12
瑾子	0.12
约翰·特拉沃尔塔	0.12
毛巾架	0.12
静水	0.12
比佛利山	0.12
田七	0.12
老丈人	0.12
此消彼长	0.12
揭幕式	0.12
美味可口	0.12
快慢	0.12
鲁夫斯	0.12
碎末	0.12
国民党	0.12
视点	0.12
扬基·埃文	0.12
亨盖特	0.12
阳春面	0.12
必读	0.12
年轻化	0.12
罵	0.12
香米	0.12
欧拉·杰拉德	0.12
线缆	0.12
巨细	0.12
埃尼斯·德·玛尔	0.12
苦口婆心	0.12
现货	0.12
北站	0.12
四点十	0.12
帕帕	0.12
史蒂夫·芬奇	0.12
本杰明·布拉迪克	0.12
谈天说地	0.12
纸制品	0.12
灭绝人性	0.12
戈蒂埃	0.12
莫雷尔	0.12
柯历加	0.12
紧凑型	0.12
雍容华贵	0.12
戈格	0.12
苏拉特	0.12
哈姆利特	0.12
安·诺卡特	0.12
乳齿	0.12
鲱	0.12
扑粉	0.12
阅览	0.12
敲竹杠	0.12
查尔顿·赫斯顿	0.12
江西	0.12
火钳	0.12
失地	0.12
狄肯	0.12
义愤填膺	0.12
捞一把	0.12
主城区	0.12
痉	0.12
倾巢出动	0.12
史戴思	0.12
边缘性	0.12
英顺	0.12
葛安妮	0.12
马修·克雷根	0.12
基泰	0.12
仁秀	0.12
博比·夏普	0.12
竹杠	0.12
一往直前	0.12
逢迎	0.12
倾角	0.12
无上光荣	0.12
失实	0.12
失宠	0.12
悸	0.12
夏之日	0.12
免检	0.12
斯丹	0.12
葛利迪	0.12
违法乱纪	0.12
删去	0.12
负于	0.12
安提贡纳斯	0.12
半山腰	0.12
一百亿	0.12
上朝	0.12
负两	0.12
京城	0.12
皮卡迪利	0.12
反共	0.12
头数	0.12
艾柏丁	0.12
公开信	0.12
纸鹤	0.12
飞虎队	0.12
唱主角	0.12
拉合尔	0.12
办报	0.12
原封	0.12
急诊科	0.12
皮尔希	0.12
綾	0.12
爱德华·科尔	0.12
笔帽	0.12
同床异梦	0.12
玛丽肖	0.12
木桌	0.12
平飞	0.12
隔日	0.12
一言九鼎	0.12
结拜	0.12
卡特里娜·德·沃克	0.12
商业界	0.12
板桥	0.12
卡尔沃	0.12
音乐片	0.12
叹服	0.12
镶牙	0.12
芝麻油	0.12
观后感	0.12
钻井工	0.12
乔纳森马斯	0.12
史蒂夫·菲力浦	0.12
德田	0.12
威勒	0.12
天象	0.12
皮埃尔·福	0.12
钓饵	0.12
通顺	0.12
阅读器	0.12
惊雷	0.12
哈利·道顿	0.12
菲兹	0.12
杰恩	0.12
铿	0.12
马德琳·麦克里恩	0.12
可见光	0.12
脸盆	0.12
凯特丽娜	0.12
罗费欧蒙特洛	0.12
横行霸道	0.12
禹	0.12
行商	0.12
沃博	0.12
波提且利	0.12
韩昌秀	0.12
晨露	0.12
排遣	0.12
伞架	0.12
笔力	0.12
知县	0.12
身先士卒	0.12
为人师表	0.12
伊洛娜·塔苏耶夫	0.12
善玉	0.12
昌贤	0.12
道克	0.12
卡兹摩	0.12
调焦	0.12
机芯	0.12
经血	0.12
夏至	0.12
格理尼	0.12
善爱	0.12
恒定	0.12
玄宇	0.12
莱纳	0.12
穿堂风	0.12
副词	0.12
路轨	0.12
通谍	0.12
氢氧化铵	0.12
申礼和	0.12
黄褐色	0.12
费尔米纳·达萨	0.12
大霍华德	0.12
婚姻法	0.12
开行	0.12
普什图	0.12
李有真	0.12
犁田	0.12
詹姆斯·范·霍帕	0.12
圣·基	0.12
殓	0.12
谒	0.12
佛伦奇	0.12
酵素	0.12
始发	0.12
全歼	0.12
难民署	0.12
噁	0.12
羊倌	0.12
煤车	0.12
结社	0.12
金灿灿	0.12
切肤之痛	0.12
亟待	0.12
电气化	0.12
板牙	0.12
客舱	0.12
米妮娅	0.12
天道	0.12
求是	0.12
讣闻	0.12
侵略军	0.12
切洛基	0.12
威伦	0.12
安妮·班克罗夫特	0.12
杰登	0.12
机载	0.12
伸懒腰	0.12
一路货	0.12
史蒂文桑德斯	0.12
言传身教	0.12
舞文弄墨	0.12
胸怀大志	0.12
厄里斯	0.12
黛特	0.12
歉收	0.12
欧内斯特·格瓦拉	0.12
肘关节	0.12
暴力团	0.12
杰生	0.12
韩柯克	0.12
思珀琪	0.12
马克·雅可布	0.12
公办	0.12
昏沉	0.12
安东尼娅	0.12
华航	0.12
施莱	0.12
米奇·马丁	0.12
托莱	0.12
华芙	0.12
园长	0.12
精肉	0.12
月牙	0.12
神采	0.12
拉奥米	0.12
骻	0.12
柏木	0.12
埃斯特尔	0.12
阿马尼	0.12
佐竹	0.12
荐	0.12
庶民	0.12
迈尔斯·杰克逊	0.12
通讯网	0.12
普斯	0.12
凯雷利	0.12
阿芝	0.12
尿素	0.12
黒	0.12
萨罗蒙	0.12
社工	0.12
月相	0.12
绪里	0.12
峰峦	0.12
克兰特	0.12
施法德	0.12
风尘仆仆	0.12
结晶体	0.12
冷菜	0.12
咸蛋	0.12
冷艳	0.12
窘困	0.12
图勒斯	0.12
八二分	0.12
阿耳	0.12
十七日	0.12
崇辉君	0.12
战情	0.12
公断	0.12
山珍海味	0.12
骍	0.12
海夫纳	0.12
盛举	0.12
维多莉	0.12
烧窑	0.12
凯蒂·辛文	0.12
约德尔	0.12
政治权利	0.12
邦帕	0.12
瞒报	0.12
斯巴肖	0.12
国泰	0.12
战旗	0.12
忠言	0.12
华达	0.12
青红皂白	0.12
阿尔冰	0.12
詹姆士·邦德	0.12
摇手	0.12
高丽参	0.12
穆甘扎	0.12
致密	0.12
朱利奥	0.12
结仇	0.12
戈达德	0.12
曲轴	0.12
拔草	0.12
冷锋	0.12
长野	0.12
五连胜	0.12
七老八十	0.12
蚤	0.12
文学社	0.12
斯科迪	0.12
强尼巴特利	0.12
磁体	0.12
阿尔加斯	0.12
膠	0.12
汤姆·索亚	0.12
慨叹	0.12
卓有成效	0.12
斯蒂文斯	0.12
德施梅	0.12
文崔斯	0.12
鲁思·布朗	0.12
伯特·威克曼	0.12
饲	0.12
杰勒米	0.12
菲格	0.12
调取	0.12
人头攒动	0.12
橡皮泥	0.12
兰宝	0.12
输油管线	0.12
贬损	0.12
满负荷	0.12
杰布	0.12
政治局	0.12
禁绝	0.12
阿图洛	0.12
李斯特	0.12
行李车	0.12
索菲·马格达勒纳	0.12
艾丽特	0.12
蒙哥马利·蒙哥马利	0.12
公屋	0.12
葛彼得	0.12
吧嗒	0.12
木崎	0.12
卡尔布	0.12
一二年	0.12
何来	0.12
案头	0.12
威波	0.12
女将	0.12
熟稔	0.12
木剑	0.12
东条英机	0.12
专横跋扈	0.12
反射弧	0.12
二分之	0.12
曼尼·柯泰兹	0.12
蒋介石	0.12
沃斯	0.12
多斯特	0.12
伊丽莎白·福斯特	0.12
白开水	0.12
善忘	0.12
急智	0.12
保罗·瑞恩	0.12
安全阀	0.12
撼	0.12
两亿五千万	0.12
叙事诗	0.12
新锐	0.12
假借	0.12
新干线	0.12
美编	0.12
道可·朗	0.12
鸭绒	0.12
聚苯乙烯	0.12
授职	0.12
支吾	0.12
听而不闻	0.12
金仁权	0.12
治疗仪	0.12
巴腾	0.12
约翰·康纳	0.12
谢诺	0.12
千米	0.12
塔可尼	0.12
天之骄子	0.12
金永苏	0.12
綿	0.12
冷言冷语	0.12
巴贝塔	0.12
詹吉	0.12
皮特里	0.12
百分之一千	0.12
承重梁	0.12
沃伦·皮斯	0.12
凡赛斯	0.12
假道学	0.12
文坛	0.12
希波克拉底	0.12
枯树	0.12
瓜达拉哈拉	0.12
鱼尾	0.12
金大楚	0.12
桑普尔	0.12
水污染	0.12
趾骨	0.12
格拉皮尼	0.12
露平塔·拉莫斯	0.12
花枝	0.12
塞勒涅	0.12
基吉	0.12
老父亲	0.12
花木	0.12
戛然而止	0.12
弗朗西斯科·戈雅	0.12
新官上任三把火	0.12
薛定吉	0.12
舒佰特	0.12
金美珍	0.12
小罗克	0.12
威代尔	0.12
粤	0.12
莫妮卡·道森	0.12
克莱斯比	0.12
镕	0.12
张石祖	0.12
制表	0.12
讷河	0.12
弄堂	0.12
戈帝	0.12
费鲁齐	0.12
研华	0.12
异同	0.12
贝福	0.12
拐棍	0.12
恰如	0.12
涅斯	0.12
奥卡姆	0.12
十二月份	0.12
讴歌	0.12
堤防	0.12
公用电话亭	0.12
伯格曼	0.12
丝米	0.12
尼尔·扬	0.12
木制品	0.12
黄沙	0.12
眼底	0.12
麦克林	0.12
求医	0.12
预售	0.12
莫洛克	0.12
求偶	0.12
帕洛米塔	0.12
预算案	0.12
眼尖	0.12
迪欧斯	0.12
求全	0.12
费奇	0.12
松岭	0.12
艾菲亚提	0.12
杰瑞·费罗	0.12
比拉多	0.12
希拉里克林顿	0.12
知足常乐	0.12
贝恩	0.12
格拉佛	0.12
可可油	0.12
马特·史拉姆	0.12
蛐蛐	0.12
伍德沃德	0.12
大奥普里	0.12
大有裨益	0.12
寻衅	0.12
搅混	0.12
克里利夫	0.12
费拉罗	0.12
俞善京	0.12
儿童剧	0.12
灰鼠	0.12
灰鹅	0.12
成气候	0.12
飞行日	0.12
罩袍	0.12
徙	0.12
斯基普	0.12
丹下	0.12
古色古香	0.12
莱斯利·卡伦	0.12
格雷西拉	0.12
笑容可掬	0.12
老鬼	0.12
赔礼	0.12
新诗	0.12
沈善达	0.12
腹背受敌	0.12
炫丽	0.12
笔杆子	0.12
命相	0.12
八十六	0.12
九点五	0.12
丹王	0.12
避让	0.12
费比	0.12
生存权	0.12
顺英	0.12
布劳德曼	0.12
斯丹弗	0.12
诨名	0.12
费格	0.12
座上客	0.12
格林尼斯	0.12
睦邻友好	0.12
蒙赛尔	0.12
美子	0.12
轴距	0.12
声言	0.12
美娴	0.12
摊派	0.12
奥斯提亚	0.12
班门弄斧	0.12
而立之年	0.12
有生	0.12
无头案	0.12
年利率	0.12
莫加哈登	0.12
鲍伯·沃恩	0.12
垠	0.12
罗克韦尔	0.12
斯米其	0.12
过电影	0.12
热望	0.12
舌战	0.12
入库	0.12
探矿	0.12
织锦	0.12
让兰利	0.12
荆	0.12
美善	0.12
林贵尼	0.12
第五十九	0.12
邦妮·特劳特	0.12
史密斯威森	0.12
烽火	0.12
弗洛莫	0.12
科日什托夫	0.12
帕勒摩	0.12
军车	0.12
雷克斯·哈勃	0.12
黄书	0.12
贝塔	0.12
卢克兰	0.12
奥本海默	0.12
文明史	0.12
一根根	0.12
护耳	0.12
芭柏	0.12
吉里根	0.12
景区	0.12
萨姆兰	0.12
债务人	0.12
假性	0.12
年景	0.12
加布里埃尔·格雷	0.12
招安	0.12
斯隆·盖茨	0.12
丹提	0.12
沉甸甸	0.12
无计划	0.12
里克·斯托克	0.12
千伶	0.12
热络	0.12
亡国	0.12
拉尔夫·瓦尔多·格林	0.12
真树子	0.12
美仑	0.12
格雷西亚	0.12
繁茂	0.12
农业局	0.12
有感	0.12
丹恩	0.12
有悖	0.12
狄奥尼修斯	0.12
三洋	0.12
球部	0.12
织补	0.12
文体	0.12
巴布狄伦	0.12
蒙汗药	0.12
条规	0.12
杰克·莫伦奈克斯	0.12
敏善	0.12
三明	0.12
那道贤	0.12
真空管	0.12
鲍加逊	0.12
贝伦	0.12
修修补补	0.12
胃壁	0.12
无日	0.12
洋洋自得	0.12
围猎	0.12
约翰列农	0.12
粗细	0.12
切实可行	0.12
德罗宁	0.12
年检	0.12
声速	0.12
东西南北	0.12
黄山	0.12
八十万	0.12
智勇双全	0.12
苗子	0.12
戴夫·迪	0.12
铿锵有力	0.12
发送者	0.12
皮提亚	0.12
福罗里达	0.12
雷奥	0.12
交媾	0.12
阿南	0.12
电脑房	0.12
科巴	0.12
施瓦兹瓦德	0.12
凋	0.12
佩特利夫	0.12
澜湖	0.12
雅各布斯	0.12
托马斯·莫尔	0.12
塔特利亚	0.12
稳稳地	0.12
浊	0.12
格兰弗达	0.12
昂然	0.12
沙路齐	0.12
醌	0.12
李承	0.12
厥	0.12
比娜	0.12
哈根	0.12
莉薇	0.12
软体动物	0.12
拉德姆斯	0.12
莫伯	0.12
桥本	0.12
特德·科尔	0.12
迪维莉	0.12
波卡洪塔斯	0.12
西迪斯	0.12
雷康	0.12
核电	0.12
墙脚	0.12
格蕾塔	0.12
尼龙绳	0.12
钳制	0.12
病秧子	0.12
邯郸学步	0.12
伊米尔	0.12
帕多瓦	0.12
普利莫·斯帕拉赞	0.12
甲贺弦	0.12
投票箱	0.12
托德·爱德华兹	0.12
马坤	0.12
惠特妮	0.12
李洙	0.12
韦科	0.12
瑞玲	0.12
罗杰·伯德	0.12
苏拉	0.12
望望	0.12
蝰蛇	0.12
蓝可	0.12
水靴	0.12
光器	0.12
圣萨尔瓦多	0.12
南安普顿	0.12
蓝光	0.12
马刀	0.12
着风	0.12
英文版	0.12
越烈	0.12
科娅	0.12
郎达	0.12
阿巴拉契亚	0.12
罗彻	0.12
暗流	0.12
佩科斯	0.12
韦拓	0.12
四四	0.12
闲散	0.12
顾问团	0.12
石松	0.12
高僧	0.12
制度化	0.12
石柱	0.12
彼得·埃文斯	0.12
郑重其事	0.12
史蒂芬·金	0.12
成熟期	0.12
冈尼	0.12
水运	0.12
韦曼	0.12
罗恩韦斯莱	0.12
渔猎	0.12
生趣	0.12
三点三十	0.12
人非	0.12
功过	0.12
基肯斯	0.12
增刊	0.12
超强	0.12
名噪一时	0.12
水貂	0.12
伊芙·汉莫德	0.12
布利考斯基	0.12
整编	0.12
增幅	0.12
山葵	0.12
莫里哀	0.12
夏奇拉	0.12
藤本	0.12
菲尔普斯	0.12
诗情画意	0.12
赫曼	0.12
出发地	0.12
尤高斯基	0.12
维拉瑞斯	0.12
苏珍	0.12
哈然	0.12
福雷德	0.12
消极怠工	0.12
莫吉	0.12
高射	0.12
泊位	0.12
伊多拉斯	0.12
柳宰	0.12
熊泽	0.12
威斯塔	0.12
寝食	0.12
代办	0.12
抗诉	0.12
蜚	0.12
想不开	0.12
保罗·马歇尔	0.12
比纳	0.12
交管	0.12
画龙点睛	0.12
哈撒	0.12
雷金纳德	0.12
四时	0.12
沙金	0.12
哈代	0.12
洛察克	0.12
尿盆	0.12
熊兆	0.12
弗利山	0.12
斯迈莱	0.12
艾伦·德杰尼勒斯	0.12
成本价	0.12
马尔科姆·艾克斯	0.12
高曼	0.12
压路机	0.12
接警	0.12
植株	0.12
莱斯特班恩斯	0.12
长期性	0.12
选读	0.12
纳波利	0.12
瑞基	0.12
钨	0.12
石工	0.12
成箱	0.12
蒙蒂尼哥鲁	0.12
落地窗	0.12
摩擦力	0.12
约普	0.12
蒸发器	0.12
莎尔莎	0.12
克拉克·威廉·爱德华兹	0.12
斯特博	0.12
诗朗诵	0.12
德维勒	0.12
湿淋淋	0.12
雏鸡	0.12
连日来	0.12
百分之二百	0.12
凯特·法雷尔	0.12
青铜器	0.12
石塔	0.12
殷	0.12
鼓风	0.12
石壁	0.12
南欧	0.12
芸豆	0.12
乔·布鲁姆菲尔德	0.12
哈达德	0.12
点点头	0.12
罗曼尼	0.12
佣工	0.12
大师傅	0.12
先声夺人	0.12
酸乳	0.12
怪话	0.12
温杜	0.12
塔式	0.12
丹尼尔·普莱维	0.12
贼头贼脑	0.12
山米尔	0.12
吴东秀	0.12
沙船	0.12
平分秋色	0.12
梅格·瑞恩	0.12
李大奎	0.12
艾罗迪·歌	0.12
良驹	0.12
山特洛斯	0.12
利顿斯坦	0.12
掘开	0.12
桑塔	0.12
帕特里克·基登·布拉登	0.12
奥本	0.12
接骨	0.12
嘉丽	0.12
沃伦娜	0.12
王音	0.12
文奉秀	0.12
奋发图强	0.12
多丽斯	0.12
球蛋白	0.12
高瑞	0.12
康维	0.12
就里	0.12
九零八	0.12
闭幕式	0.12
名胜古迹	0.12
米歇根	0.12
总院	0.12
胡图	0.12
代用	0.12
恻	0.12
四级	0.12
李德	0.12
弗朗兹	0.12
校验	0.12
蓝方	0.12
椌	0.12
外乡人	0.12
莫理斯	0.12
无助于	0.12
孔必斗	0.12
雷文	0.12
李嫂	0.12
艾弗雷	0.12
尤宁维尔	0.12
慨	0.12
傻乐	0.12
吴祥弼	0.12
欧麦·奥贝迪	0.12
科奇东	0.12
側	0.12
宫外孕	0.12
锡安城	0.12
扒窃	0.12
哈博	0.12
温格	0.12
沧海桑田	0.12
脆骨	0.12
余音	0.12
萨姆·福斯特	0.12
马掌	0.12
盘腿	0.12
赏月	0.12
爱怜	0.12
盖丘亚	0.12
痛斥	0.12
韩德森	0.12
大礼服	0.12
选派	0.12
兴冲冲	0.12
总汇	0.12
塞克	0.12
节能灯	0.12
蒸馏器	0.12
帕瓦罗蒂	0.12
欧格斯特·唐兹	0.12
选案	0.12
龃龉	0.12
急于求成	0.12
贝瑞森	0.12
汉江	0.12
格顿	0.12
艾维克	0.12
电力局	0.12
甲状腺素	0.12
水工	0.12
插翅难飞	0.12
童趣	0.12
马嵩	0.12
乡绅	0.12
塞吉	0.12
佝偻病	0.12
狎	0.12
收市	0.12
派员	0.12
报案人	0.12
民修	0.12
高论	0.12
纳恩	0.12
饵料	0.12
阿列克托	0.12
奈特利	0.12
都城	0.12
吉尔莫	0.12
选材	0.12
艾什莉	0.12
海警	0.12
爱洛	0.12
第二十九	0.12
塞弗	0.12
洛兰尼	0.12
沙罗	0.12
行家里手	0.12
沁	0.12
莫瑞资	0.12
尿频	0.12
紋	0.12
米维娜	0.12
雷德里	0.12
光面	0.12
玛丽琳雷克斯拉夫	0.12
高质	0.12
克罗利	0.12
奇正	0.12
拉斯维拉	0.12
伍弗·弗莱维尔	0.12
康科德	0.12
蓝迪	0.12
吴顺慧	0.12
鹊桥	0.12
演剧	0.12
国宝级	0.12
维佛	0.12
胶泥	0.12
卡马克斯城	0.12
马表	0.12
克丽丝汀	0.12
阿加莎·克里斯蒂	0.12
里普利	0.12
马西	0.12
赖特曼	0.12
巴布亚新几内亚	0.12
米克哈尔·贝里可夫	0.12
甲组	0.12
老师傅	0.12
主凶	0.12
硝酸银	0.12
斯瓦西里	0.12
亏得	0.12
一蹴而就	0.12
伊格纳	0.12
朱锡泰	0.12
斯奇尼兹	0.12
斯凯莱特	0.12
经济体	0.12
间作	0.12
同窗	0.12
比利·达利	0.12
拓扑	0.12
凤佑	0.12
比利·汉森	0.12
余热	0.12
分类法	0.12
茶店	0.12
托恩	0.12
络绎不绝	0.12
澎	0.12
弗瑞	0.12
髭	0.12
三十五万	0.12
病案	0.12
医学史	0.12
阿本茨	0.12
病榻	0.12
塞缪尔森	0.12
居功	0.12
一墙之隔	0.12
伤愈	0.12
克里斯托夫	0.12
兰多·卡尔瑞辛	0.12
津津有味	0.12
接点	0.12
殊不知	0.12
威斯顿	0.12
频谱	0.12
润泽	0.12
泰铢	0.12
醚	0.12
脑瓜子	0.12
刀光剑影	0.12
米尔奇	0.12
收盘	0.12
主创	0.12
水稻	0.12
贝格霍夫	0.12
矮个儿	0.12
三千五	0.12
克雷福德	0.12
歹人	0.12
涓涓	0.12
总罢工	0.12
临场	0.12
亚硝酸盐	0.12
殒	0.12
富士通	0.12
病况	0.12
卢欣达·哈里斯	0.12
伊森·亨特	0.12
弗朗辛	0.12
电力线	0.12
朴秀东	0.12
甲骨文	0.12
今世	0.12
踌躇不前	0.12
凯萨琳雷利	0.12
加尔斯布林	0.12
病员	0.12
艾维特	0.12
尔后	0.12
蒂尼	0.12
荣辱与共	0.12
胡子男	0.12
整肃	0.12
以此类推	0.12
羽绒被	0.12
欺世盗名	0.12
昴	0.12
都朗哥	0.12
塞窦	0.12
铁掌	0.12
埃德加·韦斯特	0.12
班尼特·马高	0.12
宿愿	0.12
菲尔莫	0.12
水牢	0.12
塞尔萨	0.12
仕女	0.12
急中生智	0.12
古比兹	0.12
水烟	0.12
沙士	0.12
布莱蒂	0.12
杜兰德	0.12
观影	0.12
水灵	0.12
豆制品	0.12
苏芮	0.12
沙律	0.12
牧业	0.12
埃涅阿斯	0.12
恋恋不舍	0.12
层级	0.12
科波菲尔	0.12
法理	0.12
表演队	0.12
和亨利	0.12
策应	0.12
王侯	0.12
香农	0.12
黄金城	0.12
馏	0.12
克拉根摩	0.12
他处	0.12
塞提	0.12
上岁数	0.12
威尔伯特	0.12
字斟句酌	0.12
鹰航	0.12
借火	0.12
彼得卡拉汉	0.12
雷兹	0.12
同形	0.12
何而生	0.12
本·杰瑞	0.12
埃文·帕特森	0.12
收效	0.12
至关紧要	0.12
舍曲林	0.12
麦可·欧戴尔	0.12
桥面	0.12
动人心弦	0.12
背囊	0.12
艾弗尔	0.12
一望无垠	0.12
太阳城	0.12
刚强	0.12
九十八	0.12
脑颅	0.12
偏重	0.12
泾渭分明	0.12
郑哈燮	0.12
芬兰人	0.12
凯丝琳	0.12
太阳宫	0.12
瑞纳德	0.12
今冬	0.12
间或	0.12
区政府	0.12
斯特茜	0.12
汉利	0.12
品学兼优	0.12
安德鲁·布朗	0.12
布里克曼	0.12
达官	0.12
良善	0.12
哈普	0.12
固步自封	0.12
米哈·奥沙利文	0.12
奥斯滕·阿蒂斯	0.12
阿维拉	0.12
白虎帮	0.12
近些年	0.12
偏题	0.12
独立性	0.12
保皇党	0.12
玛克	0.12
皮克特	0.12
范登博什	0.12
安必恩	0.12
西柏林	0.12
蒙特罗	0.12
施克纳	0.12
冯图索尔	0.12
高顿·斯图尔特·诺斯考特	0.12
德鲁·巴里摩尔	0.12
莫妮	0.12
博莱吉特	0.12
忿怒	0.12
雷洛培	0.12
接收站	0.12
新城	0.12
排烟	0.12
韦恩·帕尔默	0.12
拉尔森	0.12
瑞基娜	0.12
狗吃屎	0.12
無	0.12
道不明	0.12
信息量	0.12
阿尔曼	0.12
俯卧	0.12
摊贩	0.12
佩里格林	0.12
龟缩	0.12
赛德邦	0.12
金善浩	0.12
麦克·斯图本	0.12
卢·费雷格诺	0.12
茶盘	0.12
酸疼	0.12
迪莫金	0.12
岩壁	0.12
年金	0.12
家常饭	0.12
个私	0.12
佛尼雅	0.12
胡志明	0.12
不致于	0.12
探雷	0.12
哈科米	0.12
悔过自新	0.12
毗	0.12
马倌	0.12
考布	0.12
樫	0.12
单价	0.12
洒脱	0.12
维克·卡凡纳	0.12
管乐器	0.12
一飞冲天	0.12
斑白	0.12
伍迪·格斯里	0.12
从古至今	0.12
韶华	0.12
欢天喜地	0.12
新增	0.12
艾佛瑞·波顿	0.12
赤膊上阵	0.12
可变	0.12
围脖	0.12
科丽斯	0.12
作造	0.12
锦囊	0.12
斯特兰德	0.12
凯斯勒	0.12
睡帽	0.12
民警	0.12
谢塔	0.12
阿德莉安	0.12
鬆	0.12
巴勒	0.12
独辟蹊径	0.12
鞍子	0.12
年间	0.12
肾囊	0.12
彼特戴顿	0.12
颠沛流离	0.12
相斥	0.12
抹脖子	0.12
自讨没趣	0.12
欧比莱	0.12
潜泳	0.12
豁达	0.12
芬克	0.12
送报	0.12
风火轮	0.12
蓝克	0.12
融汇	0.12
乐格克	0.12
洛宾	0.12
奥劳克	0.12
凝集	0.12
孟加拉湾	0.12
单刀	0.12
本杰明·阿姆斯特朗	0.12
大大方方	0.12
乳白色	0.12
亚布那	0.12
杜博斯	0.12
洋平	0.12
赫伯特·米勒	0.12
老小	0.12
工业界	0.12
金老	0.12
老左	0.12
露西娅·尼萨德	0.12
肯伊·威斯特	0.12
玛孔	0.12
直流电	0.12
三菱	0.12
强尼·马丁	0.12
李继宇	0.12
燈	0.12
西宫	0.12
图派克	0.12
康善敏	0.12
三者	0.12
泰勒·普林斯	0.12
宣传牌	0.12
阿皮拉纳	0.12
阿伊达·麦克罗伊	0.12
人才辈出	0.12
悔棋	0.12
考生	0.12
人丛	0.12
梅尔文·道格拉斯	0.12
伯金斯	0.12
鱼死网破	0.12
巴拉	0.12
故事片	0.12
金敏琼	0.12
纳塔利	0.12
整除	0.12
老办法	0.12
芳龄	0.12
卡洛维	0.12
相商	0.12
根子	0.12
塔罗	0.12
晚起	0.12
錾刀	0.12
几多	0.12
特里克	0.12
窝火	0.12
同路人	0.12
那道光	0.12
萨摩	0.12
法政	0.12
瑞爱费尔德	0.12
克普	0.12
扎克·布朗	0.12
迈克·泰森	0.12
巴普	0.12
阿比戈尔	0.12
菩提树	0.12
克纳·费依	0.12
以不变应万变	0.12
巴望	0.12
治典	0.12
毕斯顿	0.12
巍然	0.12
排字	0.12
罗纳尔	0.12
侧线	0.12
排定	0.12
达林顿	0.12
潜回	0.12
爬格子	0.12
罗城	0.12
蔵	0.12
歌里	0.12
谚	0.12
无烟煤	0.12
埃拉赫	0.12
西湖	0.12
方便之门	0.12
萨满	0.12
泥塘	0.12
规整	0.12
泥塑	0.12
勃勃生机	0.12
潘乔·维亚	0.12
挟	0.12
灯心绒	0.12
泥墙	0.12
炳植	0.12
德梅特里斯	0.12
花腔	0.12
远游	0.12
辉钢	0.12
得意门生	0.12
扫雷	0.12
坑洼	0.12
克雷莫	0.12
爱丽丝·爱敏斯	0.12
超低温	0.12
宫颈癌	0.12
钟斯	0.12
饯行	0.12
扳平	0.12
见天	0.12
利好	0.12
回请	0.12
洗冤	0.12
肖恩·唐纳利	0.12
莫利·玛郝妮	0.12
博纳德·卡	0.12
枯黄	0.12
老狗	0.12
就学	0.12
试行	0.12
编录	0.12
人学	0.12
六点十	0.12
地久天长	0.12
晚风	0.12
胃镜	0.12
橙黄色	0.12
入耳	0.12
推想	0.12
莎莉丝	0.12
海伍德	0.12
利华	0.12
繁体	0.12
相丕	0.12
可可茶	0.12
野良	0.12
新法	0.12
西米	0.12
绚	0.12
查理·卓别林	0.12
银狐	0.12
帕希图	0.12
布郎地	0.12
西罗	0.12
赶场	0.12
伊桑·托马斯	0.12
亚得里亚海	0.12
载荷	0.12
西维	0.12
放电影	0.12
古生物	0.12
丹尼斯·阿姆巴赫	0.12
潘戈	0.12
俄罗斯人	0.12
锦旗	0.12
钟桂	0.12
铜矿	0.12
人化	0.12
苏里策尔	0.12
少部分	0.12
幂	0.12
招降	0.12
安格罗	0.12
防疫	0.12
黄麻	0.12
阿尔伯克	0.12
暗度陈仓	0.12
同谋犯	0.12
吴世恩	0.12
永谷	0.12
紫晶	0.12
豉	0.11
帼	0.11
刎	0.11
惆	0.11
捺	0.11
蒡	0.11
砚	0.11
徕	0.11
佟	0.11
麓	0.11
纣	0.11
肄	0.11
偻	0.11
啻	0.11
埚	0.11
戍	0.11
囵	0.11
鸪	0.11
鹧	0.11
妪	0.11
坩	0.11
伫	0.11
流光溢彩	0.09
黄袍	0.09
钟林光	0.09
吴太植	0.09
奇尼兹	0.09
安纳托利亚	0.09
虎口脱险	0.09
积雨云	0.09
事在人为	0.09
高低杠	0.09
杰克·鲁索	0.09
小爱德华	0.09
布卡武	0.09
一百四十万	0.09
贺兰	0.09
海德兰	0.09
依仗	0.09
亚吉	0.09
杰西·艾伦斯	0.09
上海滩	0.09
威特利	0.09
床头灯	0.09
帕克斯顿	0.09
麦尼肯	0.09
严防	0.09
卢奥	0.09
沙瑞特	0.09
库门	0.09
米切利夫	0.09
空架子	0.09
福记	0.09
猪舍	0.09
纳奈特·汉森	0.09
中草药	0.09
幻灯机	0.09
恩利科	0.09
十一分	0.09
凯茜·乔丹	0.09
胆气	0.09
柠檬糖	0.09
琢	0.09
足金	0.09
海德利	0.09
有用之才	0.09
雷阵雨	0.09
多糖	0.09
空箱	0.09
罗勃逊	0.09
克奇威斯塔	0.09
假公济私	0.09
卡蒂·科贝	0.09
胡尼斯	0.09
沙姆斯	0.09
我先	0.09
葉	0.09
外债	0.09
康雷恩	0.09
塞纳河畔	0.09
多级	0.09
妮基	0.09
多纳	0.09
大公无私	0.09
斯坦利·罗斯	0.09
空灵	0.09
怄气	0.09
减负	0.09
口出狂言	0.09
施密尔	0.09
恭请	0.09
纽斯鲍姆	0.09
斯皮林格	0.09
其意	0.09
身条	0.09
零活	0.09
马提尼克岛	0.09
思春	0.09
哈格瑞芙	0.09
三十七	0.09
英格瑞	0.09
郝丽	0.09
班考斯基	0.09
扈	0.09
猴拳	0.09
够戗	0.09
杜赫提	0.09
安神	0.09
普什	0.09
四十亿	0.09
压价	0.09
好赖	0.09
普京	0.09
十时	0.09
圆桌会议	0.09
校风	0.09
白卷	0.09
根植	0.09
让他	0.09
蜂刺	0.09
天安门	0.09
腰椎间盘	0.09
亚瑟·卡斯特斯	0.09
三十分	0.09
舞蹈病	0.09
施布里茨	0.09
格伦·库科	0.09
马斯河	0.09
五十八	0.09
吉米·卡特	0.09
史蒂佛	0.09
孱	0.09
山姆·维特维奇	0.09
马名	0.09
拖带	0.09
穆萨德	0.09
宗泰	0.09
空港	0.09
养生之道	0.09
尤马	0.09
吉尔·雷纳德	0.09
经济效益	0.09
凯嘉	0.09
空泛	0.09
运动病	0.09
减量	0.09
史蒂威	0.09
油盐酱醋	0.09
卑怯	0.09
阿莫西林	0.09
凶相毕露	0.09
我也	0.09
丽克达	0.09
卢艾力	0.09
痦子	0.09
小雷	0.09
多泽	0.09
赊销	0.09
布尔格	0.09
拉尔夫·科尔曼	0.09
然芹	0.09
吉森	0.09
静冈县	0.09
将门	0.09
味同嚼蜡	0.09
格罗兹尼	0.09
大增	0.09
托尼·斯诺	0.09
拖垮	0.09
索姆	0.09
勇民	0.09
坐骨	0.09
白塔	0.09
民不聊生	0.09
阿努比斯	0.09
苏菲亚·科沃斯基	0.09
大奎	0.09
米汤	0.09
古井	0.09
古今	0.09
校订	0.09
珐琅质	0.09
汤罐	0.09
陆米拉	0.09
黏合剂	0.09
艾迪他	0.09
卡波特	0.09
威尔弗雷德	0.09
书画	0.09
赖利·普尔	0.09
太久	0.09
宾贝克	0.09
库迪	0.09
正西	0.09
多比	0.09
莎妮	0.09
罗杰·沃德尔	0.09
白山	0.09
瘫子	0.09
杰克布朗	0.09
悍匪	0.09
大报	0.09
查琳	0.09
厦门	0.09
供状	0.09
大我	0.09
河智源	0.09
杰夫·萨诺	0.09
渊	0.09
真玺	0.09
重镇	0.09
鲍勃·班布	0.09
赫迈斯	0.09
猛涨	0.09
朱利安·诺伯	0.09
候车室	0.09
冰窟	0.09
狂言	0.09
贺电	0.09
泽安	0.09
大曲	0.09
白松	0.09
瓜迪	0.09
造纸业	0.09
宗宝	0.09
普敦	0.09
孟克滕德	0.09
郝林	0.09
戈佘玛妮	0.09
服帖	0.09
纳斯提亚	0.09
杰克·尼克尔森	0.09
安南	0.09
山姆·哈夫	0.09
真真	0.09
萨瓦拉	0.09
噼噼啪啪	0.09
卡洛琳·爱丽丝	0.09
冰糕	0.09
十佳	0.09
大杉	0.09
毫不客气	0.09
圣龙	0.09
白方	0.09
克莱蒙特	0.09
战列舰	0.09
迪克·佩皮菲	0.09
安其	0.09
优选	0.09
古画	0.09
鲁布托	0.09
显山露水	0.09
绿松石	0.09
鲁福斯	0.09
全淑贤	0.09
婉拒	0.09
好好儿	0.09
留言条	0.09
我市	0.09
尹承官	0.09
白德山	0.09
克劳迪亚	0.09
速度表	0.09
大梁	0.09
大森	0.09
萨瑟兰	0.09
大雪纷飞	0.09
圣克里斯托佛	0.09
凯蒂约翰逊	0.09
漆匠	0.09
普洛	0.09
大漠	0.09
不须	0.09
马卡洛	0.09
棋类	0.09
阿齐巴尔德	0.09
宗克	0.09
大波	0.09
阔步	0.09
姥	0.09
空吸	0.09
拦阻	0.09
埃塞克	0.09
流程图	0.09
大义灭亲	0.09
周波	0.09
丽斯	0.09
漩	0.09
挣断	0.09
石天堂	0.09
纠察队	0.09
进犯	0.09
啥子	0.09
劳伦斯·马多斯	0.09
杰森·泰勒	0.09
七千六百万	0.09
嫩叶	0.09
汤瑞德	0.09
倒算	0.09
亚斯	0.09
鏽	0.09
吊针	0.09
关进	0.09
蝶形	0.09
弗拉格斯塔夫镇	0.09
白热	0.09
潞西	0.09
压痛	0.09
嬗变	0.09
额仑	0.09
布拉得皮特	0.09
冰水	0.09
古根海姆	0.09
古柏	0.09
书市	0.09
真木	0.09
木质部	0.09
格拉汉姆	0.09
扑空	0.09
妮正	0.09
黎华苏	0.09
利普·里德	0.09
埃里克·奥尼尔	0.09
太松	0.09
书号	0.09
四十秒	0.09
兰开斯特	0.09
安人	0.09
防盗器	0.09
葛瑞格	0.09
托斯卡	0.09
老大妈	0.09
重赏	0.09
周章	0.09
芬科斯丁	0.09
李亨哲	0.09
一两千万	0.09
糯	0.09
坦娜·布鲁姆	0.09
细菌战	0.09
康诺特	0.09
米勒斯	0.09
大礼	0.09
贝雷塔	0.09
钎子	0.09
水平面	0.09
游斯基	0.09
凯索	0.09
琳达·皮诺	0.09
诺亚基舟	0.09
耗油量	0.09
克莱德·汤博	0.09
阿尼塔	0.09
克·牛顿	0.09
伊吉斯	0.09
梅丽尔·斯特里普	0.09
克劳迪娅	0.09
弗雷儒	0.09
白米	0.09
莱姆·凯斯	0.09
悲泣	0.09
小词	0.09
风吹雨打	0.09
桑恩·贾米森	0.09
谋财害命	0.09
汤姆·米克斯	0.09
斯皮达菲	0.09
波索	0.09
赖林	0.09
村口	0.09
溃散	0.09
毛坯	0.09
原告席	0.09
哏	0.09
上几百	0.09
沙发椅	0.09
加赛	0.09
鲍勃·泽尔尼克	0.09
封堵	0.09
卡克	0.09
版权法	0.09
故态	0.09
中小学	0.09
哈瓦苏湖	0.09
有机肥料	0.09
困厄	0.09
加试	0.09
时江	0.09
莫卢克	0.09
帽带	0.09
留底	0.09
瞬息	0.09
怦然心动	0.09
五弦琴	0.09
救助金	0.09
诚吾	0.09
肮	0.09
海格曼	0.09
吐丝	0.09
丹尼尔·克莱弗	0.09
罗伊·吉	0.09
吉明	0.09
三六九	0.09
水翼船	0.09
成成千上万	0.09
宾汉姆	0.09
脱俗	0.09
哪里话	0.09
丹玛里诺	0.09
形态学	0.09
马乔里	0.09
雪莱·贝勒	0.09
含羞	0.09
大回转	0.09
狗狗天堂	0.09
罗斯·卡吉尔	0.09
科龙	0.09
知法	0.09
豪恩	0.09
贻贝	0.09
封号	0.09
该党	0.09
布鲁柯斯	0.09
陆分	0.09
孔型	0.09
零零星星	0.09
万宝龙	0.09
赴任	0.09
博科夫	0.09
旧俗	0.09
诊疗所	0.09
阿朴杜	0.09
达拉谟	0.09
与会者	0.09
米那斯提	0.09
旧交	0.09
睚眦必报	0.09
換	0.09
维奥莉特·桑·贾特·沙里夫	0.09
秀燕	0.09
性气	0.09
一年半载	0.09
任君	0.09
连续不断	0.09
发妻	0.09
吉永	0.09
赛门布伦	0.09
点眼药	0.09
解宿	0.09
时政	0.09
稀有元素	0.09
痱子粉	0.09
科娅·麦克赖恩	0.09
教练席	0.09
奥里格米	0.09
赖克斯	0.09
阿卜杜拉	0.09
软件业	0.09
欧比拉夫	0.09
加码	0.09
泰德·洛根	0.09
毛奇	0.09
理发匠	0.09
疥癣	0.09
祸福	0.09
东华	0.09
卡罗尔·隆巴德	0.09
苯基	0.09
贝鲁齐	0.09
内分泌腺	0.09
步履艰难	0.09
卡森·克雷	0.09
上规模	0.09
淡水鱼	0.09
霧	0.09
奥德曼	0.09
佩皮	0.09
竖井	0.09
镇政府	0.09
风雨飘摇	0.09
维蒂	0.09
格雷·威尔	0.09
茶川君	0.09
露酒	0.09
施维迪兹	0.09
阿拉帕霍	0.09
安娜·卡列尼娜	0.09
惊惧	0.09
加马	0.09
惠兰	0.09
旧友	0.09
妮克丝	0.09
蒸气浴	0.09
科考	0.09
洁思米	0.09
乔马	0.09
蛋类	0.09
耳刮子	0.09
和希拉里	0.09
赖纳	0.09
油印	0.09
朝美	0.09
手抄本	0.09
孟萨颂	0.09
安吉拉·阿什福德	0.09
席朗	0.09
西阿林顿	0.09
食杂店	0.09
山姆维斯	0.09
斯博·路易丝	0.09
纪夫	0.09
炕	0.09
十分之	0.09
纪姬	0.09
豪特	0.09
评奖	0.09
罗克·克瑞克	0.09
佩罗	0.09
大处着眼	0.09
斜阳	0.09
玩儿命	0.09
有益于	0.09
杰·托斯特尔	0.09
维诺	0.09
胸像	0.09
温尼伯湖	0.09
艳史	0.09
捡便宜	0.09
中加	0.09
池里	0.09
住院部	0.09
掰腕子	0.09
梅文	0.09
维奥内	0.09
盖史特	0.09
作品展	0.09
中共	0.09
寒心	0.09
珍·汉米顿	0.09
温特	0.09
丹尼·莱特	0.09
螺线管	0.09
焚香	0.09
格朗纳	0.09
春桃	0.09
波峰	0.09
沃里奇	0.09
社会制度	0.09
梅奥	0.09
地梨	0.09
金恩秀	0.09
布尔斯·福曼	0.09
踢打	0.09
天女散花	0.09
角力	0.09
埃丽卡	0.09
独到之处	0.09
大勇	0.09
踩闸	0.09
管理课	0.09
彼斯	0.09
中流	0.09
历年	0.09
蒙多亚	0.09
明苏英	0.09
野鸽	0.09
江承宪	0.09
约翰金瑟拉	0.09
李嘉诚	0.09
卡萨多	0.09
承保	0.09
波塔	0.09
内角	0.09
缸子	0.09
德普	0.09
席子	0.09
阿尼马格斯	0.09
地波	0.09
德曼	0.09
彼拉	0.09
癍	0.09
耳朵眼	0.09
吐温	0.09
蛛蛛	0.09
毕夫添南	0.09
麦克·泰森	0.09
德政	0.09
惊厥	0.09
巴泽德	0.09
德米特里奥斯	0.09
让大卫	0.09
发行部	0.09
油泥	0.09
欧格威	0.09
播音室	0.09
希格尔	0.09
糖精	0.09
乔伊·内勒	0.09
永代	0.09
和庞森比	0.09
意想	0.09
轮带	0.09
春意	0.09
迪斯高	0.09
中松	0.09
蕈	0.09
七万二	0.09
评比	0.09
普里茅斯	0.09
秀泽	0.09
雅斯特	0.09
使女	0.09
酱菜	0.09
橫	0.09
选课	0.09
鳥	0.09
甘苦	0.09
波基	0.09
人声鼎沸	0.09
朱迪·丹奇	0.09
久美子	0.09
野野	0.09
韩武淑	0.09
油枯	0.09
克里夫德·艾尔	0.09
阿尔布卡奇	0.09
佰	0.09
奥特曼	0.09
宫大武	0.09
罗斯琳	0.09
任用	0.09
勃朗特	0.09
讨价	0.09
骤增	0.09
德洙	0.09
奥瑟军	0.09
劳丽施	0.09
屈居	0.09
内莉	0.09
加拉赫	0.09
着笔	0.09
维尔顿	0.09
艾克斯丁	0.09
北回归线	0.09
科迪丽亚	0.09
志工	0.09
蒙塔纳罗	0.09
走兽	0.09
望而却步	0.09
莎拉考夫曼	0.09
阿萨莉娅·伊万诺娃	0.09
启明星	0.09
黛莉西娅·拉弗塞	0.09
测距器	0.09
加利亚诺	0.09
马达康	0.09
波伦格	0.09
格兰汉姆	0.09
韩国城	0.09
倦意	0.09
种鸡	0.09
维克托·布思	0.09
真真假假	0.09
佛雷	0.09
波尔提	0.09
吉普塞	0.09
佩基	0.09
梅拉丝	0.09
历久	0.09
千里之行始于足下	0.09
发愣	0.09
针线包	0.09
奥费丽亚	0.09
鲍勃·麦克唐纳	0.09
拉图扎	0.09
永南	0.09
敷料	0.09
马略	0.09
怀特科	0.09
地线	0.09
罗密洛	0.09
无米之炊	0.09
鹰森	0.09
大姨子	0.09
布林茅尔	0.09
圣安布罗斯	0.09
他杰克	0.09
亨植	0.09
朗姆	0.09
时元	0.09
盖尔·本森	0.09
铮铮	0.09
素雅	0.09
蒙蒙	0.09
坟头	0.09
空心砖	0.09
鬼灵	0.09
金炳斗	0.09
凯旋门	0.09
坟堆	0.09
列维	0.09
麦卡尼	0.09
怒斥	0.09
油矿	0.09
唐·维克特	0.09
刊出	0.09
奈杰儿	0.09
低温学	0.09
起起伏伏的	0.09
拉布雷亚	0.09
帕泰莉	0.09
艾奥娜	0.09
享乐主义	0.09
本杰明·歌	0.09
成百上千万	0.09
甘霖	0.09
吉姆利	0.09
方丈	0.09
艳照	0.09
娇纵	0.09
麦克纳巴	0.09
卡洛斯·雷耶斯	0.09
该项	0.09
干旱期	0.09
用电	0.09
解难	0.09
奥斯亚	0.09
瑶奈	0.09
要端	0.09
百万分之二	0.09
卡罗吉尔	0.09
诚邀	0.09
马克西	0.09
查理·伍德	0.09
回音壁	0.09
圣玛丽斯	0.09
希罗多德	0.09
五光十色	0.09
约翰·乔	0.09
大一统	0.09
略表	0.09
佳津	0.09
特尔福德	0.09
伊薇特	0.09
卸职	0.09
卡姆罗斯	0.09
算子	0.09
六亿	0.09
力保	0.09
慰问金	0.09
约翰·雅各比	0.09
林斯基	0.09
斯伯克	0.09
科力	0.09
事务长	0.09
德吉布瑞尔·西塞	0.09
授受不亲	0.09
贝弗里山	0.09
产区	0.09
射速	0.09
吉布斯	0.09
韩江	0.09
壕	0.09
极化	0.09
谢泼德·布克	0.09
亨尼斯	0.09
股东会	0.09
苯胺	0.09
村镇	0.09
圣莫妮卡	0.09
九千七百万	0.09
邓普	0.09
置业	0.09
米妮	0.09
西格伯恩·阿斯格里斯	0.09
诺思	0.09
旧貌	0.09
亚历桑德罗	0.09
麦特·弗兰海夫	0.09
里恩·麦吉尔	0.09
候机楼	0.09
海明斯	0.09
国难	0.09
鳏	0.09
山富贝比	0.09
栗林中	0.09
郁乐复	0.09
封里	0.09
乱石	0.09
罗斯威尔	0.09
种果	0.09
哈肯贝克	0.09
吸墨纸	0.09
欲哭无泪	0.09
拉特里齐	0.09
草屋	0.09
莫厄尼	0.09
后浪推前浪	0.09
冷山镇	0.09
改改口	0.09
春薇	0.09
露西·韦曼	0.09
德怀恩	0.09
沃西	0.09
自寻短见	0.09
解题	0.09
中耳	0.09
贡人	0.09
笹	0.09
维多	0.09
野狗	0.09
小隆	0.09
闻风而动	0.09
托洛茨基	0.09
村舍	0.09
敷药	0.09
特里劳妮	0.09
车开来	0.09
威查斯托	0.09
卡玛	0.09
晴信	0.09
鬼魔	0.09
莱格拉斯	0.09
油饼	0.09
隐隐约约	0.09
迈科尔	0.09
凯尔弗	0.09
约翰·康斯坦丁	0.09
东德人	0.09
迈克尔·奥唐纳	0.09
酱紫	0.09
撩开	0.09
格雷格·西顿	0.09
运力	0.09
巡诊	0.09
后半夜	0.09
留连	0.09
牛栏	0.09
殷切	0.09
绿林好汉	0.09
优待券	0.09
一失足成千古恨	0.09
桔红色	0.09
科内尔	0.09
卡尔艾亚拉	0.09
奥莉维亚·雷诺克斯	0.09
娜塔利	0.09
体育场馆	0.09
在校生	0.09
升任	0.09
上半时	0.09
奈奥比	0.09
舰只	0.09
玛雅古	0.09
顺口溜	0.09
吉尔本	0.09
野果	0.09
电化学	0.09
罗斯莫	0.09
发辫	0.09
米尔顿·福瑞	0.09
亚力拉夫	0.09
阿泰克	0.09
量力而行	0.09
奇尔顿	0.09
康普兰	0.09
玛丽·安·吉福德	0.09
污染区	0.09
加印	0.09
森川	0.09
吉米·伊甘	0.09
布莱德斯基	0.09
森山	0.09
卡美	0.09
喘喘气	0.09
贻笑大方	0.09
七巧板	0.09
米雪儿	0.09
西摩尔	0.09
加兰	0.09
喲	0.09
新颜	0.09
邊	0.09
要旨	0.09
松井乌冬	0.09
蓓尔	0.09
凄美	0.09
汤姆芬诺	0.09
置备	0.09
塔特尔	0.09
道格拉斯·齐格勒	0.09
斯蒂芬·甘菲尔德	0.09
圣克劳德	0.09
保管室	0.09
克拉克·盖博	0.09
近水楼台	0.09
杜立德	0.09
腕子	0.09
扼腕	0.09
角野	0.09
佳佛	0.09
蟄	0.09
加温	0.09
遮天蔽日	0.09
不可言传	0.09
鲍比·拉索达	0.09
德佛兰克	0.09
顾主	0.09
托宾	0.09
昌喜	0.09
刊载	0.09
帕泰尔	0.09
昌吉	0.09
昌周	0.09
潮涨潮落	0.09
淡水湖	0.09
戴夫·夏佩尔	0.09
埃比尼泽	0.09
盖·诺阿	0.09
大姨	0.09
维玛	0.09
玛理奥	0.09
孵化场	0.09
认账	0.09
科班	0.09
吉萨	0.09
泣不成声	0.09
杜鲁门·卡波特	0.09
艾尔佛	0.09
艾尔伦	0.09
皮尔蒙	0.09
插口	0.09
布里村	0.09
奥贝迪	0.09
史卡德	0.09
百闻不如一见	0.09
欧巴迪亚	0.09
查德·费德海默	0.09
达列斯	0.09
尼加拉瀑布	0.09
佩瑞维瑟尔	0.09
加格	0.09
德斯勒	0.09
赵迪伦	0.09
二十分之一	0.09
力战	0.09
伊格纳西奥	0.09
维维	0.09
德贝郡	0.09
上层建筑	0.09
泰拉·班克斯	0.09
花花绿绿	0.09
迈克尔·摩尔	0.09
卡朋特	0.09
知趣	0.09
瓦利德·阿尔·热扎尼	0.09
左拉·巴德	0.09
巴高索	0.09
安妮斯顿	0.09
公证员	0.09
错案	0.09
待字闺中	0.09
乔木	0.09
康普思	0.09
吃里扒外	0.09
恩格尔哈特	0.09
查帕高	0.09
棚内	0.09
鱼龙混杂	0.09
火凤凰	0.09
布斯巴顿	0.09
用度	0.09
帕姆·安德森	0.09
三百五十万	0.09
三百五十	0.09
埃索斯	0.09
客运站	0.09
气象台	0.09
门警	0.09
罗德斯	0.09
就地取材	0.09
加拉	0.09
聚宝盆	0.09
英雄无用武之地	0.09
威森加摩	0.09
乌克桑娜	0.09
棉裤	0.09
英德斯基	0.09
风韵犹存	0.09
蒙娜丽沙	0.09
埃里克·马修	0.09
梅隆	0.09
金美喜	0.09
顶风	0.09
瞅见	0.09
轻取	0.09
吉达	0.09
方托斯	0.09
康普敦	0.09
迪斯尔	0.09
韩国队	0.09
貓	0.09
西蒙那	0.09
换工	0.09
我部	0.09
维权	0.09
智利人	0.09
布夏瓦尼	0.09
奥诺曼	0.09
吉里	0.09
麦库	0.09
梧	0.09
乔·马龙	0.09
管理学	0.09
多尔坦	0.09
肄业	0.09
威克曼	0.09
甘宝	0.09
凯瑟林	0.09
少年宫	0.09
乔尔·梅尔斯	0.09
丁克斯	0.09
极板	0.09
克莱普尔	0.09
卡兹	0.09
布里特	0.09
鲍伯·萨吉特	0.09
素子	0.09
贫贱	0.09
史基普顿	0.09
苏美尔	0.09
深痕	0.09
脂粉	0.09
雷·波利多	0.09
吉隆	0.09
素姬	0.09
喜福会	0.09
普拉多	0.09
哈文斯	0.09
赛伦斯·杜古	0.09
尼日尔	0.09
独生子女	0.09
炒米	0.09
夫婿	0.09
尼尔逊·曼德拉	0.09
肉包子	0.09
复会	0.09
韩卓	0.09
舒芙蕾	0.09
坎迪哥	0.09
老龄化	0.09
废置	0.09
屈诗	0.09
稀土	0.09
哲纳	0.09
阿尔斯特	0.09
大仲马	0.09
令牌	0.09
佳品	0.09
铸模	0.09
格莱姆·沃特斯	0.09
德克萨思	0.09
马泰尔	0.09
表决权	0.09
卡姆	0.09
降旗	0.09
洼地	0.09
七千万	0.09
弼洞	0.09
契据	0.09
用事	0.09
清扫工	0.09
科林伍德	0.09
韩圭	0.09
他方	0.09
丑态百出	0.09
凯希	0.09
邓南	0.09
彭金	0.09
马尔科姆·腾	0.09
盖丁斯	0.09
叉腰	0.09
绣房	0.09
奥弗拉赫蒂	0.09
溪谷	0.09
石膏像	0.09
穆沙拉夫	0.09
有所为	0.09
佛寺	0.09
格斯·格斯	0.09
内功	0.09
阿维娃·马斯特斯	0.09
动物油	0.09
莱姆丝	0.09
黄色炸药	0.09
镇龙	0.09
张道荣	0.09
大菜	0.09
阿尔贝德	0.09
馐	0.09
科技版	0.09
来瑞	0.09
瓜熟蒂落	0.09
关怀备至	0.09
披散	0.09
莎拉·凯文诺	0.09
广播剧	0.09
祝一天	0.09
将令	0.09
计算尺	0.09
大考	0.09
阿尼赛托	0.09
奈杰尔·宾汉	0.09
粗浅	0.09
纳吉布	0.09
凯莱	0.09
白蜡	0.09
巴顿·杜博伊斯	0.09
古雅	0.09
脚底板	0.09
钢架	0.09
杜威·芬	0.09
塞夫顿	0.09
普洛米修斯	0.09
爱波特	0.09
普蒂	0.09
史皮尔克斯	0.09
白虎	0.09
卡尔斯塔特	0.09
尘寰	0.09
太锡	0.09
贝蒂·瓦伦	0.09
鹅绒	0.09
五亿五千万	0.09
千难万险	0.09
额定	0.09
批示	0.09
汤姆·罗	0.09
安德列斯	0.09
忙不迭	0.09
刘德华	0.09
雷蒙德·爱普生	0.09
辛西亚	0.09
如玉	0.09
莫里·弗里曼	0.09
勒贝尔	0.09
亚那	0.09
八五	0.09
树状	0.09
八仙	0.09
八七	0.09
翟腾	0.09
大课	0.09
斯曼克夫	0.09
减下	0.09
库奇	0.09
伯理森	0.09
卡尔·克里斯德罗	0.09
卡罗特·托普	0.09
维契托	0.09
二审	0.09
妊娠期	0.09
歌·科尔	0.09
大要	0.09
奴性	0.09
哈格斯	0.09
温布利	0.09
广播室	0.09
嘻笑	0.09
鸭绿江	0.09
沃福德	0.09
空洞无物	0.09
安阿伯	0.09
伊士美	0.09
比尔·阿姆斯特朗	0.09
大车	0.09
哈希巴	0.09
粗枝大叶	0.09
大豪	0.09
金尼门	0.09
二心	0.09
软磨	0.09
辛克莱尔	0.09
贤贞	0.09
安格霍恩	0.09
传达室	0.09
圣安德鲁斯	0.09
普里	0.09
亨利·卢斯	0.09
纲要	0.09
大远	0.09
软木	0.09
乔达诺	0.09
瓦科特	0.09
独轮车	0.09
克莉珍	0.09
尘俗	0.09
消耗品	0.09
发祥地	0.09
扎扎实实	0.09
荠菜	0.09
大邱	0.09
哈默斯	0.09
小博	0.09
但汤米	0.09
无价宝	0.09
发令员	0.09
格尔尼卡	0.09
婚纱照	0.09
小刘	0.09
贪杯	0.09
让贤	0.09
大模大样	0.09
安瓦尔·艾尔	0.09
查考	0.09
普镇	0.09
不意	0.09
斯蒂芬·斯皮尔伯格	0.09
科斯塔斯	0.09
圣河	0.09
洛斯艾利斯	0.09
福子	0.09
玛莎·斯诺	0.09
古蒂	0.09
匮	0.09
绛	0.09
埃尔克	0.09
大江南北	0.09
哈姆利	0.09
洛威尔	0.09
花果山	0.09
达拉格里巴蒂安	0.09
孤高	0.09
德莱弗斯	0.09
一马平川	0.09
蒙特利尔市	0.09
楠山	0.09
房室	0.09
特蕾西·特布莱德	0.09
简·布莱顿	0.09
卡尔·马克思	0.09
寡廉鲜耻	0.09
梅丽莎·麦卡尼	0.09
普拉特罗	0.09
斯塔夫罗斯	0.09
白饭	0.09
古装	0.09
穆莱特	0.09
小富	0.09
小宽	0.09
金丝燕	0.09
祖上	0.09
欧雷阿比	0.09
肯里克	0.09
马哈里克	0.09
布多克	0.09
帕梅罗	0.09
坳	0.09
查血	0.09
补足	0.09
大明	0.09
钢缆	0.09
瑰	0.09
丽滋	0.09
和尼克	0.09
联欢	0.09
摩尔达维亚	0.09
大费	0.09
针头线脑	0.09
凝血酶	0.09
安妮·威尔士	0.09
曾经沧海	0.09
大鼓	0.09
布莱兹伯格	0.09
太贵	0.09
曼·梅尔维尔	0.09
凯文·布雷克	0.09
对攻	0.09
博多	0.09
大卫·帕默尔	0.09
以军	0.09
博览群书	0.09
太迟	0.09
联检	0.09
白凤豆	0.09
償	0.09
克乐怡	0.09
查访	0.09
重听	0.09
喹	0.09
里米特	0.09
巴蒂耐	0.09
配用	0.09
珂罗版	0.09
威尔逊·迪	0.09
亿分之亿	0.09
自我批评	0.09
气鼓鼓	0.09
新生事物	0.09
克劳克斯	0.09
维埃克斯	0.09
截面	0.09
朴光昊	0.09
埃尔斯	0.09
诺克奈	0.09
亨利·普莱维	0.09
软和	0.09
瞧得起	0.09
罗斯·梅尔	0.09
加塞儿	0.09
灌制	0.09
圣婴	0.09
保驾	0.09
情由	0.09
贾克·哈门德	0.09
附着物	0.09
华里	0.09
婀娜	0.09
鲍伯盖洛德	0.09
乌戈尔	0.09
嫌恶	0.09
零落	0.09
水平仪	0.09
交易量	0.09
特里斯顿·索朗	0.09
丽水	0.09
剃度	0.09
可心	0.09
百尺竿头	0.09
小杜	0.09
阿勒克斯	0.09
玻璃罩	0.09
袖标	0.09
弗朗西斯·莱	0.09
来华	0.09
杰克·纳皮尔	0.09
调节阀	0.09
重印	0.09
麦尔凯	0.09
门诊所	0.09
杰夫·麦高	0.09
艾尔阿托	0.09
国家机关	0.09
卓舍斯	0.09
对号	0.09
滋补品	0.09
凋落	0.09
汤小宝	0.09
卡斯特里	0.09
迸裂	0.09
朴春贺	0.09
欧亚大	0.09
集镇	0.09
福村	0.09
鋒	0.09
含笑九泉	0.09
对内	0.09
麦克·加百利·科利尔	0.09
葛善礼	0.09
縣	0.09
普曼	0.09
阿思伯格	0.09
保育员	0.09
肝肠寸断	0.09
切普·桑德斯	0.09
特德·刘易斯	0.09
娱乐城	0.09
交易额	0.09
楠树	0.09
蛲虫	0.09
房管员	0.09
夏格玛	0.09
送话器	0.09
权位	0.09
郑尹洙	0.09
打砸抢	0.09
压力感	0.09
斯戴尔斯	0.09
辛克豪斯	0.09
敏睿	0.09
死结	0.09
拂面	0.09
艾迪·墨菲	0.09
阳气	0.09
囊中物	0.09
枪杆	0.09
尤巴	0.09
死缓	0.09
宜山	0.09
艾伦尼	0.09
穷国	0.09
罗东勋	0.09
尤蒂卡	0.09
配搭	0.09
燃料油	0.09
雷厉风行	0.09
登记册	0.09
泽基	0.09
梅花鹿	0.09
曼涂士	0.09
销货	0.09
国势	0.09
斯狄文森	0.09
哈桑纳哥	0.09
克赖斯特彻奇	0.09
稳步前进	0.09
蒙塔古	0.09
砲	0.09
阿吉玛	0.09
奥兹兰斯凯	0.09
二十四万	0.09
粗线条	0.09
招贤纳士	0.09
伯洛克	0.09
亨利·汉森	0.09
马克·豪斯	0.09
淡酒	0.09
编纂	0.09
夏安	0.09
服软	0.09
约翰·塞巴斯蒂安·巴赫	0.09
科斯塔干	0.09
追悔	0.09
蝶骨	0.09
约翰尼·卡尔森	0.09
崔旭	0.09
统计表	0.09
史奴比	0.09
丧尽天良	0.09
徒劳无益	0.09
娜迪娅	0.09
科尔·勃兰特	0.09
职称	0.09
文子姐	0.09
恭祝	0.09
坐禅	0.09
二档	0.09
约翰米尔顿	0.09
横行无忌	0.09
博纳	0.09
第一百万	0.09
科普兰	0.09
奥萨马	0.09
气窗	0.09
问卷调查	0.09
身量	0.09
安迪巴克	0.09
皮埃尔·杜莱恩	0.09
丹泽尔·华盛顿	0.09
踏遍	0.09
哈利罗特	0.09
罗纳德·笛福	0.09
消费品	0.09
朗费罗	0.09
查号台	0.09
忠义	0.09
克莱尔·班尼	0.09
透亮	0.09
格雷希拉	0.09
一年年	0.09
伞菌	0.09
哈格勒	0.09
婚龄	0.09
编目	0.09
克洛克	0.09
金士郡	0.09
姣好	0.09
慷慨陈词	0.09
洪武	0.09
赛诺弗莱克斯	0.09
蠹	0.09
书院	0.09
萨利·延森	0.09
埃尔卡米诺	0.09
瑞得莱	0.09
債	0.09
欢歌	0.09
老伯伯	0.09
阴险毒辣	0.09
罗伯特·福斯特	0.09
水生物	0.09
儿童文学	0.09
芮凯儿	0.09
打坐	0.09
阿斯提诺	0.09
窜逃	0.09
领导班子	0.09
海选真	0.09
师爷	0.09
喷灌	0.09
戴碧	0.09
猝不及防	0.09
考文斯	0.09
哈比亚利马	0.09
五千五百	0.09
欧亚	0.09
海力欧斯	0.09
录相机	0.09
维克托·帕蒂亚	0.09
要不了	0.09
艾布拉姆斯	0.09
车尚银	0.09
昊勇	0.09
汤尼泰	0.09
苏法兰	0.09
主人翁	0.09
急行军	0.09
密约	0.09
赋有	0.09
帕尔塞基安	0.09
凡尼亚	0.09
劳格	0.09
自然数	0.09
踌躇满志	0.09
巴拉巴	0.09
菲利普·艾伦	0.09
约翰逊湖	0.09
山德拉	0.09
纠错	0.09
小比利	0.09
劳模	0.09
泰伯格	0.09
双氧水	0.09
止血棉	0.09
龙人	0.09
里维	0.09
牛市	0.09
山楂	0.09
星图	0.09
马赫穆德·哈姆沙里	0.09
瑞兹考夫	0.09
大势已去	0.09
小器	0.09
专用道	0.09
杨拉克	0.09
茱萸	0.09
威廉·班迪	0.09
广而告之	0.09
喷管	0.09
塔莎·哈里斯	0.09
逼上梁山	0.09
我连	0.09
幼体	0.09
达姆施塔特	0.09
常备军	0.09
椰蓉	0.09
艾德·莫尼克斯	0.09
鈔	0.09
鱼虫	0.09
杰基·迪诺西奥	0.09
比利福克斯	0.09
飞禽	0.09
环氧树脂	0.09
自然法	0.09
唐·沃勒	0.09
曲曲	0.09
街景	0.09
大特写	0.09
雅丽雅丽	0.09
骥	0.09
八两	0.09
盗走	0.09
麻鲁	0.09
蜂蜡	0.09
曼蒂毕	0.09
康乐	0.09
圣迈克尔	0.09
巴洛米诺	0.09
座上宾	0.09
清心寡欲	0.09
虚掩	0.09
椰肉	0.09
风烛残年	0.09
米尔萨普	0.09
代理行	0.09
床榻	0.09
瑞普拉	0.09
重氢	0.09
何泽尔	0.09
仙娜	0.09
基可斯	0.09
绣花针	0.09
克伦·史密斯	0.09
摆阔	0.09
安德利亚	0.09
组分	0.09
只说不做	0.09
御旗	0.09
珍妮佛·多德	0.09
戴格	0.09
贺维托	0.09
云奇	0.09
鸟类学	0.09
迪卡	0.09
雄姿	0.09
不胜枚举	0.09
阿格罗蓬蒂诺	0.09
塔列顿	0.09
一串串	0.09
碧海	0.09
牵牛	0.09
法可杜德	0.09
广发	0.09
绣花鞋	0.09
混血种	0.09
纳布勒斯	0.09
五六百	0.09
阴湿	0.09
广博	0.09
昭薰	0.09
中后期	0.09
厄尔巴岛	0.09
里手	0.09
委内瑞拉人	0.09
孤军	0.09
水电局	0.09
康哥	0.09
值得一提的是	0.09
帕莉丝	0.09
拍合	0.09
桃核	0.09
赛密克斯	0.09
欧姆	0.09
和米歇尔	0.09
现代派	0.09
克利斯	0.09
果农	0.09
易卜拉欣米	0.09
黛拉·比伊	0.09
尹小珠	0.09
生物系	0.09
果儿	0.09
郑秀熙	0.09
乔吉安	0.09
鲍勃·西格	0.09
八九年	0.09
保罗·萨米托	0.09
牛角尖	0.09
查理·巴克特	0.09
伯格道夫	0.09
回帖	0.09
一千七百万	0.09
康奈	0.09
迦南	0.09
私房话	0.09
特瑞沙·麦克	0.09
水涨船高	0.09
金凯利	0.09
泽克	0.09
安永知	0.09
畚箕	0.09
六七千	0.09
父权	0.09
龙尾	0.09
八九十	0.09
招蜂引蝶	0.09
赛多斯	0.09
雄健	0.09
玛德莲	0.09
画集	0.09
美纪纪	0.09
多米尼克·马泰尔	0.09
核桃仁	0.09
卡西亚	0.09
康定	0.09
安达卢西亚	0.09
专营店	0.09
劳燕	0.09
马穆鲁克	0.09
卡伦堡	0.09
阿尔伯特·赫斯	0.09
丹·瓦赛尔	0.09
小伊迪	0.09
梅兹格	0.09
打前站	0.09
心包炎	0.09
马拉斯	0.09
浓浓	0.09
撺掇	0.09
姑息养奸	0.09
杰麦因	0.09
转发器	0.09
本·科努比	0.09
宮	0.09
脚爪	0.09
汉河	0.09
高压线	0.09
德夫托	0.09
朗皮特	0.09
尹苏	0.09
打眼	0.09
主人家	0.09
多瑞斯	0.09
迈克尔·拉森	0.09
海平线	0.09
文·哈林	0.09
奥古斯塔斯	0.09
短音	0.09
主考官	0.09
丁冬	0.09
抵押物	0.09
艾迪·罗伦佐	0.09
适龄	0.09
雅各布·罗斯勒	0.09
歌莉亚	0.09
讲坛	0.09
淫威	0.09
急救站	0.09
欢笑声	0.09
达格玛	0.09
宝利	0.09
金英秀	0.09
莫马尔·哈比布	0.09
迪吉里杜	0.09
欧森	0.09
拯	0.09
软泥	0.09
阿尔伯特·鲍曼	0.09
伞状	0.09
布拉夫	0.09
努阿拉	0.09
一吻定	0.09
名曰	0.09
安身立命	0.09
霍伊	0.09
米纳娃	0.09
塑料纸	0.09
叨念	0.09
节余	0.09
艾森	0.09
哗啦哗啦	0.09
约翰·格雷厄姆	0.09
西奥多·邦奇	0.09
塞唐	0.09
弗洛里斯	0.09
陈宁路	0.09
马失前蹄	0.09
赘言	0.09
艾米·哈德伍德	0.09
高德龙	0.09
雄才	0.09
間	0.09
一试身手	0.09
龙潭	0.09
叫苦	0.09
林西	0.09
斯捷潘	0.09
福克纳	0.09
厄赫鲁	0.09
科尔哈格	0.09
转道	0.09
巴尔博亚	0.09
戴劳	0.09
求职者	0.09
维奥拉·菲尔德	0.09
蹙	0.09
罗兰特·塔	0.09
齐藤	0.09
那真	0.09
许配	0.09
日落而息	0.09
叨唠	0.09
图片展	0.09
文森特·卡什	0.09
金沙萨	0.09
爱米莉	0.09
卡罗莱	0.09
格凯尔	0.09
拖网	0.09
赘述	0.09
艾米莉·杰克逊	0.09
纳撒尼	0.09
壮美	0.09
白铁皮	0.09
狨	0.09
阴功	0.09
山体	0.09
红头文件	0.09
帕特·莱利	0.09
股利	0.09
语意	0.09
十八分	0.09
诟病	0.09
深谋远虑	0.09
史密斯·杰罗德	0.09
信用社	0.09
冲剂	0.09
凯拉·奈特利	0.09
仔鸡	0.09
诺伊斯	0.09
节子	0.09
拉皮汉纳	0.09
杂草丛生	0.09
电门	0.09
水电站	0.09
爱尔德伯瑞	0.09
跟读	0.09
钓鱼台	0.09
有增无减	0.09
挨个儿	0.09
克里门提娜	0.09
戈维亚	0.09
施瓦布	0.09
莫莫奈	0.09
达西乌	0.09
哈莉贝瑞	0.09
卢菲	0.09
图西	0.09
转赠	0.09
圣·安妮	0.09
卖价	0.09
弗雷尔	0.09
拉蒙纳	0.09
输电	0.09
贝杰根	0.09
戴仕	0.09
弗拉基米尔·霍洛维茨	0.09
符号学	0.09
海选之	0.09
机械手	0.09
欧琴	0.09
吕宋岛	0.09
霍利	0.09
莱昂那德	0.09
戴维·韦伯	0.09
亚拉姆	0.09
罗伯特·弗格斯	0.09
德卜利斯	0.09
组稿	0.09
半壁江山	0.09
仙灵	0.09
情丝	0.09
一步到位	0.09
金英来	0.09
四十二万	0.09
驾车者	0.09
豆科	0.09
鬼画符	0.09
柯纳里斯	0.09
水野晴	0.09
艾克·爱泼斯坦	0.09
高昌洙	0.09
语用	0.09
米妮娅·魏特琳	0.09
尔虞我诈	0.09
保拉·狄克逊	0.09
瑰丽	0.09
惯量	0.09
山峡	0.09
约翰·布朗纳	0.09
王丽莎	0.09
艾洛	0.09
赫奇帕奇	0.09
克莱斯恩琪	0.09
布拉德福德	0.09
里亚塔	0.09
布鲁斯·卡特	0.09
番号	0.09
扎耶克	0.09
符文	0.09
错误码	0.09
髌骨	0.09
杰克都	0.09
看不上眼	0.09
斯基皮	0.09
布兰德瓦丁	0.09
李美燕	0.09
捐税	0.09
循循善诱	0.09
皮埃尔·玛丽	0.09
游泳赛	0.09
红河谷	0.09
殇	0.09
穆阳	0.09
十四五	0.09
米瑞	0.09
阿达乔	0.09
奥莉芙·史奴克	0.09
水蒸汽	0.09
先礼后兵	0.09
哥迪	0.09
分属	0.09
手戳	0.09
汤姆·皮特森	0.09
比利柯尔	0.09
衩	0.09
官非	0.09
拉巴拉	0.09
邦勒	0.09
达恩	0.09
毕时特	0.09
胡椒面	0.09
翁迪特尼	0.09
藁	0.09
服务社	0.09
沙克尔	0.09
弗雷姆	0.09
麦圣泰	0.09
定钱	0.09
白权	0.09
砧骨	0.09
乔治·哈里森	0.09
十六七	0.09
海特瑞斯	0.09
涡轮机	0.09
光量子	0.09
质检	0.09
晶莹剔透	0.09
阿帕鲁萨	0.09
达斯蒂	0.09
孟克	0.09
心源	0.09
音区	0.09
美尔考姆	0.09
此役	0.09
带头人	0.09
合口味	0.09
抢枪	0.09
俺家	0.09
翻身仗	0.09
汝迪	0.09
梅卡拉	0.09
宝丽来	0.09
包车	0.09
马绍尔	0.09
怀柔	0.09
心潮	0.09
蒙娜莉萨	0.09
伊底	0.09
母系	0.09
青田	0.09
注册名	0.09
恩洙	0.09
舒斯特	0.09
啨	0.09
布沙塔	0.09
孟廉	0.09
变电站	0.09
两点	0.09
本·马高	0.09
巴拉德	0.09
落户	0.09
爱德华·威尔逊	0.09
正切	0.09
古方	0.09
乒乓球拍	0.09
凹坑	0.09
此剧	0.09
迈达斯	0.09
卡迈勒·纳塞尔	0.09
结集	0.09
穿小鞋	0.09
分号	0.09
镗	0.09
索非亚	0.09
伊恩·布瑞克	0.09
裙带	0.09
卡比多	0.09
那学来	0.09
帕里斯·希尔顿	0.09
史其普顿	0.09
范吉尔	0.09
凡·容克	0.09
落枕	0.09
精雕细琢	0.09
一万七千	0.09
米佩尔	0.09
白亚纪	0.09
譽	0.09
看得起	0.09
卡福克斯	0.09
达特	0.09
心窝	0.09
高朋满座	0.09
塔比瑟	0.09
新生力量	0.09
黑帆	0.09
莎兹	0.09
安德列·马瑞克	0.09
伊塞亚	0.09
戈塔·罗斯	0.09
顾虑重重	0.09
绿水	0.09
糟心	0.09
罗克珊娜	0.09
凯瑟琳·莫兰	0.09
葛瑞斯	0.09
正负	0.09
冠军级	0.09
阿达尔	0.09
易燃物品	0.09
伊丽沙	0.09
给付	0.09
杜莎	0.09
数点	0.09
索洛姆	0.09
蒙迪戈	0.09
马托波	0.09
籌	0.09
青梅	0.09
格丽塔·沙尔克	0.09
伊芙琳·赖特	0.09
义女	0.09
衣扣	0.09
兆元	0.09
威仪	0.09
伊夫马萨德	0.09
纪念奖	0.09
最高院	0.09
吉塔拉马	0.09
范尼尔	0.09
评头品足	0.09
弛	0.09
西林区	0.09
两百五十	0.09
稍为	0.09
挽歌	0.09
抖落	0.09
说书	0.09
光谱分析	0.09
诺曼·洛克威尔	0.09
贮备	0.09
洛克堡	0.09
国文	0.09
创痕	0.09
毒化	0.09
奥拜恩	0.09
紅	0.09
平平静静	0.09
黑地	0.09
冈野	0.09
哥雅	0.09
柯斯蒂	0.09
生拉硬拽	0.09
米基·洛克	0.09
曼兹	0.09
达列斯·塞尔	0.09
赖福杰	0.09
第二十八	0.09
萨卢基	0.09
地老天荒	0.09
奉必	0.09
克里斯·莱利	0.09
康拉克	0.09
揣度	0.09
塞斯特斯	0.09
布拉德彼特	0.09
争名夺利	0.09
克逊	0.09
绿意	0.09
愕	0.09
核燃料	0.09
金金	0.09
卡斯帝	0.09
官话	0.09
手纹	0.09
尼法斯	0.09
劳动改造	0.09
塔图依	0.09
阿克巴	0.09
比尔克	0.09
断面	0.09
艾斯特邦	0.09
白炽灯	0.09
打靶场	0.09
印花税	0.09
宽街	0.09
友邻	0.09
哀泣	0.09
三百两	0.09
荷花	0.09
山姆·库克	0.09
多纳格	0.09
跑前跑后	0.09
城吾	0.09
麻酱	0.09
若热·索图斯	0.09
锋刃	0.09
感召力	0.09
刚愎自用	0.09
字画	0.09
洪灾	0.09
艾比嘉尔	0.09
申张正义	0.09
简朱诺	0.09
贺伯山莫斯	0.09
城北	0.09
加拉帕戈斯群岛	0.09
福特伦维纳	0.09
净收入	0.09
蝗灾	0.09
洋琴	0.09
慘	0.09
雷切尔·威奇伯恩	0.09
怠工	0.09
惊天地	0.09
黑洞洞	0.09
工资表	0.09
维吉尼亚·法隆	0.09
伍尔沃斯	0.09
旗开得胜	0.09
维斯克	0.09
杓	0.09
自谦	0.09
耿东	0.09
优惠待遇	0.09
阿什拉姆	0.09
败走麦城	0.09
音素	0.09
外族	0.09
斯科特斯德	0.09
杰克·麦卡利斯特	0.09
妙方	0.09
白令海	0.09
葛瑞德	0.09
惠斯勒	0.09
雕版	0.09
寒南	0.09
艾伦西格	0.09
面面相觑	0.09
不约而同	0.09
信贷员	0.09
守势	0.09
影碟机	0.09
一万六	0.09
非行	0.09
过眼烟云	0.09
玛丽亚凯莉	0.09
上下级	0.09
斯特拉特福德	0.09
爱默尔	0.09
黑枣	0.09
习题	0.09
寒光	0.09
伊索	0.09
肠穿孔	0.09
深明大义	0.09
尼法内	0.09
瑟恩·提贝	0.09
来势	0.09
吉文·泰勒	0.09
雨蛙	0.09
伊兹密尔	0.09
奢靡	0.09
巴纳姆	0.09
高压锅	0.09
拉普拉塔	0.09
分电器	0.09
古黛尔	0.09
克里特岛	0.09
无党派人士	0.09
朴大谷	0.09
藏污纳垢	0.09
钱伯斯	0.09
短粗	0.09
荒山	0.09
哈里·史蒂文森	0.09
笑呵呵	0.09
十六日	0.09
宋甲东	0.09
布莱内德	0.09
法布丽	0.09
守城	0.09
比尔·敦巴尔	0.09
舅母	0.09
难兄难弟	0.09
售票点	0.09
一柄剑	0.09
拉洛克堡	0.09
麦尔	0.09
友舰	0.09
火地岛	0.09
罗伯特·唐尼	0.09
恍如	0.09
曼粉	0.09
论资排辈	0.09
来复线	0.09
调停人	0.09
遐	0.09
控制论	0.09
生世世	0.09
布隆伯格	0.09
赵光基	0.09
黑红	0.09
十六秒	0.09
斗室	0.09
对话框	0.09
鳴	0.09
拉德罗	0.09
辨析	0.09
你争我夺	0.09
瓦尔哈拉	0.09
右锋	0.09
杨树	0.09
左邻右舍	0.09
戴尔阿	0.09
内森·祖克	0.09
汉莫德	0.09
短枪	0.09
圣光	0.09
分母	0.09
孵卵	0.09
动火	0.09
步履维艰	0.09
坐椅	0.09
走弯路	0.09
一万三	0.09
卢·兰德斯	0.09
桑克森	0.09
卢休斯	0.09
义勇军	0.09
樊篱	0.09
爱莉斯	0.09
玛丽·塔尔波特	0.09
莎琳	0.09
二十九日	0.09
含糊其词	0.09
伊莱克	0.09
名诗	0.09
囟	0.09
稗	0.09
时习之	0.09
葛瑞丝	0.09
黑田	0.09
分枝	0.09
卡尔加里	0.09
苦思	0.09
城乡	0.09
仿皮	0.09
精明能干	0.09
磨刀霍霍	0.09
心儿	0.09
崔石浩	0.09
长毛绒	0.09
伊波	0.09
鮫	0.09
米价	0.09
朴万锡	0.09
圣雷默	0.09
阿斯塔纳	0.09
乒乓球台	0.09
艾迪·曼尼克斯	0.09
古得纳耶夫	0.09
郴州	0.09
波艳	0.09
阿达玛	0.09
常情	0.09
普雷特	0.09
黑炭	0.09
创出	0.09
篱栅	0.09
格罗博斯基	0.09
教唆犯	0.09
勒·阿伯林	0.09
恩客	0.09
盖塔诺	0.09
布告牌	0.09
草书	0.09
影展	0.09
布维尔	0.09
布克曼	0.09
通性	0.09
司马	0.09
凭单	0.09
克丁	0.09
上首	0.09
联系点	0.09
退堂	0.09
连绵不断	0.09
斯劳恩	0.09
囤积居奇	0.09
正弦	0.09
五分之四	0.09
伯特·布莱切特	0.09
各级	0.09
哭穷	0.09
莎隆	0.09
哈洛·欧克斯理	0.09
拉奎莎	0.09
清洁费	0.09
塔普柏	0.09
穆吉	0.09
鲍比·詹姆斯	0.09
七时	0.09
厄尔·惠勒	0.09
二十五分	0.09
汤姆·卡特勒	0.09
右旋	0.09
让西蒙	0.09
杜罗	0.09
书背	0.09
解嘲	0.09
全勤	0.09
阿尔伯特·范登博什	0.09
饮食业	0.09
超导体	0.09
老年性	0.09
空格键	0.09
浓缩铀	0.09
布利克斯	0.09
汝仁	0.09
南回归线	0.09
思辨	0.09
信史	0.09
莱姆斯	0.09
匙子	0.09
断点	0.09
狄格州	0.09
器件	0.09
李振泰	0.09
小弗兰克	0.09
夏安河	0.09
拉福林	0.09
克里斯·德佛兰克	0.09
议政	0.09
苦酒	0.09
奥菲利娅	0.09
中间派	0.09
分院	0.09
费利西亚	0.09
达基斯	0.09
义士	0.09
动迁	0.09
队旗	0.09
戈达尔	0.09
艾德·高尔门	0.09
詹凯琳	0.09
信忠	0.09
雪暴	0.09
狡滑	0.09
福格斯·佛斯	0.09
杜川	0.09
解放区	0.09
凯文·培根	0.09
撑门面	0.09
摩尔曼斯克	0.09
雪柜	0.09
迪米特	0.09
萨姆林	0.09
拍手叫好	0.09
艾斯·派克	0.09
敬奉	0.09
描述性	0.09
罗杰·摩尔	0.09
车斗	0.09
全德桓	0.09
凯瑟琳·琼斯	0.09
畅行无阻	0.09
罗杰里欧	0.09
正厅	0.09
哈特弗德	0.09
约翰·奥德曼	0.09
罗新斯	0.09
懊	0.09
壤	0.09
艾尔西塔	0.09
打印纸	0.09
黑莉	0.09
鲍斯	0.09
鲍文	0.09
碳酸钠	0.09
吴原	0.09
老年病	0.09
爱德华多	0.09
索格地	0.09
黑鱼	0.09
斯彼德	0.09
杰西·维罗	0.09
马普尔	0.09
煤气罐	0.09
拙作	0.09
普里泽	0.09
毒魔	0.09
赫敏格兰杰	0.09
沙鲁丁	0.09
牛脾气	0.09
严办	0.09
萨帕塔	0.09
葛罗瑞亚	0.09
放权	0.09
小沃	0.09
优惠卡	0.09
有声有色	0.09
玛如拉	0.09
科尼利厄斯·罗宾逊	0.09
布鲁登	0.09
波尼亚	0.09
朵丽斯·罗伯森	0.09
消闲	0.09
金宰	0.09
贾斯佩	0.09
穿孔机	0.09
生力军	0.09
安东尼·安洛斯	0.09
幽幽	0.09
理查德·里德	0.09
分词	0.09
友机	0.09
阿达马	0.09
珍妮弗·布鲁姆	0.09
邦尔	0.09
混居	0.09
修介	0.09
迈卡维蒂	0.09
巴伯萨	0.09
卡米拉·洛佩兹	0.09
查尔斯·伊斯特曼	0.09
幼儿教育	0.09
幽居	0.09
康妮·坦波斯	0.09
结伙	0.09
巴德洛夫斯基	0.09
金坚	0.09
奥格都·杰哈德	0.09
金嘎	0.09
短评	0.09
家徒四壁	0.09
交流电	0.09
莱温斯基	0.09
杰克·康拉德	0.09
布露	0.09
诓骗	0.09
信佛	0.09
孖	0.09
玛尔库斯·阿格里帕	0.09
有条有理	0.09
奉顺	0.09
映入	0.09
处理场	0.09
豪气	0.09
鲁日兹	0.09
金博	0.09
孟诺	0.09
克力	0.09
金古	0.09
伍德本	0.09
科提斯	0.09
梅博·史密斯	0.09
掉换	0.09
尼尔斯	0.09
克博	0.09
焦灼	0.09
爱笛	0.09
贵报	0.09
戴普希	0.09
一千五百零七	0.09
金元	0.09
塔柯尼	0.09
鲍比·杰伊	0.09
杨苏	0.09
放款	0.09
煤气炉	0.09
习气	0.09
维拉克	0.09
郵	0.09
弄潮儿	0.09
年终奖	0.09
狮子头	0.09
金像	0.09
弥尔顿	0.09
遗属	0.09
达莉	0.09
艾维丝	0.09
罗伯特·斯蒂文森	0.09
三连胜	0.09
摹本	0.09
乔罗之子	0.09
友友	0.09
弹簧床	0.09
城际	0.09
液压机	0.09
贵庚	0.09
电子琴	0.09
名分	0.09
四声	0.09
朗·古迪	0.09
探索性	0.09
心诚	0.09
贵子	0.09
莎曼莎·温特	0.09
马鲛鱼	0.09
维拉·莉芙金	0.09
圣嘉勒	0.09
六十八	0.09
布鲁克曼	0.09
历久弥新	0.09
金夏沙	0.09
墩子	0.09
研究班	0.09
李英熙	0.09
和迈克	0.09
姘妇	0.09
克格	0.09
心身	0.09
成年累月	0.09
奔命	0.09
宽体	0.09
各奔前程	0.09
心惊胆颤	0.09
名品	0.09
塞拉维奇	0.09
舞剧团	0.09
电子版	0.09
天网恢恢	0.09
不绝于耳	0.09
尧	0.09
韭菜	0.09
雉鸡	0.09
草食	0.09
名宇	0.09
朵夫	0.09
克利亚	0.09
圣·安东尼奥	0.09
衣阿华州	0.09
恩贞	0.09
炼丹	0.09
炼乳	0.09
艾文·科迪斯	0.09
酥麻	0.09
兰姆	0.09
伊莱亚·穆罕默	0.09
组织学	0.09
医务所	0.09
心花	0.09
德卡博	0.09
成册	0.09
巷道	0.09
达观	0.09
手记	0.09
康恩	0.09
李贤宇	0.09
闵容培	0.09
幽怨	0.09
金娜英	0.09
博登	0.09
隐睾症	0.09
赞叹不已	0.09
首场	0.09
纳西奥	0.09
怀尔得·史达林斯	0.09
卡宁斯	0.09
丘奇	0.09
裕树	0.09
尼克尔松	0.09
鹈	0.09
乱弹琴	0.09
德米尔吉	0.09
沃特·科瓦克斯	0.09
崔敏卿	0.09
呆笨	0.09
住宅楼	0.09
麦芒	0.09
隔离舱	0.09
犯得着	0.09
勒纳特	0.09
纯利润	0.09
荷丽	0.09
两袖清风	0.09
尚宇会	0.09
摆样子	0.09
韩相俊	0.09
彩画	0.09
炸糕	0.09
巴特·波洛克	0.09
右倾	0.09
英雄好汉	0.09
风云变幻	0.09
原生质	0.09
马钱子	0.09
银杏树	0.09
草芥	0.09
电子枪	0.09
檐	0.09
民族舞	0.09
幽禁	0.09
伊卡布克莱恩	0.09
包管	0.09
金勇	0.09
二十五日	0.09
洁琪	0.09
姑娘家	0.09
鲍勃·霍普	0.09
手锯	0.09
尤斯图斯	0.09
鲍廷	0.09
埂	0.09
赫伦汀	0.09
迅疾	0.09
库查克	0.09
穆扎	0.09
孙悟空	0.09
雪夜	0.09
弗宁坦·金	0.09
达雄	0.09
七友	0.09
威廉柴契尔	0.09
特娜	0.09
凯文·凡登·艾克尔	0.09
芬尼沃斯	0.09
切尔基	0.09
姜映珠	0.09
正桥	0.09
守身	0.09
艾美丽	0.09
官报	0.09
科罗维托	0.09
渡鸦	0.09
抢险	0.09
悱	0.09
各持己见	0.09
拜师	0.09
吉恩·罗卡	0.09
霍黑·维拉罗博	0.09
长篇小说	0.09
抖搂	0.09
荷姬	0.09
保罗·卡斯特兰诺	0.09
李多英	0.09
膦	0.09
正本	0.09
铀矿	0.09
惨祸	0.09
郑智	0.09
十七秒	0.09
淑媛	0.09
绵绵不绝	0.09
网点	0.09
当家做主	0.09
穆浦	0.09
偿债	0.09
麦雷	0.09
尼伯罗波利斯	0.09
杜氏	0.09
佐佐木健太郎	0.09
汉口	0.09
水泥路	0.09
六十一	0.09
六十三	0.09
冷处理	0.09
拍案叫绝	0.09
特蕾西·斯特劳斯	0.09
六十二	0.09
六十亿	0.09
鱼贩子	0.09
切尔希	0.09
八大	0.09
伪劣	0.09
奮	0.09
礙	0.09
汤米·埃森斯	0.09
米西	0.09
霍罗维茨	0.09
佛罗里帕	0.09
金合欢	0.09
康汉娜	0.09
鱼雷艇	0.09
沃克洛	0.09
类风湿	0.09
克罗伊茨贝格	0.09
七宝奇谋	0.09
惊羡	0.09
双轨	0.09
荡涤	0.09
杜桑	0.09
史帕兹卡伦	0.09
包场	0.09
门洞	0.09
乐子都	0.09
尼姬	0.09
崇阳	0.09
群起	0.09
玛三	0.09
勤于	0.09
武君	0.09
幻梦	0.09
康明斯	0.09
迪茨	0.09
赛尔	0.09
才情	0.09
维斯顿	0.09
嫦娥	0.09
才思	0.09
朱迪·福斯特	0.09
杰夫·特雷西	0.09
腿带	0.09
锯条	0.09
锯末	0.09
哈博罗内	0.09
巴格拉姆	0.09
迈克·施奈德	0.09
切斯提亚	0.09
赛尔维亚	0.09
于是我	0.09
郑河延	0.09
性奋	0.09
席格门·佛洛依德	0.09
霉斑	0.09
打酒	0.09
初始值	0.09
果脯	0.09
走私货	0.09
赛奇	0.09
范凯尔	0.09
劝诫	0.09
险象环生	0.09
加·加·宾克斯	0.09
朱莉叶	0.09
弗兰克夏普	0.09
出头露面	0.09
轰隆轰隆	0.09
付与	0.09
高野志	0.09
罗丝玛丽·琼斯	0.09
绚丽多彩	0.09
中国货	0.09
病原	0.09
羔	0.09
格雷斯·安·菲利普斯	0.09
血脂	0.09
丈量	0.09
贴补	0.09
胡安·德尔芬	0.09
简·帕克	0.09
查尔斯·麦克卡特	0.09
内维尔·谢德	0.09
塔吉克	0.09
多子多孙	0.09
水杨酸	0.09
坎伯威尔	0.09
阿诺德·施瓦辛格	0.09
康齐塔	0.09
别号	0.09
梅罗文加	0.09
清洗液	0.09
麦金泽	0.09
盐碱地	0.09
娜奥米	0.09
嬉笑怒骂	0.09
桑福德	0.09
米开朗基罗的大卫	0.09
口授	0.09
巴勒姆	0.09
米瑞特	0.09
迈尔斯·卡内菲克	0.09
回访	0.09
萨莉沃克	0.09
科尔·贝尔	0.09
伤病员	0.09
壹	0.09
抽头	0.09
铁心	0.09
触景伤情	0.09
记录器	0.09
转用	0.09
累加	0.09
柳条箱	0.09
昭然若揭	0.09
浬	0.09
凯勒·葛丝	0.09
砂土	0.09
走江湖	0.09
华士布	0.09
朱玛会	0.09
利维莫	0.09
迪金	0.09
戈·里卡多	0.09
乐极生悲	0.09
库珀堡	0.09
瓦尔德	0.09
忌口	0.09
朱利娅	0.09
格拉佛斯	0.09
沙列克	0.09
报恩	0.09
费尔奇	0.09
宾治	0.09
棉纤维	0.09
维纳莎·布鲁姆	0.09
退换	0.09
会意	0.09
账房	0.09
张三李四	0.09
劣马	0.09
经络	0.09
制冷剂	0.09
麦克杜夫	0.09
报晓	0.09
圣·奥尔本斯	0.09
但约翰	0.09
薄暮	0.09
塔吉克人	0.09
家法	0.09
音容笑貌	0.09
莎拉·米勒	0.09
中心词	0.09
三千五百	0.09
雷奥纳德	0.09
柴君	0.09
抓取	0.09
伊硕英	0.09
解热	0.09
佻	0.09
斯多德巴克尔	0.09
不忍	0.09
朱利叶	0.09
阿斯本	0.09
马蒂亚斯	0.09
图景	0.09
小型化	0.09
帕尔帕廷	0.09
惠及	0.09
统御	0.09
马里亚奇	0.09
麦克塔曼	0.09
迪波拉	0.09
玄关前	0.09
巴哈特	0.09
拍马	0.09
风水宝地	0.09
泰斗	0.09
艾德里安·菲尔比	0.09
拉罗·萨尔迪纳斯	0.09
杰瑞·福克	0.09
重婚罪	0.09
吉尔力特	0.09
劳勃麦肯塔	0.09
巴蒂亚特斯	0.09
奸污	0.09
叵	0.09
莫戴尔	0.09
图拉	0.09
格拉汉·克莱顿	0.09
杰西·杰克逊	0.09
龙颜	0.09
果香	0.09
有识之士	0.09
弗兰克·辛纳	0.09
鮮	0.09
排球场	0.09
箭猪	0.09
帕罗西汀	0.09
狂升	0.09
格兰维尔	0.09
何东勋	0.09
人平	0.09
邦皮特	0.09
兰迪·杰克逊	0.09
柴崎	0.09
草本植物	0.09
零五	0.09
尼禄	0.09
铁牛	0.09
杰克他	0.09
赛纳	0.09
凯拉·奈特莉	0.09
霍芬博格	0.09
肉联厂	0.09
四野	0.09
瓦纳卡	0.09
車	0.09
萨默尔	0.09
常务董事	0.09
前沿性	0.09
祖格兰	0.09
取之不尽	0.09
堂皇	0.09
宾汉姆顿	0.09
红皮书	0.09
豆瓣酱	0.09
毛丫头	0.09
主婚	0.09
乔治布什	0.09
穆查西	0.09
洛马斯	0.09
宇宙射线	0.09
蒂芙妮·威尔森	0.09
经书	0.09
吃不开	0.09
卓帕加	0.09
拜尔斯	0.09
乐谱架	0.09
阴风	0.09
布赖特	0.09
哲文赖普	0.09
风纪	0.09
萨默塞	0.09
考奇	0.09
腥臭	0.09
田镇湖	0.09
霎那间	0.09
范威克	0.09
罗杰古思	0.09
制衣厂	0.09
达力厄斯	0.09
宾塞	0.09
荣誉奖	0.09
匡威	0.09
嘉代	0.09
瓶口	0.09
通灵学	0.09
铁笔	0.09
山西	0.09
雷·蒂艾尼	0.09
两千亿	0.09
洛厄尔·弗尔逊	0.09
纵隔	0.09
丹尼尔·邓恩	0.09
退婚	0.09
乌比拉	0.09
克莉丝塔	0.09
阿尔贝托	0.09
男子组	0.09
弗莱根	0.09
茹毛饮血	0.09
爆破手	0.09
胆大心细	0.09
脚背	0.09
各抒己见	0.09
图博	0.09
樱田	0.09
桃酥	0.09
努比	0.09
报幕	0.09
奥拓	0.09
杰克·巴克利	0.09
唯一性	0.09
洛马克斯	0.09
詹尼弗·洛佩兹	0.09
朱利斯	0.09
硬气	0.09
十分之四	0.09
弗莱泽	0.09
菲尔柯林斯	0.09
汤米·卡	0.09
浓黑	0.09
言不及义	0.09
惠斯	0.09
偷安	0.09
实验员	0.09
因提	0.09
画技	0.09
璀璨夺目	0.09
扉	0.09
别真	0.09
劳芮	0.09
双绞线	0.09
告老还乡	0.09
瓦尔纳	0.09
第三十七	0.09
林县	0.09
第三十二	0.09
奥维	0.09
庵	0.09
梅拉妮·普罗夫斯特	0.09
水力学	0.09
宝莲	0.09
波基普西	0.09
泰德·博顿	0.09
浓艳	0.09
伟壁	0.09
依然如故	0.09
赛泽	0.09
鱼种	0.09
斯特朗兹·范·沃登堡	0.09
亲闻	0.09
英珠	0.09
尼洛	0.09
除雪	0.09
伟平	0.09
卡扎拉斯	0.09
表达力	0.09
伍迪艾伦	0.09
金奎植	0.09
莱恩哈里逊	0.09
挪威人	0.09
安家落户	0.09
格雷他	0.09
斯基尼德	0.09
坚贞	0.09
史蒂夫·范·伯恩	0.09
蒂利	0.09
雪铁龙	0.09
甚高频	0.09
特价品	0.09
丽思卡尔顿	0.09
面市	0.09
爆破组	0.09
赋闲	0.09
伟力	0.09
科尔多瓦	0.09
图德斯奇	0.09
苦思冥想	0.09
菲尔·史纳皮	0.09
山颠	0.09
艾玛·艾伦	0.09
斯巴达王	0.09
阿萨波普勒斯	0.09
坚苦	0.09
酒令	0.09
法网恢恢	0.09
决议案	0.09
点金术	0.09
战争贩子	0.09
脑门儿	0.09
林奈	0.09
病害	0.09
麦克·塞纳特	0.09
人生在世	0.09
靛青	0.09
或然率	0.09
艾德丽安	0.09
伟克	0.09
齐刚	0.09
圣特罗佩	0.09
白鲍维	0.09
硬结	0.09
牛马	0.09
大喜过望	0.09
产能	0.09
铰	0.09
划不来	0.09
林带	0.09
装璜	0.09
大阪市	0.09
克里奥尔	0.09
菲莉西娅	0.09
皱痕	0.09
永环	0.09
马里亚纳	0.09
唯我独尊	0.09
裨益	0.09
山麓	0.09
波拉奇欧	0.09
奥斯伯恩	0.09
佛朗哥斯·特鲁尔	0.09
畜牧	0.09
格温妮丝·帕特洛	0.09
电声	0.09
匠人	0.09
研修生	0.09
梅雷迪思·戈登	0.09
纸带	0.09
艾姆	0.09
扯裂	0.09
服务队	0.09
威利·纳尔森	0.09
希罗	0.09
第两	0.09
沃斯特	0.09
编者按	0.09
冻肉	0.09
气喘病	0.09
打基础	0.09
舒爽	0.09
文化大革命	0.09
明示	0.09
楚君	0.09
侍郎	0.09
阿晓	0.09
国联	0.09
阿昆	0.09
开式	0.09
冷杉	0.09
阿斗	0.09
金冬草	0.09
鳝鱼	0.09
刀痕	0.09
十二三	0.09
冷暖	0.09
布鲁玛格	0.09
阿兹海默	0.09
达琳·萨拉	0.09
仓田	0.09
福图那梅杰	0.09
劳琳·希尔	0.09
提奥·斯托勒	0.09
司书	0.09
清道之	0.09
超预算	0.09
百分之六十五	0.09
利默尼里克	0.09
伊格纳斯	0.09
罗伯托·卡洛斯	0.09
吉米·帕斯	0.09
刺针	0.09
长朗	0.09
丹·拉泽	0.09
保罗·麦卡特尼	0.09
公论	0.09
赛摩菲德	0.09
安娜·高茨洛斯基	0.09
施摩	0.09
决定论	0.09
慧卓	0.09
提哇纳	0.09
伯丁	0.09
郑在赫	0.09
夏德勒	0.09
关进来	0.09
笔锋	0.09
柴油机	0.09
特·威尔汉姆	0.09
特劳德尔·荣格	0.09
不可不	0.09
狗绳	0.09
别有风味	0.09
次氯酸	0.09
迪娜·伯恩斯	0.09
悍将	0.09
通商	0.09
多诺文	0.09
类毒素	0.09
阿泰	0.09
空间结构	0.09
艾比卡尔文拉路什	0.09
闹意见	0.09
古斯塔夫·布里格勒博	0.09
食品袋	0.09
莫普斯	0.09
装裱	0.09
纸制	0.09
高尹晶	0.09
彼得·代尔	0.09
平基	0.09
马克·毕夏普	0.09
帕美	0.09
巴比龙	0.09
史摩基	0.09
帕罗	0.09
沿袭	0.09
瘁	0.09
麦肯	0.09
宋承宪	0.09
姆顿	0.09
路易斯法兰	0.09
摇船	0.09
密实	0.09
国运	0.09
夏布	0.09
卡米里	0.09
织造厂	0.09
榴莲	0.09
风疹	0.09
夏得	0.09
乔西·艾美思	0.09
罗德·金博	0.09
神怪	0.09
稳如泰山	0.09
瞻前顾后	0.09
克莱纳	0.09
罗德西亚	0.09
阿布奎基	0.09
兽行	0.09
马修·法瑞尔	0.09
禁得起	0.09
整形术	0.09
阿瓦	0.09
月老	0.09
格罗瑞	0.09
帕恩	0.09
阿琛	0.09
库斯特	0.09
跳跃式	0.09
行路	0.09
特洛伊的海伦	0.09
希尔雷	0.09
馅儿	0.09
瑞文斯菲尔	0.09
剿灭	0.09
有心人	0.09
虚实	0.09
贤内助	0.09
盖尔斯	0.09
施德克	0.09
蠔	0.09
戈麦斯	0.09
长石	0.09
野心家	0.09
别无二致	0.09
艾伯	0.09
公驴	0.09
肝病	0.09
船速	0.09
出口商	0.09
饴糖	0.09
虚夸	0.09
泰塔姆	0.09
艾丹	0.09
熟铁	0.09
雪山镇	0.09
史蒂夫·杰金斯	0.09
弗兰克·法兰克夫斯基	0.09
莫德雷德	0.09
鸭绒被	0.09
准确度	0.09
维斯特克莱福	0.09
菲菲	0.09
杰尼亚	0.09
培门·阿拉希	0.09
势不两立	0.09
克里斯特	0.09
博德克	0.09
多劳多得	0.09
奇普思卡	0.09
朴俊旭	0.09
翠鸟	0.09
头绳	0.09
施礼	0.09
杭廷	0.09
罗伊·华莱士	0.09
炉灰	0.09
现场会	0.09
天兆	0.09
环境署	0.09
陪酒	0.09
通货膨胀率	0.09
笔耕	0.09
巴克斯特·菲奇	0.09
典型性	0.09
乔丹娜	0.09
裤腰	0.09
杰瑞德·格雷斯	0.09
罗斯福·德·弗兰克林	0.09
山姆·派特森	0.09
托马斯·霍华德	0.09
印花布	0.09
埃里克·斯托斯	0.09
威廉·科尔斯	0.09
沃特·詹宁斯	0.09
军功	0.09
农事	0.09
希尔克	0.09
归程	0.09
尤里·萨瓦若夫	0.09
雅人	0.09
威勒斯坦	0.09
晨礼	0.09
狗哥	0.09
兹德	0.09
规费	0.09
密电	0.09
明妮	0.09
卡泼卫勒	0.09
明处	0.09
圣彼特	0.09
新人王	0.09
利奥波德·布鲁姆	0.09
彼德麦尔	0.09
迈克尔杰克逊	0.09
虚浮	0.09
康乃尔	0.09
沙特阿拉伯王国	0.09
筱原	0.09
帕地	0.09
阴毛	0.09
深井	0.09
汤姆·华莱特	0.09
朗诵会	0.09
撩拨	0.09
卡普兰	0.09
希奥	0.09
朝霞	0.09
冷云中	0.09
海姆勒	0.09
勇俊	0.09
五大	0.09
大包大揽	0.09
查理·华瑟	0.09
赞佩	0.09
血书	0.09
平米	0.09
佩里·爱德华·史密斯	0.09
守规	0.09
莱蒙	0.09
约翰·亚列舒曼	0.09
三点十七	0.09
秤砣	0.09
阿伯	0.09
忠人	0.09
秀吉	0.09
弯弓	0.09
神女	0.09
琦雅	0.09
繁殖场	0.09
艾哈特	0.09
金翅雀	0.09
归依	0.09
格雷厄姆·格林	0.09
备感	0.09
巴里恩托斯	0.09
觥筹交错	0.09
改锥	0.09
亚奇·邦克	0.09
基耶斯洛夫斯基	0.09
帕德	0.09
沃派	0.09
榮	0.09
威廉·洛克伍德	0.09
反射角	0.09
明喻	0.09
通牒	0.09
昏黄	0.09
两百五十万	0.09
煤窑	0.09
施主	0.09
福特汉姆	0.09
希勒	0.09
盐湖	0.09
夜盲	0.09
康里得	0.09
亨利·博克	0.09
开班	0.09
躁狂症	0.09
奥尔麦克	0.09
风格各异	0.09
焊缝	0.09
人事处	0.09
单刀赴会	0.09
李铉	0.09
筹募	0.09
山米·索沙	0.09
婚姻观	0.09
第绪	0.09
乔·佩里	0.09
梅森·海金森	0.09
柯里郡	0.09
双喜临门	0.09
多明妮	0.09
长叹	0.09
塔克斯	0.09
风险性	0.09
西特勒	0.09
阿尔费	0.09
横溢	0.09
忽闪	0.09
秀中	0.09
乙状结肠	0.09
农户	0.09
拟人	0.09
入网	0.09
玛格莱	0.09
陈仁	0.09
长啸	0.09
无名火	0.09
米尔森特	0.09
交相辉映	0.09
扫帚星	0.09
连枷	0.09
晨泳	0.09
巴顿·布雷兹	0.09
黄牛党	0.09
巴尔港	0.09
免试	0.09
木鱼	0.09
库尔特·沃尔夫	0.09
约翰·汉考克	0.09
圈定	0.09
特里萨·卡西利亚斯	0.09
安东尼奥·洛佩兹·山塔·安	0.09
斯多夫	0.09
圆弧	0.09
祝好梦	0.09
阿库	0.09
阿平	0.09
葵花	0.09
马尔他	0.09
一手包办	0.09
华士	0.09
哈尤卡	0.09
甴	0.09
斯托奇	0.09
阿山	0.09
下派	0.09
搓澡	0.09
二百五十万	0.09
安全员	0.09
登山队	0.09
牙口	0.09
归天	0.09
荒川	0.09
蔚山	0.09
量筒	0.09
黑霉	0.09
沉积岩	0.09
维勒卡	0.09
知心话	0.09
和颜悦色	0.09
利昂娜	0.09
神交	0.09
邦谷	0.09
巴尔曼	0.09
崭	0.09
阿奈	0.09
梅森·惠特尼	0.09
艾曼	0.09
哥特里	0.09
晨星	0.09
当夜	0.09
独个儿	0.09
奥立佛	0.09
冷水浴	0.09
奄	0.09
观察站	0.09
冲开	0.09
伊比利亚	0.09
梅丽尔	0.09
雷米迪斯	0.09
俊树	0.09
格哈特	0.09
冲垮	0.09
全南	0.09
河狸	0.09
南极圈	0.09
卡泼特	0.09
髻	0.09
水果皮	0.09
汤姆·格雷斯	0.09
艾伦·金斯堡	0.09
佛罗尤	0.09
罗德戴尔	0.09
乌鳢	0.09
埃兹拉	0.09
造次	0.09
火情	0.09
全权代表	0.09
马基雅维利	0.09
肆一	0.09
蒙缇	0.09
震波	0.09
海潮	0.09
全团	0.09
卡利斯特	0.09
華	0.09
哈蒙妮·费思琳	0.09
管账	0.09
芭安泰	0.09
韦尔兹利	0.09
黏住	0.09
宫君	0.09
海淑	0.09
红叶	0.09
罐体	0.09
估价单	0.09
雷·罗宾逊	0.09
国家电网	0.09
金洪顺	0.09
哨所	0.09
返璞归真	0.09
李韩娜	0.09
瞠目	0.09
香蒲	0.09
帕特里克·亨利	0.09
乌青	0.09
让亨利	0.09
霍华德·塔利	0.09
酥脆	0.09
注册证	0.09
合叶	0.09
河神	0.09
支解	0.09
鲜牛奶	0.09
布莱恩·迈克尔·戴维	0.09
和梦露	0.09
考古队	0.09
佩特拉	0.09
谷崎	0.09
拉斐尔·塞拉诺	0.09
多莉丝	0.09
玛丽·特里斯	0.09
吴申谷	0.09
在非	0.09
薛积奇	0.09
法拉巴德	0.09
米莲达	0.09
宫录	0.09
遐思	0.09
百万分之	0.09
福瑞斯特	0.09
防微杜渐	0.09
蚁窝	0.09
布塞	0.09
钧	0.09
香苗	0.09
旺斯	0.09
拉索	0.09
身外之物	0.09
粗花呢	0.09
凄凄惨惨	0.09
高卢语	0.09
银钱	0.09
拉斯克	0.09
贝林顿	0.09
一品红	0.09
虎头	0.09
马克莱斯菲尔德	0.09
维克多·洛佩兹	0.09
勉励	0.09
伦敦德里	0.09
火狐	0.09
大部头	0.09
桑妮娅	0.09
建功立业	0.09
莫法兰	0.09
台布	0.09
有理数	0.09
马尔斯堡	0.09
黑格尔	0.09
洛比尔	0.09
科勒姆	0.09
克里本	0.09
优基斯坦	0.09
山姆帕	0.09
帕尔玛	0.09
斯坦顿堡	0.09
浅棕	0.09
戈迪	0.09
梓	0.09
艾萨斯	0.09
厕所间	0.09
艾尔·沃特曼	0.09
成名作	0.09
婀娜多姿	0.09
警衔	0.09
绵软	0.09
罗杰都	0.09
亨利·福特	0.09
末节	0.09
拉杆	0.09
骨碌	0.09
伍斯特	0.09
河曲	0.09
詹尼斯	0.09
瓦夫	0.09
军帽	0.09
耶德烈	0.09
马蒂内	0.09
帕斯特·斯基普	0.09
罗登·克劳莱	0.09
清兵	0.09
班冶	0.09
拉文	0.09
蚶	0.09
海米	0.09
微辞	0.09
骨病	0.09
麦克斯·舒马赫	0.09
约翰·里德	0.09
褡	0.09
饱览	0.09
海狗	0.09
蒙戈	0.09
贝克斯	0.09
登顶	0.09
米克·贾格尔	0.09
胡安尼特·埃切瓦里亚	0.09
孤掌难鸣	0.09
精微	0.09
巴特农	0.09
下里巴人	0.09
登高	0.09
潸	0.09
爱科	0.09
骨瘤	0.09
韦恩·科尔森	0.09
脆生生	0.09
笑脸相迎	0.09
瓦匠	0.09
嶙峋	0.09
冰冻三尺	0.09
鲀	0.09
军品	0.09
头生	0.09
海皮	0.09
复写纸	0.09
先天不足	0.09
朗恩	0.09
泰丽	0.09
二分之一	0.09
乳白	0.09
玉玲	0.09
搏杀	0.09
诺克斯威尔	0.09
莱恩·麦卡锡	0.09
科洛尼亚安那帕拉	0.09
贝亚爱格思	0.09
必笛	0.09
俊石	0.09
奥西里斯	0.09
社会活动	0.09
博卡拉顿	0.09
沙里夫	0.09
河南	0.09
语序	0.09
彼得·柯尔	0.09
全片	0.09
西斯克里夫	0.09
马里斯·布莱克	0.09
清朝	0.09
兵荒马乱	0.09
基姆纳	0.09
剑士	0.09
特里斯坦·德·博伊斯	0.09
同工同酬	0.09
霍迪尼	0.09
基金委	0.09
布琳	0.09
马蒂斯	0.09
铜质	0.09
米尼劳	0.09
够瞧的	0.09
霹	0.09
东街	0.09
息息相通	0.09
调度室	0.09
拼抢	0.09
麦安祖	0.09
江川	0.09
向海	0.09
军民	0.09
古生物学	0.09
海保	0.09
泰乐	0.09
亨利·韦斯顿	0.09
波娃	0.09
余韵	0.09
主席团	0.09
海中	0.09
海丘	0.09
反语	0.09
罗翰的塞奥顿	0.09
反诘	0.09
特为	0.09
污痕	0.09
法兰沙	0.09
露西真	0.09
细胞膜	0.09
秋色	0.09
河善	0.09
卡莫拉	0.09
云雨之	0.09
等边	0.09
莫伯雷	0.09
割让	0.09
切线	0.09
绿茵	0.09
底稿	0.09
争锋	0.09
杜蒙德	0.09
德拉吉	0.09
近代史	0.09
图尔西	0.09
帕奎特	0.09
燃眉之急	0.09
雷蒙德·纳什	0.09
韦恩赖特	0.09
东舒	0.09
爱伦烈莉	0.09
枕席	0.09
南通	0.09
丰韵	0.09
巴法纳	0.09
往返票	0.09
流年	0.09
东芝	0.09
切点	0.09
卫曲	0.09
一股股	0.09
杰斯金	0.09
等价交换	0.09
熔炼	0.09
冶炼	0.09
鼻烟	0.09
拉奇	0.09
齐雅德	0.09
鼻炎	0.09
罗曼·瓦蒂克	0.09
全科	0.09
布查理	0.09
高德博格	0.09
布卢尔	0.09
互斥	0.09
工价	0.09
蒙地	0.09
专事	0.09
婆娑	0.09
红砖	0.09
块根	0.09
切维	0.09
连里	0.09
非徒	0.09
营养品	0.09
上几十	0.09
英仲	0.09
史文	0.09
婆妈	0.09
三万二	0.09
军权	0.09
东营	0.09
夹角	0.09
箝	0.09
江东	0.09
玉帝	0.09
连字号	0.09
灯丝	0.09
撸	0.09
渔翁得利	0.09
柔媚	0.09
沃尔斯堡	0.09
八又二分之一	0.09
清盘	0.09
克罗恩	0.09
安德烈·韦尔内	0.09
初露锋芒	0.09
麦穗	0.09
自由王国	0.09
斯芬	0.09
现价	0.09
基雅弗利	0.09
路易莎	0.09
红林	0.09
蠢物	0.09
何贝克	0.09
造孽	0.09
海森斯坦	0.09
朴强斗	0.09
矿渣	0.09
特尔	0.09
到任	0.09
雷姆	0.09
底板	0.09
磨合期	0.09
大袋鼠	0.09
海岑	0.09
艾利奥特	0.09
格洛斯特郡	0.09
和英媛	0.09
阳春白雪	0.09
亚伯尼歌	0.09
泰利	0.09
乳剂	0.09
模本	0.09
瑞士人	0.09
布洛菲德	0.09
史泰博	0.09
兹罗提	0.09
安妮亚·萨瓦洛夫	0.09
承袭	0.09
栏网	0.09
连胜	0.09
陈氏	0.09
眸子	0.09
等闲	0.09
特里斯科夫	0.09
松露	0.09
纽伯利	0.09
蒂法尼	0.09
阿尔文·杜威	0.09
震器	0.09
克敌制胜	0.09
松针	0.09
布格	0.09
布森	0.09
艾萨伯	0.09
詣	0.09
多项式	0.09
博物院	0.09
俊基	0.09
玉兰	0.09
史宾莎	0.09
崔钟植	0.09
骨刺	0.09
厦	0.09
戈尚	0.09
打天下	0.09
米莱雅	0.09
阿利亚娜	0.09
德思礼	0.09
椅垫	0.09
卡尔可夫	0.09
忿	0.09
迈克·威尔森	0.09
巴特利夫	0.09
蜚声	0.09
汤剂	0.09
纨	0.09
誰	0.09
云度	0.09
表扬信	0.09
查洛特	0.09
萨米尔·阿尔·阿菲德	0.09
以柔克刚	0.09
颓势	0.09
万夫	0.09
振幅	0.09
跌价	0.09
呋	0.09
搖	0.09
皮鲁埃	0.09
乞食	0.09
珠联璧合	0.09
戴安娜·克里斯滕森	0.09
负电	0.09
生死与共	0.09
清汤	0.09
约翰·文克	0.09
航海家	0.09
瑞吉诺	0.09
布郎	0.09
脉络	0.09
银山	0.09
银屏	0.09
上座	0.09
叫化子	0.09
姜英乾	0.09
在岗	0.09
長	0.09
哥伦波	0.09
布拉得利	0.09
溯	0.09
水曲柳	0.09
佛罗斯特	0.09
四千五	0.09
侨居	0.09
影印本	0.09
李维斯	0.09
巴萨诺瓦	0.09
大伊特龙	0.09
皮图尼娅	0.09
吴美善	0.09
解调器	0.09
互联	0.09
粘附	0.09
实价	0.09
逆光	0.09
整流器	0.09
佛莱斯	0.09
玛克斯奇里	0.09
鲁班	0.09
清账	0.09
红鹰	0.09
锔	0.09
南特	0.09
软乎乎	0.09
木马计	0.09
克雷·泰勒	0.09
马蒂诺	0.09
偷空	0.09
克里姆	0.09
松易	0.09
攀援	0.09
二十六万	0.09
承租	0.09
卡斯门提斯	0.09
莫尼克	0.09
奥里萨	0.09
万十	0.09
以讹传讹	0.09
素色	0.09
东旭	0.09
宋乐安	0.09
库兹曼	0.09
珀西瓦尔	0.09
异体	0.09
静修	0.09
荧光粉	0.09
奇科	0.09
椅套	0.09
江北	0.09
索宾斯基	0.09
球衫	0.09
一百一十万	0.09
艾伦·威尔森	0.09
唐宁	0.09
金洪举	0.09
约翰·马莎	0.09
布莱登·卡顿	0.09
静冈	0.09
鲁格	0.09
活期	0.09
乱蓬蓬	0.09
军马	0.09
切诺	0.09
克莱福德	0.09
北安	0.09
杜波依斯	0.09
约塞米蒂	0.09
奥黛丽赫	0.09
潘安	0.09
麦克·道尔	0.09
静华	0.09
图尔特	0.09
警佐	0.09
尽收眼底	0.09
请调	0.09
潘尼	0.09
林顿·巴维克	0.09
谋职	0.09
火力发电	0.09
布雷斯劳	0.09
白蜡树	0.09
伊斯利	0.09
俑	0.09
巧计	0.09
考察队	0.09
莫利斯	0.09
墙头	0.09
细分	0.09
底蕴	0.09
上人	0.09
南湾	0.09
一千二百	0.09
桔梗	0.09
贝尔曼	0.09
细化	0.09
虫牙	0.09
蝮蛇	0.09
广播体操	0.09
圣卢克	0.09
悼辞	0.09
弗兰科	0.09
硝化棉	0.09
独占鳌头	0.09
卡坦加	0.09
哈里尔	0.09
艾力斯	0.09
一千两百万	0.09
摩菲	0.09
保险带	0.09
东焕	0.09
唐克	0.09
阿拉希	0.09
委以	0.09
住宿费	0.09
斯桐	0.09
生搬硬套	0.09
金相洙	0.09
翠峰	0.09
陈设	0.09
斯格	0.09
哈姆沙里	0.09
塔特	0.09
暗箱	0.09
切花	0.09
熔融	0.09
冰球界	0.09
交通图	0.09
叶什	0.09
事主	0.09
拍手称快	0.09
登岸	0.09
罗伯特·肯尼迪	0.09
斯温	0.09
阿拉奇	0.09
档案局	0.09
总成绩	0.09
军阶	0.09
奥林奇	0.09
底谷	0.09
卞	0.09
荒山野岭	0.09
微微的	0.09
鲁奇	0.09
储物仓	0.09
斯卡	0.09
照说	0.09
烟道	0.09
劝解	0.09
静思	0.09
海宁	0.09
海因里希	0.09
泰诺	0.09
门德尔博	0.09
一百八	0.09
挑毛病	0.09
新闻片	0.09
持证	0.09
怔	0.09
驼子	0.09
怕人	0.09
利奥·奥里萨	0.09
兵权	0.09
绝命书	0.09
乱摊子	0.09
哈德里安	0.09
史宾塞	0.09
相辅相成	0.09
阶级斗争	0.09
斯嘉	0.09
竹笋	0.09
骨血	0.09
提花	0.09
线段	0.09
基点	0.09
银线	0.09
竹筏	0.09
饺子馅	0.09
南开	0.09
仁智	0.09
伍斯腾	0.09
北极点	0.09
范吉尔德	0.09
青花	0.09
欧萨尼	0.09
感应场	0.09
工薪	0.09
充塞	0.09
甘苦与共	0.09
维瓦尔第	0.09
准保	0.09
苯乙烯	0.09
朴辉灿	0.09
奎尼	0.09
郑何锡	0.09
叮咛	0.09
南军	0.09
娓娓道来	0.09
汤姆琼斯	0.09
圣·米歇尔	0.09
格楚德	0.09
跨上	0.09
声情并茂	0.09
凡凡	0.09
稿酬	0.09
工装	0.09
工业部	0.09
亚硫酸	0.09
卡斯特兰诺	0.09
阿散蒂	0.09
图卢兹	0.09
方法论	0.09
库里克	0.09
莱比锡	0.09
争先	0.09
年事已高	0.09
奎塔	0.09
尼科森	0.09
铁面无私	0.09
静江	0.09
吉姆·范·威根	0.09
剑锋	0.09
浪淘沙	0.09
克罗内克	0.09
唇齿相依	0.09
南向	0.09
裴瑞	0.09
芭拉娃	0.09
艾普斯	0.09
摩根·弗里曼	0.09
八点一	0.09
爱敏斯	0.09
着眼点	0.09
斯尼	0.09
饱经	0.09
奎安	0.09
香粉	0.09
鲍勃·泰勒	0.09
弗兰兹	0.09
德姆斯特朗	0.09
荒谬绝伦	0.09
微机	0.09
宿命论	0.09
埃默里	0.09
罗伊·吉文	0.09
摹	0.09
理尔波特	0.09
崇山峻岭	0.09
细目	0.09
跌破	0.09
静物	0.09
蒂娜·特娜	0.09
裁判组	0.09
有为	0.09
第三十四	0.09
五十九	0.09
丘比丘	0.09
勃兰登堡	0.09
汉内堡	0.09
蒙迪	0.09
惧色	0.09
赤脚医生	0.09
歌艺	0.09
席佛曼	0.09
警标	0.09
浮筒	0.09
登璧	0.09
弗兰吉	0.09
东平	0.09
上水	0.09
置之死地而后生	0.09
火险	0.09
高帽子	0.09
苇丛	0.09
费洛蒙	0.09
愣神	0.09
阿拉玛	0.09
室内剧	0.09
众口一词	0.09
南下	0.09
路易斯·韦伯	0.09
特龙	0.09
戈比	0.09
安东尼·霍普金斯	0.09
桑德海姆	0.09
諾	0.09
基洛	0.09
奥的斯	0.09
乌木	0.09
瑞·白顿	0.09
史马伦	0.09
乔治·菲戈斯	0.09
恩恩恩	0.09
在我	0.09
米亚人	0.09
骨针	0.09
贝内迪	0.09
东兴	0.09
艾瑞莎	0.09
兴科	0.09
等分	0.09
帕斯奎拉·亚科斯塔	0.09
融会贯通	0.09
帕尔马	0.09
荟萃	0.09
包维尔	0.09
讳莫如深	0.09
暗害	0.09
萨尔瓦多·阿连德	0.09
俸	0.09
曲线图	0.09
灯节	0.09
香烛	0.09
细碎	0.09
安娜堡	0.09
殺	0.09
着意	0.09
泰帝	0.09
设计员	0.09
上操	0.09
浩荡	0.09
塔科马	0.09
阿尔特加	0.09
工龄	0.09
兑付	0.09
一百五	0.09
上期	0.09
巴伐利亚州	0.09
基比	0.09
京培	0.09
理直气壮	0.09
霍梅尼	0.09
邦特	0.09
兰格	0.09
纽顿	0.09
尼哥底	0.09
困顿	0.09
梨泰院	0.09
剪除	0.09
旷日持久	0.09
打工仔	0.09
布雷泽	0.09
夜餐	0.09
卡尔·斯蒂尔	0.09
杜克·戴斯蒙德	0.09
壁龛	0.09
先行者	0.09
晶丽	0.09
变频器	0.09
批驳	0.09
普塔格斯	0.09
推销商	0.09
兰顿·希克斯	0.09
菲姬	0.09
燕赤霞	0.09
何博	0.09
检查组	0.09
基努斯	0.09
菫	0.09
贝斯莫拉	0.09
女杰	0.09
邦登	0.09
缓冲区	0.09
艾萨克·海特	0.09
法武	0.09
福斯勒	0.09
平克·弗洛伊德	0.09
訊	0.09
坎顿	0.09
起亚	0.09
莎乐美	0.09
应诊	0.09
芬瑟斯	0.09
威兹	0.09
失落感	0.09
印堂	0.09
保管费	0.09
穗子	0.09
水合素	0.09
汤尼·迪	0.09
弗兰克·辛纳特拉	0.09
玛丽蒙	0.09
地缘	0.09
布奇诺	0.09
四万二千	0.09
卡罗尔·奥斯达	0.09
威协	0.09
初春	0.09
布雷文	0.09
麸皮	0.09
马格南	0.09
朦朦	0.09
博比·高兹	0.09
瓦科	0.09
莱文	0.09
体征	0.09
浅尝辄止	0.09
百分之七十	0.09
漠漠	0.09
卫生学	0.09
铺盖卷	0.09
布瑞冈	0.09
威彻	0.09
四百二十五	0.09
不争	0.09
镁粉	0.09
木条	0.09
拉米雷兹	0.09
俭	0.09
聪聪	0.09
舍伍德·莫瑞尔	0.09
阿美尼亚	0.09
熟习	0.09
凯文·纳	0.09
磕碰	0.09
欧甘纳	0.09
泰特尔	0.09
中立国	0.09
希斯克利夫	0.09
宋青	0.09
天蓝	0.09
奥克塔维奥	0.09
畜牧业	0.09
敌群	0.09
板擦	0.09
对流层	0.09
弗雷德·阿斯泰尔	0.09
雅马克	0.09
月岩	0.09
黛恩	0.09
晨雾	0.09
国书	0.09
武道会	0.09
电烤箱	0.09
艾西	0.09
荡气回肠	0.09
阿尔卑斯山脉	0.09
乌兹别克人	0.09
二百两	0.09
生机蓬勃	0.09
国债	0.09
镶板	0.09
和乔伊	0.09
利波维茨	0.09
平视	0.09
高南	0.09
达内尔	0.09
儿朝天	0.09
破碎机	0.09
起头	0.09
菜市	0.09
柏坦	0.09
巴罗斯	0.09
多明哥·阿斯帕扎	0.09
公德	0.09
盛瑞	0.09
蚕丝	0.09
昌武	0.09
燮	0.09
达利克	0.09
富态	0.09
阿伯特	0.09
木纹	0.09
平足	0.09
结石	0.09
道高一尺	0.09
电磁铁	0.09
开讲	0.09
开诊	0.09
伯金	0.09
引吭高歌	0.09
路警	0.09
平谷	0.09
菲律宾人	0.09
溏	0.09
道外	0.09
建校	0.09
莱瑞	0.09
墨绿色	0.09
道姑	0.09
布莱安妮·塔里斯	0.09
奥克塔维亚	0.09
戴米恩·卡特	0.09
出土文物	0.09
艾肯	0.09
兰熊	0.09
软着陆	0.09
易洛魁	0.09
柏德	0.09
艾菊	0.09
艾莫	0.09
始建	0.09
阿巴思诺特	0.09
船工	0.09
废油	0.09
善礼	0.09
康耐利	0.09
茅舍	0.09
呈送	0.09
卡默洛特城	0.09
环环	0.09
爱卡尔	0.09
帮我	0.09
膀胱炎	0.09
决然	0.09
废液	0.09
罗杰·德卜利斯	0.09
忌辰	0.09
纸船	0.09
歌友会	0.09
俊勇	0.09
嘶叫	0.09
泰普	0.09
贪污犯	0.09
吨位	0.09
掌勺	0.09
安纳托里	0.09
林正焕	0.09
兰登	0.09
发潮	0.09
警报灯	0.09
贾纳斯	0.09
泰斯勒	0.09
扁舟	0.09
火夫	0.09
车流量	0.09
亨利·比斯耐	0.09
磨工	0.09
原素	0.09
朱迪·霍利德	0.09
贝塞斯达	0.09
摩挲	0.09
故伎	0.09
本杰明·丹兹	0.09
熟手	0.09
遭灾	0.09
迴	0.09
阿尔巴	0.09
何玲	0.09
比尔·拉泽	0.09
库鲁库鲁	0.09
思虑	0.09
莱亚	0.09
祖克门	0.09
顶板	0.09
编织袋	0.09
六波	0.09
虎牙	0.09
积存	0.09
建厂	0.09
赛科特	0.09
阿苏	0.09
查利·艾格斯	0.09
艾德文	0.09
饱眼福	0.09
阿舍	0.09
泰勒·威德尔	0.09
巴罗克	0.09
维莱特堡	0.09
克莱德·亨德森	0.09
圆脸	0.09
兰佐	0.09
史帝佛	0.09
迪林	0.09
万苏克	0.09
埃斯顿·马丁	0.09
工作制	0.09
检查哨	0.09
史雷贝克	0.09
索耶儿	0.09
欧文·格林	0.09
爱卫森	0.09
爱德华佛伦奇	0.09
黄粱一梦	0.09
拉乌	0.09
辛纳塔	0.09
国殇	0.09
战成	0.09
长话	0.09
留后路	0.09
贝格利	0.09
帮厨	0.09
战抖	0.09
起早贪黑	0.09
辘	0.09
赛兰尼	0.09
乔斯顿	0.09
菜板	0.09
挂载	0.09
船歌	0.09
九九	0.09
詹妮佛·安妮斯顿	0.09
育儿袋	0.09
佛雷德里克	0.09
马埃斯特腊	0.09
丹杰瑞	0.09
戈尔登	0.09
俭省	0.09
阿尔利	0.09
蓦然	0.09
阿尔克	0.09
勇虎	0.09
世通	0.09
调人	0.09
雷吉斯	0.09
丽莎·维尔德	0.09
圣彼得斯堡	0.09
欣苏	0.09
原物	0.09
晶恩	0.09
中继器	0.09
叛兵	0.09
吉米·彼莱斯	0.09
杰娜	0.09
阿森尼奥·霍尔	0.09
大卫·古德斯丁	0.09
名扬天下	0.09
笔法	0.09
怅然	0.09
冒头	0.09
兽欲	0.09
调入	0.09
战祸	0.09
罗伯特·贝克	0.09
索尼亚·伯恩	0.09
公布栏	0.09
布雷尔	0.09
钩虫	0.09
门可罗雀	0.09
卫生所	0.09
圆锥	0.09
杰奎	0.09
狐狸皮	0.09
馨香	0.09
马代尔	0.09
克罗斯比	0.09
达赖斯·里斯	0.09
伽班	0.09
抹煞	0.09
爱德华·德·乔尼斯	0.09
戴兹	0.09
格拉斯科	0.09
墩布	0.09
佩皮菲	0.09
肺鱼	0.09
冻疮	0.09
特奎	0.09
积习	0.09
珍妮特·迪丽	0.09
杰西·欧文斯	0.09
积云	0.09
克卡兹	0.09
五行	0.09
顶牛	0.09
阿斯特丽德	0.09
西尔维	0.09
轻便车	0.09
明肃	0.09
数量级	0.09
界碑	0.09
檀木	0.09
弗瑞迪	0.09
莱吉	0.09
无烟	0.09
带班	0.09
堪培拉	0.09
伉俪	0.09
忽忽	0.09
永妮	0.09
玉兔	0.09
善姬	0.09
红药水	0.09
卡尔利	0.09
格莱德	0.09
长骨	0.09
杰兹	0.09
杰儿	0.09
质检员	0.09
尼科尔斯	0.09
阿布勒	0.09
辐照	0.09
邦乔	0.09
汤姆逊	0.09
冒名	0.09
金哲秀	0.09
布兰奇·冈德森	0.09
艾瑞纳·戴瑞沃克	0.09
木器	0.09
杰克·霍尔	0.09
戴夫·米勒	0.09
罗森洛伊	0.09
梦呓	0.09
猪粪	0.09
一点三	0.09
附属国	0.09
卡莱拉	0.09
洒水机	0.09
安阳市	0.09
卡罗莱苏珊娜	0.09
奥因卡	0.09
安娜贝儿	0.09
众院	0.09
细水长流	0.09
绞车	0.09
施特恩贝格	0.09
乙级	0.09
储罐	0.09
规范化	0.09
二十两	0.09
海洋学	0.09
贝瑟	0.09
贿赂罪	0.09
精典	0.09
萨莫	0.09
老实巴交	0.09
杰里米·菲奇	0.09
布洛根	0.09
花消	0.09
萨利文	0.09
萧邦	0.09
南汉普顿	0.09
哑语	0.09
关小点	0.09
伊塞德王	0.09
斯卡特法克斯	0.09
坎波斯	0.09
铋	0.09
桑德拉·多金	0.09
皇朝	0.09
麦逊镇	0.09
姜英奎	0.09
艾米里欧	0.09
波莫纳	0.09
丁子	0.09
远藤	0.09
瑶	0.09
说怪话	0.09
彼特森	0.09
年历	0.09
电视片	0.09
费依	0.09
作奸犯科	0.09
亚布伦	0.09
灼灼	0.09
电焊	0.09
缴付	0.09
辛克勒	0.09
根目录	0.09
电路图	0.09
异心	0.09
笋尖	0.09
喀钦娜	0.09
格内	0.09
花架	0.09
奥委会	0.09
南卡罗莱	0.09
一拖	0.09
洛蕾	0.09
爱利斯	0.09
黄樟	0.09
鲁比·蒂维斯	0.09
雀巢	0.09
奥萨马·本·拉登	0.09
美甲	0.09
花斑	0.09
早出晚归	0.09
气呼呼	0.09
侮	0.09
禀赋	0.09
芬达	0.09
争权夺利	0.09
图书奖	0.09
菲丽西迪	0.09
千田	0.09
黄栌	0.09
谢尔比·康敏斯	0.09
青花瓷	0.09
科库伊	0.09
身强体壮	0.09
巴豆	0.09
作到	0.09
拉姆斯查特	0.09
淤积	0.09
克莱姆斯通	0.09
西裤	0.09
交管局	0.09
田径运动	0.09
豁嘴	0.09
里奇利	0.09
泰勒·盖奇	0.09
随俗	0.09
一大群	0.09
单元房	0.09
纳斯提亚·柳金	0.09
皮格马利翁	0.09
柏森	0.09
景物	0.09
丹娜妮莎	0.09
个人崇拜	0.09
金斯伯格	0.09
巴达	0.09
伪造罪	0.09
奥列克	0.09
一斑	0.09
千千	0.09
一方	0.09
赌本	0.09
布洛斯	0.09
一无	0.09
圣约瑟	0.09
三五	0.09
小商贩	0.09
皇玺	0.09
老陈	0.09
班福德	0.09
霍斯基	0.09
掺假	0.09
一端	0.09
红男绿女	0.09
魏思勒	0.09
珍异	0.09
旗袍	0.09
金鸡奖	0.09
三侠	0.09
吉米·诺克斯	0.09
食欲不振	0.09
舒马科	0.09
刘日汉	0.09
化整为零	0.09
大黑杰克	0.09
费多	0.09
安提培特	0.09
眼高手低	0.09
试样	0.09
胡马纳	0.09
孟大纳	0.09
盟誓	0.09
蔚蓝色	0.09
科妮莉娅	0.09
艾尔·帕西诺	0.09
入托	0.09
主程序	0.09
翠绿色	0.09
倪索斯	0.09
但蒂莫西	0.09
吉里克	0.09
黄甫	0.09
坐井观天	0.09
强尼维克汉姆	0.09
摊床	0.09
胶着状态	0.09
科特迪瓦	0.09
抛光剂	0.09
抑扬顿挫	0.09
玛莉·尼克斯	0.09
砸锅卖铁	0.09
谢里	0.09
麦克·蒂维	0.09
齐默曼	0.09
麦泰罗	0.09
维琪·瓦尔	0.09
挡风遮雨	0.09
卢克斯	0.09
入港	0.09
爱德华·乔治·卢迪	0.09
匆	0.09
赫梅斯	0.09
斯托布罗·蒂维斯	0.09
一名超	0.09
紫苏	0.09
生产能力	0.09
路易斯·普洛特洛	0.09
莱尔·拉维特	0.09
支使	0.09
荻	0.09
多事之秋	0.09
吉尔吉斯斯坦	0.09
如数家珍	0.09
腾国明	0.09
丹佐	0.09
老马	0.09
哈弗洛克	0.09
贝桥	0.09
克劳莉	0.09
格兰芬	0.09
岁岁年年	0.09
奚	0.09
维罗布鲁克	0.09
税率	0.09
廁	0.09
皇粮	0.09
生死线	0.09
美惠	0.09
帕多尔	0.09
杀人越货	0.09
悠闲自在	0.09
茶道	0.09
张富辛	0.09
氮化	0.09
金大中	0.09
西瓦伍德	0.09
令人瞩目	0.09
无理数	0.09
黄刀峰	0.09
全日空	0.09
热流	0.09
望眼欲穿	0.09
舌根	0.09
卡凡纳	0.09
电报机	0.09
个体户	0.09
莎拉·康纳	0.09
征得	0.09
枯井	0.09
罗复活	0.09
支派	0.09
一中	0.09
雷蒙德·斯达克	0.09
正正	0.09
排雷	0.09
麦斯德森	0.09
艾斯帕伦萨	0.09
盖加	0.09
直挺挺	0.09
爱丽思	0.09
崔殷圭	0.09
托罗	0.09
痍	0.09
丹田	0.09
秋后算账	0.09
波西亚	0.09
代数和	0.09
景宰	0.09
罗蒙娜	0.09
伊姆提·西迪克	0.09
奥德尔罗比	0.09
帐幕	0.09
疾走	0.09
天灾人祸	0.09
德内塞	0.09
每股	0.09
炫硕	0.09
制式	0.09
贝尼	0.09
茶饭	0.09
计价器	0.09
德洛伦	0.09
马尔多纳多	0.09
哈密尔顿	0.09
罗非	0.09
德罗伊	0.09
圣奥古斯丁	0.09
韩仁秀	0.09
沃姆斯利	0.09
凯拉诺	0.09
栋梁	0.09
狄蒙拉吉亚	0.09
烽烟	0.09
预算内	0.09
滑石	0.09
图卡那湖	0.09
笆	0.09
面生	0.09
无由	0.09
崔相京	0.09
希尔雷·马	0.09
景况	0.09
秋子英	0.09
三环	0.09
法瓦尔	0.09
顺贞	0.09
科尼利厄斯·韦勃	0.09
宫门	0.09
护胸	0.09
继宇	0.09
涂脂抹粉	0.09
马蒂·巴赫	0.09
美伦	0.09
沃尔特·瑞本	0.09
罗赫	0.09
罗奇福德	0.09
圣奥尔	0.09
凡吐拉市	0.09
话茬	0.09
勃根	0.09
赵太范	0.09
登陆艇	0.09
雨果·查维斯	0.09
余美华	0.09
姝	0.09
马连晟	0.09
罗迟	0.09
罗辛	0.09
利顿	0.09
卡罗凯里	0.09
占先	0.09
瓦斯利	0.09
耍态度	0.09
布莱尼·威尔森	0.09
威利·沃斯利	0.09
皇城	0.09
约翰·帕特纳姆	0.09
士人	0.09
敏姬	0.09
有期	0.09
三毛	0.09
敢作敢为	0.09
笑逐颜开	0.09
艾克雷姆	0.09
作恶多端	0.09
布匹	0.09
安德鲁·拉吉曼	0.09
千岛湖	0.09
支护	0.09
织成	0.09
变速箱	0.09
纺织机	0.09
雨鞋	0.09
日出而作	0.09
加巴哈	0.09
拚搏	0.09
詹格	0.09
假案	0.09
麦克依	0.09
蜗居	0.09
维度	0.09
迪恩·怀廷	0.09
伯南扎	0.09
人防	0.09
敏哲	0.09
洛里德	0.09
枯坐	0.09
热症	0.09
路易斯·阿姆斯特朗	0.09
招用	0.09
漂浮物	0.09
诸国	0.09
修理铺	0.09
赌友	0.09
癞	0.09
亚热带	0.09
那口子	0.09
纳斯比	0.09
藏式	0.09
子明	0.09
无方	0.09
米诺斯	0.09
戕害	0.09
苏珊·戴维斯	0.09
抛砖引玉	0.09
营火会	0.09
初见成效	0.09
哈得逊	0.09
咂嘴	0.09
紧邻	0.09
敏卿	0.09
莫里亚提	0.09
洛维范	0.09
哗变	0.09
一千八百万	0.09
有法	0.09
阿康比尼	0.09
黄尘	0.09
程序化	0.09
蛋白石	0.09
醉眼	0.09
热热	0.09
理查德·加莱蒂	0.09
阿拉丁	0.09
库兰特	0.09
八十五	0.09
赫马尼亚	0.09
塞尔温	0.09
吉娜·亨特森	0.09
鲁道夫·霍勒威	0.09
李曼	0.09
尚武	0.09
爱秀铉	0.09
损人利己	0.09
库奇诺夫	0.09
乐音	0.09
塔斯卡	0.09
何利	0.09
訝	0.09
特长生	0.09
落落大方	0.09
垦荒	0.09
临危不惧	0.09
德·波林尼雅克	0.09
约什	0.09
基干	0.09
出口量	0.09
二极管	0.09
蒂芙妮	0.09
塔河	0.09
凯特·基特里奇	0.09
让乔伊	0.09
蜂拥而来	0.09
石焕	0.09
光度	0.09
材料费	0.09
十点一	0.09
布莱欧	0.09
画派	0.09
成团	0.09
马奈	0.09
阿兰·希勒	0.09
雷米·勒博	0.09
雷山	0.09
淋巴腺	0.09
鲍勃琼斯	0.09
海皇星	0.09
乐都	0.09
敏感区	0.09
姜在景	0.09
卡布桥	0.09
甚笃	0.09
迪拉克	0.09
贾丝帕·艾尔文	0.09
尚泰	0.09
光州	0.09
艾布纳	0.09
马寿	0.09
维奥拉·海斯丁斯	0.09
马宏	0.09
埃坦	0.09
塔林	0.09
西蒙·德沃	0.09
玛丽卡·多诺索	0.09
卡西里亚	0.09
投产	0.09
乔尔·尼米克	0.09
通信兵	0.09
格哥	0.09
埃多	0.09
舝	0.09
西格尼	0.09
行方便	0.09
康涅	0.09
雨靴	0.09
高梅兹	0.09
整流	0.09
简·贝拉米	0.09
莫瑟尔	0.09
哈杰	0.09
镣	0.09
查尔斯·卡麦克	0.09
拉甘比娜	0.09
瑞琳	0.09
马里克	0.09
诺曼第	0.09
戴劳尔	0.09
强震	0.09
刘吉	0.09
航站楼	0.09
孺子	0.09
强音	0.09
变废为宝	0.09
半路出家	0.09
客客气气	0.09
巩膜	0.09
李维里	0.09
多姿	0.09
班迪尼	0.09
水陆	0.09
强雄	0.09
塞涅尔斯	0.09
肟	0.09
沧	0.09
蔷	0.09
迪拉姆	0.09
核裂变	0.09
满目	0.09
蓝冰	0.09
安全系数	0.09
马博	0.09
毛毛糙糙	0.09
尤妮卡·贝比亚	0.09
扣帽子	0.09
奥本纳	0.09
生非	0.09
阿提卡	0.09
石竹	0.09
君特泰勒	0.09
梅瑞特	0.09
超女	0.09
比丽	0.09
咋呼	0.09
阿琳·康罗伊	0.09
约翰·克里莫	0.09
泥垢	0.09
萨利耶里	0.09
莫宁	0.09
霍米尼	0.09
昂扬	0.09
法兰奇·杜瓦特	0.09
参赛队	0.09
圣狄思玛斯	0.09
莫塔	0.09
罗丝塔	0.09
吉丁斯	0.09
罗伯特·詹姆斯	0.09
道格拉斯·诺里斯	0.09
上告	0.09
埃迪森	0.09
莫平	0.09
卡泰	0.09
吾王	0.09
无产者	0.09
在押犯	0.09
两万六千	0.09
豪言壮语	0.09
走形式	0.09
踯躅	0.09
白领阶层	0.09
光会	0.09
烦嚣	0.09
马尔文·伯利	0.09
藤椅	0.09
凯夫曼	0.09
托马斯·杰弗逊	0.09
马友友	0.09
杰佛里	0.09
嫁祸于人	0.09
栈桥	0.09
佛莱迪普林兹	0.09
水货	0.09
四六	0.09
牙龈炎	0.09
雷丁	0.09
茸	0.09
詹尼佛	0.09
纳迪克	0.09
生肖	0.09
克林汉姆	0.09
麦克弗森	0.09
客轮	0.09
波斯顿	0.09
范德梅尔	0.09
札记	0.09
水芹	0.09
吉姆·麦凯	0.09
高寿	0.09
李翔	0.09
费里曼·海勒	0.09
芸芸	0.09
孕吐	0.09
哈姆纳特	0.09
帕维斯	0.09
莫克	0.09
弗兰克·瓦塞尔	0.09
天长日久	0.09
水螅	0.09
卡西莫多	0.09
救护所	0.09
玛菲特	0.09
韩松怡	0.09
朱迪斯	0.09
赫普	0.09
马莱娅	0.09
咕咚	0.09
布莱恩麦考菲	0.09
海华斯	0.09
庶	0.09
微血管	0.09
桑田	0.09
黑啤酒	0.09
四壁	0.09
芝华	0.09
乔治·克斯坦萨	0.09
中亚地区	0.09
廖	0.09
马尔科姆里弗斯	0.09
让乔治	0.09
卡布亚	0.09
石灰岩	0.09
四有	0.09
高扬	0.09
复工	0.09
郎左卫	0.09
核发	0.09
光笔	0.09
鼓面	0.09
沙里	0.09
汉诺	0.09
理查·基尔	0.09
传柳	0.09
闺秀	0.09
架式	0.09
花花肠子	0.09
高恩	0.09
卢嘉丽	0.09
复归	0.09
米哈伊尔	0.09
南京城	0.09
适应症	0.09
二万二	0.09
眼病	0.09
植根	0.09
悔不当初	0.09
肯达罗	0.09
散光	0.09
彩金	0.09
瑞娜	0.09
莫瑞斯	0.09
含笑	0.09
帕思特勒	0.09
莎拉·格拉布	0.09
神学家	0.09
桑佛德	0.09
高斯	0.09
余辉	0.09
受访者	0.09
比福	0.09
香川	0.09
吉姆·布鲁温	0.09
杰瑞·桑伯恩	0.09
布其诺	0.09
三四点	0.09
乌比·戈德堡	0.09
李亚	0.09
哈姆雷特里	0.09
鋼	0.09
斑岩	0.09
罗特布莱沃	0.09
亚当·苏特勒	0.09
周才艺	0.09
柳泰	0.09
米尔逊	0.09
润饰	0.09
卡斯提格里安	0.09
香普利	0.09
泰瑞·帕斯	0.09
哈达威	0.09
铺路石	0.09
盖乌斯·尤利乌斯·恺撒	0.09
雷特	0.09
三五成群	0.09
安的列斯群岛	0.09
止渴	0.09
格登	0.09
甲胄	0.09
势单力薄	0.09
大卫·鲍伊	0.09
格斯·席勒	0.09
勒布朗	0.09
胃穿孔	0.09
略胜一筹	0.09
中子弹	0.09
四十五分	0.09
奥尔德里奇	0.09
容昊	0.09
淡色	0.09
铲土机	0.09
汹涌澎湃	0.09
泠	0.09
申正洙	0.09
格灵	0.09
干贝	0.09
霞尔	0.09
南京市	0.09
莫里桑纳	0.09
伦斯	0.09
三四百	0.09
凯特林·乌邦	0.09
代换	0.09
光球	0.09
瑞儿	0.09
扬鞭	0.09
山崎	0.09
复利	0.09
苦大仇深	0.09
瑞兹	0.09
高汤	0.09
希拉里·费依	0.09
纡	0.09
敦巴尔	0.09
凯拉·肯内利	0.09
楯	0.09
保守主义	0.09
皮尔斯·布鲁斯南	0.09
江东区	0.09
加姆林	0.09
诺亚·班内特	0.09
强心针	0.09
苏希	0.09
朱迪麦尔	0.09
制动器	0.09
本·马吉拉	0.09
博格达诺维奇	0.09
港务	0.09
杜普理	0.09
罗特威勒	0.09
桑娜	0.09
克洛诺斯	0.09
柳真	0.09
东基	0.09
桑妮	0.09
艾尔维斯·斯托伊科	0.09
扬尘	0.09
藤井	0.09
子程序	0.09
科学馆	0.09
金智功	0.09
增益	0.09
光标	0.09
垄断者	0.09
向井君	0.09
厚薄	0.09
尼安德特	0.09
十三四	0.09
信教者	0.09
喜形于色	0.09
立传	0.09
达拉丝	0.09
街面	0.09
酗	0.09
夏洛特·卢卡斯	0.09
拉斯克里涅克夫	0.09
布瑞格拉	0.09
刘氏	0.09
夜盲症	0.09
布莱德威克	0.09
时代感	0.09
表叔	0.09
弗顿	0.09
搶	0.09
甜椒	0.09
索多玛	0.09
颤颤巍巍	0.09
雷波	0.09
魟	0.09
沙虫	0.09
粒子束	0.09
戴米恩·奥多诺万	0.09
本·考尔德	0.09
代管	0.09
翱	0.09
亿万分之一	0.09
塔奇	0.09
塔夫	0.09
李元	0.09
培克汉姆	0.09
成方	0.09
马毛	0.09
爱隆	0.09
华彩	0.09
杰克·罗宾逊	0.09
浮桥	0.09
涂装	0.09
马撒	0.09
马放	0.09
庚	0.09
翻然	0.09
赠言	0.09
唐纳德·拉姆斯菲尔德	0.09
马昆	0.09
甲酸	0.09
尼尔·戴蒙德	0.09
教育界	0.09
菲尔兹	0.09
叶·泰	0.09
威德尼	0.09
一百二十万	0.09
西汉	0.09
偏巧	0.09
捶胸顿足	0.09
浮沉	0.09
沙迪	0.09
蒙特	0.09
传种	0.09
瞩	0.09
乌纱帽	0.09
热汤面	0.09
特鲁戴尔	0.09
亚莉莎	0.09
临街	0.09
李宽	0.09
李安	0.09
整备	0.09
童男	0.09
春装	0.09
爱鸟	0.09
水灵灵	0.09
背鳍	0.09
黛比·吉布森	0.09
奈利斯	0.09
雷曼	0.09
苏兰	0.09
祯	0.09
法夫	0.09
萨曼莎·琼斯	0.09
贝克施密特	0.09
干扰素	0.09
盘绕	0.09
兵兵	0.09
克莱门特	0.09
扎瑞	0.09
格鲁	0.09
层叠	0.09
纳森	0.09
子秀	0.09
成都	0.09
基德·洛克	0.09
阿维尼	0.09
詹姆斯·马丁	0.09
布特·雷诺茨	0.09
同源	0.09
草履虫	0.09
刻度盘	0.09
奇缺	0.09
停机场	0.09
犯戒	0.09
希尔维	0.09
二十日	0.09
捏一把汗	0.09
易希	0.09
超贵	0.09
沙石	0.09
良江	0.09
保罗·莫蒙特	0.09
沙盘	0.09
艾摩·麦奎伊	0.09
钱放	0.09
增至	0.09
奇绝	0.09
罗凯利	0.09
爱来	0.09
杜兰特	0.09
塔巴可夫	0.09
圡	0.09
雷龙	0.09
装卸工	0.09
拉乌莉·雷蒙斯	0.09
奥尔布莱特	0.09
布莱特妮	0.09
亏了	0.09
水力发电	0.09
翠儿	0.09
水层	0.09
查询台	0.09
水厂	0.09
寻根究底	0.09
崔心玉	0.09
图林根	0.09
第五十二	0.09
罗伊·切丝	0.09
民乐	0.09
强压	0.09
牛毛	0.09
呓	0.09
皮托利	0.09
装门面	0.09
童艺	0.09
牧歌	0.09
硕鼠	0.09
朴梦苏	0.09
山德斯	0.09
政法	0.09
玛撒	0.09
艺术片	0.09
魁刚	0.09
夏洛特·斯吉伦	0.09
裴相镇	0.09
杈	0.09
浮鲁卡·索尔特	0.09
雷蒙德·拉洛克	0.09
弗朗	0.09
纳拉	0.09
米尔特	0.09
柯辛路	0.09
贝尔维尔堡	0.09
丹里瑞	0.09
不惑之年	0.09
爱兹拉	0.09
塞志	0.09
水城	0.09
床板	0.09
克罗克	0.09
尤里·莫丁	0.09
法恩斯沃茨	0.09
无线电台	0.09
干流	0.09
加斯特森	0.09
停机库	0.09
余数	0.09
李俊植	0.09
金赫	0.09
鲁格尔	0.09
塞州	0.09
成鱼	0.09
演义	0.09
沃伦·凡德高	0.09
今敏	0.09
传诵	0.09
余晖	0.09
甲方	0.09
赠给	0.09
杏树	0.09
斯盖拉	0.09
抗寒	0.09
约莫	0.09
淘汰制	0.09
沙米	0.09
默祷	0.09
克瑞恩	0.09
苏英	0.09
理查德·扬	0.09
多丽茨	0.09
爱丽丝·梅	0.09
安吉丽卡·德·阿尔奎萨	0.09
霄	0.09
本莎	0.09
米尔森	0.09
使用率	0.09
马费	0.09
奥布里·理查森	0.09
马康	0.09
德拉科	0.09
利利曼	0.09
埃托罗	0.09
抗震	0.09
海德雷	0.09
王玲	0.09
螺蛳	0.09
热尔韦	0.09
佯攻	0.09
病愈	0.09
少时	0.09
斯比	0.09
波斯卡	0.09
翻飞	0.09
汤姆·斯达克	0.09
凯文·三达斯基	0.09
勒扎克	0.09
青壮年	0.09
斯威特	0.09
奥兰多·布鲁姆	0.09
浮萍	0.09
恣	0.09
政吉	0.09
选种	0.09
易位	0.09
杀灭	0.09
哞哞	0.09
迈瑞	0.09
布鲁明戴尔	0.09
锅铲	0.09
金·诺瓦克	0.09
硝酸钠	0.09
百分之八	0.09
土库曼斯坦	0.09
埃里克·道尔	0.09
芸	0.09
罗恩卫斯理	0.09
克列夫	0.09
扎手	0.09
逃匿	0.09
雷德蒙	0.09
悲壮	0.09
米娜·霍伊特	0.09
家长里短	0.09
豪·约翰逊	0.09
病根	0.09
玛琪	0.09
蓝藻	0.09
马蝇	0.09
赠款	0.09
生生的	0.09
是佑	0.09
方提斯	0.09
彩棚	0.09
鼓槌	0.09
胎气	0.09
七八年	0.09
蒙特斯奇	0.09
民宇	0.09
抱不平	0.09
斯特萨克	0.09
敌阵	0.09
格莱	0.09
豆腐皮	0.09
伯尔曼	0.09
酿酒业	0.09
马芬	0.09
威廉·霍尔顿	0.09
姜秀珍	0.09
沙河	0.09
化境	0.09
令人捧腹	0.09
父系	0.09
马莱	0.09
塞玛	0.09
有机磷	0.09
拉斯维加	0.09
合股	0.09
盖洛德·福克尔	0.09
水笔	0.09
玛仕	0.09
拍卖商	0.09
东熙	0.09
证监会	0.09
珍妮弗·洛佩兹	0.09
哲学系	0.09
注册处	0.09
彩图	0.09
策动	0.09
伽拉夏	0.09
踩水	0.09
避嫌	0.09
武师	0.09
硝石	0.09
布拉德肖	0.09
沃特·柯敏斯	0.09
凯特·霍马斯	0.09
齿冠	0.09
第一千零一	0.09
虬	0.09
冥顽不灵	0.09
江河日下	0.09
借故	0.09
抗热	0.09
艾比卡尔	0.09
伯里克利	0.09
查碧特斯基	0.09
任人唯亲	0.09
麦诺亚	0.09
见所未见	0.09
法翁	0.09
但凯西	0.09
胡森	0.09
甲尼撒	0.09
齐林斯基	0.09
临刑	0.09
法纪	0.09
戴菲路易士	0.09
休业	0.09
议定	0.09
弗瑞克	0.09
皮克斯	0.09
信心百倍	0.09
客帮	0.09
格利高里·派克	0.09
塞萨洛尼基	0.09
吾辈	0.09
发球权	0.09
外包装	0.09
哈利贝瑞	0.09
病容	0.09
沙夏	0.09
西格弗里德	0.09
阿兰·辛克莱尔	0.09
沙夫	0.09
花鸟	0.09
掛	0.09
书斋	0.09
尼桑	0.09
过失罪	0.09
沙堆	0.09
洗印	0.09
硅酮	0.09
重元素	0.09
弗拉格斯塔夫	0.09
不辱使命	0.09
展览室	0.09
卡尔·丹汉姆	0.09
西莲	0.09
兵士	0.09
脱钩	0.09
水疱	0.09
诺亚·丹尼尔斯	0.09
庞贝城	0.09
艾尔维·乔克埃尔	0.09
陆虎	0.09
布迪镇	0.09
沙岩	0.09
早婚	0.09
塞拉芬娜·佩卡拉	0.09
马自达	0.09
克莱尔·乔治	0.09
哈菲	0.09
限令	0.09
胶体	0.09
吉玛·霍尼卡特	0.09
梅德斯通	0.09
架起	0.09
冒险性	0.09
能屈能伸	0.09
欧文·马修斯	0.09
布莱默	0.09
顆	0.09
金佑泽	0.09
约翰·马吉	0.09
祖伊·赖斯	0.09
汉密	0.09
父兄	0.09
伏尔	0.09
破烂不堪	0.09
抗暴	0.09
斯高	0.09
教委	0.09
圣卡罗	0.09
获得性	0.09
榖	0.09
东西进	0.09
杰森朴	0.09
亚当·西姆斯	0.09
教头	0.09
良苦用心	0.09
纳巴	0.09
摩拉雷	0.09
纳尔	0.09
韩德尔	0.09
史蒂夫·凯撒	0.09
汉尼	0.09
普兰蒂斯	0.09
纺锤	0.09
亚拉松	0.09
罗加斯	0.09
科瑞格	0.09
玛妮	0.09
选学	0.09
余弦	0.09
瑞奇利	0.09
瑞博森	0.09
考德维尔	0.09
告急	0.09
火车皮	0.09
汉兹	0.09
塔霍	0.09
爱莲娜	0.09
周森	0.09
德拉克	0.09
化纤	0.09
街巷	0.09
地对地	0.09
脑际	0.09
坡地	0.09
种猪	0.09
侃侃而谈	0.09
细密	0.09
内珀维尔	0.09
分块	0.09
瑞蒙	0.09
临了	0.09
埃姆贝雷	0.09
街心	0.09
施普力	0.09
晶状体	0.09
爱媛	0.09
马里卡	0.09
盖格南	0.09
瑞茜	0.09
班宁堡	0.09
玛勒	0.09
总分	0.09
议价	0.09
金俊仁	0.09
麝鼠	0.09
希拉克	0.09
艾迪纳什	0.09
耿	0.09
言和	0.09
名垂千古	0.09
布朗士	0.09
硅藻	0.09
克拉克盖博	0.09
饭来张口	0.09
橹	0.09
路修斯	0.09
普莱尔	0.09
条绒	0.09
阿尔瓦拉	0.09
哈夫瑞吉·汤彼特·邦皮特	0.09
萨拉·梅拉丝	0.09
圣罗兰	0.09
罗路克	0.09
麦克尔·杰克逊	0.09
凝脂	0.09
人寿	0.09
坤	0.09
下苦功	0.09
德尔伍德	0.09
新址	0.09
巩	0.09
丹尼·索恩	0.09
苦刑	0.09
偏振光	0.09
格涅乌斯·庞贝·麦格纳斯	0.09
前言不搭后语	0.09
洛佩	0.09
则已	0.09
罗西尼	0.09
醉话	0.09
约翰·冯·沃尔夫豪森	0.09
小达米安	0.09
史洛摩	0.09
阿尔伯特·派克	0.09
侧卧	0.09
创刊号	0.09
罗里奥	0.09
统一体	0.09
人次	0.09
哈德巴赫	0.09
小熊座	0.09
尽数	0.09
考入	0.09
米歇尔·拉格兰德	0.09
伯朗宁	0.09
阿玛朵	0.09
基布利	0.09
露西·威尔特默	0.09
肖斯塔科维奇	0.09
斯托布莱治	0.09
米安人	0.09
韩仁锡	0.09
颔	0.09
条码	0.09
蒙泰尔	0.09
基本法	0.09
爱丽舍	0.09
规例	0.09
还乡	0.09
智人	0.09
罗纳尔迪尼奥	0.09
指挥舰	0.09
本科生	0.09
鄙弃	0.09
哈恩	0.09
彼得拉夫勒	0.09
卡马洛	0.09
克里斯多弗	0.09
自然保护区	0.09
斯威士兰	0.09
脓血	0.09
卡曼奇	0.09
生啤酒	0.09
参赞	0.09
艾米利亚	0.09
贾维尔	0.09
卡尼斯	0.09
克劳利	0.09
圆白菜	0.09
圣·约瑟夫	0.09
史派克	0.09
巴赫曼	0.09
吉赛尔·莱维	0.09
就手	0.09
珍荣	0.09
伊莱斯	0.09
利普	0.09
萨伦	0.09
金刚经	0.09
柯克·拉扎勒斯	0.09
窝头	0.09
三郎	0.09
斯特拉福	0.09
锦城	0.09
盖普	0.09
申冤	0.09
罗珊	0.09
赫丝特	0.09
非一日之寒	0.09
舍近求远	0.09
悔罪	0.09
塞维利亚	0.09
菲尔莫尔	0.09
罗思克	0.09
枯骨	0.09
串供	0.09
苦味	0.09
慕名	0.09
见笑	0.09
奥瑞克	0.09
迈迪森	0.09
暴龙	0.09
高彰坤	0.09
沙洛伦	0.09
膝伤	0.09
听由	0.09
谢天	0.09
相春	0.09
话把	0.09
老城	0.09
新南威尔士	0.09
格兰仕	0.09
二十二万	0.09
沾光	0.09
打照面	0.09
光宗耀祖	0.09
西域	0.09
胡志明市	0.09
默里山	0.09
丹尼尔·班森	0.09
麦费德	0.09
纳西·威廉姆斯	0.09
上数百万	0.09
里奇迪	0.09
练习簿	0.09
智功	0.09
陈规陋习	0.09
洛夫	0.09
亚当·斯坦顿	0.09
大奥普利	0.09
补给站	0.09
酸牛奶	0.09
老史	0.09
离乡背井	0.09
老卜	0.09
弄臣	0.09
耳听为虚	0.09
克兰布鲁	0.09
巴图	0.09
单口	0.09
揭竿而起	0.09
敦刻尔克	0.09
钢丝绳	0.09
西化	0.09
票面	0.09
米切·威尔金森	0.09
眼馋	0.09
维多利亚州	0.09
吹动	0.09
娇滴滴	0.09
铁齐	0.09
达尔布斯	0.09
歌斐木	0.09
抄件	0.09
鞭炮声	0.09
老幺	0.09
老帅	0.09
袜带	0.09
潘尼贝克	0.09
茶楼	0.09
笃尔	0.09
倒像	0.09
孟德斯	0.09
供给量	0.09
后继有人	0.09
授奖	0.09
老张	0.09
钟万	0.09
迪亚·范迪	0.09
哐啷	0.09
吉蒂	0.09
倒叙	0.09
老尹	0.09
洒遍	0.09
一桩桩	0.09
鲍伯·罗斯	0.09
聂小倩	0.09
倒刺	0.09
区段	0.09
拉扎勒斯	0.09
玛拉辛格	0.09
西平	0.09
西梅干	0.09
假说	0.09
响鼻	0.09
史考特费佛	0.09
四边形	0.09
三段论	0.09
瓦尼萨	0.09
寅美	0.09
辛伯	0.09
阿布杜拉	0.09
杜布罗夫尼克	0.09
罗思	0.09
送殡	0.09
艾希尔	0.09
藻	0.09
西宝	0.09
巴廷	0.09
路口处	0.09
骄兵必败	0.09
池田	0.09
卡斯伯	0.09
亚历山大·柯文纳斯	0.09
抠字眼	0.09
漏光	0.09
东方航空	0.09
史麦利	0.09
新井	0.09
萨扬	0.09
埃戈西奥	0.09
德拉斯·德·摩尔	0.09
克瑞斯托	0.09
屈班娜	0.09
排印	0.09
莱彼德斯	0.09
罗尔	0.09
老杰	0.09
单摆	0.09
罗弗	0.09
巴托	0.09
科宾·塞拉斯	0.09
伊斯玛尔	0.09
疏解	0.09
隆巴顿	0.09
欠税	0.09
鹾	0.09
卡米	0.09
艾布拉姆	0.09
罗夫	0.09
塞伦盖蒂	0.09
安全玻璃	0.09
阿戈尔	0.09
利丝	0.09
阿汉尼	0.09
总预算	0.09
咕嘟	0.09
辅料	0.09
布鲁姆菲尔	0.09
陪审席	0.09
温德翰姆	0.09
本·富兰克林	0.09
讪笑	0.09
巴杜	0.09
西斯庭	0.09
商业委员会	0.09
加盟店	0.09
马拉松式	0.09
埃姆斯	0.09
椽子	0.09
前哨战	0.09
康敏斯	0.09
走马观花	0.09
本·克莱恩	0.09
戏剧界	0.09
弗洛伦斯	0.09
醇酒	0.09
西沙	0.09
宅院	0.09
罗吉	0.09
西泮	0.09
奔走相告	0.09
周前刚	0.09
六点三	0.09
卡洛瑟	0.09
寻的	0.09
麦克斯韦	0.09
施蒂芬妮	0.09
波儿士摩	0.09
检疫站	0.09
娜·伯朗特	0.09
多诺特莱	0.09
桀骜不驯	0.09
萨梅	0.09
排头	0.09
莫奥克丝	0.09
盖乌斯·屋大维·凯撒	0.09
同步卫星	0.09
汤真	0.09
谢拉	0.09
原十兵	0.09
不祥之兆	0.09
海产品	0.09
倒扣	0.09
泰德·邦迪	0.09
比立斯	0.09
丰姿	0.09
卡尔迈克尔	0.09
艾伦·乌尔夫	0.09
既得利益	0.09
斑块	0.09
帕瓦蒂	0.09
西格	0.09
主攻手	0.09
范德阿	0.09
验票	0.09
弑君	0.09
石九	0.09
罗卡	0.09
歪门邪道	0.09
屠龙客	0.09
蒙特克	0.09
四平八稳	0.09
阿查莱塔	0.09
阿兰佐	0.09
加拉帕哥斯	0.09
帝刚	0.09
尿道炎	0.09
悟性	0.09
炳真	0.09
恋歌	0.09
捍	0.09
利娅	0.09
伦皮拉	0.09
纳可杜契斯	0.09
伊丽莎白·马斯特逊	0.09
利多	0.09
秋夜	0.09
维奇·山德士	0.09
验明	0.09
弗斯·汤玛斯	0.09
售后服务	0.09
讲习班	0.09
墠	0.09
老生	0.09
串珠	0.09
羊肠小道	0.09
肾炎	0.09
维尔金斯	0.09
鸸鹋	0.09
讼案	0.09
吃闲饭	0.09
氧化铁	0.09
眉睫	0.09
老父	0.09
热水袋	0.09
凯普·克朗布尔	0.09
萨拉·沃克	0.09
威尔考克斯	0.09
声声	0.09
克劳恩	0.09
不顾死活	0.09
休止符	0.09
眉梢	0.09
载运	0.09
哥林多	0.09
佳洁士	0.09
珍妮芙	0.09
相乘	0.09
克莉奥佩特	0.09
匿迹	0.09
触类旁通	0.09
炆	0.09
老罗	0.09
划得来	0.09
倒灌	0.09
丝衣	0.09
申斥	0.09
罗杰·科玛克	0.09
节流阀	0.09
敕	0.09
威夫勒	0.09
莫希	0.09
开小灶	0.09
泥人	0.09
沃菲尔德	0.09
粮袋	0.09
学部	0.09
序数	0.09
汤姆索亚	0.09
正经八百	0.09
直拉	0.09
佛丘	0.09
罗伯特·汉森	0.09
艾龙莫斯力	0.09
斯文生	0.09
宅门	0.09
速食店	0.09
试药	0.09
肖尼斯	0.09
塔瓦瑞	0.09
正房	0.09
渭	0.09
滂	0.09
黢	0.09
錾	0.09
旎	0.09
娆	0.09
脔	0.09
丞	0.09
殄	0.09
蝰	0.09
歃	0.09
愎	0.09
鲇	0.09
幄	0.09
龃	0.09
遴	0.09
忪	0.09
饽	0.09
楂	0.09
殚	0.09
萸	0.09
汩	0.09
豢	0.09
宦	0.09
旖	0.09
郸	0.09
粼	0.09
舢	0.09
龉	0.09
菡	0.09
霖	0.09
邯	0.09
逵	0.09
奸险	0.06
温克会	0.06
先人后己	0.06
贺克	0.06
尤迪	0.06
古利	0.06
坦途	0.06
截留	0.06
科利·布莱恩特	0.06
须眉	0.06
真剑	0.06
韦斯特伯特·格雷	0.06
峨	0.06
霍尼卡特	0.06
詹姆斯·格瑞格里	0.06
含金量	0.06
张萍梅	0.06
供应量	0.06
刚飞	0.06
查德·迈克尔·莫瑞	0.06
威特基	0.06
诉讼法	0.06
我好	0.06
太公	0.06
克利夫·柯蒂斯	0.06
气节	0.06
让希尔	0.06
依依	0.06
悲凉	0.06
幸会	0.06
赫坦古	0.06
单人滑	0.06
本宁堡	0.06
金翰诚	0.06
荏	0.06
哈福	0.06
安米南	0.06
方方正正	0.06
近程	0.06
辊	0.06
安田	0.06
斯科蒂·格里菲斯	0.06
梅斯勒	0.06
古刹	0.06
切瑞山	0.06
阿克斯曼	0.06
亚哥	0.06
凯文·科斯特纳	0.06
彼得杰克森	0.06
李亨浩	0.06
细菌学	0.06
亨利·克劳福特	0.06
古兹	0.06
握力	0.06
胜似	0.06
维克多·沃斯	0.06
亚卡	0.06
刀削面	0.06
类型学	0.06
次年	0.06
米勒娃	0.06
夏瓦尔玛	0.06
历经沧桑	0.06
奥威尔	0.06
信号旗	0.06
摘抄	0.06
安珂	0.06
传道授业	0.06
辞令	0.06
井上健治	0.06
斯滕森	0.06
马加比	0.06
岸线	0.06
卡利姆	0.06
计年	0.06
米利亚姆	0.06
鑷	0.06
查卷	0.06
鞭长莫及	0.06
马卡洛夫	0.06
金士河	0.06
大卫格里恩	0.06
拉莱吉	0.06
电热水壶	0.06
博耐	0.06
卢娜	0.06
莱蒂提亚	0.06
演唱家	0.06
博达	0.06
离间计	0.06
美吉塔	0.06
米兰特	0.06
莉雅	0.06
汤姆马伦	0.06
查理·福特	0.06
莱昂内尔·汉普顿	0.06
古安	0.06
后母	0.06
马特·戴蒙	0.06
阿戴尔	0.06
尹京浩	0.06
巴维尔·齐洛夫	0.06
职衔	0.06
雷·查尔斯·罗宾逊	0.06
票台	0.06
太多	0.06
檫	0.06
弗拉特利	0.06
缘起	0.06
纯收入	0.06
萨尔曼·拉什迪	0.06
保琳	0.06
阿拉比斯	0.06
伊里亚德	0.06
冰原	0.06
阳物和	0.06
肋间肌	0.06
坎特尔	0.06
阿兰·锡克	0.06
汇编	0.06
我县	0.06
鲍沃斯	0.06
折扇	0.06
刷白	0.06
叶由纪彦	0.06
真好	0.06
迈克尔·麦克唐纳德	0.06
亚子	0.06
进价	0.06
溜滑	0.06
郝伊	0.06
阿旭	0.06
一千三	0.06
安塞姆	0.06
让利	0.06
真希	0.06
南京东路	0.06
大东	0.06
标定	0.06
塔琼达	0.06
恭谦	0.06
黛安·阿勒丝	0.06
查奇	0.06
五十七	0.06
亚娜	0.06
西奥菲勒	0.06
科沃特	0.06
三角铁	0.06
进位	0.06
砹	0.06
阿布拉卡达布拉	0.06
多礼	0.06
安克哈	0.06
卡帕迪亚	0.06
激光灯	0.06
查娜	0.06
岌	0.06
猴戏	0.06
玛格丽特·拉维尔	0.06
史来福	0.06
小辛	0.06
其时	0.06
让尼	0.06
克劳斯·法斯宾德	0.06
安祥	0.06
凯伦·戴维斯	0.06
民主化	0.06
卡麦·曼丘	0.06
芦柴	0.06
简·西摩	0.06
四十一	0.06
分列式	0.06
汤力水	0.06
护理部	0.06
安福	0.06
李和凯	0.06
书摊	0.06
大势	0.06
白化	0.06
賓	0.06
罗克珊	0.06
后父	0.06
邓尼茨	0.06
二老	0.06
减震	0.06
热电偶	0.06
灭火枪	0.06
效法	0.06
刘易斯·菲尔德曼	0.06
安杰	0.06
织女星	0.06
大卢	0.06
米力瓦利	0.06
小艾	0.06
全后庭	0.06
满坑满谷	0.06
史戴西佩	0.06
卢佩	0.06
桧	0.06
冲绳县	0.06
斯密德	0.06
打擂台	0.06
哈塔米	0.06
奥顿多	0.06
史蒂德	0.06
普利	0.06
有所不为	0.06
次女	0.06
医理	0.06
嫌隙	0.06
白地	0.06
卡斯特洛	0.06
小长	0.06
肠套叠	0.06
山姆·克撒	0.06
小舌	0.06
杰西·华莱士	0.06
班斯基	0.06
待查	0.06
强弩之末	0.06
介面	0.06
依奇	0.06
奥莱温利·摩斯	0.06
无为而治	0.06
白城	0.06
斯科特托马斯	0.06
汤米·里·琼斯	0.06
八点五	0.06
丽志	0.06
阳面	0.06
百废待兴	0.06
斯戴克	0.06
伊兰迪尔	0.06
麦克·阿罗墨威茨	0.06
计价	0.06
多抗	0.06
博金	0.06
丰迪拉	0.06
外侨	0.06
太医	0.06
大君	0.06
多戈	0.06
气闷	0.06
乔西·艾斯科雷奇	0.06
大员	0.06
花生豆	0.06
萨拉松	0.06
王瑞秀	0.06
凯地	0.06
盖尼斯	0.06
丽水市	0.06
奸臣	0.06
一百二十	0.06
马德琳·舒尔	0.06
蹑	0.06
加马汀	0.06
金成一	0.06
曼密欧	0.06
础	0.06
豪华型	0.06
白子	0.06
泽木	0.06
保曼	0.06
杰奎琳·肯尼迪	0.06
波希米拉	0.06
坐卧不安	0.06
大宝	0.06
瑞米·布里桑	0.06
大安	0.06
汇流	0.06
天一	0.06
压境	0.06
大帕皮	0.06
蟹黄	0.06
阿拉瑞德	0.06
比乔丹	0.06
三分之	0.06
马卡多	0.06
藤村	0.06
组装车	0.06
贝拉拉	0.06
扎克莉	0.06
乌苏拉	0.06
王安莉	0.06
后福	0.06
吴汪才	0.06
萨瓦尔	0.06
涡旋	0.06
白塞	0.06
大姆	0.06
安东尼·明格拉	0.06
集权	0.06
弗朗克林	0.06
约翰·克雷塞	0.06
阿兰·扎尔夫	0.06
瑞得·摩根	0.06
镇守	0.06
挖墙脚	0.06
白士	0.06
埃塞斯	0.06
霍莉根	0.06
靳	0.06
尼克尔	0.06
露安	0.06
伯马尼	0.06
普巴	0.06
硬梆梆	0.06
罗梅洛	0.06
塔伦蒂诺	0.06
空暇	0.06
托马斯·哈代	0.06
凤头燕鸥	0.06
大平	0.06
妮奇	0.06
依兰	0.06
白带	0.06
安歌	0.06
稚	0.06
胜势	0.06
消毒药	0.06
白干	0.06
外功	0.06
克斯龙	0.06
维珍妮亚	0.06
贤德	0.06
赖丘·斯本森	0.06
贺伦	0.06
喜上眉梢	0.06
弗瑞迪·威尔逊	0.06
安格	0.06
吽	0.06
秉公执法	0.06
两百二十五	0.06
白工	0.06
亚里山德拉	0.06
小鹰	0.06
逗哏	0.06
普度	0.06
弼	0.06
约翰·巴特	0.06
奥伦奇	0.06
额数	0.06
网通	0.06
多哈	0.06
太烈	0.06
消暑	0.06
安嘉	0.06
陈永仁	0.06
车水马龙	0.06
特雷诺	0.06
佛瑞德·宾汉	0.06
维斯特伍德	0.06
個	0.06
出冷汗	0.06
叙说	0.06
地黄	0.06
安第斯山脉	0.06
诺奇	0.06
冰砖	0.06
愁苦	0.06
对骂	0.06
莎拉·劳伦斯	0.06
空客	0.06
暖暖和和	0.06
布莱恩·盖奇	0.06
科杰	0.06
韦迪娜	0.06
丽比	0.06
大捷	0.06
圣顿	0.06
保德	0.06
二千八百万	0.06
罗瑟琳	0.06
乔福斯克	0.06
院中	0.06
安玛	0.06
查盖	0.06
伊戈尔·伊戈尔斯坦	0.06
卡力	0.06
索维托	0.06
约翰·卡什	0.06
权能	0.06
蜂王	0.06
胚胎学	0.06
由衷之言	0.06
阿纳海姆市	0.06
一点一百万	0.06
贺特	0.06
百度	0.06
帕金斯镇	0.06
伍尔里奇	0.06
和埃莉诺	0.06
货运单	0.06
九一一	0.06
查尔斯·阿特拉斯	0.06
销子	0.06
宗孙	0.06
亚里桑那	0.06
普施	0.06
大显	0.06
根州	0.06
安妮·斯坦顿	0.06
其三	0.06
化学战	0.06
汇兑	0.06
麻金多希	0.06
盈眶	0.06
树龄	0.06
帕比	0.06
怙	0.06
爱瑞秋	0.06
艾丽雅斯·克拉克	0.06
保定	0.06
欧布赖恩	0.06
氨气	0.06
多莫特·施纳德	0.06
桑菲尔德	0.06
爱里克	0.06
阿斯图里亚斯	0.06
波提切利	0.06
近年	0.06
马尔文杜	0.06
斯科菲尔德	0.06
亚斯特姆斯基	0.06
太子港	0.06
躬身	0.06
炮位	0.06
金荷娜	0.06
古德斯坦	0.06
根底	0.06
米尔斯·麦卡姆	0.06
安提克	0.06
供稿	0.06
腆	0.06
高庚	0.06
武运常	0.06
炒冷饭	0.06
亚美	0.06
加西克	0.06
约翰伟恩	0.06
格里马	0.06
卫丹维尔	0.06
乔·亚当斯	0.06
埃迪·拉扎勒斯	0.06
乔伊·克斯克	0.06
劣等货	0.06
犀鸟	0.06
传播学	0.06
阿尔耶斯克	0.06
莫比·迪克	0.06
皮特梅尔	0.06
科技馆	0.06
祢	0.06
鱼目混珠	0.06
米尔特·肖	0.06
耳聪目明	0.06
彼得·布莱德	0.06
宋敏露	0.06
多里奥	0.06
莱斯顿	0.06
亚米	0.06
偷漏税	0.06
大楣	0.06
大楚	0.06
公共性	0.06
钢轨	0.06
罗姗娜	0.06
门德斯	0.06
后任	0.06
毛收入	0.06
阿卡托里	0.06
膘肥体壮	0.06
金·哈克曼	0.06
让特	0.06
本义	0.06
凯泽	0.06
普法	0.06
掟	0.06
核技术	0.06
菟	0.06
多妮	0.06
埃美利亚	0.06
工具房	0.06
根绳	0.06
宋忠昆	0.06
多夫	0.06
侧重点	0.06
布尔罕山	0.06
安客	0.06
权谋	0.06
大油	0.06
杰克·费舍尔	0.06
泽农	0.06
阿桑尼	0.06
稀有金属	0.06
屈光度	0.06
周济	0.06
贾迈勒	0.06
亚科	0.06
贤泰	0.06
巴达哥尼亚	0.06
比格尔	0.06
法瑞斯	0.06
叩首	0.06
安格利亚	0.06
罗尔沙赫	0.06
安奇	0.06
权责	0.06
赛德里克	0.06
词汇表	0.06
零七	0.06
一病不起	0.06
贤淑	0.06
一只只	0.06
笑成	0.06
普渡	0.06
苏福尔斯	0.06
零八	0.06
潭水	0.06
岩特	0.06
卢博克	0.06
孙玉梅	0.06
发射极	0.06
莱斯莉	0.06
不容乐观	0.06
西蒙·考威尔	0.06
席米恩·怀斯	0.06
大班	0.06
霍华德·史达克	0.06
杜韦利	0.06
安那卡	0.06
卢氏	0.06
李善英	0.06
基努里维斯	0.06
金尼森	0.06
黄宝玲	0.06
零十	0.06
雷雨云	0.06
亮堂	0.06
马德尔	0.06
葛雷哥	0.06
红富士	0.06
尼娜·迈尔斯	0.06
斯图·克芬哈夫	0.06
查尔斯·厄文·巴托斯基	0.06
尼尔·史密斯	0.06
拉格费尔德	0.06
伯娜黛特	0.06
汤米·史密斯	0.06
查尔斯·曼森	0.06
救苦救难	0.06
畅想	0.06
李祥赫	0.06
圣言	0.06
磁悬浮	0.06
黎曼	0.06
宝时捷	0.06
三番五次	0.06
院墙	0.06
树身	0.06
栽倒	0.06
嘙	0.06
凯瑟琳·楞	0.06
重聚	0.06
微贱	0.06
蛰居	0.06
赛布莉娜	0.06
乔丹之	0.06
松鼠猴	0.06
晌午	0.06
丽纳	0.06
小马林	0.06
莫萨德	0.06
三点十	0.06
霜花	0.06
正职	0.06
里弗赛德	0.06
三八一	0.06
博大精深	0.06
韦斯本汀	0.06
优利亚的赛维莉娅	0.06
卷发夹	0.06
民风	0.06
高强	0.06
圣洛伦佐	0.06
可辨	0.06
索斯比	0.06
麻美	0.06
丽美	0.06
圣达	0.06
汤姆·迪	0.06
大瑾	0.06
小马斯	0.06
塞贝	0.06
近东	0.06
高申淑	0.06
郑永新	0.06
可赛	0.06
萍	0.06
尼古拉·特斯拉	0.06
输送带	0.06
贺曼	0.06
书局	0.06
苏润姬	0.06
大跃进	0.06
履约	0.06
范霍恩	0.06
凯文·唐纳利	0.06
折光	0.06
克郡	0.06
悲欢	0.06
安云	0.06
德索托	0.06
一箱箱	0.06
鲁迪·卡奇斯	0.06
露易丝·兰	0.06
圣路易市	0.06
卫哥帝	0.06
麻仓	0.06
踏勘	0.06
十十	0.06
戴西阿姆斯特朗	0.06
哈蒂·梅	0.06
会做人	0.06
代斯汀	0.06
朱特人	0.06
书册	0.06
道袍	0.06
小裕	0.06
夏妮	0.06
猛男	0.06
聊以	0.06
圣药	0.06
迪凯特	0.06
奥萨姆	0.06
安娜·华莱士	0.06
多俊	0.06
斯泰纳	0.06
凯笛	0.06
圣芳	0.06
胡戈·波士	0.06
哲布伦·海杰	0.06
德加尔多	0.06
家政学	0.06
兰迪斯	0.06
德特曼	0.06
冉	0.06
阜	0.06
蒙特卡罗	0.06
穆米亚·阿布	0.06
崔恩	0.06
慎选	0.06
书城	0.06
伊娃·本尼泰兹	0.06
波雷米歇尔	0.06
布鲁菲德	0.06
泰德·科贝尔	0.06
后年	0.06
阿尔泰亚	0.06
盖乌斯·朱利叶斯·恺撒	0.06
费德勒格林市	0.06
西尔瓦梅尔维尔	0.06
路易斯维尔市	0.06
李泽东	0.06
那天华	0.06
尤里·萨瓦洛夫	0.06
补缺	0.06
树蜂	0.06
莫·阿布德·阿吉姆	0.06
克里托斯	0.06
杰克斯派洛	0.06
弗雷克	0.06
斯坦利维尔森	0.06
太清	0.06
金成植	0.06
真淑	0.06
当事者	0.06
晦	0.06
金晋生	0.06
乔·布朗	0.06
掷地有声	0.06
达皮古	0.06
我本	0.06
吊顶	0.06
施汀生	0.06
立法权	0.06
汗流满面	0.06
太婆	0.06
慰问品	0.06
毛器	0.06
希格弗里德	0.06
吉思	0.06
苏珊威尔	0.06
三万九千	0.06
朱利昂尼	0.06
张惠	0.06
爱安娜	0.06
威利·温卡	0.06
梁山	0.06
莫库里奥	0.06
木幸平	0.06
麦罗文吉	0.06
安哥利	0.06
南斯拉夫人	0.06
商号	0.06
圣约瑟夫	0.06
弗里斯科·法尔	0.06
怒容	0.06
门斯	0.06
先导	0.06
一七点	0.06
印泥	0.06
赶潮流	0.06
朝日	0.06
河守定	0.06
吉瑟斯	0.06
和杰夫	0.06
杰西卡·坦迪	0.06
乔·肯尼迪	0.06
希瑾	0.06
外办	0.06
歊	0.06
冲毁	0.06
玛莉亚当	0.06
基雅维利	0.06
着儿	0.06
科拉克	0.06
通话费	0.06
马恩岛	0.06
塞拉皮奥	0.06
压寨夫人	0.06
商埠	0.06
驶上	0.06
波科	0.06
阿诺德斯瓦辛格	0.06
巡夜	0.06
江纳达	0.06
麦克布来德	0.06
海恩斯	0.06
皮尔施纳	0.06
代夫·卡玛	0.06
吉易	0.06
艾米·达曲斯基	0.06
赖恩	0.06
万家灯火	0.06
梅纳	0.06
风湿痛	0.06
理发室	0.06
提款单	0.06
底数	0.06
离休	0.06
论罪	0.06
史密特	0.06
汤姆·吉尔克里斯特	0.06
艾尔米塔什	0.06
纵横交错	0.06
路多·戴克	0.06
贝斯顿	0.06
离退休	0.06
麦肯罗	0.06
糖原	0.06
秋风	0.06
顺顺当当	0.06
汉克·麦考伊	0.06
威风凛凛	0.06
喀土穆	0.06
山梁	0.06
吉姆斯	0.06
安德烈·巴特思	0.06
朱莉克	0.06
印染	0.06
克拉夫	0.06
乘其不备	0.06
过民秀	0.06
温钱悦	0.06
希伯莱的马文	0.06
艾米莉奥	0.06
米德兰特	0.06
久别	0.06
德雷莎	0.06
伍斯托克	0.06
我和	0.06
波盛	0.06
甜橙	0.06
搀杂	0.06
延展性	0.06
料及	0.06
骶	0.06
雅各布·盖斯默	0.06
奥姆维奇	0.06
奥维尔	0.06
扎克图泰德	0.06
洛克哈特	0.06
陆坤	0.06
加莱	0.06
希里娅	0.06
祸端	0.06
劳而无功	0.06
德保	0.06
蛋松	0.06
李江宏发	0.06
危房	0.06
纪之	0.06
沃瑟尔	0.06
陆四	0.06
克里斯佩	0.06
大久	0.06
袮	0.06
拉薇	0.06
车顺姬	0.06
加航	0.06
里维克	0.06
大义	0.06
弗朗西斯·卡法克斯	0.06
柯提	0.06
罗斯坦	0.06
姜成谟	0.06
黑黝黝	0.06
高露洁	0.06
克拉帕	0.06
罗伊·尚	0.06
菊芋	0.06
料器	0.06
史库特	0.06
戴文尼	0.06
清太郎	0.06
丽贝卡·爱普斯坦	0.06
回生	0.06
保龄球道	0.06
奥维德	0.06
闭门谢客	0.06
斯里姆	0.06
徽记	0.06
伊琳	0.06
长波	0.06
石垣	0.06
佩瑞	0.06
德友	0.06
下操	0.06
韩石圭	0.06
莫衷一是	0.06
北部湾	0.06
自各儿	0.06
春夏	0.06
海格特	0.06
乌利亚	0.06
哈里·布莱特	0.06
原子量	0.06
立体图	0.06
欧布莱	0.06
旧城	0.06
筒子楼	0.06
輩	0.06
汤玛斯芬诺	0.06
拉丁字母	0.06
连珠炮	0.06
印刷业	0.06
保罗他	0.06
苏佛克斯	0.06
明郎	0.06
春子	0.06
巴克巴洛	0.06
缳	0.06
艾维斯·卡斯提洛	0.06
会员国	0.06
俄方	0.06
站牌	0.06
蛋羹	0.06
词尾	0.06
娜莉莎	0.06
五千三	0.06
兔年	0.06
嘘寒问暖	0.06
斯奈弗尔斯山	0.06
夜光表	0.06
鬼御	0.06
阿瓦尼·卡柴瓦科夫	0.06
糖人	0.06
阿比西尼亚	0.06
朱莉丝	0.06
霍赫·拉米雷兹	0.06
走穴	0.06
弗·拉维兹	0.06
席格	0.06
守孝	0.06
奥斯顿	0.06
文化部	0.06
欧瓦留	0.06
巔	0.06
露西·杰尼洛	0.06
永熙	0.06
让卡贝拉	0.06
春弘	0.06
金恩俊	0.06
下挫	0.06
脱开	0.06
斯查卢弗	0.06
鲁滨逊	0.06
去冬	0.06
各行其道	0.06
爱芮	0.06
冬春	0.06
梅恩	0.06
貌合神离	0.06
铳	0.06
濒于	0.06
玉露	0.06
方桌	0.06
泰利莎	0.06
方框	0.06
辺	0.06
斯塔沃罗斯·德米特里奥斯	0.06
德宝	0.06
德宜	0.06
崔永东	0.06
意兴	0.06
吉福	0.06
布莱恩·迈	0.06
失职罪	0.06
德娜	0.06
晋瑟	0.06
水产	0.06
点阵	0.06
和阿姆斯特朗	0.06
唯物主义	0.06
佩纳	0.06
林恩·麦吉尔	0.06
不卑不亢	0.06
南冰洋	0.06
零点四五	0.06
比兰巴迪	0.06
庞帝亚克	0.06
外因	0.06
斯巴克斯	0.06
九分之一	0.06
飒飒	0.06
经久不息	0.06
力道	0.06
发乳	0.06
慰问信	0.06
中唱	0.06
让霍华德	0.06
吾儿	0.06
爱恩斯坦	0.06
弗里西亚的斐恩	0.06
旋即	0.06
靶机	0.06
吴川目	0.06
第二三	0.06
索瓦娜	0.06
约翰·迪瑞	0.06
北达科他	0.06
拉姆森	0.06
葛佛雷	0.06
蒸气机	0.06
沃莉策	0.06
召募	0.06
商事	0.06
列奥	0.06
纪年	0.06
塞尔玛·奎克力	0.06
那金发	0.06
科伊伯	0.06
亚丽克丝	0.06
吃败仗	0.06
屡教不改	0.06
舒尔曼	0.06
李芝惠	0.06
裸麦	0.06
流散	0.06
直美	0.06
北方邦	0.06
奎三	0.06
科西	0.06
桦木	0.06
葛底	0.06
屠户	0.06
萨莉·斯旺吉	0.06
截止日	0.06
五点十五	0.06
克里斯托弗·安德森	0.06
瑞奇·尼柯斯	0.06
消解	0.06
科尔·威廉姆斯	0.06
艾尔叔	0.06
一小小	0.06
春城	0.06
田头	0.06
申河均	0.06
玛丽·韦斯顿	0.06
科伦坡	0.06
科伊特塔	0.06
康提拉	0.06
兔毛	0.06
麦洛克	0.06
卡莫	0.06
萨德伯里	0.06
入木三分	0.06
马尔哈斯	0.06
波希	0.06
凸透镜	0.06
素贤	0.06
素贞	0.06
威纳姆	0.06
凄苦	0.06
补办	0.06
麦西纳城	0.06
吉米·埃利斯	0.06
黄颂怡	0.06
阿拉伯半岛	0.06
雷格·娜·洛克	0.06
董玄	0.06
贾姬	0.06
一句句	0.06
贝加尔湖	0.06
万水千山	0.06
清凉油	0.06
祖祖辈辈	0.06
范·维特森	0.06
汉德曼	0.06
草草收场	0.06
屈克	0.06
波德	0.06
沃尔马	0.06
剩余价值	0.06
一七四	0.06
柏科桑	0.06
众星捧月	0.06
亚音速	0.06
第一万	0.06
杰克·艾当	0.06
史密兹	0.06
波士	0.06
刁民	0.06
春泉	0.06
电焊机	0.06
波多	0.06
核心层	0.06
玛利安镇	0.06
马克·杰布森	0.06
佳话	0.06
罗相植	0.06
让乔	0.06
祸及	0.06
冬宫	0.06
别斯基	0.06
密执安	0.06
蝗	0.06
钢笔水	0.06
莎拉罗伦斯	0.06
毛猪	0.06
爱德华·康比	0.06
正气凛然	0.06
时令	0.06
汤姆·罗根	0.06
郑钟熙	0.06
德方	0.06
久美	0.06
剥削者	0.06
迅即	0.06
玛季博特	0.06
佛莲	0.06
席妮	0.06
饮水器	0.06
交易日	0.06
赶集	0.06
赖什	0.06
观察哨	0.06
多斯	0.06
西诺拉	0.06
永中	0.06
野长	0.06
韩国人	0.06
德比	0.06
谢里丹	0.06
马丁·基福弗	0.06
帕多洛夫	0.06
任然	0.06
先烈	0.06
李宇春	0.06
工学院	0.06
下工	0.06
梅凯	0.06
迪士科	0.06
大泰迪	0.06
暖色	0.06
翹	0.06
阿格诺	0.06
马多纳多	0.06
孽障	0.06
知交	0.06
艾尔莫	0.06
枫林	0.06
梅博	0.06
港口区	0.06
汇演	0.06
麦克卡伦	0.06
科波拉	0.06
中旅	0.06
商科	0.06
伊吉波普	0.06
佛迪	0.06
泪如泉涌	0.06
中方	0.06
汤尼丹瑟	0.06
格兰纳达	0.06
凯蒂琳·格林	0.06
门多萨	0.06
裁决权	0.06
川端智	0.06
春播	0.06
口诛笔伐	0.06
禀性	0.06
谢乐尔	0.06
吕素	0.06
中报	0.06
布里格勒博	0.06
考特尼·琼斯	0.06
内耶	0.06
艾亚拉	0.06
汩汩	0.06
凯尔德洛	0.06
聚赌	0.06
吉卜林	0.06
格伦伍德	0.06
泄气话	0.06
特洛	0.06
先石	0.06
方庭	0.06
内茜	0.06
德洲	0.06
思达克	0.06
波加	0.06
耗电	0.06
芬赤雷	0.06
负心人	0.06
威廉·路易斯	0.06
十二万五千	0.06
克里丝蒂	0.06
巴克瑟	0.06
防空壕	0.06
审稿	0.06
朱门	0.06
由此可见	0.06
斯拉特	0.06
厭	0.06
中央集权	0.06
助动词	0.06
艳羡	0.06
弗汉姆路的罗斯	0.06
鬼童	0.06
暖风	0.06
私话	0.06
减速板	0.06
丑比尼	0.06
眉清目秀	0.06
欧文·莱利	0.06
傲劲	0.06
阿赫恩	0.06
莫哈维	0.06
巴拉哈里	0.06
吉凶	0.06
泰洛克	0.06
贓	0.06
吉兆	0.06
佛门	0.06
多明尼克·丹	0.06
毽子	0.06
罗杰伍德	0.06
发来	0.06
埃莉巴勒培根	0.06
杰·史蒂文斯	0.06
獴	0.06
罗森奎斯特	0.06
科戴尔	0.06
麝牛	0.06
瑞琪尔	0.06
永善	0.06
危局	0.06
奥利斯	0.06
张秀红	0.06
羽绒服	0.06
千惠子	0.06
李章燮	0.06
马瓦	0.06
约翰·迪安	0.06
绝缘体	0.06
普弗科	0.06
阿森洛夫	0.06
法布雷加斯	0.06
过重生	0.06
伊迪丝·比尔	0.06
门诺派	0.06
托起	0.06
哈罗德普拉斯	0.06
掠夺性	0.06
塔比亚	0.06
薛克	0.06
埃森斯	0.06
故园	0.06
站区	0.06
三十三秒	0.06
斯科特·豪格	0.06
詹姆斯·雷·斯蒂姆	0.06
欧德斯	0.06
麦克尔乔丹	0.06
村村	0.06
基尔帕特里克	0.06
流云	0.06
论争	0.06
卡钳	0.06
素餐	0.06
食品部	0.06
彼得·林	0.06
梅仁	0.06
马达声	0.06
知勋	0.06
麦达斯	0.06
哈米吉多顿	0.06
艾米利	0.06
德拉库利亚斯	0.06
一百八十万	0.06
莫蒂默·福切特	0.06
胡维纳尔	0.06
三千七百万	0.06
穿衣镜	0.06
伦肯	0.06
考布斯	0.06
六千五百	0.06
中秋	0.06
商旅	0.06
陆波	0.06
连接符	0.06
莉迪亚·桑德	0.06
曼娜	0.06
圣马修	0.06
噴	0.06
帕查	0.06
梅普尔	0.06
可见度	0.06
耗损	0.06
斯特凡	0.06
德里克·莫戴尔	0.06
崔京哲	0.06
永忠	0.06
野葛	0.06
卡米诺	0.06
吉奥	0.06
立法委员	0.06
豪克	0.06
框子	0.06
泰格路奇	0.06
反季节	0.06
艾森施密尔	0.06
奥萨玛·本·拉登	0.06
威廉·苏	0.06
萨沙·迪斯	0.06
卡顿	0.06
该报	0.06
劳伦·巴考尔	0.06
約	0.06
波兹曼	0.06
恩普拉	0.06
方面军	0.06
克拉比	0.06
含饴弄孙	0.06
兰斯·贝克曼	0.06
峨眉	0.06
钱存进	0.06
斯佩里	0.06
多恩	0.06
玛姆比尔	0.06
切瓦格拉	0.06
幕墙	0.06
松井秀喜	0.06
门对	0.06
兔皮	0.06
琳茜	0.06
德鲁蒙德	0.06
陈康妮	0.06
戴西·拜尔	0.06
耗材	0.06
抛物面	0.06
萦	0.06
娜特	0.06
露锡儿	0.06
惊恐万状	0.06
托蒂	0.06
莱克舍尔	0.06
席琳·迪翁	0.06
亨利福特	0.06
纪纲	0.06
奥利佛·奎恩	0.06
不知今夕何夕	0.06
解梦	0.06
威廉·布雷克	0.06
蒙巴萨	0.06
毛桃	0.06
糖料	0.06
比克内尔	0.06
娇羞	0.06
古德菲尔	0.06
永塞	0.06
约翰·米尔斯	0.06
埃丽丝	0.06
布赖恩·麦金利	0.06
商海	0.06
库藏	0.06
玛莉莎班纳	0.06
泰锡	0.06
去秋	0.06
算式	0.06
亟	0.06
伊恩·弗拉科斯	0.06
地角	0.06
利什曼	0.06
布鲁斯·范·克里夫	0.06
区位	0.06
托福	0.06
愣头愣脑	0.06
别作梦	0.06
坎塔皮亚	0.06
掠夺式	0.06
枣椰	0.06
索吉博顿	0.06
博格门的达洛加斯	0.06
佛图尼奥	0.06
夏娜尔	0.06
加乐	0.06
聚慎	0.06
该馆	0.06
佛斯	0.06
德芙	0.06
自卑感	0.06
席维雅	0.06
治愈率	0.06
安检站	0.06
阿瓦瑞	0.06
塞姆汀	0.06
出口额	0.06
舞剑	0.06
彼得·布雷特	0.06
腹水	0.06
阿兹科特	0.06
弗屈斯特	0.06
桲	0.06
小商	0.06
春训	0.06
志保里	0.06
伦琴	0.06
汤姆·阿伯纳斯	0.06
黑木孝夫	0.06
哈钦斯	0.06
玛尔济斯	0.06
并吞	0.06
雷兰尼	0.06
种树	0.06
七四年	0.06
购销	0.06
李燕华	0.06
袭扰	0.06
素比	0.06
邸	0.06
笞	0.06
卡明	0.06
麦卡德尔氏	0.06
朱红	0.06
吉布林	0.06
地貌	0.06
弘扬	0.06
埃道格	0.06
诺汗	0.06
经济区	0.06
伍德布里	0.06
德拉亨特	0.06
卡松	0.06
炊烟	0.06
蒂利·巴尔山	0.06
德蕾	0.06
猜查克	0.06
米吉多镇	0.06
奥莱斯泰雅	0.06
库珀·蒂尔逊	0.06
窨	0.06
擬	0.06
拉戈巴	0.06
阿尔·阿萨德	0.06
毛重	0.06
毛里	0.06
真爱才	0.06
蒙戈马瑞麦克奈尔	0.06
舞坛	0.06
两千三百万	0.06
小金库	0.06
布鲁斯·格林·斯纳克维尔	0.06
圣克雷蒙尼	0.06
杰卡布	0.06
燃煤	0.06
李文植	0.06
圣杰罗姆	0.06
史彼勒	0.06
油菜	0.06
韦恩·坎贝尔	0.06
格拉姆·卡特莱特	0.06
缺德事	0.06
德斯特	0.06
亚历士	0.06
言必行	0.06
脱肛	0.06
野田	0.06
黄大椿	0.06
安德森·库柏	0.06
诤友	0.06
和斯坦利	0.06
斯莫克	0.06
法哈德	0.06
德西	0.06
佛湾	0.06
虚妄	0.06
嫁衣	0.06
经济作物	0.06
续期	0.06
詹妮弗·安妮斯顿	0.06
卷筒	0.06
纪要	0.06
结核病	0.06
含片	0.06
抚恤	0.06
孔楚元	0.06
李·哈维·奥斯瓦尔德	0.06
戈拉夫	0.06
吉瓦丹	0.06
笑谈	0.06
哈吉士	0.06
发黄	0.06
韩松	0.06
克罗萨蒂	0.06
麦克·巴纳	0.06
发饷	0.06
单轨铁路	0.06
阿拉卡赞	0.06
杰克·贾梅尔	0.06
米奇拉·马丁内斯	0.06
卸装	0.06
蓓佳	0.06
抛石	0.06
艾尔斯	0.06
诗化	0.06
陆陆	0.06
麦克·柯文	0.06
滋滋	0.06
珍妮·塔德	0.06
炭化	0.06
久长	0.06
戴斯莉·托马斯	0.06
劳动模范	0.06
科夫	0.06
爱永存	0.06
白骨精	0.06
阿维尼翁	0.06
章目	0.06
丹尼·葛罗佛	0.06
低龄化	0.06
卡沃	0.06
下乡	0.06
佳惠	0.06
法詹姆	0.06
卡汉	0.06
布琳克	0.06
埃莫利	0.06
科姆	0.06
绿油油	0.06
史柏克	0.06
于平成	0.06
科塔	0.06
小里小气	0.06
大商	0.06
米洛卓戈维奇	0.06
卡树亚	0.06
金芭莉	0.06
舞弄	0.06
肠胃病	0.06
吉罗德	0.06
尤革	0.06
芮尼	0.06
两口儿	0.06
雷耶斯	0.06
十点十八	0.06
混水摸鱼	0.06
戈斯塔	0.06
济南	0.06
木榴	0.06
詹姆斯·杰西·安格尔顿	0.06
唱针	0.06
让伯克	0.06
歧视性	0.06
维默	0.06
达丽	0.06
卡利·希弗	0.06
格雷希尔	0.06
属国	0.06
麦克·恩格尔	0.06
廿五	0.06
夏树冲	0.06
酬宾	0.06
普斯·格罗	0.06
三缺一	0.06
瓦西里	0.06
拉维兹	0.06
奥克荷马	0.06
由此可知	0.06
欺行霸市	0.06
戴尔·杰	0.06
倚赖	0.06
朗格福特	0.06
倒映	0.06
渔港	0.06
非工会	0.06
沃姆斯	0.06
防寒服	0.06
阿尔伯特·莱斯	0.06
科尔宾·伯恩森	0.06
斜度	0.06
葛本	0.06
詹姆斯敦	0.06
泰拉伍德	0.06
德邦	0.06
药到病除	0.06
斑马线	0.06
塞勒斯廷	0.06
戴莉亚	0.06
乔布	0.06
卡塔里纳	0.06
奥利芙	0.06
科茨沃尔德	0.06
事业心	0.06
吉科布·布坎南	0.06
纳罗	0.06
牛槽	0.06
乔士	0.06
王进	0.06
玛琳达	0.06
之子民	0.06
洛伦佐·达萨	0.06
基南·琼斯	0.06
卡瓦	0.06
莎琳娜·克罗伊	0.06
查理他	0.06
吉克亚	0.06
唐纳德逊	0.06
罗凯勒	0.06
党魁	0.06
安吉拉·杰瓦	0.06
殿宇	0.06
褔	0.06
留足	0.06
书橱	0.06
长金发	0.06
博瑞思·贝克	0.06
贝纳通	0.06
投票率	0.06
乔威	0.06
沃特金斯	0.06
莫哈韦	0.06
圣多马	0.06
毛躁	0.06
劳什子	0.06
朴英哲	0.06
安普罗	0.06
娜蒂娅·桑托斯	0.06
布里奥	0.06
上十亿	0.06
莫撒	0.06
科举	0.06
维二	0.06
销售网	0.06
抚爱	0.06
米基·霍根	0.06
玛丽马丁	0.06
春醒	0.06
朱恩	0.06
金恩英	0.06
毛豆	0.06
偕同	0.06
毛象	0.06
樊戈来	0.06
本杰明·巴顿	0.06
解调	0.06
石首鱼	0.06
德顿	0.06
伊森汉	0.06
夜工	0.06
都市化	0.06
一元化	0.06
手书	0.06
涤	0.06
凯迪拉克里	0.06
原子尘	0.06
木卫二	0.06
加厚	0.06
皮开肉绽	0.06
金明顺	0.06
格兰特·豪森	0.06
托斯	0.06
酉	0.06
羽绒衣	0.06
殷实	0.06
让马	0.06
欧米加	0.06
诺瓦	0.06
朱柏	0.06
奥特韦	0.06
轻慢	0.06
森岛	0.06
白杰克	0.06
鈈	0.06
威登堡	0.06
殿卫	0.06
拉丁美州	0.06
春阳	0.06
锲	0.06
拉·罗切勒	0.06
一九八七年	0.06
利维莫的艾略	0.06
太洁楚	0.06
辎重	0.06
维兹姆	0.06
皇亲国戚	0.06
戈斯基	0.06
脱靶	0.06
理查德·海耶斯	0.06
狗石岭	0.06
概算	0.06
阿留申群岛	0.06
西娅拉	0.06
鬼镇	0.06
朝秀	0.06
斯特平·费	0.06
奥斯滕	0.06
帕特利	0.06
爱德华·凯纳斯顿	0.06
罪恶滔天	0.06
因地制宜	0.06
鲍勃·霍尔德曼	0.06
温暖如春	0.06
康斯坦	0.06
沃尔多	0.06
野崎	0.06
纽伍德	0.06
奥西理斯	0.06
要子	0.06
佳侣	0.06
芭特卡普	0.06
博登沙茨	0.06
科登	0.06
定力	0.06
片警	0.06
各行其是	0.06
野山	0.06
同业公会	0.06
贝格斯菲	0.06
米尔洛基	0.06
苍茫	0.06
潞	0.06
顼	0.06
访问团	0.06
永葆	0.06
帕洛罗	0.06
启封	0.06
艾伦·艾·艾伦	0.06
乔治·沃特斯	0.06
科瑞	0.06
维瑞	0.06
故而	0.06
朱姆	0.06
单词表	0.06
再来	0.06
用兵	0.06
克利夫兰布朗	0.06
娓娓	0.06
尚佩恩	0.06
埃伦·奥尔森	0.06
凯瑟琳·玛兰蒂诺	0.06
保罗·豪斯	0.06
詹尼·范思哲	0.06
游戏卡	0.06
克拉什尼科	0.06
一九九零年	0.06
黑木孝	0.06
胡安镇	0.06
瑞佩	0.06
炭笔	0.06
四通八达	0.06
帕米达	0.06
爱丽森·罗莉	0.06
马丁·斯科西斯	0.06
狄更生	0.06
脂油	0.06
马可维治	0.06
诺伯	0.06
昌元	0.06
冬顺	0.06
亚硝酸	0.06
埃尼威托克	0.06
别在意	0.06
昌凯	0.06
屋角	0.06
本·贝拉	0.06
恩哈	0.06
高思里	0.06
布鲁姆博格	0.06
范德哈斯	0.06
科灵	0.06
巴宝莉	0.06
主干路	0.06
科诺比	0.06
大运河	0.06
路易·奥古斯特	0.06
奥斯曼	0.06
德尼丝	0.06
朱利	0.06
树太远	0.06
马尔科维奇	0.06
用工	0.06
加权	0.06
沃尔兹	0.06
皮格马利	0.06
吉伯	0.06
拱桥	0.06
吉诃德	0.06
腕力	0.06
炳	0.06
酒香	0.06
托尼·本奈特	0.06
克杜南	0.06
康拉德·菲奇	0.06
力抓	0.06
霍尔博洛夫	0.06
金爱利	0.06
荷莫·辛普森	0.06
点明	0.06
区政	0.06
知识面	0.06
聘礼	0.06
洛莱塔	0.06
圣约	0.06
高新技术	0.06
佩内洛普·威尔赫森	0.06
再植	0.06
奥黛丽·霍本	0.06
哥儿俩	0.06
辛力加	0.06
波雷	0.06
德米特里	0.06
各执一词	0.06
威廉·塞克斯	0.06
若根	0.06
英格利	0.06
齿根	0.06
肯·利文斯通	0.06
麦弗雷	0.06
壹千	0.06
七二年	0.06
赫克托尔	0.06
小马修	0.06
沃丁顿	0.06
大帅	0.06
不进则退	0.06
菲尼	0.06
布来威	0.06
癌魔	0.06
卡万	0.06
思培德	0.06
牛倌	0.06
晋职	0.06
两三百万	0.06
卡伯	0.06
相得益彰	0.06
军国主义	0.06
梅尔·尼古拉斯	0.06
波普·克莱恩	0.06
并称	0.06
执政党	0.06
岷	0.06
私商	0.06
勤学苦练	0.06
碳酸盐	0.06
朝觐	0.06
伦多	0.06
佩诺	0.06
舞美	0.06
格隆伯	0.06
波琳·利迪	0.06
加恩	0.06
卢克·马修	0.06
鄂普会	0.06
驮马	0.06
格林斯比	0.06
莫达恩	0.06
一百四十	0.06
祸首	0.06
科本	0.06
李宗范	0.06
巴里·怀特	0.06
希姆汀	0.06
弗里斯特	0.06
乔恩·斯图尔特	0.06
玛丽·哈里森	0.06
布班克	0.06
丝万森	0.06
别作声	0.06
朵莉	0.06
默特尔	0.06
腹带	0.06
哄抢	0.06
愁肠百结	0.06
陶人	0.06
韩娜	0.06
艾克姆	0.06
西罗亚	0.06
换届	0.06
凯莉·米洛	0.06
华达呢	0.06
北谷高中	0.06
内弟	0.06
机井	0.06
维新	0.06
塞格威	0.06
史林·惠特曼	0.06
史特林	0.06
乔维	0.06
福格斯	0.06
论说	0.06
卡农	0.06
爱皮特	0.06
阿斯泰尔	0.06
拾取	0.06
华盛顿杜勒斯	0.06
费南度	0.06
詹妮弗·琼斯	0.06
神山	0.06
甘巴	0.06
温塞斯	0.06
筵	0.06
喫	0.06
克雷艾肯	0.06
诺尔	0.06
消损	0.06
卡地	0.06
斯蒂法妮	0.06
佛列	0.06
格但斯克	0.06
冈萨亚	0.06
克里夫理查德	0.06
朝野	0.06
内室	0.06
颈饰	0.06
韦默尔	0.06
甘德	0.06
西蒙·波娃	0.06
埃尔文·柯	0.06
妇德	0.06
加拉哈	0.06
凯塞琳	0.06
维恩	0.06
颈项	0.06
罗德纳	0.06
版权页	0.06
波萨	0.06
廉明	0.06
麦肯迪	0.06
屋面	0.06
约翰·保罗	0.06
梅耶	0.06
奥格·米勒	0.06
帕伦普	0.06
门齿	0.06
卡娅	0.06
四四点	0.06
沧桑感	0.06
布朗尼克	0.06
阿西莫夫	0.06
摩妮卡·列文斯基	0.06
蒂安娜	0.06
加登	0.06
走私罪	0.06
林肯郡	0.06
洛宾·胡德	0.06
杰夫他	0.06
菲舍沃	0.06
妥妥当当	0.06
盖乌斯·伊格纳斯·阿塞伯	0.06
索尼克	0.06
辛西雅	0.06
吉普里	0.06
基道才	0.06
乔真	0.06
沃臣	0.06
原子笔	0.06
泰托帕利斯	0.06
孀	0.06
詹姆斯·琼斯	0.06
保健食品	0.06
斯冰奇	0.06
低级趣味	0.06
流荡	0.06
佛德	0.06
柯利亚	0.06
杰拉德蒙	0.06
雅克·盖恩斯	0.06
互通有无	0.06
塞缪尔·佩皮斯	0.06
印鉴	0.06
约翰·维特克	0.06
西维尔	0.06
赛米亚	0.06
狄恩·赛罗	0.06
韩城	0.06
巴别塔	0.06
论著	0.06
森米	0.06
涛声	0.06
种养	0.06
红树丛	0.06
冬菇	0.06
贝托鲁奇	0.06
克伦塞斯	0.06
戈尔蒂	0.06
温奈特卡	0.06
豪雨	0.06
托马斯·艾略	0.06
谢里顿	0.06
麦肯西	0.06
腹内	0.06
永顺	0.06
朝马尔斯基	0.06
苍鹰	0.06
柴科夫斯基	0.06
阿格希	0.06
莎曼沙	0.06
徐玉京	0.06
曹秀铉	0.06
乔爱	0.06
迪亚塞尼亚	0.06
千山万水	0.06
采写	0.06
居汉文	0.06
瓦努阿图	0.06
一九六九年	0.06
圣礼	0.06
扇车	0.06
克兰克海德	0.06
大舅	0.06
雪纳瑞	0.06
微秒	0.06
苏比亚科	0.06
运价	0.06
毋宁	0.06
警卫团	0.06
美滋滋	0.06
太金	0.06
调整期	0.06
福伊	0.06
五万八千	0.06
戴维斯·麦克莱伦	0.06
三角学	0.06
优生	0.06
猛跌	0.06
格拉海德	0.06
加罗法洛	0.06
伊尼戈·巴尔博亚	0.06
盖伊·辛格	0.06
玛其朵	0.06
希·穆斯	0.06
阿里马希亚的约瑟夫	0.06
马上放	0.06
卡尔·莫伊克	0.06
卡莫洛特	0.06
江奴勇	0.06
燃料库	0.06
话外音	0.06
巴拉兹	0.06
辛西娅·迈克诺顿	0.06
萨摩尔	0.06
布塞佛勒斯	0.06
滑行道	0.06
楼门	0.06
河蚌	0.06
瓦尔·基尔默	0.06
来点	0.06
斯蒂芬·卡尔	0.06
卡塞尔	0.06
真静	0.06
软片	0.06
鲁德尔	0.06
公务机	0.06
化学能	0.06
备品	0.06
科技界	0.06
玛利琳	0.06
康士坦茨	0.06
郝薇	0.06
位数	0.06
珍妮弗·罗萨	0.06
鴨	0.06
改天换地	0.06
威特里	0.06
叙永	0.06
沙蔓	0.06
迪肯莫斯	0.06
一目十行	0.06
程志	0.06
泄底	0.06
狞笑	0.06
我都	0.06
丽良	0.06
亚齐	0.06
卡斯提隆	0.06
大同江	0.06
扶手椅	0.06
初战	0.06
西蒙尼	0.06
瑟丹	0.06
斯瓦德	0.06
牛郎星	0.06
校徽	0.06
赫伯恩	0.06
欢欢喜喜	0.06
有根有据	0.06
我选	0.06
威士	0.06
木村	0.06
比西尼亚	0.06
乔治·戈登	0.06
票箱	0.06
来来来	0.06
娱乐片	0.06
博世	0.06
哈希德	0.06
罗格·夏普	0.06
瓷盘	0.06
马歇	0.06
珀尔修斯	0.06
佩里兹	0.06
伊莎贝尔·利文斯敦·戴尔	0.06
放空炮	0.06
宝贝疙瘩	0.06
查理·纳什	0.06
通勤车	0.06
坦娅	0.06
克·拉皮	0.06
维金斯	0.06
发根	0.06
布鲁斯·斯普林斯廷	0.06
鲍姆丽	0.06
隆尼·拉特克利夫	0.06
贝蒂·肖	0.06
马纳萨斯	0.06
砖瓦房	0.06
令人堪忧	0.06
六百五	0.06
皮诺斯山	0.06
决计	0.06
畅顺	0.06
斯雷德	0.06
冰镐	0.06
日尔曼·皮尔	0.06
麦肯思	0.06
外长	0.06
戴瑞克	0.06
科洛尼奇	0.06
外销	0.06
二万二千	0.06
诺亚·沃森	0.06
库尔	0.06
圣·约翰	0.06
泰尔阿格	0.06
凯贵	0.06
斯纳格	0.06
惠特妮·休斯顿	0.06
标准局	0.06
大连	0.06
吉尔伯特·庞顿	0.06
蓄水	0.06
圣琼	0.06
达斯丁·霍夫曼	0.06
戈德堡	0.06
罗伯特·迈耶	0.06
淀	0.06
斯戴西	0.06
介乎	0.06
闲情逸致	0.06
芥子气	0.06
依莲	0.06
重税	0.06
我闻	0.06
小佑	0.06
朱莉·克里斯蒂	0.06
计步器	0.06
欢娱	0.06
小丽	0.06
治丧	0.06
小丹	0.06
亨兹维尔	0.06
张金发	0.06
豆苗	0.06
丹尼·洛甫	0.06
戒尺	0.06
艾尔帕西诺	0.06
猜南希	0.06
来稿	0.06
藜	0.06
卡里·西蒙	0.06
凯蒂·安斯林	0.06
猛龙	0.06
大迪	0.06
小迈克尔	0.06
厄哈特	0.06
凯瑟琳·赫	0.06
编审	0.06
特维齐尔	0.06
艾雷娜	0.06
凸轮	0.06
孔庆祥	0.06
尚可	0.06
切里·乔·贝茨	0.06
皮德逊	0.06
克瑞托恩	0.06
督学	0.06
豪尔赫	0.06
物理疗法	0.06
黎莽	0.06
波皮尔	0.06
手持式	0.06
悲苦	0.06
疯颠颠	0.06
咬嚼	0.06
普选	0.06
沙兹伯特	0.06
晨钟	0.06
顿洛普	0.06
共聚物	0.06
差值	0.06
圣塔玛莉亚	0.06
挑衅性	0.06
气冷	0.06
雪岳山	0.06
小叶	0.06
阿奇豪	0.06
克洛维	0.06
动物群	0.06
烹饪法	0.06
伽拉·普拉斯地	0.06
斯考蒂	0.06
龈	0.06
同呼吸共命运	0.06
金尼西	0.06
有口皆碑	0.06
古腾	0.06
夏淑琴	0.06
高顿·诺斯考特	0.06
马盖尔	0.06
卡罗莱娜	0.06
温斯克姆	0.06
大集	0.06
奥卡万戈	0.06
亨延顿	0.06
外财	0.06
艾佛列克	0.06
麦克·奥唐纳	0.06
乌勒·玛托博	0.06
麦克努地	0.06
麦·哈	0.06
燕妮·冯·威斯特法伦	0.06
西安娜	0.06
贾格尔	0.06
真名实姓	0.06
艾伦斯	0.06
小坐	0.06
斯莱德	0.06
尤太	0.06
鲍勃·帕尔	0.06
斯黛菲诺	0.06
亨利真	0.06
间断性	0.06
试金石	0.06
尤妮	0.06
格里斯	0.06
克斯哥	0.06
溶胶	0.06
麦地那	0.06
让行	0.06
次货	0.06
普雷	0.06
坨子	0.06
普降	0.06
介君	0.06
椿	0.06
八八	0.06
迭起	0.06
塞德里	0.06
编发	0.06
胡安·米格尔	0.06
艾伦比	0.06
瓷杯	0.06
足下	0.06
辔头	0.06
老伴儿	0.06
蓄积	0.06
卡梅尔	0.06
贪求	0.06
博彩	0.06
罗勋雅	0.06
迟到者	0.06
混淆是非	0.06
外胎	0.06
阳寿	0.06
重洋	0.06
伊士比	0.06
卡丝多尔丝	0.06
尤因	0.06
璞	0.06
让庞贝	0.06
马克维茨	0.06
五十五万	0.06
威廉敏娜·汤普逊	0.06
坐堂	0.06
阿莉西娅	0.06
阿诺多	0.06
乔治·东尼	0.06
哈尔佛兹	0.06
贺词	0.06
贝尔维尔	0.06
埃莉诺·约翰逊	0.06
托马斯·格雷斯	0.06
里史柯娃	0.06
蒂利·巴尔	0.06
小威	0.06
电子元件	0.06
巴拉他	0.06
博尼	0.06
初等教育	0.06
乔伊·唐纳利	0.06
周飞	0.06
督军	0.06
萨曼莎·加森	0.06
自不必说	0.06
克斯市	0.06
丁二烯	0.06
荪	0.06
黛安娜·可洛斯	0.06
爱杰蒙特	0.06
优比	0.06
说明文	0.06
亚诺	0.06
皮特·约翰逊	0.06
循环赛	0.06
波洛奈兹	0.06
取给	0.06
和华生	0.06
愁绪	0.06
白鹰	0.06
踏雪	0.06
棋谱	0.06
迎春花	0.06
查斯·克雷默	0.06
小彩	0.06
维克多·波顿	0.06
圣枝	0.06
小强	0.06
约翰·戈蒂	0.06
弗莱迪·琼斯	0.06
弗拉科斯	0.06
坐待	0.06
万德宾	0.06
瓜田	0.06
强买强卖	0.06
阿雷欧·罗沙·桑切斯	0.06
斯库提	0.06
吉尔福德	0.06
雷姆诺斯	0.06
茨瓦克	0.06
小幅	0.06
太近	0.06
特吕弗	0.06
皮萨罗	0.06
豆花	0.06
格瑟里	0.06
死信	0.06
德·玛尔	0.06
劈刀	0.06
霜器	0.06
安阳	0.06
供应点	0.06
逋	0.06
莉维	0.06
捡拾	0.06
蹟	0.06
戴姆勒	0.06
冰粒	0.06
塞尔兹尼克	0.06
根须	0.06
伙夫	0.06
公信度	0.06
麻阳	0.06
安卡拉	0.06
蝇营狗苟	0.06
不言不语	0.06
强权政治	0.06
欢畅	0.06
特迪·罗斯福	0.06
各显神通	0.06
施莱德	0.06
垂直线	0.06
不遂	0.06
卡尔·科兹菲尔德	0.06
阿吉拉	0.06
福泰	0.06
圣安	0.06
揾	0.06
盖瑞德·奥林	0.06
淵	0.06
机械式	0.06
德雷伯格	0.06
智多星	0.06
苏州	0.06
卢休斯·乌瑞纳斯	0.06
林雅玲	0.06
荤菜	0.06
科姆·杰克逊	0.06
阿德里安·布罗迪	0.06
八日	0.06
多非	0.06
附睾炎	0.06
安闲	0.06
情状	0.06
米格瑞·索	0.06
交接班	0.06
哺	0.06
凯明	0.06
小敏	0.06
蔓博	0.06
埃比	0.06
拉·多拉达	0.06
以次	0.06
普力	0.06
奥玛·夏瑞夫	0.06
马斯特森	0.06
将校	0.06
特雷佛	0.06
库琪	0.06
小文	0.06
永垂青史	0.06
山德琳·卫姆	0.06
乌尔苏	0.06
指甲盖	0.06
劳伦斯·米利肯	0.06
维妮亚	0.06
阳极	0.06
阿朗瑟	0.06
桑德拉·金	0.06
圣尼	0.06
纵轴	0.06
约翰·克莱默	0.06
阿尼莎	0.06
瑟恩	0.06
圣心	0.06
小柯	0.06
米乐	0.06
莉碧	0.06
小春	0.06
效验	0.06
小曹	0.06
迈克·诺瓦克	0.06
重友	0.06
自来水笔	0.06
维克多·雨果	0.06
丹碧丝	0.06
遮羞	0.06
英格尔伍德	0.06
卡尔斯塔德	0.06
汤姆·克	0.06
穷举	0.06
贝蒂·福特	0.06
小桃	0.06
福杰	0.06
安娜巴基	0.06
邦提	0.06
农学院	0.06
凯尔文·卓尔	0.06
克斯毕	0.06
杰勒德	0.06
锐意	0.06
速比	0.06
重平	0.06
瞪视	0.06
格里多	0.06
比约林	0.06
两千一百六十万	0.06
李宝京	0.06
白头翁	0.06
蒙蒙亮	0.06
解放后	0.06
多娜泰拉	0.06
阿进	0.06
亚当·凯勒	0.06
埃尔泰	0.06
杳	0.06
波力奥	0.06
莫里斯·勒穆瓦纳	0.06
丹尼尔·罗沙·桑切斯	0.06
民以食为天	0.06
空调器	0.06
关停	0.06
不太	0.06
岗楼	0.06
阿扎伯	0.06
对坐	0.06
权伟	0.06
圣·安东尼	0.06
圣咏	0.06
世奇	0.06
的基	0.06
骆中洋	0.06
小民	0.06
锡德	0.06
小注	0.06
树坡	0.06
乔安娜·马库斯	0.06
格雷琴·康斯特鲁比亚斯	0.06
山姆·休斯顿	0.06
古田	0.06
贪多	0.06
关公	0.06
凯蒂·范·沃登堡	0.06
叩头	0.06
七十四	0.06
科林汀	0.06
观察所	0.06
世贸组织	0.06
让桑尼	0.06
鼠穴	0.06
费里斯	0.06
埃尔格	0.06
马特加	0.06
不粘锅	0.06
卢夫斯	0.06
塔勃	0.06
后账	0.06
特·帕克曼	0.06
技校	0.06
果子酒	0.06
阿什兰德	0.06
蒙塔克	0.06
瑞迪·哈特	0.06
泓	0.06
顽疾	0.06
柳熙贞	0.06
默读	0.06
阳物	0.06
金翰秀	0.06
查理德	0.06
芝士和	0.06
函馆	0.06
尿桶	0.06
巴德·戈伯	0.06
福美	0.06
欧弟·斯耐	0.06
所有格	0.06
墨尔帕克	0.06
瑟瑞	0.06
迪克·切尼	0.06
宝拉·阿巴杜	0.06
崔尚	0.06
波德莱尔	0.06
熬汤	0.06
安营	0.06
有生力量	0.06
佩琪·富勒	0.06
刚正	0.06
教职工	0.06
原主	0.06
戈勒克布尔	0.06
莱诺·亚当	0.06
伊格纳托斯基	0.06
登记单	0.06
献技	0.06
技巧性	0.06
夜不闭户	0.06
保质	0.06
圣马修斯	0.06
博瑟	0.06
搞活	0.06
泄洪	0.06
仲春	0.06
多拉斯	0.06
斯阔谷	0.06
安苏	0.06
朱莉亚·罗伯茨	0.06
石中剑	0.06
李宝兰	0.06
迪阿玛	0.06
鲍勃·巴克	0.06
座像	0.06
四万五千	0.06
费尔普斯	0.06
桑德拉·凯提普顿	0.06
小琼	0.06
小球	0.06
对仗	0.06
三角法	0.06
专一性	0.06
打桩	0.06
博比·唐纳利	0.06
有始无终	0.06
西格洛温	0.06
哈里斯·比格维勒	0.06
蔡胜	0.06
金士顿	0.06
乌尔金	0.06
汤戈	0.06
凡妮莎	0.06
小真	0.06
崔美子	0.06
昆尔根	0.06
普莱茅斯	0.06
蒂芬尼	0.06
代尔塔	0.06
内维尔·弗林	0.06
艾尔·韦伯	0.06
医道	0.06
莫旭斯	0.06
亚尔·史特林	0.06
萨姆森·惠勒	0.06
太范	0.06
樱花树	0.06
劲旅	0.06
柠檬色	0.06
房管	0.06
木舟	0.06
外来词	0.06
锡克	0.06
蓬达穆松市	0.06
诺斯里奇	0.06
泪如雨下	0.06
布莱恩·威廉姆斯	0.06
涡虫	0.06
博纯	0.06
齐·拉	0.06
凯普西斯	0.06
特大型	0.06
斯沃格达	0.06
鲍勃·巴尔	0.06
恺撒·威廉	0.06
刚性	0.06
除尘器	0.06
柯尔斯顿	0.06
小笠	0.06
阿尔伯特·佛斯	0.06
书里	0.06
马利娅	0.06
大雁	0.06
潮气	0.06
速度计	0.06
福鲁克	0.06
普拉特市	0.06
卡威尔	0.06
金榜题名	0.06
来京	0.06
多达	0.06
多边	0.06
马克沃德	0.06
金钱豹	0.06
唐纳德·佩恩	0.06
船台	0.06
池俊泽	0.06
克斯秀	0.06
连锅端	0.06
萨拉让	0.06
受贿罪	0.06
谢纳夫	0.06
发生地	0.06
百无禁忌	0.06
崁	0.06
伊萨克·牛顿	0.06
学徒工	0.06
怀克列夫	0.06
福林特	0.06
象形字	0.06
粗劣	0.06
值夜	0.06
狂啸	0.06
欧亚大陆	0.06
国难当头	0.06
妯娌	0.06
安诺	0.06
巴尔萨泽	0.06
维拉巴赫	0.06
沃特曼·休斯	0.06
米德堡	0.06
丹尼定	0.06
特祖玛	0.06
拉扎鲁斯·里德	0.06
可见一斑	0.06
费尔德	0.06
托尼·柯蒂斯	0.06
罗卡斯	0.06
罗慕洛	0.06
卡内奥赫	0.06
希瑟林顿	0.06
爱鲍勃	0.06
多诺	0.06
磁针	0.06
堂姐妹	0.06
职级	0.06
马歇尔·富兰克林	0.06
座子	0.06
道学家	0.06
法菲拉	0.06
诺斯克利夫	0.06
小纳	0.06
用电量	0.06
小可怜儿	0.06
省时	0.06
善男信女	0.06
墨林	0.06
山恩	0.06
维努奇	0.06
泰克伯	0.06
凯思克	0.06
乔治·拉扎贝	0.06
李奥尼德	0.06
霍比	0.06
叔本	0.06
索韦托	0.06
轨道车	0.06
弗莱菲	0.06
海里希·海涅	0.06
露西·麦克	0.06
目力	0.06
全斗焕	0.06
霍林斯	0.06
那太	0.06
杰克·瓦塞尔	0.06
弗赛奇	0.06
欧仕	0.06
欧丽	0.06
阿尔布奎基	0.06
罗伊·米尔顿	0.06
外调	0.06
格利菲卡路东	0.06
奥马斯	0.06
过大白	0.06
年过半百	0.06
英西双	0.06
统计员	0.06
布拉纳	0.06
李其来	0.06
吉姆·戈登	0.06
弗来士	0.06
尼高	0.06
出操	0.06
米利肯	0.06
杰克·康奈	0.06
泰维亚	0.06
里特	0.06
玻璃体	0.06
与世长辞	0.06
倏然	0.06
博斯普鲁斯海峡	0.06
马克斯艾尔	0.06
文秘	0.06
舷梯	0.06
从寒溪	0.06
宝琳	0.06
山斯	0.06
发育期	0.06
舍吉	0.06
莙	0.06
克伯	0.06
温莱特	0.06
光太强	0.06
泰勒·普兰蒂斯	0.06
图加特	0.06
锿	0.06
险要	0.06
星夜	0.06
奥西	0.06
因小失大	0.06
挑字眼	0.06
苏莫斯	0.06
崇元	0.06
铁锨	0.06
柴藤	0.06
阿斯托里亚	0.06
除数	0.06
除非己莫为	0.06
改错	0.06
杜克斯贝里	0.06
抓药	0.06
斯大林格勒城	0.06
斯泰迪	0.06
帕特里克·沃茨	0.06
财产法	0.06
詹米甘姆	0.06
凤仙花	0.06
多米尼亚	0.06
代用品	0.06
劣货	0.06
两千两百万	0.06
铁马	0.06
攻守同盟	0.06
鱼苗	0.06
威廉·卡尔顿	0.06
劳斯	0.06
费尔柴尔德·范·沃登堡	0.06
柳昌元	0.06
亚德里亚	0.06
让恺撒	0.06
衬布	0.06
欧夏迪	0.06
弹药箱	0.06
格尔曼	0.06
古德温	0.06
饮水思源	0.06
舛	0.06
抵命	0.06
舍子	0.06
本尼迪克	0.06
顿顿	0.06
简顿	0.06
胶纸	0.06
翻两番	0.06
定音鼓	0.06
夏拉莫	0.06
山歌	0.06
埃莉特	0.06
热得快	0.06
拉斯基	0.06
山民	0.06
桑切丝	0.06
鱼虾	0.06
西丽亚	0.06
一千一百万	0.06
库科奇	0.06
格鲁皮	0.06
色拉油	0.06
安奇能	0.06
公式化	0.06
梅森郡	0.06
产业界	0.06
弗兰克·劳伦斯	0.06
乔治·瓦格斯	0.06
西比尔·伯纳特	0.06
奥芬	0.06
无规律	0.06
叔母	0.06
戴瑞	0.06
雕饰	0.06
伯克莱顿	0.06
捷豹	0.06
罗丽·凯布尔	0.06
深入虎穴	0.06
爆炒	0.06
打夯	0.06
捷达	0.06
小迈克	0.06
劳德代尔堡	0.06
翩	0.06
希拉里·达芙	0.06
雷古尔	0.06
他哈奇	0.06
康伦	0.06
老花花	0.06
拉斯卡	0.06
霍敦	0.06
帕约翰	0.06
贝蒂·延森	0.06
魏兰德	0.06
舍帕	0.06
天条	0.06
懦怯	0.06
飘泊	0.06
迪兵	0.06
麦可高赛林	0.06
山火	0.06
潘丹斯基	0.06
斯基奇	0.06
欧尔	0.06
秆	0.06
布鲁斯南	0.06
杰夫·高布伦	0.06
布拉沃	0.06
特别法	0.06
约尼科奇兰	0.06
凯美瑞	0.06
艾克达尔	0.06
布特拉	0.06
韩裕	0.06
光顺	0.06
佩特罗维奇	0.06
盖浇饭	0.06
组别	0.06
纳什干	0.06
瓦斯炉	0.06
韦斯利·吉布森	0.06
三文治	0.06
缉私	0.06
约翰来	0.06
高级中学	0.06
余毒	0.06
瑟亭	0.06
镅	0.06
罗慧爱	0.06
亨德里克	0.06
变线	0.06
金英云	0.06
解说词	0.06
阿伦·班得沃	0.06
旅游区	0.06
桑切兹	0.06
喜乐	0.06
斯蒂芬·金	0.06
弗里达	0.06
字符串	0.06
席莱斯特	0.06
洛加洛斯	0.06
帕布里托	0.06
亨瑞特	0.06
伊莎贝尔·泰丝	0.06
亚契葛兰姆	0.06
回单	0.06
名不符实	0.06
塔尔波特	0.06
娜·罗沙·桑切斯	0.06
巫尔	0.06
粉剂	0.06
黑龙江	0.06
孔明君	0.06
虎背	0.06
奥纳西斯	0.06
一千零五	0.06
康喜	0.06
尼达	0.06
一百零二	0.06
超高频	0.06
中老年	0.06
果不其然	0.06
緝	0.06
费德曼	0.06
弗乐里	0.06
罗伯特·霍金斯	0.06
简薇	0.06
米兰达·霍比斯	0.06
钝角	0.06
不列塔尼	0.06
中老年人	0.06
威尔顿格林	0.06
打伞	0.06
和平乡	0.06
查尔斯登	0.06
调兵遣将	0.06
百十	0.06
李美嘉	0.06
龙洛鹏	0.06
特瑞·曼宁	0.06
奥雷	0.06
让巴巴拉	0.06
霍珍	0.06
云利	0.06
史帝文斯	0.06
金秉三	0.06
劳琳	0.06
令人叹服	0.06
弗朗西努	0.06
岔流	0.06
艾斯特邦·维黑欧	0.06
师里	0.06
迪士	0.06
辛西娅·马丁	0.06
约赛亚·贝尔	0.06
两三千	0.06
雄兵	0.06
桃李	0.06
奥科维塔	0.06
卡里姆	0.06
沃特汉姆	0.06
老虎凳	0.06
股本	0.06
比翼鸟	0.06
脚癣	0.06
义语	0.06
灵长目	0.06
汉娜·哈利丽	0.06
威尔·贝奇勒	0.06
肯尼·罗杰斯	0.06
史杜华	0.06
吉特罗	0.06
黛安娜·威斯	0.06
煤砖	0.06
株式会社	0.06
马里奥·蒙赫	0.06
阴曹	0.06
黄体酮	0.06
次生	0.06
果岭	0.06
血印	0.06
超常规	0.06
广子	0.06
三百六十	0.06
马文贝瑞	0.06
休戚与共	0.06
博彩业	0.06
斯坦利·菲利普斯	0.06
新皇凯	0.06
濫	0.06
艾莉森·泰勒	0.06
伴音	0.06
里德·伯洛克	0.06
切萨皮克	0.06
多克·马顿	0.06
白金汉郡	0.06
文学史	0.06
群像	0.06
监外	0.06
以弗所	0.06
目下	0.06
名存实亡	0.06
朴真勇	0.06
驴肝肺	0.06
钆	0.06
绯红	0.06
兰尼亨特	0.06
埃克迈尔	0.06
同盟条约	0.06
欧克	0.06
霍瓦	0.06
名目	0.06
长三	0.06
格鲁撒	0.06
里格	0.06
鹿蹄草	0.06
阿特·拉丝克	0.06
他琼斯	0.06
卖春	0.06
克莱斯博格	0.06
马斯克	0.06
朗恩哈蒙	0.06
奇温顿	0.06
丸剂	0.06
剪票	0.06
洛瑞斯	0.06
马库斯·南斯	0.06
劳特	0.06
斯瓦尔巴	0.06
卡里尔	0.06
乔安·杰佛森	0.06
施华洛	0.06
病理科	0.06
我省	0.06
雄哥	0.06
鉉	0.06
帕士拉里	0.06
舍下	0.06
戴普	0.06
进项	0.06
正志	0.06
瘳	0.06
创业者	0.06
菲尔·杰克逊	0.06
尼米兹	0.06
平方和	0.06
一泻千里	0.06
真行	0.06
瑞普利	0.06
卡尔特	0.06
爱兰	0.06
家风	0.06
男单	0.06
技战术	0.06
仙桃	0.06
柯宾	0.06
纽菲	0.06
文库	0.06
马丁·达利博戈	0.06
安东妮娅	0.06
戴维·福斯特·华莱士	0.06
经销权	0.06
蜘	0.06
阿尔特温	0.06
塑料管	0.06
马科斯·布洛根	0.06
里雅斯特	0.06
阿基米	0.06
西墨斯	0.06
一亿零十万	0.06
费德勒格林	0.06
血沉	0.06
邦德切里	0.06
汽机	0.06
佩恩·惠特尼	0.06
查尔斯·布朗	0.06
纳尔逊堡	0.06
安国王	0.06
粉扑	0.06
查理·曼森	0.06
嘉莉	0.06
回手	0.06
和贝丝	0.06
路耶	0.06
顽固派	0.06
杰克让	0.06
里皮洛	0.06
纳尔森	0.06
云海	0.06
邏	0.06
皮布迪	0.06
黄斑	0.06
飞升	0.06
头尾	0.06
喜筵	0.06
雅西	0.06
胄	0.06
鸿门宴	0.06
阿塞	0.06
高聚物	0.06
迪柏	0.06
集约型	0.06
出气口	0.06
里兹	0.06
树种	0.06
图坦卡蒙	0.06
电耗	0.06
文宇	0.06
戴维·约翰森	0.06
文宰	0.06
宜格	0.06
罗布·福斯	0.06
坚尼	0.06
王子会	0.06
强尼·博兹	0.06
福里达	0.06
瑞米克	0.06
肯希德	0.06
纽奥良市	0.06
回潮	0.06
顽固性	0.06
纳斯潘尼	0.06
斯梅德利	0.06
非请莫入	0.06
端平	0.06
齐胸	0.06
餠	0.06
男客	0.06
坦古拉	0.06
麦蒂·麦泰罗	0.06
叔伯	0.06
王月	0.06
布拉吉	0.06
萨勒姆	0.06
斯斐尔	0.06
喷墨	0.06
赛克丽塔波维奇	0.06
曼戚资	0.06
圣安东尼奥马	0.06
药膳	0.06
杰克来	0.06
迈克·迪特卡	0.06
群架	0.06
埃斯库	0.06
零零碎碎	0.06
莫赞	0.06
悬臂	0.06
提名奖	0.06
旁门	0.06
泡饭	0.06
詹姆士·海勒	0.06
嫡	0.06
琳达·波特	0.06
马拉卡	0.06
蒙克顿	0.06
汉尼拔·金	0.06
氖灯	0.06
巴尔蒂奇	0.06
帕洛沃克	0.06
三天后	0.06
林克·彼得森	0.06
脏乱差	0.06
毁誉参半	0.06
丁尼	0.06
宝岛	0.06
念念有词	0.06
敏化剂	0.06
冈特杰那克	0.06
保罗·瑞维尔	0.06
康洁	0.06
奥德里奇	0.06
麦格达瑞斯琼斯	0.06
星牌	0.06
圣·理杰斯	0.06
乔尼·罗杰	0.06
蜣螂	0.06
吊窗	0.06
史翠姬	0.06
欧巴桑	0.06
弗罗伦萨	0.06
托马斯·多斯·桑托斯	0.06
山乡	0.06
媾	0.06
帕斯科夫	0.06
从江	0.06
凯法斯坦恩	0.06
约瑟夫·布莱尔	0.06
弗列多	0.06
爆冷	0.06
文句	0.06
九千二	0.06
月中	0.06
扞	0.06
贝鲁塞尔	0.06
露法乌斯	0.06
阿诺亚	0.06
威廉·托马斯	0.06
输气	0.06
泰克恩	0.06
为虎作伥	0.06
艾迪·布莱克	0.06
卡什嘉村	0.06
退职	0.06
德瑞娜	0.06
基尔干	0.06
巴拉巴拉	0.06
威斯丁豪斯	0.06
旅游点	0.06
热交换	0.06
宫川一夫	0.06
塔吉·巴罗	0.06
果皮	0.06
湄	0.06
速射	0.06
本尼娜·艾斯古比多	0.06
让泰丝	0.06
喜气	0.06
除号	0.06
比尔戴维斯	0.06
宾舍曼	0.06
支撑力	0.06
罗伯特·亚历山大	0.06
德拉图巴	0.06
南尼威塔利	0.06
筛骨	0.06
十八亿	0.06
喯	0.06
艾斯科特	0.06
弗朗茨·卡法克	0.06
皮尔斯巴里	0.06
妞爽	0.06
翳	0.06
胡达斯	0.06
乌兰巴托	0.06
尚格·云顿	0.06
电钮	0.06
格德勒	0.06
玛尔泰斯	0.06
山君	0.06
西娜	0.06
赵中强	0.06
科洛纳多	0.06
阿布拉卡达布	0.06
家贼	0.06
马克思·洛马克斯	0.06
二百五六	0.06
阿诺·施瓦辛格	0.06
错误率	0.06
心潮起伏	0.06
达格斯	0.06
酒花	0.06
和志英	0.06
格鲁伯	0.06
马杜克	0.06
克斯维尔	0.06
阿布洛兹	0.06
出关	0.06
林锦	0.06
媳	0.06
莹	0.06
麦尔森	0.06
葛蒂	0.06
艾比·惠勒	0.06
奥科塔	0.06
麦德龙	0.06
生产率	0.06
拉狄亚	0.06
浸没	0.06
叔公	0.06
断裂带	0.06
语种	0.06
山坳	0.06
卡克朗	0.06
普齐	0.06
白莉娜	0.06
升压	0.06
淫亵	0.06
吉卜赛	0.06
浸润	0.06
艾米丽·迪克	0.06
瑭	0.06
纳可杜契斯镇	0.06
一定非	0.06
阿拉斯托	0.06
露西艾莲莫德	0.06
赛斯特斯	0.06
西蒙·玻利瓦尔	0.06
巴尔拉赫	0.06
波曼特	0.06
盘石	0.06
沥青路	0.06
哈哈镜	0.06
大熊湖	0.06
氙气	0.06
那我	0.06
除害	0.06
卡马加	0.06
卡尔·卢布里切特	0.06
施瓦兹	0.06
猝然	0.06
阿迪阿	0.06
宋英伍	0.06
蓬乱	0.06
劣根性	0.06
丹·波比斯	0.06
凶相	0.06
普伦斯泰德	0.06
帕特里克·哈里斯	0.06
药酒	0.06
露斯	0.06
蟾	0.06
玛莉莎瑞斯	0.06
五六年	0.06
图蒂	0.06
那末	0.06
莎当妮	0.06
劳克	0.06
厅子	0.06
弭	0.06
褡裢	0.06
德布西	0.06
压弯	0.06
范·沃登堡	0.06
老脾气	0.06
牵就	0.06
理查德·泰勒	0.06
语音学	0.06
退走	0.06
组组	0.06
肖恩康纳利	0.06
猫熊	0.06
礼赞	0.06
杰西卡干	0.06
真贵	0.06
西比弗利	0.06
菱	0.06
罗德里杰思	0.06
客饭	0.06
打样	0.06
齐集	0.06
麦勒迪斯	0.06
厅堂	0.06
卡尔·罗	0.06
路易斯·多	0.06
基尔内	0.06
六七百	0.06
欧·基	0.06
山径	0.06
阿科瑞基	0.06
斯韦兹	0.06
李晋生	0.06
立项	0.06
隔离法	0.06
黄代勇	0.06
萨维斯基	0.06
黎塞留	0.06
杜非	0.06
卫军军	0.06
定造	0.06
款子	0.06
一多半	0.06
金辉	0.06
波普·斯维特·耶稣	0.06
安德逊	0.06
史蒂夫·维里茨	0.06
短句	0.06
达拉	0.06
运程	0.06
步频	0.06
分式	0.06
义举	0.06
苦境	0.06
勒吉	0.06
金质	0.06
苏珊·霍华德	0.06
杰纳罗	0.06
德瑞克·赫斯利	0.06
杨干	0.06
第二十七	0.06
和恩秀	0.06
汴	0.06
涟涟	0.06
伊吉	0.06
假冒伪劣	0.06
埃莉诺·普兰蒂斯·肖	0.06
玛吉·斯坦兹	0.06
磁铁矿	0.06
帕克蒂卡	0.06
沉吟	0.06
激素类	0.06
斯坦丝	0.06
托马斯·比尔巴图阿	0.06
曼书	0.06
马提欧	0.06
片山	0.06
克明斯基	0.06
卡特里纳	0.06
食糖	0.06
洁菊	0.06
十一二	0.06
弗拉里	0.06
比巴莱巴	0.06
恩慧	0.06
博阿格日厄斯	0.06
防水层	0.06
布朗库西	0.06
海沙	0.06
狮子舞	0.06
炸裂	0.06
手旗	0.06
维茨曼	0.06
云斯摩尔	0.06
金言	0.06
乔尼沃克	0.06
十六万	0.06
赞美歌	0.06
肉鸡	0.06
煸	0.06
皮诺丘	0.06
斗法	0.06
拉瑞比	0.06
霎时间	0.06
杨娜	0.06
安德雷	0.06
史恩康纳莱	0.06
午时	0.06
哼哼哈哈	0.06
如春	0.06
倒行逆施	0.06
弗兰克·温斯勒	0.06
绿池路	0.06
音变	0.06
约瑟芬姑	0.06
加拉塔萨雷	0.06
沉冤	0.06
康满玉	0.06
敬乔	0.06
火柴厂	0.06
特·霍尔	0.06
伊冯	0.06
费斯巴顿	0.06
赛尔维利斯	0.06
公汽	0.06
金行	0.06
马克思·克希尔	0.06
史芭奇	0.06
数控	0.06
葛里马迪村	0.06
杰克巴戈特	0.06
敬艾力	0.06
资力	0.06
阿布里诺	0.06
莱马	0.06
莫莉·波特	0.06
一般化	0.06
皮诺亚	0.06
葛氏	0.06
质料	0.06
社会保险金	0.06
蜜柑	0.06
米粥	0.06
前导	0.06
丽莎·米勒	0.06
兰凯尼迪	0.06
较之	0.06
八万五	0.06
杰克阿米尔	0.06
爱德·苏里	0.06
凛然	0.06
达提斯	0.06
凯斯·斯	0.06
巴布顿	0.06
纳库杜	0.06
和萨	0.06
良性肿瘤	0.06
蒲田	0.06
维拉蒙	0.06
食言而肥	0.06
舆	0.06
和薇	0.06
罗丝玛丽	0.06
为蕾	0.06
科德角	0.06
四一二三	0.06
诬害	0.06
亿分之一	0.06
达格	0.06
寒微	0.06
杨基	0.06
严词	0.06
哈维·丹	0.06
卡梅隆·迪亚茨	0.06
全能型	0.06
腋	0.06
说媒	0.06
风钧	0.06
福泽	0.06
保加利亚人	0.06
常值	0.06
运输量	0.06
马诺希卡	0.06
克若	0.06
圣克里斯托弗	0.06
洪堡	0.06
贷款人	0.06
日常用语	0.06
普莉兹	0.06
呻	0.06
篱墙	0.06
分厂	0.06
傧	0.06
食疗	0.06
筋腱	0.06
克拉里萨	0.06
于微	0.06
亚瑟·潘达	0.06
克林格勒	0.06
纳斯	0.06
圣文森特	0.06
和伊芙	0.06
六亿七千五百万	0.06
责任险	0.06
痘疮	0.06
盖乌斯·屋大维·恺撒	0.06
鱼肚白	0.06
血糊糊	0.06
托米·科恩	0.06
波罗格斯	0.06
草绳	0.06
心曲	0.06
罗斯韦尔	0.06
达洙	0.06
打字纸	0.06
灣	0.06
麦拉	0.06
默西塞德	0.06
金考	0.06
倒挂金钟	0.06
肯达尔·邓肯	0.06
下半夜	0.06
沃尔特·惠特曼	0.06
加杰特	0.06
伊奇	0.06
两居室	0.06
伊娃·迪安娜	0.06
达玛	0.06
还原剂	0.06
分付	0.06
愚鲁	0.06
尖碑	0.06
数理	0.06
海兹曼	0.06
马东浩	0.06
比利·迪	0.06
达珂	0.06
义弟	0.06
温迪·萨维奇	0.06
莱丝	0.06
特里斯	0.06
维米尔	0.06
麦粒	0.06
伍迪卡特	0.06
洛费里兹	0.06
麦克布莱德	0.06
死火山	0.06
旺布萨	0.06
郑镇国	0.06
梅德琳	0.06
黑川	0.06
圆心	0.06
邦妮多纳尔	0.06
曼彻	0.06
朴成	0.06
黑店	0.06
银两	0.06
幽香	0.06
玉米花	0.06
基米德	0.06
罗威尔	0.06
朗达·希瓦	0.06
独霸	0.06
动因	0.06
托马斯爱迪生	0.06
戈登他	0.06
售票口	0.06
杰夫巴克利	0.06
落笔	0.06
安玛利	0.06
卡斯卡	0.06
艾夫纳·卡夫	0.06
杜楚尼	0.06
外向型	0.06
烫金	0.06
祖利	0.06
原战虎	0.06
空炮	0.06
功名	0.06
官职	0.06
庞杂	0.06
磁带机	0.06
疖	0.06
老脑筋	0.06
卢克·格索德	0.06
潍坊	0.06
众人拾柴火焰高	0.06
法学家	0.06
查治	0.06
悲歌	0.06
德加斯	0.06
韦士曼	0.06
双日	0.06
朴东万	0.06
曼塔	0.06
弗雷·法雷尔	0.06
赔钱货	0.06
心细	0.06
克顿	0.06
比蒂娜	0.06
福津	0.06
此信	0.06
双杠	0.06
卡斯基	0.06
阿德顿	0.06
具体说来	0.06
鸿益	0.06
蓍	0.06
华玛莉	0.06
史帝	0.06
尼基·科特罗	0.06
金风	0.06
灶间	0.06
格拉纳尔	0.06
海文溪	0.06
帕里斯希尔顿	0.06
说亲	0.06
俸禄	0.06
杰克逊·卢卡斯	0.06
伊丽	0.06
普罗达沙	0.06
江海珠	0.06
莎宝	0.06
煤焦油	0.06
奥图·奥塔维斯	0.06
曼弗雷德·冯·里希特霍芬	0.06
奥斯特韦斯基	0.06
布罗柯	0.06
里特·冯·格莱姆	0.06
黄志诚	0.06
自治领	0.06
布尔加柯夫	0.06
大卫·法拉第	0.06
阿莹	0.06
痴愚	0.06
比尔森	0.06
康多迪亚博	0.06
圣卢西亚	0.06
反动派	0.06
威廉·卡瑞	0.06
马泽森	0.06
纳亚米卡	0.06
特雷弗·古德查德	0.06
弗洛雷安	0.06
丹尼·丹	0.06
气吁吁	0.06
心玉	0.06
凯马特	0.06
恩纳	0.06
李其古德曼	0.06
格伦科	0.06
汉斯·梅尔	0.06
山姆·豪瑟	0.06
诊断法	0.06
对开	0.06
三四十万	0.06
八千五百	0.06
阿伦维尔	0.06
蒙迪欧	0.06
查尔斯·迪安	0.06
中篇小说	0.06
约翰·谢帕德	0.06
艾丽·安德森	0.06
纪念卡	0.06
昂弗雷	0.06
敬告	0.06
守方	0.06
华莱士·潘尼	0.06
尼法朵	0.06
定货	0.06
斥资	0.06
黑冰	0.06
质点	0.06
拜金主义	0.06
草浆	0.06
罗丝·科顿	0.06
贫富悬殊	0.06
李施煦	0.06
挡土墙	0.06
戈黛娃	0.06
四点一	0.06
哈罗德·卡米克	0.06
巴纳比	0.06
卡斯帕	0.06
艾勒文	0.06
洛克希	0.06
耿直	0.06
卢里斯坦	0.06
投机性	0.06
凯文·史派西	0.06
阿其巴艾夫	0.06
心真	0.06
伊娜斯·比尔巴图阿	0.06
黑口	0.06
杰克普森	0.06
抗坏血酸	0.06
献宝	0.06
维吉尼亚·苏·莫斯	0.06
布汉	0.06
资不抵债	0.06
銷	0.06
勤务员	0.06
一一列举	0.06
联办	0.06
伊丝兰莎	0.06
玛丹娜	0.06
痹	0.06
场区	0.06
电烙铁	0.06
丹泽尔华盛顿	0.06
枝繁叶茂	0.06
抷	0.06
朴万秀	0.06
麦克斯韦尔	0.06
拉希姆	0.06
毛乎乎	0.06
妖媚	0.06
里山裕	0.06
友邦	0.06
中国人	0.06
吴英实	0.06
波洛黎	0.06
卡罗琳娜	0.06
兰比斯	0.06
朱丽娅·罗伯茨	0.06
桉	0.06
伊瑞	0.06
赛洛维德	0.06
霍索恩	0.06
本·华莱士	0.06
联防队	0.06
维洛德罗姆	0.06
托斯滕	0.06
秉承	0.06
鞭毛虫	0.06
安德丽娅·鲁门	0.06
三百五	0.06
千军万马	0.06
南卡格林威尔	0.06
寒夜	0.06
莫黑托	0.06
小贤洙	0.06
焚风	0.06
格瑞斯曼	0.06
茚	0.06
丹尼·布赖恩特	0.06
酥油茶	0.06
塞斯特尔	0.06
鞋楦	0.06
顿基罗	0.06
杰森·洛克威尔	0.06
遗风	0.06
布告栏	0.06
大敌当前	0.06
春风吹又生	0.06
米兹	0.06
伊特	0.06
前瞻	0.06
香子兰	0.06
自由度	0.06
义齿	0.06
小村	0.06
贾奇	0.06
寒彻	0.06
安通	0.06
莱斯·法丽	0.06
他格兰	0.06
牌九	0.06
遗腹子	0.06
阿克塞	0.06
弗兰克·毕克	0.06
潘丹思基	0.06
贝格菲	0.06
安适	0.06
田中君	0.06
咏慧	0.06
少壮派	0.06
毒汁	0.06
奥兹诺	0.06
六又八分之一	0.06
草垛	0.06
哈拉雷	0.06
嘎达	0.06
杰克林·史密斯	0.06
嗟来之食	0.06
伊格纳西奥·罗萨	0.06
正体	0.06
遺	0.06
诗塔	0.06
霍利菲尔德	0.06
分社	0.06
米利	0.06
张弼虎	0.06
本尼托	0.06
樗	0.06
处身	0.06
伍德斯顿	0.06
中长期	0.06
阿特金森	0.06
加斯顿	0.06
忆苦思甜	0.06
尼尔逊	0.06
约翰·魏克斯·布思	0.06
谆谆教导	0.06
之谊	0.06
维拉萨诺	0.06
刘吉凡	0.06
特雷沃恩	0.06
玛丽亚·格米兹	0.06
安那	0.06
维吉尔·马洛伊	0.06
索尔顿湖	0.06
医疗界	0.06
痛定思痛	0.06
弹簧门	0.06
詹姆斯·戴维斯	0.06
斯卢恩	0.06
萨默维尔	0.06
題	0.06
伊妮德	0.06
波塞冬	0.06
史蒂夫·乔布斯	0.06
艾迪·坎特罗	0.06
洛维尔	0.06
默尔·拉莫斯	0.06
弗兰克尔	0.06
壁炉台	0.06
庄世	0.06
民航机	0.06
布告板	0.06
健儿	0.06
斯特拉特福	0.06
二把刀	0.06
龍	0.06
彼得阿玛	0.06
株连	0.06
衣夹	0.06
撰	0.06
葛罗里塔	0.06
敬新	0.06
白石春海	0.06
一万四	0.06
雅戴	0.06
你中有我	0.06
大惊失色	0.06
献血者	0.06
小曼	0.06
伍德隆	0.06
曼恩	0.06
斯皮罗·阿格	0.06
詹姆斯·马布索	0.06
罷	0.06
莎洽	0.06
把儿	0.06
范尼斯	0.06
钻机	0.06
葡萄胎	0.06
罗伯·格林	0.06
范·迪索	0.06
泰尔波特	0.06
二点五	0.06
塞丽亚	0.06
马克·麦克格威	0.06
诸多不便	0.06
断顿	0.06
控制阀	0.06
抢亲	0.06
亨利·米尔斯	0.06
锡考克斯镇	0.06
约翰·贝克伍德	0.06
拍巴掌	0.06
古德斯坦因	0.06
索拉雅	0.06
七七八八	0.06
雕刻品	0.06
汝重生	0.06
排气阀	0.06
嗷嗷待哺	0.06
吉尼亚	0.06
谢立丹	0.06
伊林	0.06
干女儿	0.06
麦德林	0.06
圣军	0.06
监事会	0.06
一二三四五六七	0.06
壶嘴	0.06
鞋粉	0.06
氯化氢	0.06
蒂富妮	0.06
贝尔蒙特	0.06
储气罐	0.06
玛丽·玛格丽特	0.06
北向南	0.06
丹普塞	0.06
车骑	0.06
马塔莫罗斯	0.06
祝子	0.06
珍·沃什	0.06
查兹沃斯	0.06
秉珍	0.06
约翰·麦克德莫特	0.06
孟斯	0.06
博尔德	0.06
卡尔森·威尔斯	0.06
安娜托利	0.06
牛头马面	0.06
心存	0.06
汽锤	0.06
首轮	0.06
杰奈尔	0.06
伊拉	0.06
曼莱特	0.06
奥拜仁	0.06
搭棚	0.06
布维埃	0.06
杨梅	0.06
杨森	0.06
普里西	0.06
乌玛·瑟曼	0.06
罗西里尼	0.06
孟扬	0.06
默默无言	0.06
哈利道顿	0.06
金慧秀	0.06
西蒙·利奥波德	0.06
阿索卡·塔诺	0.06
作业本	0.06
麦姬	0.06
前朝	0.06
一万七	0.06
爱普森	0.06
伍斯特德	0.06
两会	0.06
纳格里	0.06
伊丽丝	0.06
正面人物	0.06
辻	0.06
汉穆	0.06
各行	0.06
欧玉珍	0.06
于斯	0.06
马克安东尼	0.06
伊阿宋	0.06
田由香	0.06
尾鳍	0.06
百嘉克	0.06
西格利尤帝	0.06
罗杰莫曼	0.06
麦克米伦	0.06
阿斯顿·马丁	0.06
言明	0.06
威洛比	0.06
雷诺阿	0.06
满当当	0.06
圣马帝	0.06
高压脊	0.06
变奏曲	0.06
丹德沃	0.06
有恃无恐	0.06
斯帝芬	0.06
洪涝	0.06
前次	0.06
优利乌斯	0.06
达娜	0.06
成人之美	0.06
达娃	0.06
洪洪	0.06
小明洙	0.06
罗伯特·波威尔	0.06
露易丝·梅耶尔	0.06
回归线	0.06
达林·哈里斯	0.06
吞吐	0.06
娜塔莉亚·耶罗希克	0.06
梅布尔·西蒙斯	0.06
米奇·艾尔邦	0.06
终身大事	0.06
决胜盘	0.06
作案人	0.06
松江	0.06
李英皓	0.06
拉利亚斯	0.06
罗格河	0.06
纪念版	0.06
纪念牌	0.06
纽伯里	0.06
韩桑实	0.06
雷欧纳德	0.06
吹胡子瞪眼	0.06
恩好	0.06
樟脑丸	0.06
苦斗	0.06
康比涅	0.06
西奥多·班	0.06
怜恤	0.06
车闸	0.06
洋气	0.06
酒店业	0.06
返修	0.06
嚣张气焰	0.06
比例尺	0.06
优裕	0.06
羸弱	0.06
甄尼	0.06
弗莱德·杜克斯	0.06
斯泰尔斯	0.06
和比利	0.06
创刊	0.06
丹尼尔·克雷格	0.06
伊欧	0.06
凯瑟琳·佩伯顿·勃兰特	0.06
兰科斯特	0.06
戾	0.06
马褂	0.06
眛	0.06
得天独厚	0.06
听神经	0.06
熊克雷	0.06
痛快淋漓	0.06
普鲁登斯	0.06
布鲁托	0.06
雪水	0.06
克丽	0.06
马丁·阿什尔	0.06
饮泣	0.06
科罗娜	0.06
理事国	0.06
阿佛洛狄特	0.06
涤荡	0.06
手不释卷	0.06
法布尔	0.06
尾追	0.06
维尔多克斯	0.06
布尔本	0.06
司放	0.06
遗精	0.06
基卡普	0.06
两点四十五	0.06
杜嘉	0.06
毒计	0.06
阿德万	0.06
艾达·弗雷姆	0.06
凉台	0.06
艾莉卡	0.06
官商	0.06
和会	0.06
曼达	0.06
中长跑	0.06
布伦蒂	0.06
姨夫	0.06
莲根	0.06
托斯顿	0.06
连接线	0.06
杰瑞福克	0.06
爱得瑟的罗瑟	0.06
老两口	0.06
炸伤	0.06
杰米甘姆	0.06
水彩画	0.06
购物券	0.06
本杰明·富兰克林·盖茨	0.06
珐琅	0.06
音障	0.06
科斯塔·维	0.06
七旬	0.06
伊锦	0.06
奔月	0.06
官场	0.06
赫伍德	0.06
贝尼塔	0.06
敬赠	0.06
鲍温	0.06
循环往复	0.06
洪那	0.06
责任书	0.06
杜卡	0.06
马什科夫	0.06
峻	0.06
穆古	0.06
吉索伦	0.06
本月底	0.06
地方时	0.06
腘	0.06
切尔滕纳姆	0.06
五点零一	0.06
湲	0.06
鞋袜	0.06
荒诞剧	0.06
月黑风高	0.06
爱莉雪	0.06
呆傻	0.06
罹难者	0.06
布鲁斯·巴克斯特	0.06
七窍生烟	0.06
克莱尔蒙	0.06
包乐	0.06
庸碌	0.06
风带	0.06
电子化	0.06
侯才	0.06
戴尔斯	0.06
伯林格斯	0.06
切尔斯	0.06
瓦卡古兹曼	0.06
伏尔思	0.06
后襟	0.06
卡斯蒂略	0.06
敗	0.06
雨披	0.06
戴尼卡·斯考特	0.06
微雨	0.06
伊默	0.06
两万九千	0.06
不利于	0.06
普奇亚	0.06
贖	0.06
卢瓦尔河	0.06
里查德·尼克松	0.06
搭钩	0.06
奥斯达	0.06
官差	0.06
冰机里	0.06
浓墨重彩	0.06
勒鲁	0.06
斯劳森	0.06
李欲林	0.06
杨门	0.06
洁丝	0.06
兆达	0.06
拜恩	0.06
梵林比	0.06
万千万千万万千	0.06
德纳·马泽森	0.06
简易房	0.06
官府	0.06
盥洗	0.06
阿米塔	0.06
动力源	0.06
处治	0.06
锤炼	0.06
楚龙大	0.06
东跑西颠	0.06
乔普林	0.06
过氧化物	0.06
频带	0.06
右派	0.06
诺拉·格雷夫	0.06
艾尔罗伊	0.06
教唆者	0.06
气绝身亡	0.06
占有权	0.06
杰迪戴亚·史密斯	0.06
遗照	0.06
厄维奇	0.06
二类	0.06
吴亨	0.06
佛烈海斯	0.06
雷蒙德·埃索	0.06
正北	0.06
车改	0.06
和佐村	0.06
金之心	0.06
艾米·波哈尔	0.06
欧巴迪亚·史坦	0.06
葛纳	0.06
温妮佛尔	0.06
严严	0.06
信子	0.06
急眼	0.06
切尔沃	0.06
是蕾	0.06
桑尼·高班尼	0.06
车普	0.06
华尔顿堡	0.06
穆塞	0.06
坎伯	0.06
罗曼·斯坦希尔莱斯库	0.06
义肢	0.06
官宦	0.06
友素	0.06
乔尼·卡巴拉	0.06
马丁娜·迪茨	0.06
凑份子	0.06
鞋舌	0.06
实玛利	0.06
成贤娥	0.06
迪恩·法瑞斯	0.06
比利·格雷厄姆	0.06
莱纳德	0.06
欧原欣	0.06
吉米·亨	0.06
渺无人烟	0.06
民主改革	0.06
奥拉夫森	0.06
递增	0.06
接风洗尘	0.06
汽灯	0.06
勒蒙	0.06
冯·史登堡	0.06
英承	0.06
玛祖琳	0.06
菲利普·塞默·霍夫曼	0.06
三足鼎立	0.06
达尔林普	0.06
前肢	0.06
亨利·沃克	0.06
比尔克林顿	0.06
一般无二	0.06
伊萨	0.06
败军	0.06
杰克·布里斯	0.06
哈里斯堡	0.06
金州	0.06
金尼	0.06
伍德森	0.06
威麦克	0.06
荠	0.06
布里杰特	0.06
弗兰克干	0.06
朵拉	0.06
黑龙	0.06
奥斯瓦尔多·波尔克	0.06
曼切克	0.06
荷特	0.06
哥夫	0.06
无可指责	0.06
踊跃	0.06
儒勒	0.06
百年不遇	0.06
馋涎欲滴	0.06
斯诺克	0.06
约翰·麦凯恩	0.06
包尔	0.06
耐磨	0.06
拉里帕基特	0.06
爱岗敬业	0.06
齐秋	0.06
友枝	0.06
那拉摩尔	0.06
胸无大志	0.06
绸子	0.06
耐穿	0.06
囡	0.06
詹妮特·斯通	0.06
普里欧	0.06
崔之子	0.06
莫提斯叶	0.06
通信地址	0.06
戴维·威廉姆斯	0.06
仞	0.06
草字头	0.06
冶炼厂	0.06
鲁本·布雷兹	0.06
基隆	0.06
贝林斯基	0.06
义项	0.06
克姆	0.06
资财	0.06
愚哉	0.06
杜伯	0.06
占有率	0.06
哥吉	0.06
穆伊	0.06
厄克特	0.06
卡马纳	0.06
诺桑觉	0.06
脑力劳动	0.06
腑	0.06
子子孙孙	0.06
卡拉季奇	0.06
西蒙妮·威尔金森	0.06
何锡栋	0.06
埃尔波特	0.06
遗族	0.06
西蒙·福瑞斯特	0.06
总负责人	0.06
科达	0.06
课题组	0.06
邻村	0.06
柩	0.06
羡仙	0.06
尼尔扬	0.06
贵方	0.06
斯黛莫里亚	0.06
曼雷	0.06
左传	0.06
司统	0.06
丹尼尔·桑切斯	0.06
理查多	0.06
巯	0.06
塔则林	0.06
达斯娃	0.06
马尔塞拉	0.06
丽维亚·比勒	0.06
斯特兹曼	0.06
网兜	0.06
趋同	0.06
麦坎得勒斯	0.06
洁实	0.06
引得	0.06
金华	0.06
劳伦斯利维莫的艾略	0.06
迈克·雅	0.06
宽畅	0.06
莎龙	0.06
伊尔库	0.06
山姆菲利普	0.06
阿密斯	0.06
克勒	0.06
校园网	0.06
艾莉会	0.06
铝土矿	0.06
杜凡	0.06
蒙罗	0.06
斯巴洛	0.06
前述	0.06
高风亮节	0.06
有头有尾	0.06
组织法	0.06
桑塔纳	0.06
方特路	0.06
皮脂腺	0.06
亨利·米勒	0.06
亨普斯	0.06
勒诺	0.06
矽肺	0.06
德雷窦	0.06
米纳斯	0.06
海丽塔	0.06
史密斯森	0.06
真知灼见	0.06
罗迪·马丁代尔	0.06
后起	0.06
量角器	0.06
奥斯诺	0.06
查布丽丝香	0.06
达斯廷	0.06
断案	0.06
艾比嘉尔·切斯	0.06
范沙永	0.06
定例	0.06
他米奇	0.06
鼻烟盒	0.06
为准	0.06
马赛曲	0.06
邋	0.06
曼尼洛	0.06
荚果	0.06
狮子山	0.06
举办地	0.06
达芙	0.06
迈考伊	0.06
马瑟斯杜尔特	0.06
金源	0.06
格巴	0.06
特利	0.06
鲍勃·布罗迪	0.06
編	0.06
金洁	0.06
祝语	0.06
奇思	0.06
金海	0.06
拜伦·迈克埃尔罗伊	0.06
讳言	0.06
劳伦斯·戈登	0.06
冗余	0.06
色度	0.06
严打	0.06
克莱尔·雷德菲尔德	0.06
莫鲁图	0.06
面貌一新	0.06
小乔伊	0.06
追击战	0.06
金永	0.06
凯特·海斯顿	0.06
金民	0.06
群情激奋	0.06
和洪	0.06
吉耳伯	0.06
运输线	0.06
鼻粘膜	0.06
奧	0.06
让杰克·鲍尔	0.06
离乡	0.06
拉瑟佛	0.06
科罗纳	0.06
劳逸结合	0.06
博格勒姆	0.06
吴松	0.06
那达慕	0.06
桑那·雷蒙	0.06
乔治·卡普兰	0.06
邹	0.06
莎伦娜	0.06
军大衣	0.06
哥格	0.06
创见	0.06
严整	0.06
高尔德	0.06
递水	0.06
斯苏鲁	0.06
森斯伯瑞	0.06
奥西特	0.06
皮拉特	0.06
鲍依	0.06
亚当斯·摩根	0.06
元年	0.06
卡旺诺	0.06
希斯滕	0.06
针织品	0.06
尔森	0.06
定睛	0.06
温斯莉	0.06
五谷丰登	0.06
布拉德·彼特	0.06
敬戴夫	0.06
首尾	0.06
普里娃	0.06
克力弗	0.06
尼克·盖恩斯	0.06
歇后语	0.06
安迪·格里菲思	0.06
卡亚尼	0.06
潘密拉	0.06
费尔柴尔德·沃登堡	0.06
克利夫顿	0.06
埃里斯特·巴德·约翰逊	0.06
七七	0.06
七一	0.06
心胆	0.06
名宿	0.06
七世	0.06
史莫奇谷	0.06
斯普洛特	0.06
彼得·派克	0.06
库柏特斯	0.06
七五	0.06
一袋袋	0.06
埃里克·兰门	0.06
客流量	0.06
哥摩	0.06
阿布拉维茨	0.06
七点四十	0.06
耿耿	0.06
拉希里	0.06
弗烈	0.06
克柏	0.06
垂暮之年	0.06
比利·基德	0.06
夏安人	0.06
青青	0.06
金汉雄	0.06
佐村也	0.06
柯瑞	0.06
饱经风霜	0.06
马利克	0.06
林加拉	0.06
莫里托尔	0.06
厄尔尼	0.06
圣奥尔班斯	0.06
百分之四十五	0.06
弗拉纳	0.06
凯斯门特	0.06
蒂娜·菲	0.06
正电	0.06
坦陈	0.06
天门冬	0.06
移民法	0.06
马来群岛	0.06
维拉斯	0.06
和数	0.06
不甘寂寞	0.06
六万五千	0.06
分庭抗礼	0.06
正牙	0.06
尺蠖	0.06
安纳贝尔	0.06
道格·诺里斯	0.06
活菩萨	0.06
楚拉夫	0.06
白发苍苍	0.06
诈唬	0.06
难以为继	0.06
丘增	0.06
东斯格特斯代尔	0.06
克拉里斯	0.06
穆穆	0.06
汝同	0.06
球心	0.06
手板	0.06
婴幼儿	0.06
总的来看	0.06
哈林·威尔逊	0.06
飘带	0.06
声泪俱下	0.06
肉皮	0.06
李振石	0.06
升学率	0.06
双鹿	0.06
葛雷格瑞	0.06
信筒	0.06
劳合·乔治	0.06
汉克·凯利	0.06
手车	0.06
哈克贝利·费恩	0.06
朵·罗斯福	0.06
斯普林菲尔德湖	0.06
货郎	0.06
弗尼尔	0.06
瑟琳	0.06
砂子	0.06
左端	0.06
圣伯尔纳多	0.06
麦可会	0.06
雯萱	0.06
卢辛达·恩布里	0.06
瓜多	0.06
京恩	0.06
杨东根	0.06
功德无量	0.06
波尔图	0.06
授权证	0.06
沙利格夫	0.06
诗选	0.06
吴汉	0.06
二十五秒	0.06
阿德罗	0.06
詹姆士邦德	0.06
自由诗	0.06
布勒卡	0.06
让维拉	0.06
蒂佩杰	0.06
洩	0.06
沙尔夫	0.06
圣·巴巴拉	0.06
侯喜	0.06
苏菲派	0.06
殭	0.06
抢道	0.06
蚂蟥	0.06
惠特塞德	0.06
韩相丕	0.06
克罗	0.06
和缓	0.06
卡罗拉多	0.06
承载力	0.06
瀬	0.06
克米	0.06
哈比提	0.06
澳大利亚联邦	0.06
爱德华·威尔森	0.06
电子束	0.06
学无止境	0.06
安斯罗斯	0.06
前轴	0.06
艾伯克	0.06
恩·麦格尔	0.06
玛丽琳雷克斯拉	0.06
一碗碗	0.06
恩雅	0.06
揠	0.06
弗拉明	0.06
朱朱·福斯特	0.06
左思	0.06
长吁短叹	0.06
做操	0.06
靂	0.06
比尔·卡斯提根	0.06
格里蒙特	0.06
汽轮机	0.06
特洛伊·潘	0.06
雨带	0.06
乌胡鲁	0.06
自忖	0.06
帕迪·卡迪	0.06
弗罗曼	0.06
細	0.06
贾西	0.06
莎拉·埃利斯	0.06
穆拉	0.06
马尔布兰克	0.06
正比	0.06
雪姬	0.06
摩利斯	0.06
柯根	0.06
页岩	0.06
手面	0.06
约翰·沃伦	0.06
宽待	0.06
阳易	0.06
彼德·塞特拉	0.06
艾莫魁	0.06
贵金属	0.06
边塞	0.06
金警章	0.06
贾斯洛	0.06
特立尼达和多巴哥	0.06
米荪	0.06
钱用光	0.06
科德尔	0.06
通过率	0.06
安琪丝蒂娜	0.06
法贝热	0.06
弗里德里奇	0.06
强尼·戴普	0.06
酥软	0.06
青藤	0.06
依芙琳	0.06
杜威恩·马丁	0.06
史派西	0.06
凯纳斯特	0.06
电子流	0.06
大卫·鲍威	0.06
繁花似锦	0.06
哈比森	0.06
艾西斯	0.06
前站	0.06
欢悦	0.06
比利·马贝尔	0.06
班会	0.06
恩·特劳	0.06
波尔文	0.06
平顶山	0.06
新西兰人	0.06
圣安德烈亚斯	0.06
米达	0.06
六十七分	0.06
高深莫测	0.06
木弓	0.06
小史密斯	0.06
塞纳姆	0.06
蒂娜来	0.06
桑德·潘	0.06
麦雅	0.06
劳伦娜	0.06
剛	0.06
鲍伯·卡农	0.06
记录仪	0.06
圣彼特堡	0.06
巴克特	0.06
约瑟夫·塞西尔·沃	0.06
玛利艾伦	0.06
正教	0.06
弗兰克·派斯	0.06
塔普希	0.06
五点七	0.06
以理服人	0.06
辨证	0.06
沈美京	0.06
卡利姆·尤索夫	0.06
车匪	0.06
荷威	0.06
百步穿杨	0.06
达顿	0.06
风挡	0.06
金瓯	0.06
熔剂	0.06
布科斯基	0.06
吉尔威斯	0.06
衣襟	0.06
杨美京	0.06
名位	0.06
六千二百	0.06
席琳·狄翁	0.06
金珠	0.06
奔丧	0.06
史提威	0.06
特·富里	0.06
芭芭拉·博福特	0.06
尤瑟夫	0.06
和俊虎	0.06
波里斯	0.06
伽玛	0.06
朱巴卡	0.06
明察秋毫	0.06
把脉	0.06
巴克·罗杰斯	0.06
帕迪·墨菲	0.06
张炫诚	0.06
柯恩	0.06
道伯里茨	0.06
贾斯敏	0.06
过桥费	0.06
索拉奇	0.06
摩西斯	0.06
朔望	0.06
诣	0.06
科茨曼	0.06
因斯特朗	0.06
本杰明·马萨瑞	0.06
石斑鱼	0.06
误工	0.06
电杆	0.06
甜腻腻	0.06
勤俭	0.06
吭气	0.06
遁入	0.06
索克莫顿	0.06
层流	0.06
翘板	0.06
凯特·哈德森	0.06
埃里希	0.06
哈尔夫	0.06
韦士	0.06
乔恩·沃伊特	0.06
崔贤景	0.06
乔·怀尔	0.06
沙县	0.06
奥二	0.06
简史	0.06
奥丽	0.06
庙街	0.06
斯克里	0.06
艾琳娜·德尔沃克	0.06
龙蒿	0.06
抵押金	0.06
喻为	0.06
海因兹	0.06
谊	0.06
无毒品	0.06
福西	0.06
回落	0.06
让科林	0.06
艾莉森·克罗丝	0.06
拉佛蒂	0.06
安娜·帕斯卡	0.06
海蒂·卡洛尔	0.06
裘迪	0.06
钟达苏	0.06
巴菲特	0.06
悬梁	0.06
哈利斯堡	0.06
别字	0.06
五月节	0.06
西番莲	0.06
电视柜	0.06
贝叶斯	0.06
莱夫	0.06
欧迪尼	0.06
威拉	0.06
愚公移山	0.06
比阿姆斯特朗	0.06
克里登斯	0.06
丹尼刚	0.06
弗里奇	0.06
比赛服	0.06
惠俊	0.06
罗斯玛丽·琼斯	0.06
喜顺	0.06
金英顺	0.06
麻脸	0.06
西西莉亚·塔里斯	0.06
云起	0.06
越秀	0.06
麦克·里斯津	0.06
希西	0.06
百分之一百一	0.06
芙洛	0.06
丽内特	0.06
格雷纳	0.06
安迪·塞克斯	0.06
细软	0.06
路德维奇·范·贝多芬	0.06
韦尔奇	0.06
旗帜鲜明	0.06
列文沃斯	0.06
选举法	0.06
描图	0.06
劝诱	0.06
自我标榜	0.06
阿尔伯特·卡特	0.06
里格曼	0.06
耳福	0.06
悲悲切切	0.06
砖瓦	0.06
卡尔·亚斯	0.06
六千四百万	0.06
盖瑞·罗培兹	0.06
报端	0.06
朴千植	0.06
霍顿斯	0.06
邪气	0.06
星震	0.06
技术课	0.06
布莱恩麦克布莱	0.06
迪恩·休斯	0.06
回返	0.06
刀背	0.06
鲍勃·福特	0.06
阿德里希·艾姆斯	0.06
周运程	0.06
别净	0.06
四万五	0.06
授人以柄	0.06
报箱	0.06
如花似玉	0.06
拉斯镇	0.06
布威	0.06
杜法兰	0.06
关原	0.06
退稿	0.06
萨吉诺	0.06
爱琴海	0.06
才思敏捷	0.06
薄礼	0.06
伟恩	0.06
矾	0.06
填鸭式	0.06
吕西斯特拉	0.06
二话没说	0.06
病句	0.06
娇丽华	0.06
普克斯贝里	0.06
林奇·麦克劳	0.06
宾琪	0.06
余孽	0.06
康诺	0.06
经意	0.06
均势	0.06
活动日	0.06
金璞玉	0.06
天生我材必有用	0.06
那霸	0.06
阿蒂萨	0.06
开锁器	0.06
金喜善	0.06
宁为玉碎	0.06
拉托诺	0.06
布拉加多	0.06
喜酒	0.06
包觉尔	0.06
帕塔纳·迪	0.06
段位	0.06
峥嵘岁月	0.06
电毯	0.06
卡罗拉	0.06
杰克拉	0.06
赛博	0.06
特雷尔	0.06
瓦伦西亚	0.06
拉练	0.06
麦克丝·布尔	0.06
图版	0.06
薄纸	0.06
南希·詹森	0.06
伊拉特斯·富罗	0.06
艾伦福特	0.06
午前	0.06
刺儿头	0.06
但斯隆	0.06
八分之五	0.06
影视剧	0.06
遮阳篷	0.06
汤姆·威格曼	0.06
人非草木	0.06
圣白里欧	0.06
尼塔皮亚	0.06
培尼狄克	0.06
麻酥酥	0.06
吉米吉米	0.06
沃尔特·古德菲勒	0.06
乙方	0.06
二来	0.06
分数线	0.06
达列斯·斯梅尔	0.06
艾德海德	0.06
顏	0.06
斯利文曼	0.06
英斯塔	0.06
沙俄	0.06
法高	0.06
泰克多·地	0.06
堺	0.06
圣伯蒂诺	0.06
盐碱化	0.06
威尔·史考利	0.06
吉米·莱昂涅尔·彼莱斯	0.06
林波	0.06
耶伍德	0.06
珠江	0.06
尼尔·阿姆斯特朗	0.06
历史观	0.06
里查德·罗伯斯	0.06
边角料	0.06
丹斯摩尔	0.06
詹姆波特	0.06
阿萨娜	0.06
卡罗纳	0.06
药筒	0.06
米洛维	0.06
安妮苏文	0.06
赛佛	0.06
拉文克劳	0.06
遮阳板	0.06
康塞尔	0.06
燃烧室	0.06
玛格瑞特	0.06
嚐	0.06
唐·罗伯特	0.06
伊丽莎白·谢尔曼	0.06
玛·科斯塔	0.06
佳绩	0.06
碧丽珠	0.06
斯古普	0.06
查理斯·洛根	0.06
黎顿赫斯	0.06
贡扎亚	0.06
谢普·古德曼	0.06
嘉璐	0.06
镚	0.06
约翰·肖	0.06
库尔滕	0.06
跑表	0.06
图恩	0.06
濾	0.06
化验员	0.06
克洛	0.06
龙门	0.06
推而广之	0.06
珍尼恩	0.06
艾德·麦克	0.06
封地	0.06
生态学	0.06
拉诺琳	0.06
经纬	0.06
克瑞夫	0.06
风箱	0.06
治秀	0.06
罗素·卡吉尔	0.06
迪安·西蒙斯	0.06
格瑞格·哈里斯	0.06
暖烘烘	0.06
小希	0.06
宫城山	0.06
海文	0.06
格雷汉	0.06
生产量	0.06
比吉特	0.06
九万五	0.06
比斯耐	0.06
路德韦格	0.06
山羊绒	0.06
博士后	0.06
本诺特	0.06
挪威海	0.06
礼教	0.06
金沙	0.06
付印	0.06
丰收年	0.06
华力加	0.06
由小到大	0.06
酒意	0.06
妊	0.06
百分之九	0.06
游程	0.06
果酸	0.06
罗恩·韦斯莱	0.06
秋高气爽	0.06
沃特班克	0.06
奈洛比	0.06
马诺斯	0.06
装帧	0.06
工薪族	0.06
图格	0.06
小奥利弗	0.06
群马	0.06
宾格	0.06
阿奎奈	0.06
斯迪哲	0.06
史兆斯	0.06
不可分割	0.06
玛莎·狄龙	0.06
蔓丝	0.06
瑞克·哈里斯	0.06
欧比旺·肯诺比	0.06
水晶体	0.06
胜浦	0.06
谢丽尔·拉德	0.06
何钟万	0.06
马尔维利欧	0.06
古希伯莱	0.06
瓦尔特里德	0.06
德拉伦塔	0.06
特尔玛	0.06
德夫林	0.06
杰克·孟	0.06
瓦尔哈	0.06
塔斯科萨	0.06
学生装	0.06
浩燮	0.06
蒔	0.06
堂会	0.06
罗素·克劳	0.06
会标	0.06
沙瓦克	0.06
单名	0.06
鱼具	0.06
杰克生	0.06
过把瘾	0.06
伏罪	0.06
安通·希格尔	0.06
脚蹬子	0.06
桃仁	0.06
逐条	0.06
玛拉基	0.06
朱丽亚·安妮·米德	0.06
米格·洛桑诺	0.06
德拉科马尔福	0.06
安特	0.06
纪正文	0.06
狄纳哥	0.06
卡耐基	0.06
斯蒂夫·麦奎恩	0.06
硬席	0.06
伊莲·贝尼斯	0.06
切斯特·亚瑟	0.06
画具	0.06
劝退	0.06
旁门左道	0.06
塔塞尔	0.06
奥博	0.06
啮合	0.06
米莉森布洛德	0.06
奥加	0.06
咆	0.06
杨克	0.06
摩拉维亚	0.06
玛拉克	0.06
交口称赞	0.06
肛裂	0.06
奥列	0.06
哈迪斯	0.06
努奇	0.06
热处理	0.06
记要	0.06
居留证	0.06
审问者	0.06
巴里·兰德斯	0.06
达尔顿	0.06
匈	0.06
客票	0.06
阿普	0.06
圣弗朗西斯克	0.06
吉米·派格斯	0.06
后复生	0.06
籽儿	0.06
劳资	0.06
全仁权	0.06
图式	0.06
迈克尔·欧文	0.06
会友	0.06
菲尼斯	0.06
哈瓦尔斯	0.06
画法	0.06
通灵力	0.06
戈德温	0.06
安大略省	0.06
托卡图斯	0.06
老泪纵横	0.06
伯特·班尼斯	0.06
马希德·阿尔	0.06
图库	0.06
赛米	0.06
家宅	0.06
半票	0.06
记者团	0.06
希伯莱文	0.06
来取圣	0.06
沥	0.06
那宝球	0.06
椰油	0.06
图尔	0.06
坎德洛	0.06
别笑	0.06
报关	0.06
种植业	0.06
文风	0.06
柴曼	0.06
土克姆卡	0.06
十年磨一剑	0.06
波克夏	0.06
奥伦·古德查德	0.06
马丁内斯	0.06
施蒂夫	0.06
吉恩·希伯香	0.06
卡纳汉	0.06
比纳佛	0.06
奥斯他韦	0.06
铁盒	0.06
奥·斯托勒	0.06
艾斯雷	0.06
乔治·福尔曼	0.06
宠信	0.06
渲	0.06
伊斯班塞拉	0.06
比杰思	0.06
泰拉戴恩	0.06
出芽	0.06
罗斯·马丁	0.06
酣	0.06
逛荡	0.06
酒具	0.06
希尔玛	0.06
阋	0.06
榊	0.06
祕	0.06
努恩	0.06
弗莱斯	0.06
惠尔莱特	0.06
霍华德·亨特	0.06
阿麦德	0.06
细问	0.06
特洛伊的海伦娜	0.06
三岔路口	0.06
杰里科·凯恩	0.06
德利	0.06
迪克·兰波	0.06
番薯	0.06
斯坦尼斯	0.06
克里斯塔·库彻	0.06
米德威	0.06
磋	0.06
海莉贝瑞	0.06
拜尔森	0.06
尼克·卡伦	0.06
出迎	0.06
一轮轮	0.06
娴静	0.06
巴奇·布雷切特	0.06
鲥鱼	0.06
股长	0.06
家兄	0.06
圣路加	0.06
符号论	0.06
汉克·汉森	0.06
悠然自得	0.06
客位	0.06
字字句句	0.06
低矮	0.06
庞培城	0.06
节肢	0.06
安德莉亚	0.06
艾密尔	0.06
米尔布克	0.06
尹相杰	0.06
四百五十	0.06
朴永泰	0.06
范登堡	0.06
金格	0.06
赛琳	0.06
米凯尔	0.06
金默尔法布	0.06
真令人	0.06
比利·福瑞斯特	0.06
规律性	0.06
转借	0.06
布鲁金斯	0.06
罂粟花	0.06
大白话	0.06
退守	0.06
帕齐·克莱	0.06
麦特·霍夫曼	0.06
安东·契诃夫	0.06
米利森	0.06
基尔良	0.06
菲尼根	0.06
邦尼·乔治·坎贝尔	0.06
装料	0.06
惠普	0.06
淖	0.06
小型机	0.06
帕克逊	0.06
连成一片	0.06
文里	0.06
斯科舍	0.06
反抗性	0.06
金鸡纳霜	0.06
博比·拉克利	0.06
搭头	0.06
会徽	0.06
图库其玛	0.06
空对空	0.06
变老	0.06
金太郎	0.06
特拉维斯·德雷克	0.06
才会	0.06
海伦娜坎贝尔	0.06
阿斯克	0.06
谱儿	0.06
侯赛因·希尔	0.06
尹珠	0.06
安妮贝尔	0.06
梅莉莎·布斯提	0.06
苛政	0.06
阿奇豪德	0.06
第三十六	0.06
铁索	0.06
预装	0.06
正态分布	0.06
丰收期	0.06
贺加斯	0.06
释迦牟尼	0.06
布朗斯韦克	0.06
兹博曼	0.06
威里·奈尔森	0.06
维莉娅	0.06
沃希托河	0.06
思密斯	0.06
隆尼根	0.06
望而生畏	0.06
朱丽撒	0.06
德克范加勒	0.06
改成	0.06
受权	0.06
立地	0.06
舍己救人	0.06
才刚	0.06
弗洛伊德·威尔斯	0.06
弗莱特	0.06
图例	0.06
维克多·帕迪希	0.06
特朗普	0.06
母机	0.06
五岁庵	0.06
西尼罗热	0.06
腿法	0.06
宾主	0.06
金杰	0.06
尼格	0.06
七三	0.06
啼哭	0.06
瑞斯琼斯	0.06
科勒维拉	0.06
爱得蒙	0.06
耽于	0.06
戴表	0.06
法拉沙	0.06
宝莱	0.06
弗朗西斯卡	0.06
瓦尔米	0.06
喚	0.06
布赖斯	0.06
肉猪	0.06
卫斯里	0.06
监控点	0.06
艾迪生	0.06
浓茶	0.06
聩	0.06
文迪	0.06
画纸	0.06
叭嗒	0.06
币原	0.06
奇奇·马丁	0.06
斯威弗蒂·拉扎尔	0.06
坎托纳	0.06
沃尔特·瑞	0.06
奥林·斯本瑟	0.06
心急火燎	0.06
木部雅子	0.06
北木林	0.06
噙	0.06
麦克斯·佩特里吉	0.06
斯盖格斯	0.06
科学城	0.06
流毒	0.06
咨	0.06
区旗	0.06
托德·海斯	0.06
丹尼尔·希尔	0.06
韦尼白	0.06
科尔贝	0.06
沙曼撒	0.06
玛琪朵	0.06
调幅	0.06
自觉性	0.06
汃	0.06
托尼·丹泽	0.06
博尚正	0.06
阿诺舒华辛力加	0.06
贝斯莫	0.06
恩格尔	0.06
丹尼尔·惠勒	0.06
克曼	0.06
祖特菲纳	0.06
统率	0.06
尼法	0.06
林根州	0.06
查克诺里斯	0.06
夏伊洛	0.06
受戒	0.06
窜改	0.06
雪弗莱	0.06
侦探片	0.06
向刚铎	0.06
艾米特·奥斯特豪斯	0.06
戴克维奇	0.06
排球网	0.06
赫曼尼诺夫	0.06
甘乃笛	0.06
科学化	0.06
碧西	0.06
叫屈	0.06
丑客	0.06
宇镇	0.06
赤褐色	0.06
拉·约翰逊	0.06
柴田	0.06
宏都	0.06
电视屏	0.06
法塔赫	0.06
心窝子	0.06
诺姆王	0.06
吭哧	0.06
药单	0.06
懦	0.06
明虾	0.06
电平	0.06
德里克·杰特	0.06
哈罗德·约翰逊	0.06
茜茜	0.06
托比·埃斯特黑西	0.06
小羊	0.06
注目礼	0.06
菲尔·卡尼	0.06
哈里·沃特斯	0.06
勘探者	0.06
米洛基	0.06
拉扎·希德	0.06
埃皮法尼奥	0.06
行政处	0.06
英格丽德	0.06
芭妮娅	0.06
卡拉卡瓦	0.06
凹凸不平	0.06
毕曼	0.06
一万二千	0.06
打算盘	0.06
画皮	0.06
流民	0.06
昊京	0.06
朱莉亚·普拉蒂	0.06
海蒂·克拉姆	0.06
不定式	0.06
索克	0.06
康·奥沙利文	0.06
多娜·赛里诺	0.06
桃脯	0.06
土墙	0.06
炒菜锅	0.06
电学	0.06
卡尔·罗斯	0.06
白茫茫	0.06
碳化物	0.06
辛德拉	0.06
约翰詹姆斯厄格	0.06
从锡林	0.06
范·史克	0.06
朱玛才	0.06
闻者	0.06
通灵人	0.06
朴苍	0.06
大年初一	0.06
统管	0.06
嵩山	0.06
皮瑞尔德	0.06
主干线	0.06
大杰克	0.06
同命相连	0.06
劫持犯	0.06
维威萨	0.06
半日	0.06
唾骂	0.06
费西基尔	0.06
任重而道远	0.06
玛拉特	0.06
海森堡	0.06
负荆请罪	0.06
鲍比·菲舍尔	0.06
漂流记	0.06
卡罗克	0.06
科学学	0.06
白重吉	0.06
阿迪卡	0.06
新芬党	0.06
华来斯	0.06
一口口	0.06
传统式	0.06
药味	0.06
斯托扬	0.06
阿塞拜疆	0.06
脾性	0.06
塞尔蒙	0.06
汉弥尔顿·伯吉斯	0.06
体院	0.06
霎时	0.06
罗太松	0.06
特拉克迪	0.06
乔治的布什	0.06
缩放仪	0.06
梅派	0.06
阿朴	0.06
斯达奇	0.06
泰罗	0.06
批复	0.06
阻燃	0.06
车马	0.06
沙比德	0.06
横山	0.06
茗	0.06
忠昆	0.06
曼蒂斯	0.06
埃维尔·克尼维尔	0.06
玛丽·桑迪	0.06
帕瑞茨	0.06
前半夜	0.06
典籍	0.06
兰道泽	0.06
执委会	0.06
世系	0.06
农历	0.06
名士	0.06
安德烈·布莱恩特	0.06
张志祥	0.06
一百三十万	0.06
克莱温	0.06
布鲁克莱恩	0.06
厶	0.06
克莱德代勒马	0.06
纳维亚	0.06
开席	0.06
红扑扑	0.06
长拳	0.06
阿扎马特·巴加托夫	0.06
帕文则诺	0.06
渐变	0.06
贝尔维迪尔	0.06
伊拉斯特斯	0.06
艾娜	0.06
万夫莫	0.06
阿提	0.06
滚水	0.06
沃斯特克	0.06
何锡	0.06
波特斯范塔索	0.06
罗尼·帕蒂兹	0.06
七佰五十	0.06
维持会	0.06
驿	0.06
节衣缩食	0.06
摩根·费舍尔	0.06
威里	0.06
苏珊桑塔格	0.06
天伦	0.06
路夫	0.06
艾比·阿姆斯特朗	0.06
基士图	0.06
安妮·富兰克	0.06
佐藤葵	0.06
斯达尔	0.06
国营	0.06
基茨	0.06
国葬	0.06
机械厂	0.06
霍勒威	0.06
易欣	0.06
哑弹	0.06
弗格森	0.06
九点四十五	0.06
拉里·缪提	0.06
本·欧	0.06
葛罗森斯	0.06
哈洛尔德·麦格劳	0.06
芬尼亚	0.06
亨利·缪西	0.06
庄生	0.06
莫科夫	0.06
瑞典人	0.06
浩浩荡荡	0.06
华斯	0.06
冲杀	0.06
阿尔普尔	0.06
萨福	0.06
罗道烈	0.06
帕萨里诺	0.06
斯麦勒	0.06
窥探者	0.06
赞助费	0.06
卫生防疫	0.06
涅格	0.06
机宜	0.06
防护堤	0.06
让斯隆	0.06
羊肠	0.06
农大	0.06
丹尼斯·谢尔曼	0.06
克莱斯	0.06
姬迪	0.06
但珍妮	0.06
瞿	0.06
孔方	0.06
斯尼特莫	0.06
无心插柳柳成荫	0.06
汤姆斯	0.06
壁垒	0.06
布伦特·斯班纳	0.06
撩乱	0.06
米罗尼克	0.06
堑壕战	0.06
长桌	0.06
查理卓别林	0.06
关起来	0.06
月饼	0.06
荣泽	0.06
稚子	0.06
葱花	0.06
柯特	0.06
海沃思	0.06
卡拉吉	0.06
顷	0.06
阿波	0.06
艾勒	0.06
维克特·范杜	0.06
崔斯中	0.06
约翰·欧布莱	0.06
十四点	0.06
埃文·巴克斯	0.06
批号	0.06
丙烯	0.06
斯蒂文顿	0.06
卡尔·摩勒西	0.06
原酒	0.06
明瓦	0.06
嬥	0.06
阿歌	0.06
康奈尔·约翰逊	0.06
附加值	0.06
尊荣	0.06
香蕉叶	0.06
纸卡	0.06
泼皮	0.06
长法	0.06
路军	0.06
卡拉卡	0.06
海诺普西	0.06
机床	0.06
勇救	0.06
契维尼克斯	0.06
交杯酒	0.06
小野洋子	0.06
夏延	0.06
沃野	0.06
哈弗蒂	0.06
路南	0.06
摩丝	0.06
史岱	0.06
体香	0.06
科泰斯	0.06
洛奇·马克西亚诺	0.06
阿格	0.06
绑腿	0.06
锡矿	0.06
唾液腺	0.06
西弗勒斯·斯内普	0.06
旁征博引	0.06
圣雅克	0.06
布隆克斯	0.06
帕布鲁·劳瑞盖斯	0.06
十万分之一	0.06
多津代	0.06
嚄	0.06
克拉伦斯·狄林斯	0.06
秘传	0.06
累西腓	0.06
克里斯英得	0.06
军用机	0.06
警示牌	0.06
阿真	0.06
棉衣	0.06
移栽	0.06
刀术	0.06
纸伞	0.06
茨海默	0.06
熏染	0.06
沙克尔顿	0.06
葯	0.06
优生学	0.06
天安	0.06
蛮劲	0.06
亚·拉提摩	0.06
引申义	0.06
深秋	0.06
默夫	0.06
布兰克林	0.06
八十五万	0.06
椽	0.06
法索罗	0.06
狗星	0.06
王大男	0.06
各自为政	0.06
赫吉娜·克罗伊特	0.06
挡光	0.06
克林特伊斯特伍德	0.06
仓房	0.06
长物	0.06
托姆斯克朗	0.06
马克斯·库伯曼	0.06
嗟叹	0.06
比尔·葛兰特	0.06
圆环	0.06
取义	0.06
天干	0.06
慧伦	0.06
天幕	0.06
佛兰克·戈登	0.06
蚀本	0.06
丽由达	0.06
证交所	0.06
但卡莱尔	0.06
阿爵	0.06
神效	0.06
鬼使神差	0.06
阿瑟·马克思	0.06
冷点	0.06
蚕豆	0.06
天山	0.06
带鱼	0.06
困乏	0.06
狗狗高中	0.06
阿焕	0.06
宋代	0.06
盲流	0.06
希格	0.06
明澈	0.06
斯托维奇	0.06
协理	0.06
挑花	0.06
借题发挥	0.06
艾乐	0.06
长白	0.06
神乎其神	0.06
阿罗德	0.06
温怀特	0.06
肥肠	0.06
希有	0.06
库库尔坎	0.06
格林斯潘	0.06
克里斯玛	0.06
斯塔普列顿	0.06
桑的诺	0.06
阿罗	0.06
胁从	0.06
葱郁	0.06
滚热	0.06
一看看	0.06
阿布哈兹	0.06
迈克尔·迪菲尔德	0.06
亚猛男	0.06
郑喜秀	0.06
揽客	0.06
王子来	0.06
艾提斯芬奇	0.06
金燕子	0.06
贾特拉沃迪	0.06
巴辛吉	0.06
拉沙姆	0.06
饼子	0.06
泰莉帕	0.06
十八秒	0.06
西恩·潘	0.06
西斯利	0.06
和瑞秋	0.06
马那瓜	0.06
密使	0.06
体貌	0.06
圣劳伦特	0.06
目地	0.06
拟态	0.06
梦妮	0.06
天儿	0.06
击中要害	0.06
密件	0.06
汉尼菲	0.06
升限	0.06
天公	0.06
原虫	0.06
锈蚀	0.06
皮尔蓬	0.06
莲美河	0.06
深灰	0.06
高歌猛进	0.06
史戴芬	0.06
笔者	0.06
俞珍会	0.06
爱普斯坦	0.06
月辉	0.06
欧美苏	0.06
罗林琴	0.06
惠特妮·多拉蒙德	0.06
曼库索	0.06
麦金利山	0.06
韩秉善	0.06
卤水	0.06
阿帕鲁萨镇	0.06
兼营	0.06
天坛	0.06
韦德·鲍格斯	0.06
莫尼	0.06
种子公司	0.06
爱丽森·比阿特丽斯	0.06
拉克莱	0.06
押车	0.06
金惠瑛	0.06
马西娅	0.06
谢丽尔·希姬	0.06
拉里·曼德拉守恩	0.06
玛里琳·鲍尔	0.06
菲薄	0.06
十四时	0.06
秀才	0.06
多丽丝·梅兹格	0.06
伊尔·塔尔	0.06
马尔比	0.06
贝比鲁斯	0.06
希思	0.06
夏侯	0.06
范科尔	0.06
欧提兹	0.06
结膜	0.06
兹弗	0.06
七十六	0.06
豪辛格	0.06
建都	0.06
亚斯特	0.06
麦科伊	0.06
擘	0.06
五连冠	0.06
志高	0.06
韦伯·斯科特	0.06
佛尔希滕贝格	0.06
锡奇	0.06
米松	0.06
廿六点二	0.06
缪浩伦	0.06
娇宠	0.06
贩运	0.06
四千四百万	0.06
普兰切特	0.06
布雷迪	0.06
舒兹	0.06
西纳特	0.06
邦邦	0.06
汤姆他	0.06
恩古图纳	0.06
丛山中	0.06
神台	0.06
阿默斯特	0.06
机炮	0.06
舒伊纳	0.06
辛辛纳图斯	0.06
卡拉索	0.06
隐讳	0.06
查尔斯·泽维尔	0.06
提芙妮	0.06
夏琳	0.06
隐语	0.06
开票	0.06
孑立	0.06
长幼有序	0.06
和小山	0.06
车太远	0.06
格特鲁德·斯坦	0.06
科滕鲍姆	0.06
马格丽	0.06
本·古里安	0.06
马尔克	0.06
至交	0.06
阿瑟登克	0.06
伯克里	0.06
纸篓	0.06
戴卡尔	0.06
格林博格	0.06
查尔斯·马修斯	0.06
弗瑞兹	0.06
问长问短	0.06
门类	0.06
関	0.06
艾尔卡密诺	0.06
平素	0.06
四九点	0.06
海多拉	0.06
悍然	0.06
输尿管	0.06
依莲娜	0.06
勇佑	0.06
黑沉沉	0.06
宋熹	0.06
聰	0.06
阿佐	0.06
卡拉迪克	0.06
葛利森	0.06
世嘉	0.06
米歇尔·德斯勒	0.06
朝冈贝蒂	0.06
通盘	0.06
贝利雅沙	0.06
川桥	0.06
阿兹泰克	0.06
秋田县	0.06
办证	0.06
阿丹	0.06
黄士荣	0.06
庄子	0.06
约翰·索普	0.06
童心未泯	0.06
泽尔玛	0.06
伯河	0.06
凯罗兰·艾利斯	0.06
汉塞	0.06
狗年	0.06
帕夏	0.06
核子能	0.06
卡尔莱	0.06
怀特古德曼	0.06
老挝人	0.06
西黛尔	0.06
联席会	0.06
哥德巴赫	0.06
唦	0.06
华丹	0.06
肖娜	0.06
纸版	0.06
垂线	0.06
卡莫奥	0.06
吸烟室	0.06
白丁	0.06
明吉	0.06
卡森城	0.06
奥尔梅克	0.06
热呼呼	0.06
火罐	0.06
梅若荻	0.06
希利	0.06
伯比	0.06
汉·佐罗	0.06
歪歪斜斜	0.06
隽	0.06
格劳克	0.06
舒华辛力加	0.06
攻无不克	0.06
机务段	0.06
帕帝	0.06
汉尼菲德	0.06
专署	0.06
希元	0.06
略图	0.06
费莉希蒂	0.06
凉面	0.06
认定书	0.06
圣·皮埃尔	0.06
全传	0.06
官架子	0.06
戈尔贡佐拉	0.06
明白纸	0.06
保护主义	0.06
跗	0.06
熊之家	0.06
长乐	0.06
皓月	0.06
应约	0.06
荷莉·贝勒	0.06
五二	0.06
调速	0.06
楚旺	0.06
恪尽	0.06
至宝	0.06
艾利亚	0.06
对抗战	0.06
纽格	0.06
晏	0.06
西尔瓦娜	0.06
阿圭	0.06
尼克他	0.06
长克	0.06
岭发	0.06
剪枝	0.06
哈齐姆	0.06
牙床	0.06
中发	0.06
协办	0.06
皮涅罗	0.06
希亚	0.06
路克·马修	0.06
华县	0.06
问讯处	0.06
阿嘎	0.06
穆斯	0.06
莱科特	0.06
科尔·弗兰克尔	0.06
思嘉	0.06
杰克乔丹	0.06
宗克维茨	0.06
弗格尔	0.06
路易斯·戈史东	0.06
罗格里奥	0.06
武田芳郎	0.06
夏拉	0.06
敬卢克	0.06
智者见智	0.06
木香	0.06
抖擞精神	0.06
长势	0.06
佩里·史密斯	0.06
人流量	0.06
雷恩斯	0.06
审察	0.06
曝光表	0.06
忠君	0.06
迷魂阵	0.06
马格德林	0.06
叛贼	0.06
潘赞斯	0.06
沃兹沃斯	0.06
费乐斯	0.06
磊磊	0.06
阿尔弗莱德	0.06
阿加	0.06
克莱姆	0.06
尤瑟夫·夏	0.06
温兹勒	0.06
阿里亚	0.06
九霄	0.06
克里斯帝	0.06
施米特	0.06
纸样	0.06
男篮	0.06
费特曼	0.06
歼击机	0.06
布拉德·皮	0.06
史莱哲	0.06
锡人	0.06
和海伦	0.06
祖尼	0.06
凯法斯	0.06
挑战书	0.06
约翰·道恩	0.06
夏朗	0.06
机播	0.06
结队	0.06
保罗·安卡	0.06
帮腔	0.06
万帕拉索	0.06
炉台	0.06
阿当	0.06
夏梅	0.06
绮拉	0.06
冷山	0.06
路政	0.06
剑举高	0.06
慧成	0.06
曲率	0.06
壁柜	0.06
农校	0.06
抱病	0.06
和瑞奇	0.06
长安	0.06
纽拉	0.06
深冬	0.06
荣尼	0.06
格拉维森	0.06
预购	0.06
五百五十万	0.06
归心	0.06
温妮芙瑞德	0.06
曹基哲	0.06
蒙奇隆哥	0.06
克雷塞因	0.06
油品	0.06
归并	0.06
志胤	0.06
灿熙	0.06
费利普	0.06
杰尼洛	0.06
木部	0.06
天熙	0.06
梦里	0.06
圆山	0.06
李长玖	0.06
钻探机	0.06
忠宪	0.06
一百一十	0.06
阿富	0.06
康丁斯基	0.06
筚	0.06
亨德利克斯	0.06
井绳	0.06
尼尔斯拉德	0.06
艾敏	0.06
费克斯	0.06
必由之路	0.06
盐粒	0.06
德尚	0.06
懊丧	0.06
忠孝	0.06
孳生	0.06
牟取	0.06
孔兹	0.06
德克里克	0.06
拉米尔茨	0.06
通便剂	0.06
娜达亚	0.06
仪态万方	0.06
帕丁	0.06
冲床	0.06
庫	0.06
奇东	0.06
违者	0.06
磯	0.06
艾林	0.06
樊笼	0.06
波哥达	0.06
盛饭	0.06
楚歌	0.06
班奈	0.06
大少爷	0.06
吉德罗洛哈	0.06
宋朝	0.06
七十一	0.06
恩布拉夫	0.06
塔韦尼埃	0.06
邦贝	0.06
齐柏林	0.06
艾普	0.06
阿塔	0.06
安迪·克里斯	0.06
宋昆	0.06
门捷列夫	0.06
让弗兰克	0.06
宫刑	0.06
约翰弗里蒙特	0.06
梅菲尔德	0.06
慢慢腾腾	0.06
珍尼佛	0.06
会津藩	0.06
他安东尼	0.06
叱责	0.06
洁洛汀	0.06
特森	0.06
东尼维瓦迪	0.06
灯座	0.06
三同	0.06
提普	0.06
玛实	0.06
憨厚	0.06
比尔·考克斯	0.06
粘度	0.06
伊基·波普	0.06
拉玛	0.06
苏珊·琼斯	0.06
阿姆哈拉	0.06
罗伊基恩	0.06
陈兵	0.06
布基	0.06
燎原之势	0.06
莫瓦特	0.06
梅瑞狄斯	0.06
鸡食	0.06
皮波地	0.06
麦克·威尔逊	0.06
克拉比村	0.06
布吉	0.06
严于律己	0.06
蹉跎	0.06
仁花	0.06
爱妮斯顿	0.06
盖勒斯	0.06
比塞尔	0.06
提摩	0.06
芜存	0.06
突突突	0.06
裸机	0.06
西里尔文	0.06
一万亿分之一	0.06
版式	0.06
火柱	0.06
伊斯莫	0.06
基特伯罗达	0.06
二十七八	0.06
祸起萧墙	0.06
塔曼德	0.06
竹马	0.06
胡维纳尔·乌尔比诺	0.06
布劳	0.06
椰枣	0.06
清朗	0.06
查理·汉森	0.06
柔漪	0.06
揄	0.06
卢道哲	0.06
金在范	0.06
兵船	0.06
李琦柏	0.06
微醺	0.06
军乐	0.06
墨汁	0.06
亚勒汉卓卡斯提	0.06
线装	0.06
巴卡拉	0.06
杰佛基夫顿	0.06
跌跤	0.06
主轴	0.06
斯坦娜	0.06
罐中	0.06
雅各布·佛林斯顿	0.06
巴里·邦德	0.06
合办	0.06
乔伊·贝哈	0.06
直盯盯	0.06
佩克斯	0.06
布店	0.06
萨拜娜	0.06
便桶	0.06
清代	0.06
拉第	0.06
院落	0.06
保林球	0.06
梅姆	0.06
德雷克·拉莫雷	0.06
奠	0.06
圣克拉利	0.06
弗洛莉亚·艾耶斯	0.06
马古丽特	0.06
海扇	0.06
综述	0.06
莲恩和	0.06
密集型	0.06
布尼	0.06
波纳鲁	0.06
汪才和	0.06
康姆雷兹	0.06
买断	0.06
切削	0.06
米歇尔·乔丹	0.06
有张有弛	0.06
切切	0.06
火棒	0.06
烟筒	0.06
万雅	0.06
世态炎凉	0.06
让莉莎	0.06
直愣愣	0.06
布林斯坦	0.06
布莱恩·麦克尔·戴维	0.06
查尔斯·卡尔迈克尔	0.06
的亚斯·登特	0.06
英武	0.06
购买力	0.06
堪忧	0.06
拉伯亚	0.06
谦虚谨慎	0.06
其貌不扬	0.06
脊髓炎	0.06
波瓦加提夫波森	0.06
玛丽·贝思	0.06
汤普金斯	0.06
上钢	0.06
詹姆斯·平克顿	0.06
航空站	0.06
殒灭	0.06
海曼	0.06
达思迪	0.06
史莫奇	0.06
庞贝一	0.06
英洙	0.06
香脂	0.06
盖德雷	0.06
霞尔镇	0.06
白顺然	0.06
枪乌贼	0.06
香芹	0.06
泰伦斯·鲁宾纳奇	0.06
特·戈海姆	0.06
比利耶金斯	0.06
莫洛维茨	0.06
俊明	0.06
奥芬巴赫	0.06
绵长	0.06
阿格斯塔	0.06
隆丁尼亚	0.06
乌邦	0.06
阿曼德·阿莎特	0.06
沈尚	0.06
裔人	0.06
莎兰登	0.06
伊帕尼玛	0.06
烟缸	0.06
银针	0.06
巴比·摩根斯特	0.06
班图	0.06
克云库	0.06
袅袅	0.06
艾提尔	0.06
卡沃利	0.06
火烧云	0.06
尼利厄斯·罗宾逊	0.06
摩斯摩比尔	0.06
马希利干	0.06
东基氏	0.06
团徽	0.06
斯塔格	0.06
上万亿	0.06
伊卡布	0.06
上访	0.06
邓波儿	0.06
正昊	0.06
红灯笼	0.06
斯帕洛	0.06
马文盖	0.06
巴特姆	0.06
特里·温彻	0.06
韦格纳	0.06
拼劲	0.06
斯多克	0.06
伊斯梅尔	0.06
特赦令	0.06
胡雅	0.06
应用科学	0.06
布易诺斯	0.06
尼拉德	0.06
史楚锡	0.06
捧腹	0.06
格雷·戴维斯	0.06
细部	0.06
小院	0.06
进气口	0.06
拉普	0.06
烧制	0.06
希尔达·维特克	0.06
四点四十五	0.06
危地马拉城	0.06
阿拉里	0.06
电话网	0.06
胃液	0.06
张老	0.06
迪恩·凯恩	0.06
亚里斯托克	0.06
埃德娜·米莱	0.06
奈吉	0.06
奥里诺科河	0.06
青葱	0.06
上达	0.06
范艾伦	0.06
孝善	0.06
霍斯里克	0.06
灯标	0.06
朗利	0.06
贝基·洛克	0.06
漫谈	0.06
史提芬·杰拉德	0.06
圣得森	0.06
簇新	0.06
噫	0.06
导言	0.06
卫宝	0.06
艾普鲁	0.06
乳糜	0.06
导论	0.06
格泰	0.06
沃尔特·克朗凯特	0.06
毛细管	0.06
罗伯特·皮尔	0.06
摩丽	0.06
佛利伍麦克	0.06
虎克	0.06
台基	0.06
杏干	0.06
不过尔尔	0.06
托尼·哈顿	0.06
鲍比会	0.06
拉尼姆·卡利德	0.06
拉雷多	0.06
欧莱利	0.06
马勒斯	0.06
赤霞	0.06
亚伟星	0.06
小雄驹	0.06
成上亿	0.06
责成	0.06
尼维尔	0.06
李查德	0.06
兰花指	0.06
卡斯特威茨	0.06
罗伯特·凯利	0.06
两点二十	0.06
政论家	0.06
迪格斯	0.06
投保单	0.06
电饭煲	0.06
基里琴科	0.06
军务	0.06
蛇年	0.06
詹森·柯文	0.06
博格拉理	0.06
红丹	0.06
舒佛坦	0.06
洛伦兹·马	0.06
活化石	0.06
庆介	0.06
凯尔文西蒙斯	0.06
苏非	0.06
二十七万	0.06
莲美溪	0.06
瓦哈	0.06
克拉伦斯·达罗	0.06
孝心	0.06
黄灿灿	0.06
戈耳	0.06
詹姆斯·卡格尼	0.06
艾尔卡利布	0.06
唐霍	0.06
台历	0.06
铁木伦	0.06
茅草屋	0.06
锡拉丘兹的奥兰	0.06
李米娜	0.06
工细	0.06
稿本	0.06
一无所长	0.06
英籍	0.06
澡塘	0.06
班宁	0.06
张表	0.06
乌苏	0.06
赫菲特	0.06
火绳	0.06
骨炎	0.06
转捩点	0.06
灾年	0.06
余志秀	0.06
倩碧	0.06
自养	0.06
蒙昧	0.06
吕克·戈达尔	0.06
二分之三	0.06
希尔维亚·普拉斯	0.06
阿斯布里	0.06
薪火	0.06
蟑	0.06
陆基	0.06
拉沃	0.06
黏合	0.06
纯青	0.06
王国端	0.06
扑面	0.06
提示符	0.06
七亿	0.06
克瑞	0.06
声色俱厉	0.06
討	0.06
值班员	0.06
杰森·莱尔	0.06
核试验	0.06
峭	0.06
欧内斯特·威廉姆斯	0.06
拉图庄	0.06
河沟	0.06
普瑞特	0.06
塞迪亚	0.06
贝拉特克里斯	0.06
科科图	0.06
江广	0.06
索雅	0.06
河北	0.06
惟恐	0.06
深水港	0.06
卡达西	0.06
布卢克	0.06
玉体	0.06
头面人物	0.06
绝灭	0.06
红球	0.06
曼诺莱特	0.06
买价	0.06
豆蔻年华	0.06
业务量	0.06
理查·邦尔	0.06
习惯法	0.06
拉古	0.06
腈	0.06
浩峰	0.06
布瑞	0.06
瓦洛	0.06
歌咏	0.06
人烟稀少	0.06
鐏	0.06
蒙多	0.06
打短工	0.06
育儿	0.06
蒙奇	0.06
太浩湖	0.06
贺嘉迪	0.06
塞巴斯蒂安·范高	0.06
金球	0.06
灾患	0.06
寓教于乐	0.06
军歌	0.06
拉兹	0.06
泰伦	0.06
卡萨诺瓦·斯帕科	0.06
水烟筒	0.06
支撑点	0.06
演出团	0.06
异彩纷呈	0.06
伊南王	0.06
斯嘉丽·约翰逊	0.06
卫校	0.06
球粒	0.06
密特朗	0.06
赤阳	0.06
集体所有	0.06
一包包	0.06
喀拉拉邦	0.06
闻闻新	0.06
波特斯	0.06
斯塔尔	0.06
家计	0.06
水果刀	0.06
特殊化	0.06
军港	0.06
作东	0.06
狄兰	0.06
反衬	0.06
孝文	0.06
特里·梅森	0.06
何足挂齿	0.06
标量	0.06
杜坎镇	0.06
拼杀	0.06
索道	0.06
纯银	0.06
布点	0.06
吉斯特	0.06
姜秀贞	0.06
德拉古	0.06
两节	0.06
贺伯特	0.06
时任	0.06
玛杰里	0.06
歌儿	0.06
热辐射	0.06
宫庭里	0.06
烟壶	0.06
瓦松	0.06
贝奈特	0.06
玛莉亚卡拉斯	0.06
钉鞋	0.06
约翰·萨金特	0.06
叶绿素	0.06
杰瑞·科瑞	0.06
斯马	0.06
艾伦密力根	0.06
普森斯	0.06
航空兵	0.06
提亚	0.06
细胞质	0.06
克里弗	0.06
埃里克坎托纳	0.06
葛利塔	0.06
绝笔	0.06
艾伯提克	0.06
迪米奇	0.06
长眠不醒	0.06
英吉利	0.06
本·科纳利	0.06
钉锤	0.06
枕巾	0.06
黏性	0.06
桑蒂阿塔·阿科利	0.06
江哲	0.06
巴布尔斯	0.06
飘流	0.06
锻压机	0.06
熔点	0.06
深作欣	0.06
詹妮·怀亚特	0.06
班涛	0.06
和莎拉	0.06
卡普尼娅	0.06
斯塔勒	0.06
丁国镛	0.06
谷粒	0.06
黄褐斑	0.06
琼·兰登	0.06
雷格林	0.06
比尔·柯尼希	0.06
克里奇	0.06
衣角	0.06
鲠	0.06
宫田	0.06
戴比尔斯	0.06
糖类	0.06
航空学	0.06
罗伯特·赖安	0.06
儿里	0.06
迈耶	0.06
食火鸡	0.06
标高	0.06
害病	0.06
唻	0.06
江原	0.06
参照系	0.06
查理·贝克	0.06
安伯雷	0.06
雷都夏克	0.06
科尔斯基	0.06
佛罗烈	0.06
潘菲尔德	0.06
铁路局	0.06
二百分之一	0.06
丽芙·泰勒	0.06
河山	0.06
查尔斯·克利斯托弗·西恩	0.06
瓦恩	0.06
凯利森	0.06
布科	0.06
切盼	0.06
皮货	0.06
哈蜜瓜	0.06
他爱德华	0.06
克拉里	0.06
照子	0.06
艾默里	0.06
席琳·迪	0.06
伊莉莎	0.06
辛克来尔	0.06
米雷兹	0.06
甚而	0.06
马库鲁	0.06
韩智妍	0.06
挌	0.06
工区	0.06
慠	0.06
切萨皮克湾	0.06
约翰·迈尔斯	0.06
服装厂	0.06
穆因丁·海德尔	0.06
专司	0.06
贡特尔	0.06
不识时务	0.06
筒裙	0.06
麦金	0.06
弗兰克·惠勒	0.06
布林	0.06
军种	0.06
贝隆若	0.06
默克尔	0.06
尹智敏	0.06
费奥	0.06
东茵	0.06
扎克斯	0.06
克利斯托弗	0.06
潘图·维拉	0.06
果品	0.06
玉峰	0.06
班瑞	0.06
海普诺西	0.06
李·哈维·奥斯华德	0.06
殊死战	0.06
镀层	0.06
勁	0.06
海堤	0.06
百分之两百	0.06
露西拉	0.06
汕	0.06
布扎	0.06
信步	0.06
疆场	0.06
党政	0.06
布罗姆斯特拉斯	0.06
宋塔格	0.06
查杜巴伊兹伊丹	0.06
史翠	0.06
山姆罗兰	0.06
南塔克特	0.06
健三郎	0.06
塔金	0.06
金相范	0.06
教育工作者	0.06
嫁娶	0.06
费茨威廉	0.06
詹姆士·布朗	0.06
埃兰	0.06
切波	0.06
提尔曼	0.06
皮面	0.06
失陷	0.06
查尔顿	0.06
布朗斯维尔	0.06
多弹头	0.06
銘	0.06
骨子	0.06
艾格摩	0.06
松蘑	0.06
瑞克·詹姆斯	0.06
購	0.06
仗义执言	0.06
约定俗成	0.06
爱德华德·英格拉姆	0.06
阿尔梅隆	0.06
罗比·克拉克	0.06
哈得巴赫	0.06
卡普索	0.06
连词	0.06
哨卡	0.06
烧纸	0.06
希利尼	0.06
达玛斯克	0.06
海区	0.06
小亨利	0.06
莫莉·斯塔	0.06
索伦斯	0.06
穆钱达尼	0.06
西克兰	0.06
耦	0.06
索还	0.06
达文特	0.06
咿咿呀呀	0.06
海勇	0.06
克劳迪娅·斯	0.06
信息员	0.06
琼斯·斯特朗霍德	0.06
杰莉·哈登	0.06
红河	0.06
歌伎	0.06
崔维斯	0.06
里诺斯	0.06
岳得尔	0.06
贝慈	0.06
小本经营	0.06
谷浩	0.06
亚伯拉罕林肯	0.06
火头	0.06
海兰	0.06
松野	0.06
杰西卡·桑德斯	0.06
匪首	0.06
承运	0.06
憨笑	0.06
马尔伯勒	0.06
伯纳艾伯特	0.06
诗伯高	0.06
尼龙袜	0.06
伯特伦	0.06
贡纳莉	0.06
科迪亚	0.06
汉宁	0.06
索德堡	0.06
一亿三千七百万	0.06
法兰盘	0.06
路德金	0.06
劣等生	0.06
冤孽	0.06
菲尔·高曼	0.06
莲恩才	0.06
赤身	0.06
露西泰	0.06
琴师	0.06
红棉	0.06
范火清	0.06
吃回扣	0.06
汤尼玛丽	0.06
清秀	0.06
哈里贝瑞	0.06
必娜	0.06
迪莱勒·蒙哥马利	0.06
本土化	0.06
约翰·格雷汉姆	0.06
修枝	0.06
吉米·斯图尔特	0.06
薛云	0.06
钉耙	0.06
动产	0.06
计时表	0.06
斯克莱比杜	0.06
锱铢必较	0.06
发人深思	0.06
夹馅	0.06
阿尔伯特·伯恩赛德	0.06
玛格丽特·米尔德里德	0.06
固定资产	0.06
冈比亚	0.06
筹备会	0.06
斯王	0.06
麦克古尔曼	0.06
陋巷	0.06
老佛爷	0.06
丰美	0.06
甘菲尔德	0.06
万山	0.06
哈米逊	0.06
上声	0.06
四五百	0.06
莎拉·瑞娜	0.06
核扩散	0.06
贼亮	0.06
管住	0.06
艾哈迈德·艾马尔	0.06
族规	0.06
土地改革	0.06
负片	0.06
萨莫拉	0.06
螳	0.06
奈芙	0.06
留连忘返	0.06
枉然	0.06
马特·柯林斯	0.06
布莱登·里奥那德·金	0.06
索申	0.06
三鹿	0.06
驱逐机	0.06
金珉浩	0.06
免冠	0.06
和彼得	0.06
沉重感	0.06
京浩	0.06
查兹·麦克尔斯	0.06
叶图	0.06
氰化钾	0.06
氰化钠	0.06
空城计	0.06
爱德华·佩里曼·科尔	0.06
戈壁	0.06
养蜂场	0.06
泻盐	0.06
羞答答	0.06
滝	0.06
概念化	0.06
萨穆尔斯	0.06
金佰利	0.06
失时	0.06
崔西儿	0.06
五万四	0.06
阴雨连绵	0.06
仙尘	0.06
联名信	0.06
布赖恩·伍德曼	0.06
激奋	0.06
北亚	0.06
卡兰拉斯	0.06
东洋	0.06
百分之三	0.06
英诺森	0.06
瑞丝·杜克	0.06
紫杉	0.06
丰硕	0.06
汤团	0.06
无形中	0.06
松气	0.06
全铉	0.06
免刑	0.06
玩赏	0.06
罗森塔尔	0.06
清还	0.06
桐油	0.06
鸡冠	0.06
蒙特罗瑞尔	0.06
佩内洛普·伍德	0.06
劳勃威克菲尔	0.06
安娜·凯泽森	0.06
乌坎	0.06
圣·福库希拉	0.06
绵力	0.06
咪表	0.06
成千万	0.06
语塞	0.06
托雷蒂	0.06
万向	0.06
萨缪尔森	0.06
库柏斯敦	0.06
具体地说	0.06
莱治沃特	0.06
帥	0.06
南非人	0.06
末年	0.06
基岩	0.06
克劳得	0.06
容我来	0.06
张影	0.06
庭园	0.06
约翰霍金斯	0.06
鲁西巴	0.06
上古	0.06
张弛	0.06
邪门儿	0.06
墨瑞立	0.06
史麦斯洛夫	0.06
罗马字	0.06
霓虹	0.06
奥托尼姆	0.06
一座座	0.06
瓦萨	0.06
獐	0.06
史考	0.06
基布	0.06
条件句	0.06
基廷	0.06
总督府	0.06
万国	0.06
托马斯·斯坦顿	0.06
谁是谁非	0.06
人格化	0.06
马库思	0.06
失水	0.06
伊比利	0.06
南田	0.06
竹制	0.06
银城	0.06
巴弗撒	0.06
格斯塔德	0.06
药价	0.06
比利·鲍德温	0.06
美雅子	0.06
彭布利	0.06
棕树	0.06
俯拾皆是	0.06
松柏	0.06
东明	0.06
竹叶	0.06
班诺	0.06
莫利纳	0.06
克罗格	0.06
芝儿	0.06
斯维	0.06
纳贾夫	0.06
譯	0.06
布顿	0.06
杰克·斯凯	0.06
斤斗	0.06
圣皮特	0.06
罗马式	0.06
棕毛	0.06
万县	0.06
凉拌面	0.06
格林特	0.06
佛罗里	0.06
巴特里斯特	0.06
割据	0.06
哈拉斯	0.06
委实	0.06
半公开	0.06
比科维斯基	0.06
清音	0.06
一百一十七	0.06
姣	0.06
艾西丽娅	0.06
诺斯爱利斯	0.06
四百五	0.06
狄肯费斯	0.06
朗·柯克	0.06
三万六千	0.06
斯提	0.06
梅塞迪斯	0.06
球裤	0.06
词典学	0.06
克理图	0.06
梵尼	0.06
好逸恶劳	0.06
哈格斯顿	0.06
三班倒	0.06
斯塔蒂娜	0.06
麦根沙士	0.06
吉奥芬	0.06
伊达尔戈	0.06
三一七	0.06
卡斯帕·提斯特	0.06
欠安	0.06
反质子	0.06
吴恩英	0.06
索朗	0.06
乌东	0.06
阿帕斯	0.06
威格曼	0.06
范布格	0.06
墓葬	0.06
雷安妮	0.06
梵帝	0.06
安妮克·霍内尔	0.06
让鲍勃	0.06
全胜	0.06
烬	0.06
碳素钢	0.06
路易斯·阿姆斯	0.06
肥皂粉	0.06
袖珍型	0.06
孝道	0.06
仁厚	0.06
静卧	0.06
谢尔都尼安	0.06
高野君	0.06
虎骨	0.06
李维纳	0.06
斯杜	0.06
让佩姆	0.06
在位	0.06
伊赖·莫汗莫德	0.06
海比比	0.06
雷纳尔	0.06
达索斯	0.06
疟原虫	0.06
斯柏	0.06
比基库	0.06
约瑟夫·拉弗森	0.06
东翼	0.06
鸡肋	0.06
阿里萨	0.06
艾默生	0.06
让皮特	0.06
汤玛斯韦恩	0.06
制空权	0.06
瓦沙	0.06
斯奈尔	0.06
布茨	0.06
溜须拍马	0.06
战争史	0.06
阿列克斯·希奇	0.06
上供	0.06
蒂娜·特纳	0.06
四万六千	0.06
亨利·杰克逊	0.06
主干	0.06
库哈斯	0.06
克兰哈姆	0.06
汉斯·阿卡斯曼	0.06
暗盒	0.06
翠克	0.06
斯奈德	0.06
贲门	0.06
北德	0.06
加斯·狄金森	0.06
烷烃	0.06
艾西维尔市	0.06
迈克瑞恩	0.06
李文斯通	0.06
人心不古	0.06
约翰格兰	0.06
德雷克·吉特	0.06
韦拉克鲁斯	0.06
嗉	0.06
了局	0.06
金海林	0.06
非营利性	0.06
松特	0.06
格林斯	0.06
纪尚高中	0.06
伊斯马市	0.06
庆洙	0.06
北军	0.06
拉莉萨	0.06
保健所	0.06
翠廉	0.06
比斯坎	0.06
怀特市	0.06
向非	0.06
麦格文	0.06
连日	0.06
争权	0.06
球艺	0.06
西奥·法龙	0.06
让彼得	0.06
词作家	0.06
纯棉	0.06
拉娜·刘易斯	0.06
萨利维	0.06
塞莱诺	0.06
斯多顿	0.06
威克姆瓦里	0.06
衍射	0.06
爱哈克比	0.06
洪永客	0.06
切莫	0.06
东瀛	0.06
威克姆	0.06
连杆	0.06
石珊瑚	0.06
林林	0.06
棕红	0.06
底角	0.06
文弱书生	0.06
科瓦克	0.06
莎斯基亚	0.06
阿达姆森	0.06
线列	0.06
贝珊妮	0.06
普雷里维	0.06
简宁	0.06
阿伦萨·弗兰克林	0.06
卡普阿	0.06
菏泽	0.06
扑哧	0.06
军长	0.06
尼古拉斯凯奇	0.06
虎钳	0.06
卡洛莱纳	0.06
廖波德	0.06
仁帝	0.06
抬头纹	0.06
查理·科罗克	0.06
纯水	0.06
汤亚	0.06
嚎哭	0.06
爱维加斯	0.06
生产者	0.06
蒙马特	0.06
赤永	0.06
恩菲尔德	0.06
布西	0.06
收益率	0.06
汇聚一堂	0.06
穆克	0.06
曼德勒	0.06
亨弗莱	0.06
鞋拔子	0.06
瓦德瑞恩	0.06
兵家	0.06
施蒙特	0.06
麦辛格	0.06
松田	0.06
仁志	0.06
保健操	0.06
谭伯伦	0.06
斯塔·琼斯	0.06
英胜	0.06
戴维·德雷顿	0.06
威尔帕	0.06
塔尼欧	0.06
迪莉莎	0.06
鲁夫	0.06
辕	0.06
贵宾房	0.06
凯瑟琳·罗斯	0.06
伍利	0.06
影印件	0.06
日历表	0.06
费迪南	0.06
烟酸	0.06
攀亲	0.06
阿格里	0.06
负六	0.06
斯塔顿	0.06
爱迪·泰伯	0.06
银票	0.06
上算	0.06
实效	0.06
耶稣教	0.06
监察部	0.06
阿拉莫·泰勒	0.06
报警台	0.06
氢氰酸	0.06
迈伦	0.06
英航	0.06
丰山	0.06
西莉·施纳普	0.06
搪	0.06
团级	0.06
指导性	0.06
松驰	0.06
北段	0.06
哈里曼	0.06
康子	0.06
头昏脑涨	0.06
泰西	0.06
库里奥	0.06
欣赏课	0.06
特诺	0.06
亚历克斯·卡尔松	0.06
萨米·索萨	0.06
张照	0.06
豪克斯	0.06
董素贤	0.06
海绵垫	0.06
希尔德加	0.06
威利·杜梅因	0.06
阿芙罗狄蒂	0.06
海轮	0.06
竹管	0.06
三居室	0.06
绵纸	0.06
卢·格瑞	0.06
约翰·格伦	0.06
比尔·杰克斯	0.06
阳奉阴违	0.06
恩西诺	0.06
音乐指导	0.06
开发权	0.06
契里尼	0.06
语言性	0.06
烟雨	0.06
警章	0.06
等份	0.06
凯若琳	0.06
蒙托亚	0.06
舒帕克	0.06
比得哥什	0.06
七叶树	0.06
捏合	0.06
威拉德	0.06
格林威	0.06
阿比林	0.06
关才行	0.06
途灵	0.06
粼粼	0.06
杰斯帕·伍德考克	0.06
乡土气息	0.06
日全食	0.06
连吻	0.06
尚卢高达	0.06
鲁兹	0.06
迪斯蒂法诺	0.06
英裔	0.06
赛士	0.06
里克莱斯	0.06
店小二	0.06
卢瑟·诺里斯	0.06
威格尼	0.06
林肯·奥西里斯	0.06
詹姆士·霍克	0.06
杀虫药	0.06
上焦	0.06
影影绰绰	0.06
威利·旺卡	0.06
标徽	0.06
桔园	0.06
盛极一时	0.06
费南多华伦	0.06
詹森·汉迪科普	0.06
埃斯贝兰萨·马丁斯	0.06
寅	0.06
泰茜	0.06
兑奖	0.06
瑟尔多	0.06
阿努·恩·拉玛	0.06
实证主义	0.06
基罗	0.06
秋令	0.06
斯夫	0.06
兵源	0.06
威廉姆·莎士比亚	0.06
克伦·帕克	0.06
克里斯托弗西斯	0.06
嚨	0.06
棕黄色	0.06
承平	0.06
拉家常	0.06
财气	0.06
温卡普	0.06
粽	0.06
裁判权	0.06
河飞	0.06
保温杯	0.06
错落有致	0.06
安东·伯	0.06
翼侧	0.06
卡康巴	0.06
丰功	0.06
唐朝	0.06
矿样	0.06
那维亚	0.06
斯弗	0.06
威尔刚	0.06
蒙提派森	0.06
怀特比	0.06
提诺	0.06
鸣不平	0.06
贝克三	0.06
骨胶	0.06
银白	0.06
海蚀	0.06
罗贝塔	0.06
警熊	0.06
南君	0.06
丹·米尔曼	0.06
文件袋	0.06
巴雷亚	0.06
征兵法	0.06
吴宇森	0.06
麋	0.06
从快	0.06
赂	0.06
海藩	0.06
镀膜	0.06
拉尔夫·格拉夫	0.06
租界	0.06
斯特林·霍华德	0.06
维吉尼亚·钱伯斯	0.06
伊巴拉	0.06
持家	0.06
威尔克	0.06
曼·海塞	0.06
班迪尼·布朗	0.06
陶德会	0.06
潘朵	0.06
保健员	0.06
克莉斯蒂	0.06
北朝	0.06
南国	0.06
莎拉让	0.06
海葬	0.06
国民军	0.06
体体面面	0.06
荧光屏	0.06
细瓷	0.06
佛莱得	0.06
碎砖	0.06
基政	0.06
邓纳本	0.06
约翰·兰博	0.06
皮勒杰	0.06
卡尔斯贝	0.06
惨淡经营	0.06
东宝	0.06
万涅	0.06
东安	0.06
卡特里	0.06
罗莎琳	0.06
杰梅因	0.06
特米特	0.06
潘秀	0.06
阿迈特	0.06
芝浦	0.06
彼特·史特姆	0.06
田军	0.06
杰基·罗宾逊	0.06
班派克	0.06
马德克斯	0.06
歌蒂	0.06
凯鲁比尼	0.06
泰顿	0.06
吃闭门羹	0.06
夏奈尔	0.06
乔恩·科拉考尔	0.06
儿修	0.06
浓淡	0.06
书达理	0.06
七百五十	0.06
恢	0.06
萨盖·莫托林	0.06
涔	0.06
瑞克达城	0.06
浅表	0.06
卡佩西亚	0.06
胶状物	0.06
戈根	0.06
海龙	0.06
尤尼塔斯	0.06
狄茜	0.06
迪克·欧文	0.06
细点	0.06
狄卡斯	0.06
琴音	0.06
塔法里	0.06
克来恩	0.06
鲍勃·阿瑟	0.06
乌贝尔	0.06
让布莱登	0.06
凡世	0.06
卡佛力	0.06
副教授	0.06
克来拉	0.06
过云娜	0.06
巴迪·里奇	0.06
彼得罗	0.06
布提·哈林	0.06
秋分	0.06
克里莫	0.06
五千万分之一	0.06
戎	0.06
东山	0.06
前呼后拥	0.06
索图斯	0.06
莫德尔	0.06
尹熙秀	0.06
马库斯·图里亚斯·西赛罗	0.06
演示会	0.06
肯比	0.06
主罚	0.06
利特基	0.06
海鱼	0.06
达格里什	0.06
安其洛	0.06
保温瓶	0.06
上数百	0.06
烟袋	0.06
丽塔·贝克哈特	0.06
贝克蒙	0.06
凡维尔	0.06
大观园	0.06
秋山	0.06
丑黑娃	0.06
尼克·罗兹	0.06
詹姆斯·邦	0.06
两百七十	0.06
修配厂	0.06
贝琪·卡顿	0.06
松原	0.06
蒙托克	0.06
米若贝拉·巴特斯菲尔德	0.06
维萨奇	0.06
丹尼·德维托	0.06
特重	0.06
鲁弗斯·特兰克维鲁斯	0.06
珍艾伯特	0.06
绝收	0.06
铟	0.06
金常熙	0.06
迈基	0.06
黛西·富勒	0.06
横队	0.06
弗兰克·查梅尔	0.06
艾提诺纳瓦	0.06
拉肖恩	0.06
着慌	0.06
奎伊	0.06
圣卢卡斯	0.06
等号	0.06
上成	0.06
失察	0.06
一脉相承	0.06
朱丽亚·罗伯茨	0.06
大器晚成	0.06
肯恩	0.06
桑米·怀特	0.06
斯会	0.06
赛迪斯	0.06
李顺扬	0.06
阿苏山	0.06
斯隆·凯特林	0.06
克朗代克	0.06
主理	0.06
手腕子	0.06
朱可夫	0.06
狄恩·波特曼	0.06
大卫·卡鲁索	0.06
参与感	0.06
携起手来	0.06
数以十万计	0.06
和詹姆斯	0.06
亚克利湖	0.06
洛斯·阿科斯	0.06
拉迪	0.06
智慧远胜	0.06
负二	0.06
俊雄	0.06
罗塞利	0.06
成人版	0.06
寄存器	0.06
精品屋	0.06
基普林	0.06
负三	0.06
克里贝尔	0.06
埃尔维卡	0.06
埃文·泰勒	0.06
海钓	0.06
苏安佐	0.06
帕林顿	0.06
拉赫	0.06
冷热水	0.06
查德威克	0.06
艾柏之	0.06
上昆	0.06
惶惑	0.06
秋子	0.06
狼心狗肺	0.06
莫妮卡·弗里曼	0.06
查太莱	0.06
休戚相关	0.06
沃希	0.06
板正	0.06
格莱斯	0.06
学习者	0.06
八十八	0.06
薛若夫	0.06
郑勇	0.06
梅格瑞恩	0.06
阎王爷	0.06
范特纳斯	0.06
献计	0.06
本·帕克	0.06
盛景	0.06
霎	0.06
艾里逊	0.06
托德鲍登	0.06
杰克史怀特	0.06
公使	0.06
魏克曼	0.06
亚塔斯	0.06
阿尔科特	0.06
贝辛格	0.06
菊乃	0.06
阿布·达乌德	0.06
国际歌	0.06
木桥	0.06
林格	0.06
振聋发聩	0.06
秧	0.06
囹	0.06
诺特丹	0.06
艾马	0.06
斯迪温	0.06
凯文·考普兰	0.06
乌哈	0.06
升仙	0.06
特·哈格迪	0.06
平顺	0.06
珀尔曼	0.06
环流	0.06
姜元卓	0.06
达达尼安	0.06
冒气	0.06
菲弗	0.06
布莱特·麦克尔斯	0.06
马拉特斯塔	0.06
汨罗	0.06
卡拉马	0.06
兰波	0.06
加尼亚·德·米兰达	0.06
斯多姆·班克斯	0.06
艾里雅	0.06
一九六六年	0.06
讀	0.06
菲力斯·杜里	0.06
萨金特	0.06
海鞘	0.06
机降	0.06
笔套	0.06
涉及面	0.06
布雷格	0.06
本杰明·盖茨	0.06
艾米力	0.06
亚里士	0.06
诺拉·比蒂	0.06
前些年	0.06
超大规模	0.06
相望	0.06
烧炭	0.06
艾斯特	0.06
体健	0.06
格伦·特里	0.06
费尼肯	0.06
无污染	0.06
何地	0.06
迪麦特	0.06
旋绕	0.06
团体赛	0.06
瓜西罗	0.06
伯耐	0.06
宦官	0.06
女排	0.06
下限	0.06
玛克辛	0.06
九时	0.06
二十三万五	0.06
多边形	0.06
威廉·沙利文	0.06
战例	0.06
备足	0.06
台北市	0.06
圣·保罗	0.06
斯迪文	0.06
金吉尔	0.06
玛丽诺	0.06
卜原	0.06
金延虎	0.06
曲苏	0.06
盖里克	0.06
月宫	0.06
让斯图	0.06
理查德·海伍德	0.06
鲮鱼	0.06
威尼	0.06
金容喜	0.06
约翰·惠勒	0.06
盛满	0.06
体式	0.06
搭架子	0.06
年表	0.06
米丹历	0.06
韦艾特	0.06
维修点	0.06
夏加尔	0.06
窩	0.06
乔安娜·玛莎·罗伯茨	0.06
西格蒙德	0.06
李察·基尔	0.06
坎普卡	0.06
伊瑟拉·帕尔多	0.06
凯伦·巴维	0.06
威利·麦克泰尔	0.06
乐曲声	0.06
玛格丽特·米尔德里德·基特里奇	0.06
崔斯达	0.06
骂骂咧咧	0.06
卡尔扎	0.06
欧耶	0.06
拉塞克	0.06
巨制	0.06
佐助	0.06
塞希莉娅·邦克丝	0.06
燧	0.06
露西尔·亚当斯	0.06
口形	0.06
福斯塔夫	0.06
备至	0.06
哈利他	0.06
玛米塔	0.06
卫生室	0.06
艾门	0.06
杰普	0.06
斯图依	0.06
木本	0.06
康孙吉	0.06
萨蒂托斯	0.06
甑	0.06
扎普亚	0.06
未来派	0.06
转播权	0.06
开金	0.06
费莉西亚	0.06
凯特·温丝莱特	0.06
伊丽莎白·科顿	0.06
灰蒙蒙	0.06
赫斯利夫	0.06
赫勒纳	0.06
崔第	0.06
塔瑞特	0.06
艾森博格	0.06
铑	0.06
伊迪丝·汤姆林森	0.06
扽	0.06
油类	0.06
伴生	0.06
威奇	0.06
卡伊塔	0.06
本杰明·洛克伍德	0.06
诺伊施塔特	0.06
艾琳诺·谢尔曼	0.06
田奈子	0.06
整体而言	0.06
蔡维斯	0.06
杰克·本尼	0.06
福斯塔	0.06
敏佳	0.06
米尔斯瓦尔	0.06
娣	0.06
军令状	0.06
国企	0.06
教务处	0.06
李安娜	0.06
卡米克	0.06
艾德伦	0.06
坎蒂略	0.06
现场感	0.06
乔路斯	0.06
通邮	0.06
月山	0.06
银白色	0.06
废票	0.06
道人	0.06
浩泰	0.06
蓝道夫	0.06
朱迪·莫洛伊	0.06
杰斐	0.06
让安迪	0.06
马桑娜德	0.06
黑黢黢	0.06
玄奇	0.06
约翰·奥斯本	0.06
简·奥斯本	0.06
坚强不屈	0.06
格什温	0.06
卡米丽	0.06
查理·哈泽德	0.06
辛纳提	0.06
凉棚	0.06
莱维	0.06
卡斯托杜那斯	0.06
赢利性	0.06
中华街	0.06
史坦利	0.06
黑不溜秋	0.06
开远	0.06
布考斯基	0.06
阿修罗王	0.06
升帆	0.06
笔会	0.06
排水量	0.06
一百万亿	0.06
五毒	0.06
穆甘布	0.06
女真	0.06
纤夫	0.06
照发	0.06
曼·浦	0.06
令人注目	0.06
一凯莉	0.06
让萨拉	0.06
怀思门	0.06
艾丽厄	0.06
艾赓	0.06
乔·法兰克林	0.06
纳瓦利	0.06
三都	0.06
瓦哈卡	0.06
步步为营	0.06
初等	0.06
莱福	0.06
板结	0.06
查理士	0.06
里夫·拉夫	0.06
知识库	0.06
斯墨菲	0.06
国名	0.06
积淀	0.06
行政区域	0.06
史曼兹	0.06
艾萨克史坦	0.06
寄出	0.06
盛熙	0.06
羊年	0.06
基尔里得	0.06
凯文·欧多尔	0.06
一尺尺	0.06
凯文·斯	0.06
基顿比卓别林	0.06
杰瑞斯盖格斯	0.06
兰纳	0.06
夜车	0.06
巴乔	0.06
罗伯金恩	0.06
受奖	0.06
柏利	0.06
安德鲁·汉森	0.06
样刊	0.06
新安	0.06
佐久	0.06
艾哈迈	0.06
晡	0.06
建档	0.06
戆	0.06
废渣	0.06
阻抗	0.06
西蒙尼克斯	0.06
挡驾	0.06
唱高调	0.06
他查理	0.06
亚瑟·莫里森	0.06
国大	0.06
让兰尼	0.06
金爱英	0.06
针叶树	0.06
索菲亚·罗兰	0.06
吴宗秀	0.06
本内维斯	0.06
塞布塔	0.06
吉比安	0.06
董会都	0.06
毛线针	0.06
帕金森氏	0.06
安迪·费德	0.06
艾莲	0.06
淑子	0.06
宋荣	0.06
顾全	0.06
留有余地	0.06
讶	0.06
安蒂娜	0.06
轮休	0.06
电烤炉	0.06
茅草	0.06
菜场	0.06
库里茨	0.06
凑和	0.06
布雷登	0.06
案由	0.06
善美	0.06
兰瑞	0.06
公克	0.06
印加人	0.06
梅尔斯	0.06
猪年	0.06
战和	0.06
让凯文	0.06
李起鹏	0.06
肘弯	0.06
黄花菜	0.06
农贸	0.06
公假	0.06
奥克维兹	0.06
洪德子	0.06
蓑	0.06
巴里·希尔	0.06
抹墙	0.06
宙伊	0.06
德鲁索	0.06
阿尔托	0.06
萨莎·科恩	0.06
木盒	0.06
斯卡杰	0.06
内需	0.06
法内莎·普里斯	0.06
机械论	0.06
齐格弗里德	0.06
罗伯·艾克曼	0.06
斯里	0.06
禁品	0.06
奥济尔	0.06
比亚德罗	0.06
公历	0.06
崔森	0.06
彻丽山	0.06
一二百	0.06
通胀	0.06
开航	0.06
爱德华·布莱克	0.06
公判	0.06
女篮	0.06
斯伯丁	0.06
塔维斯托	0.06
沉鱼落雁	0.06
昆仑山	0.06
柏斯	0.06
菜油	0.06
阿尔德	0.06
窘况	0.06
克·德苏泽	0.06
佩斯拜仁	0.06
雀巢咖啡	0.06
立于不败之地	0.06
截面图	0.06
赫维·维利伽兹	0.06
布劳恩	0.06
口疮	0.06
思想解放	0.06
如临大敌	0.06
刘汉美	0.06
乔伊·冈达	0.06
口盖	0.06
丹尼尔·戴森	0.06
志妍	0.06
维基尼亚	0.06
新品种	0.06
柏朗	0.06
揖	0.06
建功	0.06
志士	0.06
冲茶	0.06
国成	0.06
普利姆	0.06
莫伊·菲奇	0.06
塞维尔	0.06
调色板	0.06
阿姆鲁	0.06
斯蒂芬·米勒	0.06
鬼才会	0.06
勒奎恩	0.06
阿波纳斯·达尔文·杜兰普	0.06
成批	0.06
卡桑德拉·埃德斯坦	0.06
梦中	0.06
道·琼斯	0.06
橡皮管	0.06
战法	0.06
依奎亚诺	0.06
珊瑚虫	0.06
米莉·林奇	0.06
维罗克拉斯基	0.06
致函	0.06
亚历克斯·普鲁特	0.06
魏玛雅	0.06
泱	0.06
但吉米	0.06
恳切	0.06
吉恩·弗兰格斯·莱福特	0.06
乔·斯洛沃	0.06
玛格利	0.06
世风	0.06
詹妮斯·帕柯曼	0.06
萨莉娜斯	0.06
兽类	0.06
马格利塔	0.06
何矛	0.06
莫迪利阿尼	0.06
邦吉	0.06
成数千	0.06
筑堤	0.06
朴茂声	0.06
罗伯特·森特	0.06
冷色	0.06
磁头	0.06
希顿	0.06
比尔巴图阿	0.06
肯·纳罗	0.06
长虫	0.06
克莱蒙	0.06
五零	0.06
雾霭	0.06
鸻	0.06
掌柜	0.06
仄	0.06
格林伯德	0.06
帕特里科	0.06
界标	0.06
湯	0.06
柯梦波丹	0.06
菲特	0.06
让厄尔	0.06
崔德	0.06
嬷	0.06
长衫	0.06
废弃地	0.06
筑坝	0.06
史蒂文·斯奈尔	0.06
文学性	0.06
海琳·麦克雷蒂	0.06
崔尼	0.06
邦塞	0.06
流水作业	0.06
赫林斯基	0.06
天佑吾	0.06
让吉娜	0.06
晚香玉	0.06
棉线	0.06
齿龈	0.06
战报	0.06
埃里克森	0.06
罗沙	0.06
感念	0.06
琳琅满目	0.06
白心道	0.06
帮办	0.06
柏渊	0.06
感觉神经	0.06
斯瓦宾斯基	0.06
欧佩克	0.06
玛库娃	0.06
斯坦伯勒	0.06
动员令	0.06
欧比	0.06
吉尔博特	0.06
孟宁	0.06
卡兹姆	0.06
阿尔卡	0.06
物非	0.06
以身殉职	0.06
西尔文	0.06
佐田	0.06
挂表	0.06
消费量	0.06
杜克·奥斯诺	0.06
钩骨	0.06
暝	0.06
甘比诺	0.06
萨姆·蒙哥马利	0.06
坼	0.06
善为	0.06
明锐	0.06
昏庸	0.06
长达	0.06
工作员	0.06
菲德曼	0.06
观光者	0.06
哈克玛	0.06
阿兰德龙	0.06
特奎多	0.06
安德鲁·杰克逊	0.06
卡布吉诺	0.06
麦斯卡尔	0.06
起敬	0.06
结余	0.06
泰斯拉	0.06
甘迪亚	0.06
伍兰冈	0.06
史登	0.06
油盘	0.06
斯图沃	0.06
台独	0.06
三不管	0.06
扩容	0.06
帕莱	0.06
吉米岳利	0.06
阿非	0.06
一粒粒	0.06
阿霍	0.06
被动式	0.06
当雄	0.06
梦子	0.06
伊莲狄坚逊	0.06
阿隆	0.06
沃博·佐戈	0.06
五轩	0.06
莫洛凯岛	0.06
兰妮	0.06
安亨美	0.06
环子	0.06
採	0.06
克兰普	0.06
克拉丽斯·斯达林	0.06
阿德里安·维特	0.06
艾伯特·爱因斯坦	0.06
华都	0.06
史帝威	0.06
威普	0.06
直达车	0.06
利奥塔	0.06
李布林	0.06
顶真	0.06
调匀	0.06
小韦伯	0.06
月经带	0.06
莱德	0.06
肖藤	0.06
闰	0.06
聚丙烯腈	0.06
黛尔	0.06
理查德·佩蒂	0.06
威勒·休斯	0.06
艾德琳	0.06
一千七百六十	0.06
央行	0.06
初婚	0.06
西四	0.06
国电	0.06
里度	0.06
药罐子	0.06
莱塞	0.06
斯迪夫	0.06
木幸	0.06
冷遇	0.06
张令人	0.06
帅才	0.06
施陶	0.06
寿宴	0.06
布伦瓦尔	0.06
莱奇	0.06
环岛	0.06
祖鲁	0.06
体性	0.06
阿金	0.06
抹不开	0.06
杰尼	0.06
威托	0.06
斯万森	0.06
莱娜	0.06
板岩	0.06
货柜车	0.06
艾麦高	0.06
艾利西	0.06
达纳尔	0.06
博比·格威兹	0.06
共建	0.06
轻舟	0.06
塔坦卡·里奥塔卡	0.06
张凤万	0.06
锈斑	0.06
杰勃	0.06
知心人	0.06
朱朱豆	0.06
汤姆马佛	0.06
乐陶陶	0.06
阿布格莱布	0.06
银行界	0.06
盛年	0.06
决口	0.06
杰可	0.06
操作台	0.06
挑水	0.06
撒种	0.06
中点	0.06
临床学	0.06
缮	0.06
福山雅治	0.06
女帽	0.06
艾瑞威尔	0.06
比得罗斯	0.06
结子	0.06
国端	0.06
深部	0.06
胡安·勒·宾	0.06
扎耐克斯	0.06
弗拉德米尔·斯图普尼斯	0.06
普斯比	0.06
法克斯	0.06
于昭和	0.06
滨州	0.06
交割	0.06
迪欧	0.06
契皮瓦	0.06
摩狄凯·杰斐逊·卡佛尔	0.06
忠魂	0.06
威士贝利	0.06
九七年	0.06
汤米·纳波利	0.06
圣卡罗斯	0.06
阿布扎比	0.06
哈斯戴尔	0.06
奥立费	0.06
斯科普里	0.06
克莱里	0.06
代亚杜	0.06
玄琴	0.06
普莱维尔	0.06
卢·雷德伍德	0.06
希苏	0.06
斯科茨	0.06
贝勃比	0.06
反潜机	0.06
胡弗村	0.06
红卫兵	0.06
体校	0.06
格拉斯特	0.06
佐林	0.06
深闺	0.06
泄私愤	0.06
科尔博	0.06
奶类	0.06
雪莉·杰克逊	0.06
建交	0.06
沃思	0.06
建于	0.06
秀莲	0.06
一点五	0.06
谢里夫	0.06
修鞋店	0.06
培养基	0.06
庖	0.06
葛瑞	0.06
特赖登	0.06
靖宇	0.06
巴拉巴拉巴拉	0.06
马斯帕克	0.06
鄙陋	0.06
塞勒斯	0.06
和海沅	0.06
检讨会	0.06
户口本	0.06
巴耐	0.06
入眼	0.06
收回成命	0.06
戴安娜·罗斯	0.06
梅丝	0.06
卢克索	0.06
圣彼得罗	0.06
五边形	0.06
纳金高	0.06
莎伦·克莱曼	0.06
假充	0.06
消化酶	0.06
邓巴	0.06
洛谟	0.06
西萨	0.06
惠蒂尔	0.06
热中	0.06
伯纳詹姆斯	0.06
帕斯卡古拉	0.06
西葛	0.06
威戴克	0.06
三弦	0.06
胞弟	0.06
阿布戴卡	0.06
照妖镜	0.06
吉恩·弗兰格斯	0.06
侯赛因·拉巴德·希尔	0.06
巴贝多	0.06
辛那	0.06
三尉	0.06
内格里	0.06
亡故	0.06
法兰克·马汀	0.06
老萨	0.06
盖诺	0.06
衰微	0.06
绮桂	0.06
养兵千日	0.06
哈姆斯丹	0.06
特瑞德	0.06
古瑟	0.06
煌	0.06
征缴	0.06
森托利	0.06
莫拉格	0.06
班得沃	0.06
最轻量级	0.06
入球	0.06
塞伦盖提	0.06
奥逊·威尔斯	0.06
里基·斯克里	0.06
琦玉	0.06
留驻	0.06
大方向	0.06
占星	0.06
布莱德彼特	0.06
费丝	0.06
枯槁	0.06
超模教	0.06
皇权	0.06
柏纳德	0.06
朱丽安·巴莱特	0.06
因式分解	0.06
费亚	0.06
郑苏泰	0.06
雷·肯尼	0.06
辟谣	0.06
胸膜炎	0.06
泰拉·瑞德	0.06
室主任	0.06
帕特里夏	0.06
瑞秋会	0.06
优利乌斯·恺撒	0.06
格拉里	0.06
芭乐	0.06
魂兮归来	0.06
辛克利	0.06
花椒	0.06
西药	0.06
美称	0.06
一波	0.06
西芹	0.06
佩瑟斯	0.06
游览车	0.06
桑博恩	0.06
牛肝菌	0.06
年内	0.06
圣奥古斯汀	0.06
卡里恩特	0.06
紫金	0.06
花柱	0.06
三国	0.06
法兰克·洛伊·莱特	0.06
得荣	0.06
玛雅会	0.06
灰质	0.06
支局	0.06
黄毛	0.06
不济事	0.06
贾可布·阿本茨	0.06
授衔	0.06
洛蒂	0.06
里恩·麦格尔	0.06
忽闪忽闪	0.06
美泰儿	0.06
劳拉·麦克布莱德	0.06
哈玛德	0.06
谢耳	0.06
团圆饭	0.06
钴胺素	0.06
丝虫病	0.06
乐融融	0.06
钟鸣	0.06
圣奥本	0.06
支店	0.06
辛顿	0.06
阿里·默罕默德·贾哈尔	0.06
翎	0.06
枯枝	0.06
有夫	0.06
试看	0.06
苏勒塔	0.06
埋伏圈	0.06
异化	0.06
乔治·科诺	0.06
二又二分之一	0.06
罗勃布鲁士	0.06
老账	0.06
贾斯珀·布莱克	0.06
花插	0.06
霍克理	0.06
米洛舍维奇	0.06
林达	0.06
迈克·杰克逊	0.06
考题	0.06
菲拉干	0.06
鲁瑞斗	0.06
图图	0.06
亚比雅	0.06
一朗	0.06
普鲁提斯	0.06
三原	0.06
涉外	0.06
老许	0.06
斯格勒	0.06
肠系膜	0.06
霍尔斯特	0.06
拉格泰姆	0.06
单行	0.06
发面	0.06
身残志坚	0.06
辉瑞	0.06
汉赛尔	0.06
通信员	0.06
明细表	0.06
餐椅	0.06
黄海	0.06
格兰菲迪	0.06
藏族	0.06
李·舒尔曼	0.06
计划性	0.06
学成	0.06
荷华来	0.06
洛芙	0.06
紫雨	0.06
蟠桃	0.06
里复生	0.06
范安德烈	0.06
丹蒂	0.06
一文	0.06
特鲁斯康西昆西斯市	0.06
王子都	0.06
莫克桑	0.06
紫阳	0.06
克劳里	0.06
雅特·索德博格	0.06
灯心草	0.06
三二	0.06
珀金斯	0.06
三九	0.06
削价	0.06
亿亿	0.06
千里马	0.06
三中	0.06
塔沃罗斯	0.06
艾伦·坦纳	0.06
谢飞	0.06
淤斑	0.06
电池组	0.06
吴世贞	0.06
费兹西蒙	0.06
炳镐	0.06
麦克旺	0.06
维克洛克	0.06
猎获	0.06
外行星	0.06
北克人	0.06
闭会	0.06
辉格	0.06
贝杭	0.06
赌窝	0.06
奈基尔	0.06
申购	0.06
丹洛格海瑞	0.06
莫洛托夫	0.06
麦罗·斯戴克	0.06
四点零七	0.06
理察·连恩	0.06
苏·兰德斯	0.06
奥登·温斯托姆	0.06
缺衣少食	0.06
水磨石	0.06
饥寒	0.06
蓋	0.06
贝特妮	0.06
好戏连台	0.06
肥皂沫	0.06
圣文森	0.06
纱巾	0.06
寄来	0.06
基团	0.06
禁毒署	0.06
麦考斯基	0.06
简·哈尔罗	0.06
打票	0.06
头班车	0.06
格林纳丁斯	0.06
花种	0.06
珍塔	0.06
逆子	0.06
哺乳期	0.06
乔西艾美思	0.06
富庶	0.06
夹道欢迎	0.06
老金	0.06
查缉	0.06
鹤洙	0.06
脑门子	0.06
照葫芦画瓢	0.06
信息流	0.06
公正无私	0.06
埃拉·梅	0.06
史格会	0.06
搅扰	0.06
威尔特默	0.06
迈肯西相	0.06
新贞	0.06
压缩饼干	0.06
伊娜丝·比尔巴图阿	0.06
达科塔	0.06
菲尼莫尔	0.06
艾涅拉克曼	0.06
马科斯·凯恩	0.06
狄瓦金	0.06
年事	0.06
毫不动摇	0.06
年产	0.06
吉米雷	0.06
贝永	0.06
百分之一万	0.06
老龄	0.06
拦腰	0.06
克丽连克	0.06
迈克尔·柯林斯	0.06
曼加莉	0.06
顾此失彼	0.06
杜波蒂	0.06
斯莱文·科勒维拉	0.06
总人口	0.06
税目	0.06
雷蒂库斯	0.06
香夏	0.06
恰似	0.06
萨卡嘎瓦亚	0.06
青稞酒	0.06
花甲	0.06
利利地	0.06
桡	0.06
邮发	0.06
因噎废食	0.06
一九八	0.06
威尔巴拉	0.06
朱力斯	0.06
格兰蒂	0.06
内勤	0.06
契尔	0.06
扁担	0.06
斯奈弗尔斯	0.06
托卢卡湖	0.06
肄业生	0.06
辉映	0.06
入殓	0.06
马里亚纳群岛	0.06
奥赛里斯	0.06
蹙眉	0.06
理想家	0.06
笼头	0.06
炯炯	0.06
维斯敏斯	0.06
贝利尼	0.06
斯坦·比尔斯	0.06
欧共体	0.06
取巧	0.06
芬顿	0.06
士林	0.06
语感	0.06
占美	0.06
达斯·普雷厄斯	0.06
罗朗	0.06
肯·黛拉奥	0.06
但书	0.06
野蔷薇	0.06
但他	0.06
何谭美	0.06
亚历桑德拉·罗弗	0.06
麦克森	0.06
花烛	0.06
铜钱	0.06
单骑	0.06
魏泰林	0.06
巴龙	0.06
布里吉沃特	0.06
帕格里亚齐	0.06
密码箱	0.06
文金镇	0.06
参天	0.06
凝思	0.06
麦德琳魏特	0.06
丽萨·克莱默	0.06
比亚塔	0.06
三线	0.06
尓	0.06
忖度	0.06
史基普英布伦	0.06
话梅	0.06
小罗尼	0.06
甘泉	0.06
随想	0.06
斯姆奇	0.06
砌砖	0.06
五十三分	0.06
佐伊德博格	0.06
声辩	0.06
颦	0.06
艾尔法	0.06
哈灵顿	0.06
梅立克	0.06
克丽斯	0.06
弗莱瑟·布恩	0.06
学人	0.06
纳斯特	0.06
魁悟	0.06
洗肠	0.06
伊贝林爵	0.06
眼泡	0.06
乔治·阿兰	0.06
维奥里特	0.06
欧罗巴	0.06
活络	0.06
八十分	0.06
威廉城	0.06
丝光	0.06
赛迪尔	0.06
源程序	0.06
包心菜	0.06
德海克	0.06
新义	0.06
古斯巴达	0.06
一九	0.06
贝兹	0.06
扎克利	0.06
阿密罗	0.06
信息库	0.06
利迪	0.06
品目	0.06
韩惠媛	0.06
无所不包	0.06
克罗伊查	0.06
麦克劳	0.06
伤亡者	0.06
腮腺	0.06
饰词	0.06
万法兆	0.06
林利华	0.06
输液器	0.06
查克·伯恩斯	0.06
丁普夫莫瑟	0.06
珀尔塞福	0.06
埃斯特城	0.06
美央	0.06
书法家	0.06
入冬	0.06
伊莎梅尔	0.06
精盐	0.06
停薪	0.06
漫山遍野	0.06
滑竿	0.06
迪尔伯恩	0.06
金刚钻	0.06
千夫	0.06
排错	0.06
单静雅	0.06
罐车	0.06
美声	0.06
达鲁斯	0.06
基友	0.06
瓦尔迪兹	0.06
罗锅	0.06
上弦	0.06
勤俭节约	0.06
说法不一	0.06
悠闲自得	0.06
尤索波夫	0.06
勃然	0.06
吉恩·路德维希	0.06
昆士兰	0.06
保罗·奥斯特	0.06
比亚兹	0.06
精装书	0.06
麦乐宝	0.06
陡增	0.06
实践者	0.06
紫青龙	0.06
玛莉亚·特瓦特	0.06
威敏斯	0.06
贝当	0.06
削球	0.06
欧斯塔基奥	0.06
第五十七	0.06
第五十一	0.06
约尤妮丝	0.06
第五十三	0.06
豁然	0.06
普拉森	0.06
贝特朗	0.06
热敷	0.06
辛蒂·布雷	0.06
弗朗西丝·艾弗里	0.06
精算	0.06
法国法郎	0.06
贾哈尔	0.06
六四分	0.06
文化部长	0.06
基利	0.06
饯别	0.06
变速杆	0.06
海穆斯拉特	0.06
拉莫	0.06
马洪	0.06
岀	0.06
挥洒自如	0.06
艾弗勒斯	0.06
病殃殃	0.06
亚希尔	0.06
征候	0.06
连守卫	0.06
费诺利奥	0.06
诺丁山	0.06
罗金	0.06
贝妮	0.06
威廉堡	0.06
斯科特·史密斯	0.06
尼德兰	0.06
北野顺	0.06
阿格曼	0.06
莎莉芙	0.06
呱唧	0.06
继妹	0.06
圣佩德罗市	0.06
金太韩	0.06
帐子	0.06
戴夫·莱帕德	0.06
艾莱娜	0.06
人艺	0.06
唐吉珂	0.06
四五点	0.06
格列柯	0.06
真空泵	0.06
勒克莱尔	0.06
父老兄弟	0.06
汤姆·曼宁	0.06
圣尼克	0.06
美凤	0.06
倘佯	0.06
若即若离	0.06
卡伦·斯	0.06
潘波利	0.06
继室	0.06
迪克·帕比奇	0.06
乔治·蒂尔登	0.06
六边形	0.06
特瑞沙	0.06
克雷尔	0.06
碛	0.06
罗赛	0.06
精悍	0.06
维克多·沃斯特	0.06
乔卡斯塔	0.06
温故知新	0.06
顺遂	0.06
憶	0.06
连阴雨	0.06
阿奎莱拉	0.06
消防处	0.06
接地线	0.06
繁育	0.06
罗伊斯·威廉姆斯	0.06
桦	0.06
银匠	0.06
四万二	0.06
登陆舰	0.06
克里斯蒂娜·莫雷诺	0.06
喜滋滋	0.06
法蒂玛	0.06
书写纸	0.06
一茬茬	0.06
彼得范加勒	0.06
三泽	0.06
排山倒海	0.06
阿欣	0.06
脚心	0.06
茶花	0.06
苏察尔顿	0.06
罗达	0.06
景俊	0.06
乘除	0.06
萨德塞	0.06
哈玛斯	0.06
学弟	0.06
瑞得克里夫	0.06
阿迈尔	0.06
蹩	0.06
阿普筱	0.06
逐户	0.06
文化人	0.06
普郭斯基	0.06
帕布罗·纳	0.06
一平	0.06
市场化	0.06
磷酸钙	0.06
萨米昂	0.06
科尔·波特	0.06
科努尔	0.06
斯特朗兹·沃登堡	0.06
圣布鲁托斯	0.06
度夏	0.06
简奥斯汀	0.06
打秋风	0.06
疾速	0.06
杰克·约翰逊	0.06
生石灰	0.06
泼水节	0.06
克雷姆	0.06
年息	0.06
波特诺伊	0.06
罗诉	0.06
玛丽琳汉密尔顿雷克斯拉夫道尔	0.06
他克雷塞	0.06
有数	0.06
童言无忌	0.06
冊	0.06
潜血	0.06
乔安娜·杰佛森	0.06
卡尔·洛夫	0.06
凯特琳·斯宾塞	0.06
诺伯特	0.06
莫拉尔	0.06
亚布纳	0.06
佛洛	0.06
圣安妮	0.06
迪亚格	0.06
学子	0.06
帕姆·伯恩斯	0.06
携手并肩	0.06
干着急	0.06
秀气	0.06
韦尼克	0.06
摊点	0.06
艾德范伦卡	0.06
五分之二	0.06
塔西提	0.06
絃	0.06
五分之三	0.06
极左	0.06
资本论	0.06
迪亚斯	0.06
吉姆·托伯莱森	0.06
小井	0.06
拐带	0.06
比亚里茨	0.06
学园	0.06
德克丹姆	0.06
热电	0.06
妇科病	0.06
莫拉克	0.06
技术学校	0.06
寨子	0.06
羊肠线	0.06
窃密	0.06
夏尔人	0.06
理查德佩迪	0.06
迪拉克斯	0.06
拚杀	0.06
绿化带	0.06
饬	0.06
儒勒·凡尔纳	0.06
一亿六千万	0.06
有权	0.06
卢萨卡	0.06
挖苦话	0.06
一准	0.06
阿加拉斯	0.06
勾肩搭背	0.06
轻金属	0.06
招引	0.06
嗆	0.06
一四	0.06
迪特卡夫	0.06
诳	0.06
埃德加·万斯	0.06
萨利娜	0.06
有价证券	0.06
史瑞特	0.06
九点十	0.06
连篇累牍	0.06
十六分之一	0.06
拉斐尔·邦贝利	0.06
和大卫	0.06
学力	0.06
詹姆斯·乔依斯	0.06
费琪	0.06
花农	0.06
学刊	0.06
三思	0.06
三性	0.06
考普兰	0.06
热热热热	0.06
一百七十四	0.06
斯图普尼斯	0.06
求索	0.06
剖面	0.06
鲁特兹	0.06
小提克	0.06
冷冻剂	0.06
爱丽丝·瓦特	0.06
破土	0.06
积分器	0.06
纽特·厄德里齐	0.06
中耳炎	0.06
哈沃	0.06
斯利姆·比金斯	0.06
米歇儿	0.06
本县	0.06
对数表	0.06
巴克·韦斯顿	0.06
芭腊塔	0.06
畸变	0.06
新藤真澄	0.06
吐苏	0.06
爱欧斯	0.06
电车站	0.06
古战教	0.06
荷兰猪	0.06
县城	0.06
民营	0.06
艺术照	0.06
八点五十	0.06
经济特区	0.06
波斯菊	0.06
雷娜	0.06
罗夫林	0.06
光大	0.06
艾丽西娅	0.06
马西阿斯	0.06
杜拉夫卡普	0.06
菲戈罗拉	0.06
韦德伊特	0.06
蹲伏	0.06
哈格	0.06
本园	0.06
麦克斯·卡恩	0.06
阿莲娜	0.06
内维斯	0.06
救护站	0.06
马奎	0.06
马奴	0.06
吶	0.06
不亚于	0.06
露平塔·马丁·拉莫斯	0.06
百看不厌	0.06
布莱恩·米尔斯	0.06
伯登施阿茨	0.06
凤毛麟角	0.06
库玛·巴特尔	0.06
鲍比·伯恩斯	0.06
姜在旭	0.06
成城	0.06
四万七千	0.06
成吉	0.06
瑞科	0.06
盖瑞·琼斯	0.06
备用金	0.06
推进剂	0.06
旌旗	0.06
瓦色尔曼	0.06
本名	0.06
五万六千	0.06
哥巴夫	0.06
钳工	0.06
嘉世腾	0.06
罗德·卡瓦	0.06
生龙	0.06
交工	0.06
西撒	0.06
菲尔浦	0.06
靠椅	0.06
比奇	0.06
螺号	0.06
风云录	0.06
戴伊	0.06
比尔·布坎	0.06
追记	0.06
钟会来	0.06
塔格	0.06
油耗	0.06
东博达	0.06
锐不可当	0.06
哈库拉·马塔塔	0.06
单眼皮	0.06
戈里亚	0.06
毕祖和	0.06
拆阅	0.06
阴和阳	0.06
基奇	0.06
霍尼	0.06
温带	0.06
唐·法甘森	0.06
埃姆	0.06
四二	0.06
比基	0.06
追名逐利	0.06
里奇蒙德	0.06
戴蒙·罗	0.06
科塔尼	0.06
本字	0.06
本季	0.06
布汝克	0.06
比吉	0.06
查曼巴克西	0.06
维克洛	0.06
何而起	0.06
斯穆利	0.06
水酒	0.06
礼典	0.06
懲	0.06
五线谱	0.06
卵生	0.06
哈瓦纳	0.06
九千零七十	0.06
六千五百万	0.06
戴顿	0.06
柯那克里	0.06
乔治·桑德	0.06
末子	0.06
站柜台	0.06
格丽斯	0.06
哈柏	0.06
威尔弗雷德·里德	0.06
本多	0.06
野口勇	0.06
胡斯	0.06
满玉	0.06
演词	0.06
蓝博	0.06
低洼地	0.06
发令枪	0.06
罗伯特·德尼罗	0.06
浇筑	0.06
格雷戈里·海因斯	0.06
德维特	0.06
茖	0.06
查耶夫斯基	0.06
仇怨	0.06
比斯欣尼亚	0.06
维罗纳	0.06
熊维	0.06
阿迪库斯	0.06
伊万	0.06
韩素英	0.06
克劳迪娅·谢弗尔	0.06
本心	0.06
佛洛伊	0.06
光基	0.06
回炉	0.06
温婉	0.06
练习曲	0.06
蒙特尔	0.06
妄言	0.06
罗伯特·戈登	0.06
哈扎	0.06
银影	0.06
格兰特·赖斯	0.06
麦奴拉	0.06
凯萨·查维斯	0.06
威塞克斯	0.06
维萨利亚	0.06
居者	0.06
麦奎格	0.06
夕阳红	0.06
光吾	0.06
宇宙火箭	0.06
东道主	0.06
诺玛·威尔考克斯	0.06
继往开来	0.06
和莉莉	0.06
石窟	0.06
利比里	0.06
克伦克霍恩	0.06
敌敌畏	0.06
哈达维	0.06
桥洞	0.06
绶	0.06
泽比诺	0.06
约尼	0.06
英格玛	0.06
卡姆里亚	0.06
石料	0.06
强记	0.06
威斯基	0.06
施图姆普菲盖尔	0.06
郑相春	0.06
勒盖恩	0.06
郎里	0.06
塞芬	0.06
杰拉德蒙特	0.06
延世	0.06
曼海姆	0.06
万紫千红	0.06
法裔	0.06
易行	0.06
比萨姆	0.06
石材	0.06
马代	0.06
超导	0.06
日裔	0.06
列夫·托尔斯泰	0.06
哈纳	0.06
韩爱慈	0.06
结党营私	0.06
告警	0.06
生词	0.06
纳塔丽·海格胡珍	0.06
生诺	0.06
天象仪	0.06
贝·安	0.06
特鲁伊	0.06
戈默·派尔	0.06
燕妮	0.06
猝	0.06
高光	0.06
娜蒂雅	0.06
马里亚	0.06
黄铁矿	0.06
瑞比	0.06
爱德华·奥凯利	0.06
凯伦·海恩斯	0.06
隆盛	0.06
强辩	0.06
米德尔敦	0.06
奥尔索普	0.06
阿林加洛沙	0.06
半工半读	0.06
克劳斯·巴尔比	0.06
泥菩萨	0.06
埃尔南德斯	0.06
麦格纳斯	0.06
僧多粥少	0.06
涌泉	0.06
光传	0.06
一万二千五百	0.06
布赖恩·凯利	0.06
科奇斯	0.06
为数众多	0.06
李秉宪	0.06
诺曼·罗斯	0.06
百分之八十五	0.06
架次	0.06
纳特迪	0.06
壮志未酬	0.06
稻穗	0.06
凯普·安格	0.06
三百八十万	0.06
弹着点	0.06
艾莫利	0.06
李煌	0.06
酸楚	0.06
雷丝	0.06
汉斯他	0.06
日货	0.06
旅长	0.06
比昂卡	0.06
三枝	0.06
雷亚	0.06
印欧语	0.06
曼弗雷德	0.06
罗恩·拉奇	0.06
圣安地	0.06
峙	0.06
奈杰尔·霍尼卡特	0.06
杰克霍特	0.06
厂主	0.06
洽商	0.06
塞诺	0.06
小拉莉	0.06
拉塞尔·达尔林普	0.06
恩波利镇	0.06
莱彼得斯	0.06
高密	0.06
塔皮	0.06
一千三百万	0.06
伯纳多	0.06
马皮	0.06
艾迪赞恩	0.06
高子	0.06
瑞查曼尼诺夫	0.06
麦克·佩克	0.06
瑞文	0.06
光仙	0.06
小拉热多	0.06
尚熹	0.06
法莫	0.06
胡瓜	0.06
纳迪尔	0.06
伶仃	0.06
纽巴伦	0.06
生色	0.06
阿贝蒂娜	0.06
约坎	0.06
饽饽	0.06
传布	0.06
敏大植	0.06
谥	0.06
玛丽·波平斯	0.06
莫内	0.06
塔琳	0.06
浇注	0.06
莫瑞尼	0.06
汤姆·克莱恩	0.06
儿童片	0.06
锅底	0.06
海德堡	0.06
格丽特	0.06
浦德维	0.06
成事	0.06
噶玛兰	0.06
超员	0.06
丹尼斯·高	0.06
太田川	0.06
九点四十	0.06
真大声	0.06
金斯莱	0.06
韦格纳氏	0.06
成例	0.06
理奇	0.06
和马修	0.06
满春	0.06
那柄剑	0.06
止回阀	0.06
杰克·肯尼迪	0.06
卡玛尔	0.06
原盖加	0.06
高小	0.06
约瑟卡	0.06
蒻	0.06
左洛复	0.06
安布莱德利	0.06
麦克丹尼尔	0.06
白素然	0.06
德拉克洛瓦	0.06
门市部	0.06
戈里多	0.06
批阅	0.06
新华社	0.06
奥菲利亚	0.06
姚士	0.06
哄人	0.06
卡德摩斯	0.06
甘农来	0.06
麦克·维克	0.06
紫金山	0.06
克里斯·塔克	0.06
安吉莉娜·朱莉	0.06
匍	0.06
艺术化	0.06
威廉·科斯提根	0.06
诺维安	0.06
马克思威尔	0.06
袛	0.06
利文斯敦·戴尔	0.06
垫板	0.06
莱斯莉·安·唐尼	0.06
吉拉迪	0.06
马累	0.06
增收	0.06
三千二百万	0.06
莫比	0.06
罗伯特·希尔斯堡	0.06
藤崎	0.06
苏达水	0.06
弗赖	0.06
比美	0.06
格鲁布纳基法	0.06
玛迪	0.06
暖水瓶	0.06
新城市	0.06
复建	0.06
卡萨马特斯	0.06
高勒姆	0.06
普拉萨德	0.06
菲利丝	0.06
圆领衫	0.06
武术界	0.06
瑞巴	0.06
塔拉瓦岛	0.06
莫根	0.06
伊瑞拉·波金	0.06
柳枝	0.06
柳林	0.06
艾利山德拉	0.06
德维尔	0.06
斯提根	0.06
阿纳卡斯蒂亚	0.06
玛费	0.06
王苏	0.06
绿荫	0.06
杂色	0.06
调制器	0.06
弗洛斯特	0.06
纳迪斯	0.06
金·凯利	0.06
火电站	0.06
总责	0.06
雷立	0.06
吉尔·利维	0.06
和汤米	0.06
曼莱克斯	0.06
赫布	0.06
卡伦·威廉姆斯	0.06
凯伦·克劳德	0.06
金珍雅	0.06
拉巴赫	0.06
南路	0.06
唐巴顿	0.06
巴哈伊	0.06
亚历山大·范彻	0.06
亨利·克莱格	0.06
艺术团	0.06
二十二秒	0.06
绽	0.06
必争之地	0.06
雷德福	0.06
隆美尔	0.06
光网	0.06
姜泰重	0.06
高松	0.06
清清爽爽	0.06
严惩不贷	0.06
龙之子	0.06
东格兰士特	0.06
诺亚·怀勒	0.06
瑞夫	0.06
坐标轴	0.06
菲尔德曼	0.06
成田	0.06
盖达尔	0.06
莫海	0.06
浮石	0.06
罗非鱼	0.06
葛罗因	0.06
廿一	0.06
开盘价	0.06
凯尼斯	0.06
弋	0.06
架桥	0.06
黄金黎	0.06
藤子	0.06
泰比里厄斯·杰斐逊	0.06
锡拉库扎	0.06
马瑞	0.06
赫勃	0.06
本章	0.06
复命	0.06
表侄	0.06
布迪卡	0.06
里奥纳多	0.06
代收	0.06
哈珀尔	0.06
巴顿鲁治市	0.06
马留	0.06
斯坦·范恩	0.06
凯文·罗塞尔	0.06
海拉明	0.06
酐	0.06
渐近线	0.06
诉诸武力	0.06
吾之	0.06
瑞因	0.06
官僚资本	0.06
扎迦利	0.06
們	0.06
所多玛	0.06
玛坦内	0.06
攻守	0.06
斯凯勒	0.06
尼龙布	0.06
克莱格·科尔邦	0.06
波利瓦尔	0.06
西蒙科顿	0.06
开创者	0.06
十三万	0.06
五百五十	0.06
南希·赫林顿	0.06
玛萨	0.06
冽	0.06
德尔皮	0.06
弗兰克·麦卡罗	0.06
高森	0.06
朴宏穆	0.06
罗曼多	0.06
查尔斯·汉森	0.06
约曼	0.06
投河	0.06
日晒雨淋	0.06
吉姆·里瓦尔多	0.06
唐·卡特罗	0.06
詹妮弗·艾耶斯	0.06
马真	0.06
约翰尼·罗顿	0.06
沃尔格	0.06
甲肝	0.06
瓜迪马拉	0.06
能耗	0.06
干警	0.06
淡蓝	0.06
南加洲	0.06
贺年卡	0.06
艾尔多拉多	0.06
朴智星	0.06
凉飕飕	0.06
珍娜丝	0.06
梭哈	0.06
喜闻乐见	0.06
杂费	0.06
鸟枪换炮	0.06
卡洛琳·克拉夫特	0.06
缱绻	0.06
希耶拉·索莫斯	0.06
让威尔	0.06
圣凯达	0.06
约翰·斯塔莫斯	0.06
汉蒙	0.06
过五关斩六将	0.06
卡拉希尼可夫	0.06
莫杜	0.06
吉福斯	0.06
潘纳斯	0.06
煨	0.06
港人	0.06
复写	0.06
沃拉斯卡	0.06
德鲁拉沙姆	0.06
唐·德莱斯戴尔	0.06
古毕兹	0.06
类书	0.06
阿尔菲斯	0.06
歪斜	0.06
贪官污吏	0.06
克罗伊茨费尔特	0.06
剪贴板	0.06
让威廉	0.06
比热	0.06
偏光镜	0.06
卢丁小	0.06
罗而根	0.06
瑞光	0.06
史华兹	0.06
克瑞西丁	0.06
保护国	0.06
萧瑟	0.06
阿伦戴尔	0.06
东秀	0.06
唐妮	0.06
沙莉	0.06
沙莎	0.06
索尔克	0.06
黛洛维	0.06
埃文他	0.06
博金斯	0.06
李四	0.06
德布罗第	0.06
拉莫里	0.06
雷格	0.06
哈瑞瓦顿	0.06
索卡兹	0.06
差之毫厘	0.06
哈巴	0.06
瑟林娜	0.06
奥利维亚·詹姆斯	0.06
维塞拉	0.06
高炉	0.06
埃迪他	0.06
奇西	0.06
林赛·米克斯	0.06
塌实	0.06
斯拉斯·克瑞斯迪克	0.06
温文	0.06
哈库	0.06
菲尔奇	0.06
史泰齐	0.06
矜	0.06
武辉	0.06
坚忍不拔	0.06
西迪克	0.06
鲍勃·奈斯特	0.06
连珠	0.06
弗兰克科萨	0.06
盘货	0.06
蓝波	0.06
塔尼	0.06
航春	0.06
弗朗士	0.06
安尼亚	0.06
垫片	0.06
布莱斯·万德马斯	0.06
干燥剂	0.06
绒线帽	0.06
博玛雷纳	0.06
高盛	0.06
布莱安	0.06
鲁思·拉什金	0.06
尚德	0.06
和泰坤	0.06
爱德莱	0.06
汉娜·蒙塔娜	0.06
武行	0.06
银装素裹	0.06
伊万德·普契洛	0.06
三合一	0.06
盘诘	0.06
兵临城下	0.06
默菲	0.06
骄傲自满	0.06
扮装	0.06
索萨利	0.06
删改	0.06
本村	0.06
劃	0.06
东南风	0.06
詹妮·克雷格	0.06
入海口	0.06
福勒特洛克·霍根	0.06
阿尔布斯	0.06
贝基·撒切尔	0.06
吉姆·希尔	0.06
王昭君	0.06
迪尼洛	0.06
苏塞	0.06
本体论	0.06
李全	0.06
安宜真	0.06
汉默	0.06
夜礼服	0.06
胡天	0.06
鳝	0.06
甲鱼	0.06
和罗伊	0.06
点将	0.06
干面	0.06
类同	0.06
奥古斯托·皮诺切特	0.06
蓝梅	0.06
肯尼市	0.06
瓦瓦林	0.06
吉雷特	0.06
怪调	0.06
望去	0.06
格文	0.06
致病菌	0.06
虔	0.06
希瑟·劳克利尔	0.06
罗伯普兰特	0.06
大卫克林	0.06
波海力	0.06
让莫莉	0.06
无独有偶	0.06
甲贺流	0.06
赤月	0.06
爱约翰	0.06
温温	0.06
约翰·威尔克斯·布斯	0.06
贝蒂福特	0.06
苏基	0.06
苏城	0.06
武藏	0.06
插孔	0.06
地下铁道	0.06
惡	0.06
马蒂·卡马里欧	0.06
伊迪·布维尔·比尔	0.06
阿提卡斯·诺伊尔	0.06
卡拉瓦乔	0.06
塞尔吉	0.06
鲯	0.06
甲酚	0.06
满满当当	0.06
特蒂斯科	0.06
弗雷	0.06
弗朗克	0.06
甲醚	0.06
德尼·怀特	0.06
纪永军	0.06
李素芬	0.06
蓝斯	0.06
威德尔	0.06
费基斯	0.06
相持不下	0.06
哈圭	0.06
芸香	0.06
拉塞尔·西蒙斯	0.06
斯黛芬妮	0.06
马枪	0.06
萨德尔市	0.06
郑真淑	0.06
埃沃	0.06
余钱	0.06
柯林斯干	0.06
布里奇汉普顿	0.06
打游击	0.06
价差	0.06
易北河	0.06
坎提纳	0.06
哈兹	0.06
康昌成	0.06
黛芬尼	0.06
比尔·黑斯·贝斯顿	0.06
奥黛丽·奎斯凯	0.06
北山	0.06
萨尔玛	0.06
航校	0.06
贾汗季	0.06
史崔克兰	0.06
菲舍曼	0.06
地形学	0.06
米字旗	0.06
热罗姆	0.06
羽田裕一	0.06
李堡	0.06
贝恩斯	0.06
雷杰	0.06
莫琳	0.06
饭食	0.06
马特·法瑞尔	0.06
圭莉	0.06
光斑	0.06
马里斯	0.06
鬃	0.06
苏其	0.06
喪	0.06
立方米	0.06
让马特	0.06
法拉·帕维尔	0.06
葛哲时	0.06
赫南德	0.06
林奇·林克	0.06
伦布兰特	0.06
四不象	0.06
安特姆	0.06
高谭市	0.06
恩施	0.06
瑞得莱德	0.06
廉颇老矣	0.06
保温套	0.06
毫米波	0.06
礼品盒	0.06
安吉茅特镇	0.06
十点十	0.06
玛沙	0.06
卡罗琳娜·斯坦霍夫	0.06
水头	0.06
高职	0.06
默瑟	0.06
歌舞厅	0.06
莎尔比	0.06
卢斯罗	0.06
普罗希	0.06
一百零一	0.06
费迪南德·科沃斯基斯	0.06
一百零三	0.06
弗洛伊德·帕特森	0.06
保皇派	0.06
不甘示弱	0.06
萨尔茨堡	0.06
考德尔	0.06
备用品	0.06
厂长	0.06
鹿茸	0.06
科瑞尔	0.06
史诗性	0.06
大礼拜	0.06
埃文斯顿	0.06
吉姆·瓦加斯	0.06
胡塞	0.06
芭佩娅	0.06
保罗纽曼	0.06
克罗奇	0.06
爱文	0.06
爱斯	0.06
观照	0.06
纳波	0.06
甜香	0.06
高蒂	0.06
半衰期	0.06
出生率	0.06
教法	0.06
桑迪·马代尔	0.06
赫麦良	0.06
吉尔波特·皮安特	0.06
投考	0.06
塔拉塔	0.06
左键	0.06
欣西雅	0.06
湛	0.06
咋舌	0.06
金斯堡	0.06
谭莫尼	0.06
法拉肯	0.06
羽翼渐丰	0.06
瑞波佐	0.06
特拉布宗	0.06
收兵	0.06
格高	0.06
美铃	0.06
日工	0.06
普托斯	0.06
放眼世界	0.06
埠	0.06
塔基特	0.06
红得发紫	0.06
布朗恩	0.06
圣大保罗	0.06
正当中	0.06
莱昂纳	0.06
病程	0.06
告假	0.06
正方体	0.06
阿卡瓦	0.06
焰心	0.06
汉斯里	0.06
旧居	0.06
奥斯沃	0.06
法军	0.06
民久	0.06
奈特·格拉迪斯	0.06
夜郎自大	0.06
道格·斯塔博	0.06
艾德·瑞斯	0.06
凤冠	0.06
鲫鱼	0.06
绥	0.06
艾森加德	0.06
莫茵	0.06
仁者见仁	0.06
彼得·詹宁斯	0.06
斯特里普	0.06
宫津隆	0.06
威奇塔	0.06
军师	0.06
格林多镇	0.06
被占	0.06
嘉礼部	0.06
白刃战	0.06
讲堂	0.06
生育率	0.06
显像管	0.06
大卫·帕拉奇奥	0.06
成飞	0.06
成风	0.06
马靴	0.06
弗查	0.06
松华	0.06
艾米诺	0.06
隆子	0.06
塞塞	0.06
增辉	0.06
亚当史提夫	0.06
翻胃	0.06
苏拉兹	0.06
水垢	0.06
核威慑	0.06
顶尖级	0.06
危险物	0.06
鹿谷	0.06
伊卡诺思	0.06
水圈	0.06
水地	0.06
翻车鱼	0.06
莫里茨	0.06
雷门	0.06
强嘴	0.06
滞销	0.06
斯普林伍德	0.06
尼基塔	0.06
安杰帝	0.06
鹿跃	0.06
哈达姆·萨利姆·巴哈	0.06
霍里斯·布朗	0.06
伊格斯	0.06
怅然若失	0.06
市委	0.06
王民	0.06
榅	0.06
政令	0.06
磨洋工	0.06
易名	0.06
德雷福斯	0.06
纳柯	0.06
一三五	0.06
索西姆	0.06
奥拉	0.06
瑞米多	0.06
千里之行	0.06
蓝道	0.06
哈利贝利	0.06
卡拉·史瑞斯	0.06
汽车业	0.06
费德尔·卡斯特罗	0.06
克林霍夫	0.06
霍莉·亨特	0.06
生地	0.06
佩尼斯	0.06
彼得·西蒙	0.06
滑石粉	0.06
教改	0.06
菲尔森	0.06
阿卡波	0.06
少年儿童	0.06
曼·戈林	0.06
默曼	0.06
杜安·克拉雷奇	0.06
金字招牌	0.06
高恩珠	0.06
共价键	0.06
默林	0.06
彩旗	0.06
韩佑宰	0.06
成药	0.06
少来	0.06
温妮·曼德拉	0.06
西温士顿	0.06
淡红	0.06
花骨朵	0.06
佩文西	0.06
卡罗来纳	0.06
弗纳	0.06
玛米	0.06
五九年	0.06
万国之	0.06
扎染	0.06
扎普	0.06
杂牌	0.06
杰尔森	0.06
派会	0.06
殻	0.06
芳邻	0.06
安贝尔	0.06
塞希尔·肖	0.06
摩妮卡	0.06
威森	0.06
拉非	0.06
木庆介	0.06
抛掷	0.06
哈基姆·加马尔	0.06
义和团	0.06
山姆·卡米凯尔	0.06
克罗丝	0.06
温茜	0.06
醇和	0.06
林赛·法瑞斯	0.06
鼓风炉	0.06
维特·哈兰	0.06
朱生豪	0.06
高阳	0.06
日产	0.06
普罗西	0.06
麦乳精	0.06
独领风骚	0.06
爱瑟	0.06
柯迪斯	0.06
抑扬	0.06
希斯仑	0.06
海登堡	0.06
桑格	0.06
温良	0.06
造反派	0.06
夏姆·塞克斯纳	0.06
克特·奥斯特多尔夫	0.06
小组长	0.06
显赫一时	0.06
武植	0.06
顺产	0.06
玛蒂德	0.06
布朗特	0.06
乡民	0.06
官面	0.06
阿西昂	0.06
需要量	0.06
猥亵罪	0.06
坚毅不屈	0.06
沙旦	0.06
硝酸钾	0.06
化冻	0.06
百分之六	0.06
瑞奇·库	0.06
和莉娅	0.06
超龄	0.06
纳美	0.06
布鲁斯特·奇根	0.06
盖板	0.06
总称	0.06
土方	0.06
杜那斯	0.06
西格洛温特	0.06
临战	0.06
贝丝通	0.06
同生	0.06
多尼茨	0.06
敬薇薇	0.06
专题片	0.06
秉雄	0.06
始终不渝	0.06
克斯坦萨	0.06
克利夫兰来	0.06
斯汀捷	0.06
弥合	0.06
阿斗波	0.06
半瓶醋	0.06
德雷克斯勒	0.06
澤	0.06
季米特洛	0.06
乜	0.06
玛瑟	0.06
高飞	0.06
狸子	0.06
热烘烘	0.06
柯汤姆	0.06
袈	0.06
安迪·哈里森	0.06
尼拉帕坦娜萨妮	0.06
愠怒	0.06
克莱拉·克莱顿	0.06
线型	0.06
耶利哥城	0.06
衍	0.06
汤米·麦克唐纳德	0.06
科琳·惠特曼	0.06
马壮	0.06
蓬尼	0.06
天刚亮	0.06
乔丹·科利尔	0.06
克里斯滕森	0.06
居勇	0.06
干粉	0.06
巨型机	0.06
玛特	0.06
莫阿	0.06
桑德拉·安德妮	0.06
德拉瓦	0.06
岩士唐	0.06
勾兑	0.06
金紫兰	0.06
佩斯维克	0.06
棕榈油	0.06
脑充血	0.06
杂粮	0.06
克莱门氏	0.06
金提子	0.06
旅居	0.06
土法	0.06
艾弗瑞	0.06
约瑟夫·鲁道夫	0.06
杰森·史蒂文森	0.06
傻劲	0.06
马苏	0.06
千差万别	0.06
约瑟芬娜	0.06
和杰西	0.06
圣乔维特	0.06
亚拉亚	0.06
蠹虫	0.06
英格玛·伯格曼	0.06
奇摩	0.06
不动产业	0.06
萨普提米亚斯	0.06
地表水	0.06
屈人之	0.06
婴儿期	0.06
法利安·阿卡布科	0.06
阿里斯托芬	0.06
奇子	0.06
掌舵人	0.06
霍马修	0.06
武将	0.06
合同期	0.06
蒂富	0.06
层状	0.06
纺纱	0.06
逃散	0.06
艾奇·库明斯	0.06
间离	0.06
雪莉·鲍姆	0.06
盘弄	0.06
迈克尔·马修	0.06
抗病	0.06
蓮	0.06
巴兹威尔	0.06
杰迪熊	0.06
沙冰	0.06
胗	0.06
绒线衫	0.06
南田丰	0.06
农家女	0.06
驴肉	0.06
蝙	0.06
鞭挞	0.06
借据	0.06
乐理	0.06
武德	0.06
玛利耶塔	0.06
弥渡	0.06
掘进	0.06
同上	0.06
卡尔·佛格迪	0.06
分步	0.06
民政	0.06
熊里	0.06
蒂沃利	0.06
桑达	0.06
借方	0.06
荷洛维奇	0.06
乔纳斯·穆勒	0.06
斯隆干	0.06
威罗比	0.06
杰尔德	0.06
弗兰肯斯泰因	0.06
寸头	0.06
物换星移	0.06
人工降雨	0.06
贝克斯·戴维斯	0.06
帕特丽夏·威廉姆斯	0.06
水线	0.06
舍我其谁	0.06
黄金屋	0.06
迈阿米	0.06
劳拉·拉瑞比	0.06
强纳	0.06
土块	0.06
盘存	0.06
埃纳	0.06
扎博	0.06
罗丝穆塔	0.06
杰克丹尼	0.06
透明纸	0.06
脅	0.06
安德妮	0.06
米安	0.06
纳修	0.06
恭喜发财	0.06
告罄	0.06
肖恩·希尔琳	0.06
天道酬勤	0.06
武官	0.06
湖岸	0.06
孙大圣	0.06
克保安	0.06
南京大屠杀	0.06
五湖四海	0.06
塞琳	0.06
布里奇顿	0.06
奇峰	0.06
九十九	0.06
沙宣	0.06
九十万	0.06
安佩瑞	0.06
瑞斯·杜克	0.06
醺	0.06
鲍比夏普	0.06
水珠	0.06
收纳	0.06
弗洛依德	0.06
音叉	0.06
伊恩·柯蒂斯	0.06
杜林兹	0.06
麦奎恩	0.06
收编	0.06
查尔斯·巴托斯基	0.06
尤尔钦科	0.06
李迪	0.06
古丽特	0.06
逑	0.06
锦衣卫	0.06
奥库拉	0.06
玛琳·黛德丽	0.06
安迪加	0.06
道威斯	0.06
打哆嗦	0.06
埃迪·麦克	0.06
鞭毛	0.06
凯·莱克	0.06
朴基哲	0.06
丹尼·参	0.06
托尼·威尔逊	0.06
蒂兰	0.06
敵	0.06
乔兹	0.06
艾米·佩姬	0.06
安咏港	0.06
地产税	0.06
早市	0.06
瓠	0.06
硅酸	0.06
拉扎尔	0.06
格兰特·希尔曼	0.06
寰宇	0.06
比尔盖茨	0.06
牡丹花	0.06
丹尼·哈德曼	0.06
冒险主义	0.06
临夏	0.06
土布	0.06
表语	0.06
丹尼·尼科莱塔	0.06
加尔各塔	0.06
一场场	0.06
塞缪尔·勒	0.06
吉约姆	0.06
佩切尔利	0.06
安迪因	0.06
凤生	0.06
葛拉斯堡	0.06
特里·瑞博森	0.06
诺拉·玛凯莉	0.06
泰克托恩	0.06
拉贾斯坦邦	0.06
海德尔堡	0.06
颠来倒去	0.06
六点十五	0.06
库沃斯基	0.06
金章化	0.06
玛格里斯	0.06
阿拉法特	0.06
兆虎	0.06
舶来品	0.06
皮扎卡特	0.06
沙层	0.06
哈莉	0.06
爱克	0.06
卡拉布里亚	0.06
低头不见抬头见	0.06
外国语	0.06
杰拉德·福特	0.06
蒂娜·哈伍德	0.06
弗兰克·威廉姆斯	0.06
弗罗林	0.06
逼和	0.06
乔恩·阿布凯利	0.06
伍德梅尔	0.06
纳迪亚	0.06
玛德	0.06
莫伊赛斯	0.06
光灿灿	0.06
哈鹏	0.06
同心同德	0.06
苏鲁	0.06
化痰	0.06
吉姆·琼斯	0.06
释在馨	0.06
彼得罗扎沃茨克	0.06
纳宾	0.06
摩萨	0.06
汉学	0.06
达斯丁·劳德巴赫	0.06
拉锯战	0.06
朴研	0.06
安东尼·德鲁索	0.06
储油罐	0.06
卡迪根	0.06
哈兰·斯沃罗	0.06
帕洛米诺马	0.06
塞恩	0.06
卡米拉·瓦伦西亚丝	0.06
瓦德拉玛	0.06
休工	0.06
铁树开花	0.06
琉璃	0.06
瑞诺	0.06
白白净净	0.06
干咳	0.06
毛装	0.06
平奇·麦考伊	0.06
抓瞎	0.06
涌起	0.06
水橇	0.06
龇	0.06
平等互利	0.06
马基雅利	0.06
玲达	0.06
生涩	0.06
爱德华·拉布莱伊	0.06
逼债	0.06
奇亚	0.06
贝立欧	0.06
史崔克林	0.06
马丁·鲍曼	0.06
卡米哈米哈	0.06
一八零	0.06
石茅	0.06
掇	0.06
索隆会	0.06
聖	0.06
沃尔特·泽维尔	0.06
扎罗克	0.06
人文主义	0.06
瑞西	0.06
豆腐干	0.06
特鲁里亚	0.06
干基	0.06
玛夫	0.06
哈瓦苏	0.06
塔顿	0.06
阿维森	0.06
和布鲁斯	0.06
圆括号	0.06
纳克	0.06
哈丽特	0.06
哈蒂斯堡	0.06
娜·迪格莱格里奥	0.06
纳凉	0.06
弗雷克斯	0.06
乔治·奥威尔	0.06
达菲尔德	0.06
腰肢	0.06
马克·施德克	0.06
涣	0.06
武田晴信	0.06
风声鹤唳	0.06
肖恩娜	0.06
余党	0.06
米莱雅·桑切斯	0.06
汤姆·勒弗罗伊	0.06
干头	0.06
如前所述	0.06
两点五亿	0.06
阿塔洛玛	0.06
甲克	0.06
哈齐兹	0.06
彩云	0.06
维尔豪斯	0.06
曼哈根	0.06
乐池	0.06
收油	0.06
巴甫洛曲奇	0.06
哈德伯	0.06
拉米罗·瓦德斯	0.06
埃瑞森	0.06
吉文斯	0.06
迈特	0.06
凯姆·威克斯勒	0.06
总合	0.06
告捷	0.06
良友	0.06
丽芙·勒纳	0.06
籚	0.06
奇里华	0.06
查理·麦卡锡	0.06
七亿五千万	0.06
土风舞	0.06
哈斯	0.06
皮斯卡	0.06
克莱德·马丁	0.06
罗伊·萨利维	0.06
五九点	0.06
沙伦	0.06
塞缪尔·史登	0.06
吉蒂吉蒂	0.06
螺丝帽	0.06
朵弗曼	0.06
福如东海	0.06
病休	0.06
津市	0.06
润久	0.06
史泰克	0.06
爱尔	0.06
盖诺得来	0.06
爱尼	0.06
特德洛·克劳福德	0.06
杀出重围	0.06
土伦	0.06
纳塔莉亚	0.06
一亿九千八百万	0.06
法朗	0.06
政纲	0.06
雌蜂	0.06
小理查德	0.06
超绝	0.06
弗利	0.06
乔·路易丝	0.06
伯恩哈德	0.06
虎虎生威	0.06
有志者	0.06
克罗拉	0.06
手写体	0.06
王府	0.06
酸臭	0.06
温差	0.06
随声附和	0.06
豆腐块	0.06
散记	0.06
良坡	0.06
九点十五	0.06
邮袋	0.06
拉尔比	0.06
加加林	0.06
本·斯通	0.06
柿子椒	0.06
切斯特·戴维斯	0.06
坎亚库马瑞	0.06
安迪·沃夫梅尔	0.06
面包干	0.06
寇奇	0.06
但那	0.06
敦实	0.06
罗米	0.06
瓦茨拉夫·哈维尔	0.06
无题	0.06
辛华	0.06
德勒克	0.06
施奈尔	0.06
万贯家财	0.06
卓尔斯	0.06
爱比盖儿	0.06
碰锁	0.06
诺思伍德	0.06
排炮	0.06
阿雷欧	0.06
湖南省	0.06
黨	0.06
侧向	0.06
辛德瑞拉	0.06
巴克莱	0.06
德丽亚	0.06
普赖迪	0.06
聋哑学校	0.06
鸩	0.06
声浪	0.06
凯文·奥尔森	0.06
睡魔	0.06
治艾滋	0.06
丹非	0.06
安腾纪夫	0.06
灸	0.06
新军	0.06
塞隆尼斯	0.06
哈瑞儿	0.06
大步流星	0.06
巍峨	0.06
十一点一	0.06
岩子	0.06
德娜塔	0.06
杰可布	0.06
考克	0.06
苦劳	0.06
约瑟夫·马里那	0.06
時	0.06
宣传栏	0.06
铜丝	0.06
左国忠	0.06
弗尔利	0.06
本恩斯	0.06
梅迪尔	0.06
腚	0.06
膝头	0.06
本奈	0.06
尼克普森斯	0.06
四星珠	0.06
考博	0.06
费贺	0.06
繁盛	0.06
阿米达拉	0.06
慕尼	0.06
保罗盖蒂	0.06
说长道短	0.06
言之有物	0.06
贝莉葛夫曼	0.06
库罗克	0.06
问询处	0.06
辛娜	0.06
斯拜德	0.06
茶碱	0.06
茶碟	0.06
叶卡捷琳娜	0.06
美术室	0.06
美术家	0.06
人材	0.06
乐高	0.06
马特·劳尔	0.06
分光镜	0.06
布瑞克顿	0.06
条石	0.06
捞油水	0.06
敦厚	0.06
列奥尼达王	0.06
残垣断壁	0.06
哈利德·艾尔	0.06
骄矜	0.06
回传	0.06
窝巢	0.06
玛丽安·瑞文伍德	0.06
郭明	0.06
白莲教	0.06
波卡·朱诺	0.06
史蒂夫·范	0.06
肖恩·威廉姆斯	0.06
德克托里克	0.06
活气	0.06
舌苔	0.06
理亏	0.06
巴迪华来斯	0.06
俯射	0.06
真才实学	0.06
甜面酱	0.06
布莱恩·罗琳斯	0.06
乔·维特菲尔德	0.06
单传	0.06
皮得森	0.06
哈葛洛夫	0.06
大卫·哈塞尔霍夫	0.06
瑜何生亮	0.06
佛里吉亚	0.06
琴葛雷	0.06
芭莎	0.06
寻呼	0.06
瓦努斯	0.06
探问	0.06
西丝	0.06
滑音	0.06
稳稳当当	0.06
珐	0.06
富莱	0.06
马克·米勒	0.06
埃罗伊	0.06
孟斐斯市	0.06
舌蝇	0.06
洗清	0.06
新妇	0.06
辅修	0.06
佐村恭介	0.06
瑞·范·史克	0.06
淡妆	0.06
利柏	0.06
路堤	0.06
茴	0.06
抄家	0.06
普莱兹	0.06
萨伯	0.06
桑杜	0.06
辅以	0.06
展板	0.06
懈	0.06
门静脉	0.06
伯福德	0.06
阿特库斯·林德尔	0.06
晰	0.06
格拉姆	0.06
洒落	0.06
家书	0.06
每期	0.06
特利莫伊	0.06
热腊	0.06
奥列路易斯·安东尼	0.06
波图·德瑞斯特	0.06
认识论	0.06
一起起	0.06
小蔓果	0.06
亦可	0.06
斑痕	0.06
泰克	0.06
塞缪尔·约翰逊	0.06
考官	0.06
慈姑	0.06
独幕剧	0.06
李贤	0.06
约翰·休斯顿	0.06
八又四分之三	0.06
参院	0.06
得宠	0.06
萨勒	0.06
泰图斯·波罗	0.06
分句	0.06
密麻麻	0.06
铜子	0.06
大会战	0.06
凖	0.06
艾尔蒙特	0.06
戴安娜·克瑞尔	0.06
几亿万	0.06
扶助	0.06
鲁·迪斯蒂法诺	0.06
卡瓦尼	0.06
弗莱斯科	0.06
波黑	0.06
塔菲特	0.06
西周	0.06
尝新	0.06
亚当维奇	0.06
费顿	0.06
西垣	0.06
砜	0.06
上半年	0.06
詹姆斯·哈文斯	0.06
贵文	0.06
骄气	0.06
维舍格勒	0.06
新浪	0.06
顺珠	0.06
唐纳德·特朗普	0.06
鲍伯·康奈尔	0.06
梅莉沙	0.06
尤蒙顿	0.06
何许人	0.06
罗温	0.06
千百万年	0.06
劳尔夫	0.06
西嘉	0.06
巴卡	0.06
魏森	0.06
乡邻	0.06
球王	0.06
分子量	0.06
西出	0.06
单击	0.06
帕特兰	0.06
节油	0.06
萨嘎	0.06
洛姬	0.06
但埃布尔	0.06
罗斯蒙	0.06
下压力	0.06
萨达特	0.06
曼加	0.06
塔拉谢克	0.06
依莱娜·德瑞沃科	0.06
山风	0.06
拉·乔	0.06
洛厄尔	0.06
亨利·戴	0.06
斯文德	0.06
野平	0.06
视力表	0.06
同声	0.06
宣传员	0.06
爱丹尼斯	0.06
费尔法斯	0.06
萨姆·沃特斯	0.06
巴国	0.06
卓尔	0.06
媾和	0.06
古道热肠	0.06
几比	0.06
磷酸盐	0.06
民营化	0.06
基皮	0.06
卢西尔斯·萨普提米亚斯	0.06
博巴·费特	0.06
邦妮·巴赫	0.06
流莺	0.06
一千二百五十	0.06
火烛	0.06
西华	0.06
伽拉兹	0.06
爱吉米	0.06
第四十七	0.06
鲜绿色	0.06
伊里奇	0.06
菲德里戈	0.06
辅君	0.06
安娜斯提亚	0.06
布鲁可林	0.06
圣特雷莎	0.06
跨越式	0.06
倨	0.06
朗巴勒	0.06
莫菲赫斯达	0.06
方特勒里	0.06
莫瑟斯	0.06
哈特拉斯	0.06
让凯特	0.06
查尔斯帕兰汀	0.06
阿拉伯海	0.06
地磁力	0.06
谢克	0.06
吉各尔斯	0.06
科米西	0.06
罗文	0.06
老布	0.06
丘洛干	0.06
约瑟夫·格鲁辛斯基	0.06
刮痧	0.06
预警机	0.06
硫化钠	0.06
佐村恭子	0.06
卡瓦合	0.06
松仁	0.06
玄武湖	0.06
埃扎德·查尔斯	0.06
雷克伍德	0.06
格博	0.06
宣传品	0.06
几百亿	0.06
牛顿·派斯	0.06
西山	0.06
萨克·莫宁汉	0.06
大总统	0.06
拉弗恩·贝克	0.06
制备	0.06
尤里·马克洛夫	0.06
辛迪·莫里斯	0.06
甘黑斯	0.06
格努	0.06
罗林	0.06
送气	0.06
练习生	0.06
切斯特·海姆斯	0.06
罗莎莉·穆林	0.06
新乐	0.06
精读	0.06
精诚	0.06
年货	0.06
塔齐亚	0.06
哈丽特林达哈巴德	0.06
佩德拉萨	0.06
李明秀	0.06
灰度	0.06
基本点	0.06
伊森·马修·亨特	0.06
戴维·卡西迪	0.06
茶汤	0.06
俊豪	0.06
威廉·布莱克	0.06
玛索	0.06
西头	0.06
漏勺	0.06
媚俗	0.06
小个儿	0.06
卡介苗	0.06
敏露	0.06
迢迢	0.06
成交额	0.06
格罗塞斯	0.06
賠	0.06
洛兰	0.06
唐纳·卡鲁瑟	0.06
大案要案	0.06
地磁场	0.06
科班出身	0.06
埇	0.06
滑腻	0.06
慈和	0.06
艾杜阿多	0.06
草编	0.06
汤米·德瑞克	0.06
佩特罗夫斯基	0.06
慌神	0.06
私念	0.06
玛嘉莉	0.06
阿尔瓦罗	0.06
维尼贝葛希湖	0.06
萨德	0.06
塔·拉莫斯	0.06
艾里斯·查肯	0.06
切格瓦拉	0.06
芭雅	0.06
波美拉尼亚	0.06
洛山基	0.06
四方步	0.06
灭音器	0.06
艾利森·格雷	0.06
旁听生	0.06
芬宁	0.06
马特洛克	0.06
三联	0.06
一朝一夕	0.06
整容术	0.06
谢地	0.06
维罗妮卡·布勒	0.06
非金属	0.06
席梦思	0.06
特瑞莎	0.06
特瑞莲	0.06
接收机	0.06
玛代尔	0.06
阿尔文·格里芬	0.06
顺美	0.06
莱拉·诺瓦切克	0.06
袜套	0.06
斯蒂夫·莱克	0.06
华伦泰	0.06
亚辛娜	0.06
鲜果	0.06
剑道部	0.06
查克·诺里斯	0.06
鲁尔	0.06
洁·凯勒	0.06
哈比·吉姆	0.06
阿弗莱克	0.06
贯注	0.06
锡西厄	0.06
藏语	0.06
佩瑟芬	0.06
昂德希尔	0.06
单日	0.06
教书匠	0.06
千鹤	0.06
自传体	0.06
织就	0.06
衙	0.06
杰瑞·莫瑟	0.06
朱利尤斯·恺撒	0.06
乔纳森·桑弗兰·富尔	0.06
罗山	0.06
竹笼	0.06
遗传工程	0.06
克莱尔·科尔	0.06
王月花	0.06
犁头	0.06
明青学园	0.06
圆乎乎	0.06
恩恩爱爱	0.06
康奈利·福吉	0.06
伯里斯	0.06
苏姗娜	0.06
新知	0.06
柯林·鲍威尔	0.06
誓师大会	0.06
词锋	0.06
塞伯丁	0.06
诺亚·怀尔德	0.06
粗麻布	0.06
寐	0.06
史拉姆	0.06
爆炸波	0.06
约翰·亨利·路易斯	0.06
预备生	0.06
糖衣炮弹	0.06
仁星	0.06
非作战	0.06
欢迎辞	0.06
景顺	0.06
布莱纳曼	0.06
罗塔	0.06
巴恩斯·洛贝尔	0.06
垂落	0.06
回车键	0.06
咕唧	0.06
玛利亚·凯丽	0.06
巴方	0.06
敬威灵	0.06
泉涛	0.06
赛伦斯	0.06
挖土机	0.06
布洛迪	0.06
馨	0.06
什里夫波特市	0.06
呡	0.06
戈尔巴乔	0.06
耶烈万	0.06
风调雨顺	0.06
蒙克雷	0.06
多明尼加	0.06
昆特斯·庞贝	0.06
卡西·霍尔姆斯	0.06
招贴	0.06
门脸	0.06
巴柏	0.06
衣不蔽体	0.06
卡纳维拉尔角	0.06
耶西·莱特曼	0.06
折算	0.06
气雾剂	0.06
远望	0.06
安昌南	0.06
艾希曼	0.06
厚待	0.06
得法	0.06
冯·格莱姆	0.06
让·巴普	0.06
范·尼克	0.06
区间	0.06
内陆海	0.06
克尔维特	0.06
穿山甲	0.06
穆罕默德阿里	0.06
液泡	0.06
特洛罗普	0.06
斯卡拉布雷	0.06
维恩图	0.06
脇	0.06
倒悬	0.06
贝尔森	0.06
美院	0.06
进化史	0.06
索菲·雷沃思	0.06
南德	0.06
美雪	0.06
奥斯卡·德拉伦塔	0.06
士道	0.06
弗里泽	0.06
提丽	0.06
黄鼠	0.06
疑惧	0.06
花蕊	0.06
老汤	0.06
甘尼迪	0.06
罗培	0.06
皮特罗	0.06
埃德瓦特	0.06
如月美	0.06
盖戳	0.06
瑞迪葛兰	0.06
智浩	0.06
西游	0.06
应声虫	0.06
乔治·科比	0.06
统一性	0.06
主力军	0.06
水牛儿	0.06
情报界	0.06
约瑟夫·戈培尔	0.06
皇辅	0.06
打埋伏	0.06
普里萨克	0.06
犁地	0.06
装甲兵	0.06
德拉戈米罗	0.06
埃文河	0.06
新科	0.06
轻机枪	0.06
让杰森	0.06
香吻	0.06
罗冰	0.06
老毛	0.06
兽医学	0.06
不信任感	0.06
雷吉·布赖	0.06
花艺	0.06
庞芮	0.06
藏青	0.06
描图纸	0.06
谢尼埃	0.06
巴沙丁	0.06
桑科	0.06
櫃	0.06
扬威	0.06
普莱特	0.06
爱文艾里	0.06
基狗	0.06
迪叶特理奇	0.06
老死不相往来	0.06
千恩万	0.06
沃岩戈	0.06
伯迪尼	0.06
尼基·巴勒斯	0.06
蒙特兹	0.06
小徽	0.06
提纲挈领	0.06
鲁度	0.06
让克莱尔	0.06
报修	0.06
紫癜	0.06
相夫	0.06
苏珊·贾德纳	0.06
圣维多克	0.06
乔治王	0.06
征象	0.06
骄人	0.06
金善宇	0.06
汨	0.06
外分泌	0.06
巴奎斯	0.06
卡米拉·班蒂尼	0.06
排位	0.06
莫拉莱斯	0.06
亚当·桑德勒	0.06
岩溪	0.06
尼托马乌里斯	0.06
展室	0.06
死水一潭	0.06
森拓	0.06
索琳·拉克莱	0.06
制版	0.06
金伯丽	0.06
安迪·伯格	0.06
道岔	0.06
贝蒙	0.06
渐进式	0.06
亚士德	0.06
以权谋私	0.06
米吉多	0.06
躲债	0.06
路伟尔	0.06
防御区	0.06
黄酒	0.06
剖宫产	0.06
评论界	0.06
患处	0.06
法布丽姬	0.06
灰市	0.06
珀西·阿勒莱因	0.06
新村	0.06
肾盂	0.06
侧方	0.06
曳光弹	0.06
护封	0.06
老琼	0.06
西皮	0.06
温尔顿	0.06
帝克	0.06
皮特曼	0.06
一两万	0.06
衍变	0.06
尼克·考尔德	0.06
和妮可·基德曼	0.06
人居	0.06
顺化	0.06
李在容	0.06
有损于	0.06
魏伦	0.06
组织关系	0.06
多娜·卡门	0.06
腿肚子	0.06
佛瑞德·巴德·凯利	0.06
花魁	0.06
彝	0.06
沃夫德尔	0.06
眉眼	0.06
奥多诺万	0.06
方格子	0.06
根室	0.06
利希	0.06
马克·雅	0.06
勺儿	0.06
两千一百五十万	0.06
史蒂文·菲利普斯	0.06
查尔斯·德	0.06
哈克·费恩	0.06
莱辛顿	0.06
洛阳	0.06
超巨星	0.06
伯莱克	0.06
老炳	0.06
贝荣	0.06
持久力	0.06
克劳森	0.06
乔·莫里斯	0.06
绍普森	0.06
森桥	0.06
西米诺	0.06
阿尔伯塔	0.06
莫里斯·麦克伦	0.06
维继	0.06
蒟	0.06
李秀华	0.06
贝尔登	0.06
賒	0.06
九四年	0.06
麦克耐	0.06
丐帮	0.06
个位	0.06
维亚·德·里瓦	0.06
旦布儿	0.06
亚尔特·图塔姆	0.06
哈维·托里蒂	0.06
萨拉索塔	0.06
恋旧	0.06
克劳斯·波特莱尔	0.06
有过之无不及	0.06
巴比·布朗	0.06
二六点	0.06
安琪·迪曼兹	0.06
斯坦·波比斯	0.06
沈银河	0.06
荣恩正	0.06
石破天惊	0.06
辉菊	0.06
寄语	0.06
斯丁皮	0.06
约翰柴契尔	0.06
校领导	0.06
克里特斯	0.06
玛娜	0.06
允永	0.06
赛义德	0.06
一刀切	0.06
加拉帕戈斯	0.06
方格呢	0.06
无以为继	0.06
阿莱克斯·杜威	0.06
慈玉	0.06
老粗	0.06
花镜	0.06
安布鲁卓拉斯	0.06
黑塞	0.06
推手	0.06
罗伯·康登	0.06
海伦·帕尔	0.06
情报所	0.06
皮洛	0.06
迪克·约克	0.06
阿卡贝拉	0.06
哈恩维赫克萨	0.06
细活	0.06
逐级	0.06
慕恩	0.06
劳拉·达诺	0.06
托尼·蒙塔纳	0.06
德怀特·亚诺	0.06
奔走呼号	0.06
经营不善	0.06
鲁南	0.06
订正	0.06
莱克萨斯	0.06
钟植	0.06
马克·沃尔伯格	0.06
莱福特	0.06
兼容并蓄	0.06
护养	0.06
霍斯特	0.06
声光	0.06
食用油	0.06
策士	0.06
美芝	0.06
窥望	0.06
籁	0.06
就势	0.06
本·兰德利	0.06
布巴特	0.06
黎文斋	0.06
黑头	0.06
巴纳	0.06
双数	0.06
麦克西	0.06
炳秀	0.06
洗尘	0.06
不名誉	0.06
班奈迪	0.06
珞	0.06
佩兴斯	0.06
道比森	0.06
枕边风	0.06
泉眼	0.06
罗伯特·加尔维斯	0.06
迪克兰森	0.06
尼·威廉姆斯	0.06
贝尔纳	0.06
斯科特·希尔曼	0.06
锇	0.06
申恩	0.06
克利斯多	0.06
鳢	0.06
稞	0.06
咛	0.06
蓦	0.06
诟	0.06
噶	0.06
踯	0.06
蛲	0.06
睚	0.06
畚	0.06
撺	0.06
嫦	0.06
啷	0.06
蛳	0.06
鹋	0.06
赭	0.06
愠	0.06
嬗	0.06
戕	0.06
螅	0.06
戗	0.06
蝮	0.06
伉	0.06
怄	0.06
挲	0.06
躅	0.06
痦	0.06
骜	0.06
跎	0.06
栌	0.06
镛	0.06
觥	0.06
郴	0.06
蜣	0.04
呖	0.04
悻	0.04
伥	0.04
辎	0.04
裢	0.04
绻	0.04
槁	0.04
锨	0.04
峥	0.04
楦	0.04
妯	0.04
踊	0.04
娌	0.04
辔	0.04
孳	0.04
嵘	0.04
鲮	0.04
诤	0.04
嶂	0.04
捩	0.04
袁	0.04
蠖	0.04
蝈	0.04
萱	0.04
蟥	0.04
毽	0.04
韬	0.04
瀛	0.04
唳	0.04
蒿	0.04
鲫	0.04
癜	0.04
锱	0.04
潍	0.04
夯	0.04
楼兰	0.03
古加	0.03
索莉娜	0.03
薙	0.03
诺姆·乔姆斯基	0.03
希尔马康福德	0.03
黄鸟	0.03
铅锤	0.03
勒文达	0.03
阿尼斯	0.03
可兰	0.03
让莱彼德斯	0.03
哈姆萨	0.03
古勒	0.03
卫博比·拉克利	0.03
以远	0.03
亚基	0.03
那泰迪	0.03
蔡太林	0.03
滕可	0.03
份饭	0.03
泽罗	0.03
保级	0.03
金国尚	0.03
断木	0.03
昆宝	0.03
厄尔·海因斯	0.03
莫尔茨	0.03
用之不竭	0.03
诊病	0.03
圣卡洛斯	0.03
米思	0.03
工具书	0.03
多会儿	0.03
冰塔	0.03
朱迪丝·莱特	0.03
怀特尼·布朗	0.03
串演	0.03
增减	0.03
司马昭	0.03
鬧	0.03
罗迪恩	0.03
小胜	0.03
詹尼佛·洛佩兹	0.03
蒙太古	0.03
泰格威	0.03
生艾伦	0.03
杰克卫思	0.03
胡戈·波戈	0.03
利奥波德王	0.03
迈吉提	0.03
硐	0.03
今年底	0.03
梅多拉	0.03
安瑞	0.03
小荻	0.03
霍兰·史密斯	0.03
小荷	0.03
缓坡	0.03
花生饼	0.03
杏黄色	0.03
马尔·布瑞斯怀特	0.03
史蒂乐	0.03
马特里	0.03
轻歌曼舞	0.03
格林卡	0.03
风中之烛	0.03
浩气长存	0.03
阳物山	0.03
高民景	0.03
棋友	0.03
和岸田	0.03
小茂	0.03
家祖新	0.03
令人芳	0.03
德福罗	0.03
图尔特·古德曼	0.03
人所共知	0.03
十一四	0.03
劳伯特	0.03
赊购	0.03
雷得里格	0.03
詹森·卡西尔	0.03
卡利娜	0.03
小莫	0.03
婚恋	0.03
托利	0.03
赫伯特·卡马乔	0.03
指事	0.03
李迪干	0.03
罗杰·伊丽莎白·德卜利斯	0.03
布赖恩米汉	0.03
博蒂	0.03
乔施默	0.03
约翰·米顿	0.03
亚历山大·鲁珀特·奥康纳	0.03
真冰	0.03
让雷·瑞奇	0.03
我富	0.03
我宣	0.03
迪叶特里奇他	0.03
太原	0.03
镤	0.03
库依拉	0.03
小舅	0.03
吉姆·哈里森	0.03
莫尼卡·莱文斯基	0.03
杏核眼	0.03
侈	0.03
斯代范	0.03
甏	0.03
黎兹	0.03
泅	0.03
欧杰辛普森	0.03
小苍	0.03
小苗	0.03
金子塔	0.03
亚瑟·贝尔维尤	0.03
一面面	0.03
格劳塞斯	0.03
卢杰里	0.03
但格雷格	0.03
笑一	0.03
菲烈斯	0.03
伊迪丝比尔	0.03
韦柏	0.03
八节	0.03
葛罗米柯	0.03
圣·莫丽斯	0.03
史班斯	0.03
融汇贯通	0.03
泰勒·帕斯柯	0.03
梅杜沙	0.03
立体式	0.03
保税	0.03
查尔斯·卡门	0.03
李成宰	0.03
维尔·迪	0.03
孪	0.03
沛浩	0.03
妮夏	0.03
卡斯图	0.03
雪碧加	0.03
从仙台	0.03
萨切尔佩奇	0.03
杰姆森	0.03
贺喜	0.03
乔瑟夫·乌邦	0.03
平子	0.03
卡利尔	0.03
苕叶	0.03
李袁奎	0.03
内森·雷恩	0.03
埃尔菲	0.03
罗伯特·莫里森	0.03
贾奎因菲尼克斯	0.03
吉尔布	0.03
特里·米切尔	0.03
让理查德	0.03
科南道尔	0.03
光纤网	0.03
一九八零年	0.03
克里雷克斯	0.03
比道斯坦	0.03
小萧	0.03
佐餐	0.03
莱昂内尔·巴里莫尔	0.03
劳拉·弗格尔	0.03
珍妮弗洛佩兹	0.03
婉丝	0.03
根系	0.03
汉内达莱达	0.03
尼科西亚	0.03
真地	0.03
小蓝	0.03
木恩苏	0.03
伊蒂·斯	0.03
欧钟昊	0.03
电信业	0.03
哈夫曼	0.03
汤米·瓦查	0.03
应召业	0.03
鹿园	0.03
十五时	0.03
卢塞	0.03
古剑	0.03
卢宪	0.03
二难	0.03
内利斯	0.03
八股	0.03
玛戈·德雷帕	0.03
反面人物	0.03
亚兰	0.03
郝思嘉	0.03
斯伯特	0.03
格雷提尔	0.03
瑟曼莫曼	0.03
佛德罗	0.03
真哲	0.03
亮泽	0.03
威尔罗杰斯	0.03
佛罗尼亚	0.03
泽西·乔·奥尔科特	0.03
黛安娜·斯高莉	0.03
弥勒佛	0.03
罗碧塔	0.03
普鲁塔克	0.03
坛坛罐罐	0.03
罗格·冯塞克	0.03
艾佛森	0.03
帕不鲁	0.03
儿乐宝	0.03
指甲花	0.03
拉娜·特纳	0.03
贺穆斯曼	0.03
愚民	0.03
疏密	0.03
棋坛	0.03
李亨根	0.03
基里连科	0.03
湖西	0.03
埃斯特里奇	0.03
别养熊	0.03
斯卡尔斯	0.03
代托纳比奇	0.03
德莱塞	0.03
格斯戴	0.03
康民赫	0.03
查博	0.03
肯·洛奇	0.03
玖一	0.03
一万零八	0.03
自下而上	0.03
伯格·帕里	0.03
萨拉真	0.03
霍斯·卡特赖特	0.03
一番话	0.03
李舜熙	0.03
布李斯	0.03
盛体强	0.03
泽维	0.03
克罗克斯	0.03
比格留	0.03
雷金纳德·丹尼	0.03
伊欧默	0.03
根绝	0.03
死面	0.03
卓基域	0.03
甘心情愿	0.03
圣蒂利他	0.03
我弟	0.03
他波特费尔德	0.03
辛内德	0.03
小西	0.03
趙	0.03
克拉普丝	0.03
雷康道夫	0.03
提米·哈里森	0.03
克里斯托弗·汉密尔顿	0.03
张祯	0.03
乔治华生	0.03
西哥特	0.03
吉尔·斯科特	0.03
纳达瓦	0.03
詹姆斯索斯	0.03
冰冠	0.03
蚴	0.03
布菲派	0.03
骚客	0.03
爱隆之	0.03
理查德·布鲁克斯	0.03
电热水器	0.03
真安	0.03
霍博肯	0.03
莱斯·保罗	0.03
格里森姆	0.03
沙比史顿	0.03
小街	0.03
亚希	0.03
一石多鸟	0.03
古寺	0.03
和胡佛	0.03
海斯塔克	0.03
亚当都	0.03
思文	0.03
具结	0.03
布诺托	0.03
圣安德烈	0.03
丽塔·科森	0.03
一九六三年	0.03
吩	0.03
远视眼	0.03
西尔维亚·罗杰斯	0.03
治装	0.03
麻线	0.03
我儿	0.03
埃尔多纳	0.03
狒	0.03
弗雷明	0.03
卡拉哈里	0.03
美科莱	0.03
保罗·里维斯	0.03
帕特布恩	0.03
汤米都	0.03
纽莎	0.03
来熊	0.03
斯柏根	0.03
霾	0.03
外厂	0.03
深情厚谊	0.03
丹德里奇	0.03
哈斯科尔	0.03
约翰尼·德普	0.03
艾米里奥	0.03
防化学	0.03
米拉玛	0.03
萨鲁斯提奥	0.03
味素	0.03
查帕	0.03
威廉·科斯	0.03
阿瓦尼·卡柴科瓦夫	0.03
亚州	0.03
阿里娜·史盖波	0.03
液化气	0.03
贾辛达	0.03
裁撤	0.03
李正燮	0.03
黎塔	0.03
扎猛子	0.03
揆	0.03
隆恩	0.03
安迪汉森	0.03
小记	0.03
楼宇	0.03
鲁比斯·海格	0.03
和翔子	0.03
出水管	0.03
华莱士·菲斯金	0.03
我可	0.03
李成哲	0.03
拾遗	0.03
太宽	0.03
加盖斯·加内特	0.03
扬名天下	0.03
湖蓝	0.03
次生林	0.03
塞缪尔·登顿	0.03
尚克斯维尔	0.03
太守	0.03
太安	0.03
沙尔克顿	0.03
金胜英	0.03
阔人	0.03
伊万德·皮尔森	0.03
卡尔文西蒙斯	0.03
三八点	0.03
巴里·拉维斯	0.03
豪迪·杜迪	0.03
托尔斯	0.03
康尼克	0.03
但本杰明	0.03
迪比茨	0.03
约翰韦纳	0.03
皮特乔治	0.03
让布鲁图斯	0.03
大拉瑞	0.03
镇区	0.03
百翰	0.03
博比·弗莱	0.03
伊丽莎白·斯玛特	0.03
撷	0.03
大仓	0.03
大仙	0.03
汉克·迈考伊	0.03
小贝	0.03
库鲁	0.03
莊	0.03
别学丹	0.03
亮星	0.03
卢儿	0.03
杰克·路比	0.03
古希	0.03
厄瓦里	0.03
计名	0.03
大丁	0.03
妮儿	0.03
安检员	0.03
凯利·芬奇	0.03
安娜·克莱斯恩琪	0.03
丹尼斯·奎德	0.03
小趾	0.03
马尔科姆·蒙格瑞奇	0.03
殷殷	0.03
曼奇尼	0.03
道茜	0.03
补修	0.03
鹿场	0.03
布里斯托·卡密诺	0.03
勇才训	0.03
毕尼阿克	0.03
爱瑞克	0.03
雅可夫	0.03
旭方	0.03
奥东尼尔	0.03
香恩	0.03
哈基姆·库拉斯基	0.03
玛丽莎·波利	0.03
三十两	0.03
阿尼森	0.03
佛德瑞	0.03
贾恩卡纳	0.03
福荫	0.03
莎拉巴蒂斯塔奥菲娜根	0.03
史崔普惠	0.03
货运站	0.03
形不成	0.03
查阿道夫·艾希曼	0.03
让卡	0.03
莱顿斯	0.03
德蒙特·默顿	0.03
六万万	0.03
大威廉姆斯	0.03
外埠	0.03
莫里塔	0.03
西莲山	0.03
普信	0.03
尼德·巴蒂	0.03
那马儿	0.03
错落	0.03
简·沃里奇	0.03
耳轮	0.03
波德纳	0.03
瑞图卡	0.03
威廉姆皮特	0.03
太庙	0.03
查娅	0.03
冰坡	0.03
布诺斯	0.03
白石头	0.03
尼可斯	0.03
留瑞娃·泰姆	0.03
谢皮克	0.03
閒	0.03
凯五	0.03
马泽斯	0.03
詹姆斯·艾尔罗伊	0.03
沃尔夫冈·冯·沃尔夫豪森	0.03
古尔	0.03
普鲁东	0.03
恭迎	0.03
克劳瑟斯	0.03
怎么得了	0.03
卡鲁奇	0.03
院所	0.03
比珍妮	0.03
好贵	0.03
罗斯兰德	0.03
亚塔	0.03
艾德华·康伦	0.03
太忠	0.03
凯伯	0.03
喇合氏	0.03
思乐冰	0.03
麦克斯康巴	0.03
维拉诺瓦	0.03
安祯	0.03
朱里安·雷诺兹	0.03
柏根地	0.03
楼市	0.03
遂愿	0.03
班克斯比泰	0.03
古威尔	0.03
多孔结构	0.03
克里斯托弗·普拉莫	0.03
额田	0.03
弗雷恩	0.03
艾尔格	0.03
筣	0.03
查安	0.03
克莱默他	0.03
奇斯·索斯门	0.03
连欢跃	0.03
奥拉朱旺	0.03
自由民	0.03
让人	0.03
让雅妮	0.03
白区	0.03
阿那卡斯	0.03
真木君	0.03
生态学家	0.03
大办	0.03
书简	0.03
德萨卡	0.03
克罗克特	0.03
白卡	0.03
二重性	0.03
韵能	0.03
史蒂尔	0.03
让丹	0.03
萨马斯	0.03
萤石	0.03
阿尔卡特拉斯	0.03
麴	0.03
待援	0.03
胜录	0.03
杰朗德	0.03
截收	0.03
佩里让	0.03
亨特尔	0.03
格瑞米·米勒	0.03
吉米·伊甘让	0.03
埃尔韦	0.03
基希涅夫	0.03
安村	0.03
大原	0.03
大厂	0.03
能动性	0.03
玛丽·克劳福特	0.03
凯克	0.03
泰勒·麦卡莱斯特	0.03
六万六	0.03
盖伊·阿瑟·辛格	0.03
南阿玛郡	0.03
大友	0.03
凯兰	0.03
外来户	0.03
小郭	0.03
艾第安	0.03
贝瑞尼斯	0.03
李东元	0.03
大化	0.03
伊姆斯	0.03
舍小我	0.03
布赖恩·西蒙斯	0.03
朴南日	0.03
农牧民	0.03
妮从范	0.03
爱伊芙	0.03
心而生	0.03
李金娥	0.03
孤鬼	0.03
奥德丽·威尔斯	0.03
朴春百	0.03
凯特·温斯莱特	0.03
吉姆·斯卡布罗	0.03
小球藻	0.03
黑克瑞	0.03
莫索斯卡	0.03
加百利·谢克	0.03
卢修	0.03
朴南晶	0.03
伯尼·福克尔	0.03
伊斯特威廉斯	0.03
从翔子	0.03
白克	0.03
穆奇诺	0.03
端午节	0.03
凯力	0.03
迪艾高	0.03
爱芙琳·莫瑟	0.03
弗内斯	0.03
唐纳瑞德	0.03
辐射计	0.03
罗杰登姆普西	0.03
果子汁	0.03
别都赖	0.03
彼特阿诺德	0.03
罗伯特史密夫	0.03
大冰	0.03
丽奥	0.03
理尔	0.03
普勒	0.03
弗兰克·麦金利	0.03
波比·罗欧	0.03
嫡传	0.03
阿比盖尔·惠勒	0.03
多极	0.03
贤儿	0.03
大凡	0.03
贾维斯·贾维斯	0.03
克格干	0.03
安政	0.03
啤酒馆	0.03
监理员	0.03
马蒂尼·布兰克	0.03
丽姬	0.03
大拉比	0.03
夏内尔	0.03
胜尤	0.03
拜伦·史塔克	0.03
握别	0.03
枝桠	0.03
大关	0.03
方特洛伊	0.03
继梦才	0.03
奥得河	0.03
秘鲁人	0.03
泰格伍兹	0.03
十二亿	0.03
艾龙我	0.03
安托	0.03
加的夫	0.03
詹·安格尔顿	0.03
亚历山大·富兰克林·詹姆斯	0.03
查凯撒	0.03
罗伊·霍尔	0.03
工艺学	0.03
萨博比	0.03
伯特·格鲁辛斯基	0.03
约翰·詹姆森	0.03
昆仑	0.03
郭圣京	0.03
一千四	0.03
小锷	0.03
吉姆·赛尔	0.03
昆仲	0.03
亨德森查	0.03
次之	0.03
阿娜·巴尔博亚	0.03
两亿八千三百万	0.03
汤姆·沃尔夫	0.03
三达祺	0.03
渡边美里	0.03
逗引	0.03
开平	0.03
麦克乔丹	0.03
鲁布哈里	0.03
亨特堡	0.03
维克罗	0.03
养虎	0.03
丽影	0.03
甜丝丝	0.03
用字	0.03
奥里佛诺斯	0.03
圬	0.03
崔必笛	0.03
丁永庆	0.03
套色	0.03
贤在	0.03
波德斯	0.03
艾尔瑞克	0.03
贝莱隆	0.03
桑德灵	0.03
黄金芝	0.03
安那达尔	0.03
盖厄斯·朱利尤斯·恺撒	0.03
小铁	0.03
莫斯埃里斯	0.03
费丽西蒂	0.03
伯纳黛特·柯林斯	0.03
罗瑟拉	0.03
促膝交谈	0.03
萨克福	0.03
根河	0.03
古稀之年	0.03
反光性	0.03
增欲器	0.03
唐·卡洛斯	0.03
巴奇·韦斯顿	0.03
阿希娅	0.03
维德尔	0.03
方括号	0.03
亚瑟杰森	0.03
乒乒	0.03
大卫·科波维尔	0.03
我从	0.03
甘浦才	0.03
卡利亚	0.03
博采	0.03
大卫杜希	0.03
我亭	0.03
库蚊	0.03
禅修	0.03
菲·瓦伦丁	0.03
赏玩	0.03
从业员	0.03
赫伯·米尔顿	0.03
布科特	0.03
罗素狗	0.03
拉夫第	0.03
塞瓦尔托	0.03
波洛涅斯	0.03
琐细	0.03
曹植坤	0.03
梅太德林	0.03
朱莉娅·鲁凯	0.03
马克·雅各布	0.03
佩兹利	0.03
麦克·布里斯	0.03
史丹葛斯基	0.03
罗伯斯克	0.03
尿常规	0.03
好长	0.03
格瑞高·普力兹	0.03
川家康	0.03
古克	0.03
曼奇	0.03
阿基立斯	0.03
漆树	0.03
佩索托	0.03
七八九	0.03
依娃	0.03
雅基施	0.03
班海沅	0.03
配舞	0.03
巴尔克利	0.03
常赫刚	0.03
我伯	0.03
奥可菲	0.03
凯基	0.03
亚佛	0.03
约翰·弥尔顿	0.03
一万零一	0.03
哈士吉	0.03
卡那拉	0.03
饶有兴趣	0.03
亚会	0.03
勾通	0.03
盖提斯堡	0.03
岳德尔	0.03
拉布拉	0.03
斯坦福·布拉齐	0.03
南塔吉特	0.03
美福德	0.03
戴维·帕尔默	0.03
零秒	0.03
截流	0.03
萨拉森	0.03
克里斯托弗来	0.03
履带	0.03
土皇帝	0.03
哈伟克	0.03
桑迪·柯法斯	0.03
收殓	0.03
幸喜	0.03
从一而终	0.03
公开课	0.03
长文	0.03
哈特斯蒂尔	0.03
普鲁姆	0.03
辛西那	0.03
辞别	0.03
路易斯·布鲁克斯	0.03
塔蒂阿娜·萨多瓦	0.03
后患无穷	0.03
普塔	0.03
佩勒朗	0.03
泰塔尼亚斯	0.03
安澜	0.03
化学式	0.03
马斯来	0.03
压力锅	0.03
滨豆	0.03
趋附	0.03
胡贝尔	0.03
亚人	0.03
四十六秒	0.03
一艳星	0.03
麻浦	0.03
克里斯威尔	0.03
普安	0.03
安民	0.03
达莫尼	0.03
十一万	0.03
语焉不详	0.03
达莫尔	0.03
配重	0.03
里伯仑	0.03
赏罚	0.03
蒂米·爱玲达	0.03
贤士	0.03
大堤	0.03
阿琳·福尔松	0.03
安波	0.03
科沃斯	0.03
马德瑞	0.03
胚芽	0.03
帕布里斯·瑟卫里斯·佳斯佳	0.03
韩琛三年	0.03
卑污	0.03
迪克才	0.03
阿奇柏德	0.03
恧	0.03
艾斯塔波	0.03
杰夫琳	0.03
死记	0.03
九千七百一十二	0.03
圭硕	0.03
录放	0.03
裘安	0.03
印星冰	0.03
压力表	0.03
两百五	0.03
查尔斯狄更斯	0.03
安海	0.03
两百二	0.03
职高	0.03
圣迪拉	0.03
贤夫	0.03
布利斯堡	0.03
丽儿	0.03
奸贼	0.03
安洁	0.03
莉维娅	0.03
大姑	0.03
杰夫瑞	0.03
海蒙	0.03
玛丽·胡佛	0.03
罗杰·科尔曼	0.03
二话	0.03
乔·奈特	0.03
标准时	0.03
布利威尔	0.03
多里格	0.03
普威	0.03
布兰克	0.03
西塞莉	0.03
玛里欧	0.03
梅贝莉	0.03
煤厂	0.03
邓小平	0.03
欺诈性	0.03
阿尔贾巴尔	0.03
杰尔曼·德佛	0.03
考尔白	0.03
裴宗玉	0.03
纽杰特	0.03
留史	0.03
大庆	0.03
凯尼	0.03
上百万亿	0.03
托马斯·斯特恩斯	0.03
阿罗利亚	0.03
十一点十五	0.03
依凭	0.03
维克·戴蒙	0.03
基地带	0.03
桑德福	0.03
嫩绿	0.03
厄尔米顿	0.03
班尼·希尔	0.03
让·弗朗西斯科	0.03
十一点十九	0.03
古丁	0.03
隐蔽性	0.03
布莱恩·莫兰	0.03
两千六百万	0.03
黑蒙蒙	0.03
莉花	0.03
汤玛斯·韦恩	0.03
真书	0.03
大德	0.03
罗杰·费德勒	0.03
依傍	0.03
大徐	0.03
恩比西	0.03
安正	0.03
查斯顿	0.03
朱丽叶·比诺什	0.03
欧乔·里欧斯	0.03
真俊	0.03
泽拉	0.03
瑞得福	0.03
迈尔斯·戴维	0.03
姆·萨马德	0.03
波特费尔德	0.03
安卓·尤高斯基	0.03
古伊	0.03
达尔维奇	0.03
布莱妮·斯皮尔斯	0.03
凯莉·莱	0.03
西索拉夫	0.03
莫里斯·刘易斯	0.03
让别瑞	0.03
施瓦茨堡	0.03
博驰	0.03
一亿三千五百万	0.03
科林·本布里奇	0.03
根杜	0.03
暻	0.03
哲尔曼	0.03
和沃恩	0.03
克拉拉·惠勒	0.03
戈德华	0.03
路多	0.03
格利菲恩	0.03
杰·温德夫	0.03
米多莉	0.03
格雷戈·亨特	0.03
旅顺	0.03
贺信	0.03
上千上万	0.03
斯卡狄索	0.03
尘肺	0.03
普拉兹	0.03
爱德·麦尔森	0.03
华德·艾伯特	0.03
小约瑟夫	0.03
史滨	0.03
福金	0.03
郝尔	0.03
闇	0.03
库辛	0.03
春培干	0.03
比赫特	0.03
楼价	0.03
哈库纳	0.03
管材	0.03
五百八	0.03
后妻	0.03
炕头	0.03
小黑	0.03
伯恩鲍姆	0.03
太伶	0.03
热胀冷缩	0.03
小麻	0.03
中培来	0.03
体操房	0.03
冯·里希特霍芬	0.03
那乔茜	0.03
博顿	0.03
基福弗	0.03
周挺	0.03
掌握者	0.03
帕斯图	0.03
霜降	0.03
贤才	0.03
查尔斯·舒尔茨	0.03
马克·斯莱文	0.03
梅雷迪斯·戈登	0.03
比吉布森	0.03
赐玲	0.03
夏洛蒂	0.03
亚眠	0.03
波易斯	0.03
沃特·古德曼	0.03
布鲁克·缪勒	0.03
什尼	0.03
卢索	0.03
施莱默	0.03
克特里姆	0.03
义战	0.03
集居	0.03
杜契斯特	0.03
詹尼佛·洛根	0.03
古特	0.03
尼夫斯基	0.03
格罗瑞·蒂斯代尔	0.03
贝拉娜	0.03
豆汁	0.03
格鲁辛斯基	0.03
柏柏尔人	0.03
亚登	0.03
最里塞	0.03
保彪	0.03
希思佩里亚	0.03
安娜·妮	0.03
史蒂文·席格	0.03
查卡斯特罗	0.03
盖棺论定	0.03
安圭	0.03
梅格金利	0.03
泰维斯托克	0.03
基弗他	0.03
狄奥多·罗斯福	0.03
哈格达	0.03
贝纳特	0.03
帕特里克肯	0.03
玛里兰	0.03
和奇柏	0.03
一九六七年	0.03
卡斯提罗	0.03
安妮雅	0.03
奥里奥	0.03
特利卡	0.03
摸底	0.03
拉梅兹	0.03
波利斯卡洛夫	0.03
棋王	0.03
布鲁日才	0.03
星星点点	0.03
张高潮	0.03
尼·费尔古德	0.03
柯提斯·史密斯	0.03
保尼	0.03
狗邦乔	0.03
叩门	0.03
拉菲的大卫	0.03
丹卡万	0.03
坂口	0.03
福米加·戴维斯	0.03
沃尔特·克朗凯	0.03
斯戴普	0.03
对饮	0.03
亚瑟·特朗	0.03
麦瑟斯	0.03
梅斐	0.03
杨薇薇	0.03
戴姆西	0.03
汉克·托利佛	0.03
周总	0.03
鸿泽	0.03
玛格丽特·莎拉·奥唐纳	0.03
黑土	0.03
皮苏斯基	0.03
錠	0.03
一七九三年	0.03
玛丽·特丽莎	0.03
安尼洛·德纳洛	0.03
让迪西	0.03
玛西亚	0.03
亚琛	0.03
贝丝·古德	0.03
胜民	0.03
西斯·培根	0.03
牛鬼蛇神	0.03
米拉婕	0.03
具名	0.03
范克珍	0.03
艾丽·邓肯	0.03
在格兰	0.03
巴拉姆斯	0.03
克兰里	0.03
比尔·贝雷托	0.03
格温妮斯·帕特洛	0.03
猜沃森	0.03
酥油	0.03
装配线	0.03
贝尔法斯	0.03
霍恩第	0.03
秋后	0.03
一亿七千五百万分之一	0.03
重选	0.03
监测站	0.03
奥斯卡·王	0.03
亮介	0.03
泳联	0.03
麦金尼斯	0.03
保罗·史特劳奇	0.03
萨拉合	0.03
杰佛瑞乔瑟	0.03
比杰基	0.03
里德尔镇	0.03
斯基凡内克	0.03
十世	0.03
肖让柯雷恩	0.03
拉皮德市	0.03
百奇	0.03
塔立德	0.03
爱隆托	0.03
张新	0.03
云淡风	0.03
莫萨特	0.03
安博	0.03
罗德尼·切希克	0.03
灭火剂	0.03
瑟兰娜	0.03
严肃性	0.03
书云	0.03
丽·戴沃	0.03
周易	0.03
比莫顿	0.03
霍诺丽亚	0.03
成东勋	0.03
員	0.03
瑞夫拉夫	0.03
杨叶一	0.03
依森	0.03
同根生	0.03
大木	0.03
巴尔帝	0.03
折射角	0.03
安古	0.03
太田	0.03
奥利佛史东	0.03
尤金·诺马丹	0.03
卡萨诺瓦均	0.03
拉卡纳达	0.03
曼加伊亚	0.03
迪克底	0.03
凯昂	0.03
丽池	0.03
他多维尔兹	0.03
伊娃·玛丽·赛恩特	0.03
辞海	0.03
摸奖	0.03
麦吉文	0.03
陕西省	0.03
莱德霍森	0.03
安倍	0.03
勇武	0.03
孟德佛	0.03
拉什贝夫	0.03
德萨斯	0.03
白斯	0.03
泽夫	0.03
诺娜米	0.03
埃努玛	0.03
麦尔逊	0.03
泽秀	0.03
比乔治	0.03
赝	0.03
丽沙	0.03
嘎莫斯	0.03
李南一	0.03
韶	0.03
西敏斯	0.03
伊莫金	0.03
大料	0.03
重启键	0.03
查勤	0.03
发电机组	0.03
约翰尼·雷蒙	0.03
麦德隆达	0.03
汤普逊	0.03
那邦德	0.03
荷美尔	0.03
圣约翰娜	0.03
热电学	0.03
大旗	0.03
大族	0.03
卡博卢卡斯	0.03
布雷吉塔	0.03
蓝杜松	0.03
楼盖	0.03
真田	0.03
加马尔	0.03
福兰克林·罗斯福	0.03
内外线	0.03
欧比亚里斯托克	0.03
布坎南他	0.03
安妮都	0.03
卡斯克夫	0.03
卢博克市	0.03
罗珊尼	0.03
根全	0.03
愆	0.03
多里安	0.03
斯普利	0.03
格雷琴来	0.03
比尔派	0.03
温克来	0.03
依斯	0.03
辛迪瑞拉	0.03
汇展	0.03
我点	0.03
安迪·费德勒	0.03
劳阿诺库	0.03
嫉恶如仇	0.03
周正	0.03
绿豆蝇	0.03
落脚处	0.03
玛丽亚·伊萨贝尔	0.03
拖斗	0.03
缥	0.03
巴沃特	0.03
宾基恩	0.03
书海	0.03
米拉克	0.03
胜本	0.03
多山	0.03
塞万提斯	0.03
伊立泽	0.03
遒劲	0.03
一语道破	0.03
帝文特	0.03
凯森	0.03
浩辅	0.03
最差	0.03
韩·杰	0.03
江进	0.03
圣路易丝	0.03
布里治沃特	0.03
布莱尔·艾尔肯	0.03
太秃	0.03
宁夏	0.03
但乔什	0.03
波宾斯	0.03
他皮卡	0.03
伊莎贝尔·阿特西奥	0.03
萨拉·德·维特	0.03
萨姆森·道立西	0.03
克米特市	0.03
清茶	0.03
胜明	0.03
人民党	0.03
沃尔多·塔夫特	0.03
三点三	0.03
伦伯特	0.03
温克曼	0.03
泽格什	0.03
母星来	0.03
姜季桑	0.03
胜景	0.03
牽	0.03
关隘	0.03
汇市	0.03
马可洛夫	0.03
安山	0.03
毕普会	0.03
帕丝尔	0.03
啃书本	0.03
劳伦斯·麦克奈博	0.03
萨拉威	0.03
那威廉森	0.03
季节工	0.03
鲁斯·米勒	0.03
如鹰	0.03
大样	0.03
迈克·诺维克	0.03
凯伊·内斯	0.03
土石流	0.03
狂草	0.03
农用车	0.03
一点三十八	0.03
奥莱利	0.03
五十分之一	0.03
蛇纹石	0.03
艾利森·威洛	0.03
朴成顺	0.03
法鲁赫	0.03
麻山	0.03
脸皮薄	0.03
布莱因	0.03
白树	0.03
标价牌	0.03
百分之十三	0.03
金贞娥	0.03
眼镜盒	0.03
百分之十九	0.03
肯·布莱纳	0.03
安州	0.03
斯塔维德	0.03
维特鲁威	0.03
维·博比·安德森	0.03
宁宁	0.03
丹米安坎	0.03
凯比	0.03
威尔·多尼	0.03
爱丽丝·鲍威尔	0.03
丹尼斯巴戈特	0.03
罗伯特·威佛	0.03
金北秀	0.03
艾米莉·戴	0.03
基来	0.03
阿历干	0.03
门若派	0.03
燃气轮机	0.03
安东尼奥·维拉雷格萨	0.03
乔·库克	0.03
我瑜	0.03
国木田	0.03
亚斯尼亚	0.03
詹姆斯·迈罗克斯	0.03
查理·帕克	0.03
须子	0.03
外电	0.03
两点零一	0.03
仿古	0.03
威利丘	0.03
波列罗	0.03
多彩多姿	0.03
里克特	0.03
冰琪	0.03
纳迪娅	0.03
彌	0.03
可非	0.03
归拢	0.03
四十七万五	0.03
菲比安	0.03
达明·布莱德	0.03
十一秒	0.03
凸版	0.03
泽刚	0.03
阿拉门斯	0.03
李金春	0.03
白滨	0.03
安杰拉·兰斯伯里	0.03
十二点零六	0.03
多头	0.03
安塞	0.03
安塔	0.03
姑夫	0.03
查究	0.03
回肠荡气	0.03
昼间	0.03
东头	0.03
箍桶匠	0.03
混淆黑白	0.03
楚玛会	0.03
皮菲尔	0.03
比其洛	0.03
萨耐德	0.03
哈格里夫	0.03
门德松	0.03
安提培	0.03
纳贝斯克	0.03
塔内攀	0.03
恩斯特布	0.03
金子留	0.03
标准像	0.03
史蒂拉	0.03
鳌	0.03
贤治	0.03
七点三	0.03
那·提姆	0.03
保禄	0.03
哈德利·沃夫梅尔	0.03
念陶	0.03
月子	0.03
黛比·休斯顿	0.03
监管部门	0.03
乔吉娜	0.03
诊察	0.03
悲愁	0.03
宁录	0.03
米拉麦克斯	0.03
戴西·贝文	0.03
马特·缪尔	0.03
优顿	0.03
乐评	0.03
埃斯特·拉普	0.03
健体来	0.03
多宗	0.03
吉姆琼斯	0.03
菲戈贝格	0.03
爱曼达	0.03
见缝插针	0.03
威特科	0.03
白河	0.03
丽日	0.03
詹姆斯·康纳利	0.03
多子	0.03
蔡贤养	0.03
白沃	0.03
鲍里斯·维拉瑞斯	0.03
沃尔特威切尔	0.03
轻喜剧	0.03
红宝书	0.03
士士士	0.03
卢特	0.03
圣陵	0.03
艾布	0.03
金成秀	0.03
宁德	0.03
列奥纳多·达·芬奇	0.03
胜恩	0.03
基奥瓦	0.03
帕迪卡	0.03
阎王殿	0.03
克莱尔的真	0.03
阈值	0.03
卡巴洛山口	0.03
伊伦瑟娜	0.03
佩特·班妮特	0.03
威特曼	0.03
我梦	0.03
柯尔拉多	0.03
梅多卡	0.03
古拉	0.03
正茂	0.03
罗迪克	0.03
标准价	0.03
寸步不让	0.03
白玫	0.03
妮娜飞	0.03
林格·斯塔	0.03
座钟	0.03
传真电报	0.03
格里莫	0.03
多米尼克·德鲁	0.03
石惠英	0.03
河莫莎	0.03
亚瑟·阿什	0.03
一国两制	0.03
那钟硕	0.03
布利斯特	0.03
玛利莲	0.03
观澜湖	0.03
收讫	0.03
泳镜	0.03
亨利都	0.03
邦奇·海瑟威	0.03
卡克斯	0.03
简丽丝	0.03
妮波	0.03
麦加文	0.03
胜绩	0.03
遂心	0.03
根勃起	0.03
狗狗之爱	0.03
格温妮斯·帕特罗	0.03
包装机	0.03
辛辛纳	0.03
十一日	0.03
索顿·米克斯	0.03
宗亲	0.03
李镇佳	0.03
十一时	0.03
杰瑞·迪特	0.03
克里斯·米勒	0.03
空穴	0.03
詹姆斯·迪恩	0.03
农妇	0.03
玛西尼	0.03
八国联军	0.03
麦亚肯	0.03
诺斯罗普	0.03
罗伯特·赛加摩尔	0.03
吉姆·尼古拉斯	0.03
艾弗尔·艾伦森	0.03
马克·高德	0.03
零卖	0.03
和美英	0.03
蒂鲁西	0.03
杰克·基特里奇	0.03
辰元	0.03
玛西斯	0.03
瓦莱丽·格林	0.03
圣诗	0.03
势态	0.03
詹姆斯哈登布鲁	0.03
史蒂维	0.03
让水	0.03
小褂	0.03
坦普尔	0.03
艾普碧	0.03
十二点零一	0.03
解放路	0.03
戈杰·戈桑美	0.03
婚假	0.03
保尔葛兰姆	0.03
凯狗	0.03
瑞珍娜	0.03
普鲁特	0.03
百伦	0.03
温斯洛普	0.03
库希曼	0.03
奈德查	0.03
会来	0.03
尼尔·曼尼克斯	0.03
别冲水	0.03
麦可拉伦	0.03
念诗	0.03
米德镇	0.03
亮姐	0.03
氤氲	0.03
让莉贾娜	0.03
百五	0.03
知青	0.03
卡那湖	0.03
论语	0.03
大焕	0.03
李金硕	0.03
意见箱	0.03
农牧业	0.03
埃斯特·布卢门伯根斯坦奥	0.03
其夫	0.03
要健怡	0.03
查尔斯·卓别林	0.03
和杭特	0.03
帕托齐	0.03
爱德华·弗莱彻	0.03
民社党	0.03
约翰·福尔杰	0.03
一千三百	0.03
子弟兵	0.03
冰洞	0.03
迪克·阿梅	0.03
马金	0.03
周真	0.03
古娜	0.03
拉脱维亚人	0.03
杰瑞·戈斯	0.03
昆溪	0.03
比韦恩·格莱茨恩	0.03
后园	0.03
安东尼·兰道夫	0.03
泳道	0.03
院士	0.03
庞李豪	0.03
丹普瑞	0.03
莫斯埃斯利	0.03
波拉特·哈特·萨格迪耶夫	0.03
徐尚昊	0.03
诺娃	0.03
亚提	0.03
我求	0.03
圣赫	0.03
我水	0.03
书形	0.03
莎伦·诺贝利	0.03
压电	0.03
赐木	0.03
猜凯茜	0.03
斯克莱比	0.03
约翰·瑞特	0.03
明灿	0.03
弗朗兹·约瑟夫	0.03
比利·布兰科	0.03
哈利波特那本	0.03
分文不取	0.03
玛利亚·艾莉迪亚	0.03
特雷默	0.03
但史密斯	0.03
阿巴拉契亚山脉	0.03
贝纳普	0.03
凯伦阿兰	0.03
里哈库	0.03
郎艾迪魁	0.03
喹啉	0.03
重韬	0.03
埃里诺·卡莱尔	0.03
塞明顿	0.03
萨拉·埃利斯	0.03
巴沃利	0.03
冰泉	0.03
索妮娅	0.03
丽维亚他	0.03
镂花	0.03
眼镜框	0.03
迪凯纳	0.03
伯努利	0.03
皮诺乔	0.03
查扣	0.03
金宇政	0.03
愁闷	0.03
我滋	0.03
麦克乔治	0.03
阿奇森	0.03
贤琪	0.03
布里安娜	0.03
拉尔尼诺	0.03
项发明	0.03
拉斯维加斯凯撒	0.03
杰克·瓦赛尔	0.03
凯登	0.03
罗素刚	0.03
特雷贝克	0.03
布兰登堡	0.03
圣布丽奇特	0.03
乌尔克	0.03
和特兹	0.03
大理	0.03
塔尔萨市	0.03
斯克提·麦克格拉夫	0.03
伽百农	0.03
康奈利·奥斯瓦尔德·福吉	0.03
乔西芙	0.03
鵝	0.03
软腭	0.03
卡门吉亚	0.03
怀特·格瑞赖特	0.03
莱托里克	0.03
郝瑞	0.03
艾玛·汤普森	0.03
丹尼·斯蒂文斯	0.03
通国	0.03
基山	0.03
阿尔塔迪纳	0.03
卡米隆	0.03
丽素	0.03
笑窝	0.03
米奇杜·奎奇杜	0.03
朴渊	0.03
圭吾	0.03
白璧	0.03
计程器	0.03
胆管炎	0.03
辛西娅·麦克诺顿	0.03
奥玛·沙里夫	0.03
阿尔卡·撒	0.03
尼可尔	0.03
大略	0.03
拜瑞格	0.03
格里蒂	0.03
钢针	0.03
十分之八	0.03
安九	0.03
必选	0.03
西·布兰迪	0.03
氟化氢	0.03
婚嫁	0.03
杜迪	0.03
拉斯米尼拉斯	0.03
镇来	0.03
书友	0.03
丹泽格	0.03
约翰·杰格曼	0.03
巴勒拉特的黑杰克	0.03
里奥丹·佩恩	0.03
麦基尔	0.03
龚	0.03
老寿星	0.03
罗迪奥	0.03
卡利恩	0.03
安娜斯	0.03
亚尼娜	0.03
玛蒂·约翰森	0.03
亮剑	0.03
罗奇湖	0.03
太好	0.03
奥萨娜	0.03
安小英	0.03
贺格	0.03
但里克	0.03
纷呈	0.03
义元	0.03
常佳兰	0.03
徯	0.03
蓄须	0.03
皮格瑞姆	0.03
第四十九	0.03
不伦不类	0.03
尼克莱斯	0.03
蓝克逊	0.03
外患	0.03
爱里丝	0.03
可莉	0.03
理查达	0.03
拉古娜	0.03
布伦特·诺顿	0.03
可莲	0.03
密山	0.03
阿道夫森	0.03
钢骨	0.03
羊痫风	0.03
至西休斯顿	0.03
维管束	0.03
和华金	0.03
瑞克团	0.03
周立	0.03
彼得赫夫	0.03
钮伯格曼	0.03
胡丽亚	0.03
树胶	0.03
大雅之堂	0.03
合作医疗	0.03
多价	0.03
毛里塔尼亚	0.03
亚瑟雷本斯	0.03
守林	0.03
梅贝里	0.03
翠妮	0.03
卡利托	0.03
二房东	0.03
多乐	0.03
查诺	0.03
梅泰克	0.03
老大娘	0.03
鲍勃·维利斯	0.03
字书	0.03
鸡犬升天	0.03
黎格	0.03
格斯雅	0.03
李素利	0.03
安克提	0.03
深海鱼	0.03
查达劳	0.03
穆林加	0.03
罗萨列斯	0.03
克利斯·费德	0.03
孟德列	0.03
佐智中	0.03
屋大维派	0.03
金成洙	0.03
斥力	0.03
杰拉尔德·福特	0.03
本本主义	0.03
煦日	0.03
琼·皮尔	0.03
皮尔玛森·迪特	0.03
其内	0.03
路得维西	0.03
戴维·梅索斯	0.03
骏府	0.03
伊丽莎白·曼恩	0.03
过翠茜	0.03
补票	0.03
安妮特·本妮	0.03
理曼	0.03
理查德·布赖尔斯	0.03
贤秀	0.03
塞尔·沃尔夫	0.03
兰迪才	0.03
谢尔纳	0.03
宝拉登	0.03
常东	0.03
亚开玛	0.03
对联	0.03
忧心如焚	0.03
亚伯·惠勒	0.03
斯坦福里	0.03
等闲视之	0.03
西奥多·莫雷尔	0.03
大维	0.03
迈当劳	0.03
查核	0.03
正反方	0.03
发电量	0.03
软语	0.03
季莫菲	0.03
外方	0.03
丽塔·威廉姆斯	0.03
昆廷·芬克勒曼	0.03
五百八十一	0.03
唐德里	0.03
安克斯	0.03
亚德里安布罗迪	0.03
昆明	0.03
佩特罗·卡莫	0.03
冰方	0.03
麦斯特	0.03
约翰·苏利文	0.03
外敷	0.03
圣爱米丽	0.03
白翼	0.03
弦乐队	0.03
里奥卡尼	0.03
丁格瑞	0.03
海南岛	0.03
太民	0.03
布雷克诺吉	0.03
欧克莱尔城	0.03
巴兹·拉瑞	0.03
养颜	0.03
院内	0.03
加伯维尔	0.03
次月	0.03
温克特	0.03
桑德堡	0.03
戎装	0.03
亿千万	0.03
糁	0.03
柯林克利维	0.03
埃莉诺罗斯福	0.03
格斯塔	0.03
别让乔伊	0.03
路森·劳普	0.03
小津安	0.03
亨利缪西	0.03
圣萨	0.03
白红	0.03
我教	0.03
科特尔	0.03
廂	0.03
黄允京	0.03
周维	0.03
补缴	0.03
比埃德加	0.03
朱辛庄	0.03
科森萨	0.03
麦迪恩	0.03
黑贝雷	0.03
大咧咧	0.03
流名媛	0.03
索菲·谢里丹	0.03
科斯特洛	0.03
雛	0.03
金考库斯	0.03
斯坦利·罗克	0.03
钾盐	0.03
素燕	0.03
费尔齐	0.03
恒等式	0.03
古法	0.03
尤格里里	0.03
皮庞德	0.03
和特奎	0.03
西涅莱	0.03
卜赛正	0.03
应召用	0.03
伍斯特市	0.03
迈纳·希尔洛·贝茨	0.03
里沃塞德	0.03
副神经	0.03
马利龙	0.03
肖恩·科斯提根	0.03
二重体	0.03
申贞贤	0.03
托尔兹	0.03
但尤金	0.03
德特维勒	0.03
沙利人	0.03
杨平郡	0.03
顺永	0.03
本布里奇	0.03
凯罗	0.03
裴波	0.03
李福	0.03
迈克卡瑟	0.03
加斯·范·桑	0.03
我杰	0.03
亚斯戈尔	0.03
艾卡	0.03
冰暴	0.03
特维斯	0.03
桑契斯会派	0.03
书后	0.03
兰斯顿	0.03
让塔克	0.03
约翰·苏利	0.03
鲁塞德斯基	0.03
安维尔	0.03
贺安	0.03
金宇泰	0.03
管方	0.03
乔路	0.03
解囊	0.03
德莫里	0.03
欧米尼卡	0.03
凯尔·普朗克特	0.03
提布斯	0.03
梅格·怀特	0.03
豪森	0.03
中专	0.03
象玉	0.03
丁克雷	0.03
艾丽丝·谢尔顿	0.03
秋凉	0.03
亚历山大德拉古	0.03
坦尼斯	0.03
查特沃思	0.03
哈瓦苏派	0.03
剑圣会	0.03
比克尔	0.03
庄阳子	0.03
罗丁特	0.03
马特·佩福勒	0.03
等差	0.03
性来	0.03
柯蒂斯刚	0.03
卢塔甘达	0.03
和巴洛	0.03
贾克梅第	0.03
烂漫	0.03
张思	0.03
鲁道夫·范德卡	0.03
七七年	0.03
卡坦	0.03
坚甲	0.03
约维克	0.03
象狗	0.03
佩斯	0.03
斯格里	0.03
绽裂	0.03
帕特·莫菲	0.03
杜克·德·乔尔瑟斯	0.03
切尔维茨	0.03
斯达克布韦德	0.03
欧依拉	0.03
要信	0.03
改恶从善	0.03
下疳	0.03
麦克纳提	0.03
奥利地	0.03
塞米娜	0.03
史卡吉斯	0.03
汉密尔特	0.03
布里耶	0.03
金尹书	0.03
减速器	0.03
尚宇真	0.03
帕哈萨伯	0.03
让萨塔	0.03
锡拉丘兹的鲍勃·兰迪	0.03
恩奈斯蒂娜	0.03
缪莎	0.03
玛丽·坎贝尔	0.03
泱泱	0.03
武田军兵	0.03
约翰·道尔	0.03
象熊	0.03
布摩尔	0.03
那一头	0.03
比尔·彼斯	0.03
答词	0.03
盖尔·格雷厄姆	0.03
勒诺克斯	0.03
城垛	0.03
万邦之	0.03
和雷蒙德	0.03
鲥	0.03
聘金	0.03
默雷	0.03
摩西·温伯格	0.03
着重号	0.03
希尔斯蒙	0.03
斯宾诺拉	0.03
斯班尼	0.03
河童可真	0.03
奥德瑞	0.03
豪比	0.03
求助信	0.03
成永佩	0.03
麦克詹姆斯	0.03
珍一家	0.03
種	0.03
马修·威廉	0.03
拉斯维加斯的林德曼	0.03
埃博斯	0.03
科钦	0.03
莉莲·伯恩斯坦	0.03
安迪·罗迪克	0.03
詹娜·布什	0.03
巴拜斯	0.03
若肯	0.03
条理性	0.03
阿伦·普拉	0.03
乌列·马托波	0.03
克拉博	0.03
阿赫努	0.03
城址	0.03
泽西斯	0.03
南希·邓莱普	0.03
疾风暴雨	0.03
悃	0.03
水流量	0.03
转世灵童	0.03
艾丝梅拉达	0.03
曼蒂森	0.03
铁道线	0.03
施时才	0.03
斯基尔肯	0.03
达芙妮·米尔布鲁克	0.03
他布雷克	0.03
行政诉讼	0.03
皮特·戴托纳	0.03
一亿七千五	0.03
托莱多市	0.03
韦斯利约	0.03
弗吉里亚	0.03
多内尔	0.03
阿切邦·维特维奇	0.03
鬼崇崇	0.03
毛刺	0.03
舟车	0.03
若虫	0.03
冬笋	0.03
卡伯兰	0.03
领有	0.03
伊文希拉里	0.03
四零一	0.03
瑞德能	0.03
沙岸	0.03
门拴	0.03
朱尼尔他	0.03
一杯杯	0.03
杰夫·哈恩	0.03
电子电路	0.03
安吉娜	0.03
罗沙利亚	0.03
巴·斯诺	0.03
埃佛特	0.03
在雅基	0.03
德库瓦	0.03
太学	0.03
南塔克	0.03
马达比	0.03
玛格丽特·佩顿	0.03
帽徽	0.03
倚娜	0.03
减速剂	0.03
金宝联	0.03
赫维兹	0.03
阴毛来	0.03
让梅根	0.03
火烧火燎	0.03
海真红	0.03
山姆·鲁帕	0.03
比尔·佩利	0.03
杰克卡特	0.03
发包	0.03
方盒	0.03
卡茨基尔	0.03
克利夫兰·艾默里	0.03
松井石根	0.03
永惠	0.03
乔让	0.03
增效	0.03
发单	0.03
经济部	0.03
千万亿	0.03
瑞恩·刘易斯	0.03
朴是道	0.03
肖崇宇	0.03
下狱	0.03
萨斯州	0.03
海格斯	0.03
永怀	0.03
马迪格拉斯	0.03
安迪·提蒙斯	0.03
封山	0.03
剑自石	0.03
提姆卡	0.03
韩洪树	0.03
近水楼台先得月	0.03
绐	0.03
吉昊	0.03
布历尼斯	0.03
先开	0.03
维勒敦	0.03
韩宋根	0.03
尚方宝剑	0.03
叁一	0.03
斯图尔特·奈波	0.03
阿道甘尼	0.03
亚瑟·潘	0.03
霍奇金氏	0.03
吉姆·克罗	0.03
表面张力	0.03
范特纳	0.03
罗伯特·萨特菲尔德	0.03
叁两	0.03
爱特里萨	0.03
强行军	0.03
奥斯宁镇	0.03
久志	0.03
其奥·维拉	0.03
克莱尔·费尔伯利	0.03
达克斯塔	0.03
麦姬达	0.03
问津	0.03
昆兹	0.03
依波海姆	0.03
奥利克	0.03
额叶里	0.03
发功	0.03
合成染料	0.03
德拉克马	0.03
朱丽娅·凯恩	0.03
章忠丹	0.03
象球	0.03
乔治卢卡斯	0.03
柯林杜佛	0.03
拮	0.03
葛瑞奇	0.03
阿特·塔图姆	0.03
永溪	0.03
糖化	0.03
爱伯纳希	0.03
英忠	0.03
雷欧提斯	0.03
阿莫多瓦	0.03
知江	0.03
君主专制	0.03
五十两	0.03
蒙太席	0.03
班特利	0.03
迪米特里	0.03
阿米里奥	0.03
姜敏吉	0.03
五洲四海	0.03
先决	0.03
弥永彩	0.03
孩子家	0.03
克利夫顿·费迪曼	0.03
布根地	0.03
舞星	0.03
点名册	0.03
瘿	0.03
比奇伍德	0.03
啸	0.03
卡华力	0.03
卡内基·麦伦	0.03
故此	0.03
佩林·格瑞林	0.03
卢瑟本	0.03
艾德·琼斯	0.03
成几千	0.03
领款	0.03
埃森姆	0.03
埃内斯托	0.03
卡希姆	0.03
爷子我	0.03
小赖	0.03
麦肯纳	0.03
基斯·理查德	0.03
白斩鸡	0.03
发屋	0.03
畦	0.03
缸盖	0.03
印本	0.03
舟舟	0.03
尼古央齐斯·古德	0.03
封印	0.03
迈克·鲁尼	0.03
蜡果	0.03
王卡立多	0.03
小财	0.03
康普茶	0.03
科默	0.03
尹东俊	0.03
蜡染	0.03
提雅斯	0.03
掬	0.03
马克·斯皮兹	0.03
席瑟	0.03
希塔加瓦	0.03
一盘盘	0.03
让雷蒙德·阿瑟	0.03
波登	0.03
该刊	0.03
纽巴瑞	0.03
柯亚迪	0.03
吕宋	0.03
加强型	0.03
保罗·卡特内	0.03
奈普威	0.03
坎皮农	0.03
西蒙·本	0.03
永汉	0.03
唁电	0.03
孩子头	0.03
鲍伦	0.03
哥罗德	0.03
乔·安	0.03
储蓄率	0.03
纳卡林	0.03
一千一	0.03
江智正	0.03
永深	0.03
村委	0.03
贝罗斯	0.03
罗斯巴德	0.03
蒙大恩	0.03
帕布鲁·马丁内斯	0.03
拉维诺	0.03
永淑	0.03
昆达利尼	0.03
气势如虹	0.03
罗斯加	0.03
朝河	0.03
小安娜	0.03
巴蒂·伊斯雷尔	0.03
该县	0.03
德·布卢克	0.03
弗兰克·吉尔洛	0.03
愈勇	0.03
吕威	0.03
梃	0.03
李敬媛	0.03
埃伯顿	0.03
伯哈	0.03
吉泰	0.03
煊赫	0.03
安柏超	0.03
吉波	0.03
问明	0.03
德伯	0.03
加莫	0.03
东河区	0.03
潘姆·班考斯基	0.03
射孔	0.03
西纳尔	0.03
教育委员会	0.03
纪伊	0.03
马那拉	0.03
淑德	0.03
佐拉·卡尔马克	0.03
乔·佩德罗撒	0.03
奇万斯	0.03
樯	0.03
轮空	0.03
若连	0.03
里维兹	0.03
南泰钟	0.03
吉普林	0.03
杰克班尼	0.03
莱恩·夏贝尔	0.03
兀自	0.03
周之星	0.03
德·塞维尼	0.03
阿丝特丽特	0.03
秀熙	0.03
福瑞迪	0.03
飞流直下三千尺	0.03
董尼	0.03
科马	0.03
罗瑟夫	0.03
和杰克逊	0.03
泰德·莫平	0.03
科拉多	0.03
鲁·哈里斯	0.03
梅田	0.03
新凌志	0.03
龌	0.03
泽西比	0.03
普斯林顿	0.03
贝燮	0.03
阿尔克墨涅	0.03
古尔邦节	0.03
西考克斯	0.03
赛伦提默	0.03
孔寿昌	0.03
坦尼森	0.03
溪红	0.03
伊斯灵	0.03
温尼伯美	0.03
文化课	0.03
马蒂·古尔德法	0.03
般涅	0.03
和莲雅	0.03
萨卡曼	0.03
费德莱	0.03
托马斯杰佛逊	0.03
吉米·科斯特	0.03
傀儡戏	0.03
罗伯特·威廉姆森	0.03
梅登	0.03
托尔茨克	0.03
圣菲利斯	0.03
糖商	0.03
朱丽叶·刘易斯	0.03
圣希律王	0.03
凯特·温丝莱	0.03
方纳	0.03
亨得	0.03
波尔得	0.03
梅杜西	0.03
该团	0.03
爱惠奈	0.03
钱和权	0.03
麦天才	0.03
爱德华·奎勒	0.03
祖果	0.03
道谦	0.03
萨尔加多	0.03
象素	0.03
特勒斯皮德拉斯	0.03
罗斯基	0.03
马特·坎贝尔	0.03
吉英·班纳特	0.03
乔尔瑟斯	0.03
普罗塔利	0.03
约翰·莱	0.03
米切尔·菲佛	0.03
详解	0.03
米勒·乔治	0.03
轮种	0.03
斋藤也	0.03
戴洛才	0.03
漂太远	0.03
罗斯·摩尔	0.03
金炳冲	0.03
马克·维斯	0.03
阿奈尔	0.03
仿真器	0.03
希波克拉特斯	0.03
卡萨特	0.03
迪米特雷	0.03
言必信	0.03
脚骨	0.03
李东赫	0.03
股份合作制	0.03
迪克·比塞尔	0.03
艾格·斯泰尔斯	0.03
娜拉·怀尔德	0.03
修订版	0.03
朽烂	0.03
取水口	0.03
拉蒙的德米尔	0.03
文化观	0.03
罌	0.03
克拉彭	0.03
阿斯克尤	0.03
奥利夫	0.03
奥利弗·特维斯	0.03
七三一四八三九五二一三	0.03
戈·麦拉奇	0.03
高保真	0.03
浮特	0.03
帕帕蒂洛	0.03
马维	0.03
约瑟夫·苏利文	0.03
索比堡	0.03
罗纳德·威尔逊·里根	0.03
徐真英	0.03
今年初	0.03
雷·卡沃尔	0.03
五四点	0.03
超模超	0.03
戴维·克罗克特	0.03
寇比正	0.03
戴夫凯克勒	0.03
葛伦克	0.03
永盛	0.03
萨茹阿斯瓦提	0.03
让巴比	0.03
游星正	0.03
妮发来	0.03
拱道	0.03
竹千代君	0.03
佩琪	0.03
柯恩·史密斯	0.03
毕沙罗	0.03
中庭	0.03
弗朗斯哥	0.03
赛拉托加	0.03
印纪	0.03
圣克莱门特	0.03
让瓦加斯	0.03
戈塔曼	0.03
戴维斯·古根海姆	0.03
约翰波蒙	0.03
吉姆·卡罗尔	0.03
斯·莱彼得斯	0.03
森逊	0.03
米其姆	0.03
伯尔布朗	0.03
春奈	0.03
肯纳生	0.03
汤马斯·杰弗逊	0.03
桂木	0.03
迪马齐奥	0.03
莫梯	0.03
永眠	0.03
和俊大	0.03
毕基会	0.03
安乃近	0.03
马丁柯雷恩	0.03
德勉	0.03
永真	0.03
商楚人	0.03
克来沃	0.03
桂林	0.03
言多必失	0.03
布雷吉特	0.03
春禄营	0.03
梅利留	0.03
富兰克林·德拉诺·罗斯福	0.03
贺岁	0.03
德兰	0.03
菲尔·佩里	0.03
川普	0.03
波哥诺斯	0.03
拉奎布拉达	0.03
伊迪塔罗	0.03
鲁帕特堡	0.03
尚宇来	0.03
萨拉曼德	0.03
库尔特·格林	0.03
迈高邓迪	0.03
莫里斯·利维	0.03
微观世界	0.03
路易斯波尼尔	0.03
雪芙兰	0.03
毕尔	0.03
贝克多山	0.03
郭岳山	0.03
马哈比亚·路塔	0.03
雪佛龙	0.03
云山雾罩	0.03
切尔·沃辛斯基	0.03
民脂民膏	0.03
侯孝贤	0.03
宿舍楼	0.03
帕哈萨帕	0.03
坎登镇	0.03
海蒂·菲利普斯	0.03
数成千上万	0.03
帕特里克·多尔	0.03
席洛	0.03
奈里斯	0.03
柯恩·福劳尔	0.03
麦阿里	0.03
艾奥瓦	0.03
伊凡诺沃	0.03
希洛城	0.03
春实	0.03
评出	0.03
布拉德·斯尔伯	0.03
拉皮耶达	0.03
帕德生	0.03
比尔·墨瑞	0.03
吉尔登斯特恩	0.03
赛伦斯·杜古德信	0.03
苏·彼得斯	0.03
丹妮埃尔	0.03
维萨	0.03
陆佐	0.03
肯尼贝茨	0.03
瑞德里	0.03
艳容	0.03
陆佳	0.03
乙羽	0.03
川端幸	0.03
麦克尔·麦克尔斯	0.03
京培才	0.03
象杨	0.03
达特摩斯	0.03
迈特·瓦德曼	0.03
米其尔	0.03
柯纳多	0.03
贝斯蒂	0.03
圣威尼	0.03
让雷纳尔多	0.03
封一	0.03
波森	0.03
列克	0.03
多年逊尼	0.03
玛莎斯图尔特	0.03
蒂姆·戴维斯	0.03
趁势	0.03
性状	0.03
瑞斯科维亚	0.03
哈特艾的查尔	0.03
瑟罗娜·涅易兹	0.03
维尔·高登·柴尔德	0.03
首相府	0.03
威廉·伯曼	0.03
方斯	0.03
维芙	0.03
惊悉	0.03
鬼忠	0.03
陆三	0.03
永珉	0.03
永珍	0.03
考沃斯	0.03
才雷普利	0.03
寿司愈	0.03
梁龙	0.03
肯尼邦克	0.03
若雷	0.03
陆介	0.03
冰坛	0.03
自留地	0.03
威克菲尔德	0.03
举止端庄	0.03
朴实无华	0.03
哥斯达黎加人	0.03
西蒙·菲尔兹	0.03
斯蒂文·斯皮尔伯格	0.03
乔舒亚来	0.03
普西迪基地	0.03
艳妆	0.03
娜好	0.03
支付款	0.03
残部	0.03
卡鲁迪斯	0.03
堂姊妹	0.03
加香	0.03
布根提诺	0.03
唐娜泰拉	0.03
乔德里	0.03
邦德刚	0.03
亨弗利鲍加	0.03
九百五十万	0.03
圣贝斯	0.03
梅若宾基恩	0.03
久之	0.03
祸患	0.03
詹姆斯王	0.03
爱众生	0.03
杨思克	0.03
谷神星	0.03
鲁克·坎贝尔	0.03
采编	0.03
负债人	0.03
春弼	0.03
莎曼萨	0.03
霍华德·雷德·史蒂文斯	0.03
赛利斯的萨洛	0.03
达喀尔	0.03
萨维里奥	0.03
后处理	0.03
先亲	0.03
约瑟夫·安德森	0.03
凯丽·佩顿	0.03
佩玉	0.03
罗瑞斯·奥立佛	0.03
凯尔卡佳德	0.03
露斯门	0.03
布鲁克·帕莫	0.03
波伦亚	0.03
奥鲁罗	0.03
著述	0.03
达拉那	0.03
穆哈·凯菲	0.03
罗伯特·肖	0.03
加藤雅也	0.03
旧制	0.03
纳坦德	0.03
斯帕姆	0.03
史特芬	0.03
罗相宇	0.03
一寸寸	0.03
贺克托·卡里布	0.03
刹住	0.03
著者	0.03
云汉恩	0.03
惊涛	0.03
纳卡瓦	0.03
拉泰斯塔	0.03
冬景	0.03
升结肠	0.03
吉卜利	0.03
二百一十一	0.03
迪加朵	0.03
毛也	0.03
卡萨斯	0.03
解乏	0.03
卡桑格	0.03
百八十	0.03
弗兰克·詹姆斯	0.03
第一版	0.03
小西顿	0.03
查理·丹尼尔斯	0.03
罗森多	0.03
戴维斯·吉姆	0.03
艾尔摩佐	0.03
领章	0.03
圣维特斯	0.03
尼克泰托·帕利斯	0.03
下浮	0.03
玛肯娜·赛克丽塔波维奇	0.03
桑德比	0.03
勒罗伊·布朗	0.03
三点七三	0.03
吉尔·梅希克	0.03
廠	0.03
阿道夫·皮耶里	0.03
雷蒙德让	0.03
四万八千	0.03
泰丝拉	0.03
迈克尔·费勒	0.03
杰伊·莱诺	0.03
列尔	0.03
大桥路	0.03
奇南哥	0.03
乘人之危	0.03
马丁贝尔	0.03
摩利森	0.03
李闵奎	0.03
封长信	0.03
索德比	0.03
卡普罗瓦	0.03
凯迪拉克双	0.03
圣埃维斯	0.03
四千二	0.03
布林迪西	0.03
旋动	0.03
地压	0.03
熟谙	0.03
凯巴塞路特力	0.03
科贝	0.03
疵	0.03
崔京石	0.03
让欧文	0.03
窦娥	0.03
科赫	0.03
梅成	0.03
冯·席腊赫	0.03
布科·克	0.03
彼得·伊安诺	0.03
德姆	0.03
海伦·布朗	0.03
布鲁特思	0.03
木希典	0.03
盖加斯	0.03
瑞利·沃什	0.03
重奖	0.03
章大人	0.03
波本	0.03
妮可长	0.03
那柏木	0.03
梅菲斯	0.03
伊美黛·玛可斯	0.03
蓝宫发	0.03
荻原	0.03
席琳·迪奥	0.03
凯菲勒	0.03
波束	0.03
娜哈	0.03
黛布拉·温格	0.03
马克华	0.03
奥托·根舍	0.03
皮蒂城	0.03
奥斯卡·内格迪	0.03
巴拉科阿	0.03
阿瑞特	0.03
席斯	0.03
沙夫茨伯里	0.03
旧币	0.03
期票	0.03
威利·安德华瑟	0.03
曼德布洛	0.03
摩肩接踵	0.03
埃德加·丁斯	0.03
特里亚农	0.03
第二一	0.03
圣狄奥尼修斯	0.03
汉森麦吉尔	0.03
巴里·马特乌斯	0.03
爱德斯威尔	0.03
周冠军	0.03
蒙特穆罗	0.03
乔治·艾肯	0.03
萨拉帕琳	0.03
超强雷	0.03
孙孙存	0.03
德弗	0.03
华隆格林	0.03
挕	0.03
亨茨维尔	0.03
让丽莎	0.03
娇巧	0.03
七六五四三二一	0.03
娜可	0.03
泰勒·西蒙斯	0.03
狄龙·里德	0.03
德德	0.03
朝彬格莱	0.03
本尼迪多	0.03
百分之九十九点九	0.03
海天之	0.03
洪启薰	0.03
谭俊勇	0.03
佩科	0.03
瓦卡维尔	0.03
爱斯卡达	0.03
丹尼布赖恩	0.03
桎	0.03
过铁环	0.03
卡迪夫市	0.03
云镇虎	0.03
象源	0.03
鬼城	0.03
让菲利普	0.03
特兰斯	0.03
吉姆·杰弗里斯	0.03
罗森伯姆	0.03
编著	0.03
豪康比	0.03
比班卡	0.03
吉提马特	0.03
阿桥	0.03
方济	0.03
清凉剂	0.03
贝特·戴维斯	0.03
霍波肯	0.03
祸殃	0.03
乌克桑娜·萨格迪耶夫	0.03
欧尼麦克洛斯基	0.03
弗京	0.03
朝礼	0.03
吉维	0.03
亨俊	0.03
内瓦霍	0.03
爱克莱尔	0.03
康士坦	0.03
约翰波拉	0.03
门科	0.03
基德·麦克拉肯	0.03
玛尼施玛	0.03
旧宅	0.03
比利·麦克	0.03
桂格	0.03
古波斯	0.03
莱恩·丹	0.03
亚历索萨	0.03
吴伍申	0.03
海兰兹	0.03
亨伯	0.03
碳化硅	0.03
普托鲁夫斯基	0.03
水价	0.03
他多克	0.03
设点	0.03
小提瑟	0.03
吉尔拉	0.03
布鲁特斯	0.03
罗勃特·沙皮罗	0.03
欧卡拉汉	0.03
艾丽丝·诺顿	0.03
马科斯·佐林	0.03
购书	0.03
阿图罗·布拉加	0.03
袁灿熙	0.03
梅杰	0.03
维克多约	0.03
复姓	0.03
意在	0.03
席尔维	0.03
德尼	0.03
苏珊·萨兰登	0.03
一贝嘉	0.03
去夏	0.03
宋嘉	0.03
塞内卡	0.03
呼啦啦	0.03
文化馆	0.03
达布隆	0.03
净高	0.03
琼中	0.03
比奥特洛夫斯基	0.03
何塞·穆尼斯	0.03
九千两百万	0.03
打击面	0.03
象江	0.03
激进党	0.03
耶朱地	0.03
腾伯	0.03
紧急灯	0.03
查宗	0.03
中军	0.03
喀麦隆人	0.03
千惠真	0.03
卡萨拉	0.03
吴东淑	0.03
让克比	0.03
油毡	0.03
热卡巴拉	0.03
列斯	0.03
科斯提根	0.03
汤玛斯·霍华德	0.03
甘西	0.03
眺	0.03
春树	0.03
彼朵	0.03
孩子王	0.03
川君	0.03
玉锦容	0.03
国家标准	0.03
蝉鸣	0.03
钢锯条	0.03
缺字	0.03
斯利斯	0.03
卡伯瓦	0.03
郭德尔	0.03
穆里埃	0.03
溪口	0.03
下品	0.03
詹姆斯·麦肯·科斯塔	0.03
菲利普·勒米内	0.03
栗树开	0.03
贸易区	0.03
多奇尔	0.03
梅墨	0.03
埃里克·伯克斯	0.03
糖稀	0.03
滋花	0.03
考夫文	0.03
但杰弗里	0.03
威尔·希多·斯特朗霍德	0.03
划拳	0.03
布鲁科林	0.03
赈	0.03
安普	0.03
米奇·贝勒	0.03
宝诗龙	0.03
霍恩施豪森	0.03
耗竭	0.03
笔调	0.03
比尔普曼	0.03
纳特·金·科尔	0.03
卡蒙贝尔	0.03
欧特曼	0.03
观光台	0.03
梅姬	0.03
小派帕	0.03
冬德	0.03
传动轴	0.03
利拉得	0.03
汤雅	0.03
跃升	0.03
肖斯德姆	0.03
迪索斯塔	0.03
文森特·奥尔德里奇	0.03
波川	0.03
八分之一又十四分之三	0.03
左后方	0.03
秀洛	0.03
西蒙彼得斯	0.03
森唐斯	0.03
特诺波尔	0.03
用非	0.03
弗莱德·德·科多凡	0.03
卡桑加	0.03
特雷西·斯托克斯	0.03
射界	0.03
白兰瓜	0.03
和梦铉	0.03
沃里娜	0.03
葛雯	0.03
席尼	0.03
乐斯	0.03
辛娜·基	0.03
方位图	0.03
萨斯科	0.03
查理·琼斯	0.03
尼·贝金	0.03
泰里	0.03
埃迪·墨菲	0.03
福善美	0.03
米德勒斯堡	0.03
塞那·布雷克	0.03
胡格诺	0.03
涨跌	0.03
科内亚	0.03
罗奈德·麦克唐纳	0.03
卡尔森拉瓦里特	0.03
成处男	0.03
费康尼派	0.03
但杰利	0.03
纳泽巴耶夫	0.03
麦克亨利	0.03
巴里怀特	0.03
跃入	0.03
金万学	0.03
廾	0.03
杰夫·布里奇斯	0.03
希尔弗斯坦	0.03
春水	0.03
布兰登·弗雷泽	0.03
肯帕森·弗里特	0.03
尼基·戈登纳	0.03
德朴	0.03
马克河	0.03
科丁顿	0.03
轻飘	0.03
诺贝	0.03
杰夫毕比	0.03
克莱米	0.03
让雷来	0.03
一九八一年	0.03
该系	0.03
卡斯登尼达	0.03
节肢动物	0.03
第一两	0.03
麦克奈布	0.03
他真	0.03
安正焕	0.03
崔永珍	0.03
卡洛斯·德·阿里斯德	0.03
艾迪·瑞奇林	0.03
普来夫	0.03
纪林	0.03
考特·法马克	0.03
劳雷尔·赫斯特	0.03
罗尼维金	0.03
安德鲁·威尔森	0.03
梅瑟洛	0.03
薫	0.03
埃利亚斯·考蒂斯	0.03
沃什贝尔	0.03
伊凡娜	0.03
托普曼	0.03
畠	0.03
八点三十	0.03
德明	0.03
地气	0.03
水柱	0.03
陶马	0.03
胜彦	0.03
科兰费德	0.03
瑞奇纽曼	0.03
和翠西	0.03
金保美	0.03
油渣	0.03
克里斯·加斯	0.03
冬寒	0.03
大盖帽	0.03
奥德勒	0.03
评析	0.03
东尼马利奥	0.03
波姆	0.03
德怀特·巴奇·布雷切特	0.03
史尼克	0.03
丛集	0.03
方园	0.03
成天美	0.03
洛文瑟尔	0.03
罗森柏	0.03
侠能	0.03
东开才	0.03
钷	0.03
早稻	0.03
梅希	0.03
卡达格纳	0.03
盖瑞·卡尔森	0.03
满布	0.03
伊贺方	0.03
唱戏	0.03
纳德的杰利	0.03
成活率	0.03
艾丽斯·伯恩斯	0.03
杰米·麦克德莫特	0.03
梅莉	0.03
麦肯兹	0.03
用鏊	0.03
麦克奈尔	0.03
佛芒	0.03
卡萨	0.03
斯科维奇	0.03
李光勋	0.03
葛比利	0.03
米德兰市	0.03
和卡特	0.03
丽孜	0.03
一九八三年	0.03
下卷	0.03
尚民山	0.03
艾波特	0.03
帕拉	0.03
花架子	0.03
金炳秀	0.03
马蒂娜·洛	0.03
斯蒂芬妮·兹威格	0.03
范·迪塞尔	0.03
镇中	0.03
凯文·欧文斯	0.03
全球通	0.03
娜格	0.03
省政府	0.03
苏黎士一	0.03
帑	0.03
比金古	0.03
郭东有	0.03
香农河	0.03
旧房	0.03
丽贝卡·怀特	0.03
海迪信	0.03
埃森纳达	0.03
臆造	0.03
里斯艾伦	0.03
方士	0.03
凯迪拉克戴	0.03
昭田常	0.03
麦克贝特	0.03
诺布山	0.03
永井	0.03
立法会	0.03
里奥格朗德	0.03
本尼·贝金	0.03
欧提斯哈里斯	0.03
格鲁·撒	0.03
祖克曼	0.03
沙克·奥利尔	0.03
象宏	0.03
六万八	0.03
泰雄	0.03
识字班	0.03
扎克·巴勒	0.03
象子	0.03
琼·兰	0.03
托里	0.03
邓肯·米勒	0.03
荣介真	0.03
和迪安	0.03
瓦尼拉·埃斯	0.03
加布里埃尔·塞勒	0.03
纷纷扬扬	0.03
雷亚尔	0.03
戴尔切克	0.03
卡秋莎	0.03
永乐	0.03
鬼才	0.03
朵妮娅·胡安娜	0.03
沃里克	0.03
吉川进	0.03
锡维克	0.03
谢杰瑞	0.03
克拉克肯	0.03
萨达姆·克	0.03
卡诗	0.03
列治	0.03
中服	0.03
永俊	0.03
丽塔·斯基特	0.03
宿舍区	0.03
斯克帕儿	0.03
福兰尼尼	0.03
哈莱特	0.03
刘海儿	0.03
西马尼	0.03
奥沙马	0.03
牛铃	0.03
毕基真	0.03
酱肉	0.03
苏珊娜·萨默斯	0.03
马可斯·尤尼斯	0.03
永伟	0.03
史李比	0.03
小郎	0.03
麦克尼尔	0.03
卷须	0.03
麦克·摩尔	0.03
西蒙却连皮	0.03
同类项	0.03
象娜	0.03
保宁球	0.03
诚笃	0.03
皮埃尔·沙	0.03
屠场	0.03
乔希·莱纳尔	0.03
夏特蒙	0.03
倾轧	0.03
史克旗	0.03
要选	0.03
尼尔·波特	0.03
但阿拉	0.03
加杜诺·奥斯卡	0.03
艾尔茜	0.03
考克帕夫	0.03
林·谢尔顿	0.03
字正腔圆	0.03
下帖	0.03
甘菊	0.03
屈塞	0.03
尼尔·加特勒	0.03
满园春色	0.03
中华民国	0.03
七又四分之三	0.03
援建	0.03
玉皇大帝	0.03
涨落	0.03
阴毛留成	0.03
亚历山大里亚	0.03
存在论	0.03
史蒂夫·卡彭特	0.03
方威	0.03
屠城	0.03
象夏	0.03
约瑟夫·卡农	0.03
克拉特拉斯	0.03
吉姆·克劳	0.03
私逃	0.03
贝雷特	0.03
简·亚历山大	0.03
求方应	0.03
辛克莱·刘易斯	0.03
佛兰芒	0.03
一九四三年	0.03
芭比柯曼	0.03
轻音	0.03
迪莉娅·史密斯	0.03
薛佛	0.03
埃克力	0.03
泰迪格兰德	0.03
包斯·卡尔·格里森	0.03
轩辕	0.03
聲	0.03
方宝	0.03
旭日东升	0.03
阿伦·科曼	0.03
吉米·帕格斯	0.03
霍华德·迪恩	0.03
阿恩斯坦	0.03
素蓉	0.03
纪检	0.03
马奎斯·德·沙德	0.03
梅厄	0.03
杰特佳	0.03
彼治	0.03
吉莱斯皮	0.03
兵强马壮	0.03
周勇	0.03
付款人	0.03
肯恩瑞格	0.03
艾莉·兰博	0.03
达塔鲁	0.03
胡格海珍	0.03
象徽	0.03
巴沙尔·阿萨德	0.03
普拉莫	0.03
尤罗溪谷	0.03
他布茨	0.03
驶来	0.03
唐诺康普曼	0.03
汤姆·巴克斯特	0.03
阿内斯卡	0.03
健一君	0.03
米沃斯基	0.03
凯蒂·安伯雷	0.03
弗莱温	0.03
零点五	0.03
慉	0.03
圣埃尔莫	0.03
普瑞瑟斯·麦乌厄斯	0.03
德里克·迪克特	0.03
理查德·麦凯恩	0.03
商约	0.03
亚帕萨	0.03
脱敏	0.03
斯特弗	0.03
搋子	0.03
恩威齐	0.03
三六日	0.03
成疾	0.03
凯特莲娜	0.03
甘萨	0.03
阿恩他	0.03
梅色德斯	0.03
波克	0.03
卡娃蒂卡	0.03
艾辛格塔	0.03
讲面子	0.03
达尔斯·泰德	0.03
桥身	0.03
阿劳拉	0.03
该病	0.03
原始社会	0.03
摩根·普莱斯	0.03
佩蒂尔	0.03
苋	0.03
概览	0.03
库尔派普	0.03
中排	0.03
本斯蒂勒	0.03
一针一线	0.03
哈普曼·罗迪诺	0.03
島	0.03
史尼奇	0.03
鹰犬	0.03
拉·琼斯	0.03
拜伦·博伊德	0.03
比尔·奥古斯特	0.03
方廷	0.03
方延	0.03
春明	0.03
生波阿斯	0.03
巴巴拉·沃特斯	0.03
佛朗西斯·密特朗	0.03
问答题	0.03
俞光泰	0.03
但马里恩	0.03
卡森那利	0.03
吉人	0.03
尼尔·斯密斯	0.03
朗姆斯顿	0.03
扎特兰	0.03
唐纳德森	0.03
辈分	0.03
尤宁维尔镇	0.03
华特斯普西佛	0.03
耗用	0.03
沙拉曼	0.03
印刷版	0.03
吉姆·维特克	0.03
奥德姆	0.03
跃居	0.03
比比利·布里克	0.03
尼可泰帕多·帕利斯	0.03
党报	0.03
马修·西蒙	0.03
纪永	0.03
金万基	0.03
陆琪	0.03
郭斯基	0.03
乔治沃夫	0.03
杨桃	0.03
钮化	0.03
发窘	0.03
结合能	0.03
来不得	0.03
鲁克斯	0.03
卓在勋	0.03
概论	0.03
安东·马提欧	0.03
内芙	0.03
卡奈尔	0.03
斯科特蒙	0.03
糖瓜	0.03
发端	0.03
克拉罗	0.03
卡萨勒	0.03
卡贝	0.03
卡普莱特	0.03
卢卡尔	0.03
四千二百五十万	0.03
荷利斯	0.03
邦特森	0.03
阿拉贡的唐·佩德罗	0.03
皮瑞特瑞	0.03
威廉达西	0.03
山米·戴维斯	0.03
门基	0.03
马蒂·科滕鲍姆	0.03
西蒙·沃德	0.03
司徒而特	0.03
威特利费	0.03
离心离德	0.03
谏	0.03
丛林战	0.03
德班	0.03
奥斯特曼	0.03
考夫琳	0.03
中统	0.03
吉姆尼	0.03
查理·哈斯特	0.03
私设	0.03
迈可本	0.03
约翰韦恩	0.03
内尔逊	0.03
莎兰	0.03
让艾利克斯·莱斯	0.03
倦态	0.03
莫兰·布赖恩	0.03
德玛	0.03
菲林顿	0.03
弗洛伊德·潘布罗斯	0.03
若克劳福	0.03
戈德里克·格兰芬多	0.03
德特	0.03
徐敬德	0.03
约尼克	0.03
姆巴巴纳	0.03
第一千万	0.03
莫雷利	0.03
爱梅丽	0.03
素鸡	0.03
达芙娜	0.03
永基	0.03
中缝	0.03
伊瓦·尤高斯基	0.03
永城	0.03
基利根	0.03
阿纳多利	0.03
鲁克杜克	0.03
约翰·盖伦	0.03
圣史蒂夫	0.03
吉恩·鲁克	0.03
斯吉尼·皮特	0.03
维茨莱本	0.03
无人过问	0.03
朴惠秀	0.03
党籍	0.03
会发飚	0.03
冬俊	0.03
方位角	0.03
萨伯娜	0.03
春种	0.03
德里克·瓦特斯	0.03
奥斯特林	0.03
东国	0.03
贝尔赫恩	0.03
卡都	0.03
昌烈	0.03
让克洛伊	0.03
乳胶漆	0.03
通风机	0.03
卢瑟尔	0.03
菜籽油	0.03
卡邦	0.03
朱丽浦	0.03
凯瑟琳赫	0.03
迈克·马修	0.03
油票	0.03
商情	0.03
甘索夫	0.03
拉什莫尔山	0.03
阿尔法查尔	0.03
种麻	0.03
洛伦兹	0.03
莽草	0.03
豪威	0.03
私见	0.03
卢平顿	0.03
包罗万	0.03
艾克斯拉沙佩勒	0.03
泰诺·琼斯	0.03
查塔努加	0.03
凡克斯	0.03
斯卡林	0.03
豪家	0.03
地窟	0.03
丘野洋	0.03
豪客	0.03
瓦纳卡湖	0.03
奥斯卡·阿吉莱拉·庞斯	0.03
海陆	0.03
康韦市	0.03
合资企业	0.03
拉里·杰克逊	0.03
豪富	0.03
促请	0.03
科南·奥布赖恩	0.03
乌戈	0.03
苍劲	0.03
白尔德	0.03
德烈	0.03
平坦坦	0.03
军乐团	0.03
威廉·法雷尔	0.03
亚诺士	0.03
慷	0.03
科林·苏利文	0.03
谍报员	0.03
包里克留	0.03
南香新	0.03
白里香	0.03
怒涛	0.03
永力	0.03
吉哥	0.03
朝南	0.03
负五	0.03
克拉伦斯·戴伦	0.03
中程	0.03
吉尔·德勒兹	0.03
囗	0.03
比尔·佩恩	0.03
四言诗	0.03
梅森图斯	0.03
地覆天翻	0.03
维克多克明斯	0.03
一百五十三	0.03
育亨宾	0.03
金美运	0.03
珍妮·雷	0.03
故地	0.03
祉	0.03
故址	0.03
多尔金	0.03
装载机	0.03
卡尔巴拉	0.03
绕嘴	0.03
发急	0.03
科特·柯本	0.03
片式	0.03
埋设	0.03
兰方胜	0.03
柯蒂斯查	0.03
胃肠炎	0.03
迈克尔·阿兰	0.03
四六年	0.03
艾米农	0.03
俞光石	0.03
梁栋	0.03
油纸	0.03
布洛克刚	0.03
琳达丝·派瑞兹	0.03
佩兴	0.03
安娜·玛丽	0.03
士加冰	0.03
圣奥诺拉	0.03
小克莱尔	0.03
科斯蒂洛	0.03
洛塔里欧	0.03
约翰·维戈什	0.03
罗德真	0.03
前后文	0.03
泰特·多诺万	0.03
美莱村	0.03
朝勇	0.03
勒巴伦	0.03
威廉·赫	0.03
偷奸耍滑	0.03
帕伦克	0.03
桑尼曼萨	0.03
品德课	0.03
莎比	0.03
玛利亚都	0.03
吉唯	0.03
腕足	0.03
乌巴尼	0.03
佛罗伦斯城	0.03
曾特诺	0.03
班范达	0.03
麦克·弗莱利	0.03
剧减	0.03
朝光	0.03
阿塔利	0.03
马哈拉	0.03
萨菲赫	0.03
德生	0.03
劳拉·佩克	0.03
诺曼·菲尔	0.03
葛莉丝	0.03
卢娜·洛夫	0.03
卢尔德市	0.03
伯道夫	0.03
都必学	0.03
科林鲍威尔	0.03
不管三七二十一	0.03
任满	0.03
爆裂性	0.03
谷壳	0.03
埃莉诺阿拉迪斯	0.03
森姆特	0.03
时序	0.03
吸水性	0.03
诺龙	0.03
娜硕	0.03
小萨尔	0.03
弘道	0.03
希泽	0.03
让达西	0.03
地级	0.03
爱德华詹森	0.03
交货期	0.03
愤愤	0.03
莎伦·洛佩兹	0.03
沃尔特·塞勒斯	0.03
贴心人	0.03
党章	0.03
瞬即	0.03
因陋就简	0.03
和伟平	0.03
菲兹杰拉德	0.03
玛琳海	0.03
斯威特·迪克·威利	0.03
要路	0.03
安东尼·马兰迪诺	0.03
乔什·梅卡多	0.03
普托罗夫斯基	0.03
杰克·拉莫塔	0.03
波尔曼	0.03
林肯库	0.03
基凡内克	0.03
科教片	0.03
素颜	0.03
佩伯顿	0.03
埃瑞尔·莎隆	0.03
故宅	0.03
祸乱	0.03
永康	0.03
斯拉斯	0.03
走味	0.03
一百万一	0.03
蔡贞泽	0.03
迪克特平	0.03
那群多米尼亚	0.03
曼丁果人	0.03
片剂	0.03
康塞普西翁	0.03
托腾	0.03
腥风血雨	0.03
赖希	0.03
咕噜噜	0.03
一顶顶	0.03
中盘	0.03
尚秀洞	0.03
格拉切斯	0.03
依库立	0.03
马斯顿	0.03
盖乌斯·卡西乌斯·朗吉努斯	0.03
库立基	0.03
任情	0.03
荷瑞斯·范	0.03
雅努斯	0.03
天师	0.03
相形之下	0.03
四六分	0.03
赖德	0.03
提芬妮	0.03
席尔士	0.03
琼森	0.03
七点零五	0.03
永心	0.03
塔克马斯	0.03
路易斯·康纳利	0.03
乔治·沙	0.03
汤姆·莫利	0.03
豪儿	0.03
巴基斯斯坦	0.03
吉奈	0.03
和辛克莱	0.03
艾克里	0.03
方庭里	0.03
东尼·本	0.03
夹墙	0.03
叁点	0.03
吉多	0.03
忄	0.03
香泽	0.03
让海德	0.03
一百一	0.03
亚麻油	0.03
平俊	0.03
一道道	0.03
塞丽娜·希尔	0.03
风光片	0.03
罗伯特·威尔逊	0.03
林子里	0.03
七点零一	0.03
波尔森	0.03
一家非	0.03
波莱梅	0.03
阿米里欧	0.03
铁定会	0.03
开拓性	0.03
任我	0.03
蚊蝇	0.03
田岛	0.03
安娜定	0.03
汤玛斯·沃尔夫	0.03
波尔歌	0.03
走嘴	0.03
和史密斯	0.03
豪勒	0.03
下世	0.03
豪勇	0.03
娜用	0.03
佩平	0.03
大卫·史密斯	0.03
执棒	0.03
纸口袋	0.03
比布洛克	0.03
时务	0.03
量变	0.03
塔拉哈西市	0.03
穫	0.03
鲍勃·杰道夫	0.03
阿龙先	0.03
贝尔艾尔	0.03
知底	0.03
上几万	0.03
骁	0.03
比利·布莱克	0.03
性岩	0.03
李善喜	0.03
科因·马	0.03
七九年	0.03
佩德	0.03
棉织品	0.03
卡德·拉维尔	0.03
费路路亚	0.03
巴甫洛夫	0.03
在洋	0.03
托德不让	0.03
马克萨斯	0.03
先手	0.03
换防	0.03
托马斯·詹姆士·柯林斯	0.03
四千七百五十	0.03
野虎	0.03
波特贝拉香	0.03
德碧	0.03
筷	0.03
消耗量	0.03
佛龛	0.03
奏章	0.03
斯利维	0.03
施荣凯	0.03
切斯特菲尔德	0.03
赫敏·格兰杰	0.03
附耳	0.03
无息贷款	0.03
楷	0.03
彼得·洛	0.03
菲丽斯	0.03
保不齐	0.03
素野	0.03
埃德蒙宁	0.03
骯	0.03
东一郎	0.03
巡捕	0.03
萨斯松	0.03
苏万尼	0.03
侠骨	0.03
第一四	0.03
帕斯卡·格利高里	0.03
琼淑	0.03
痱	0.03
依夫	0.03
小比尔	0.03
跃上	0.03
诺门	0.03
塞米松	0.03
阿比·马奇	0.03
马哈格	0.03
威廉·霍吉	0.03
先敬	0.03
和巴克	0.03
一七七	0.03
鏊	0.03
别为蕾	0.03
安熙真	0.03
罗森索	0.03
班克	0.03
克拉汉	0.03
卡布来斯	0.03
特·安卓尼	0.03
维力加	0.03
留柱	0.03
陆易	0.03
阿伯纳因	0.03
暖锋	0.03
阿隆索·亚维兰达	0.03
蘑	0.03
哈尼佛	0.03
莱昂那德·菲舍	0.03
大卫·索尔	0.03
阴毛弟	0.03
火葬炉	0.03
格林维格	0.03
波利·弗拉瑞	0.03
鬼真	0.03
一二三四五六七八	0.03
卓普奇	0.03
乔治·桑	0.03
杰拉达	0.03
裎	0.03
伯尼·威尔金斯	0.03
蜡台	0.03
屈伏	0.03
时器	0.03
山茶花	0.03
梅尼埃尔	0.03
颈内	0.03
葛和雷	0.03
伊尔根	0.03
瑞琪儿	0.03
黑毛羊	0.03
任昌	0.03
乔弟菲利普	0.03
德索	0.03
至鲍威堡	0.03
巴特斯沃斯	0.03
珍力荐	0.03
刊号	0.03
地矿	0.03
五四年	0.03
略略	0.03
马克白	0.03
特丽·安·沃夫梅尔	0.03
沙科尔	0.03
先来	0.03
瑞克·佩克	0.03
吉帕	0.03
唐纳·丁斯莫	0.03
向特勤	0.03
卡希尔班里	0.03
托比亚斯	0.03
迈克劳瑞	0.03
德米	0.03
亨内斯	0.03
邓金	0.03
王子正	0.03
斯特罗纳赫拉赫	0.03
弗来迪科温	0.03
谢德·旺斯	0.03
要蔓	0.03
二千四百七十万	0.03
大茴香	0.03
牛舍	0.03
佛家	0.03
德·克勒克	0.03
苏和涛	0.03
和重生	0.03
凯西·史密斯	0.03
伊斯特威克	0.03
艾尔阿	0.03
方可起	0.03
叁百	0.03
曼斐斯	0.03
科布勒	0.03
炊	0.03
杜卜克	0.03
斋藤太司	0.03
艳光	0.03
恩弗米	0.03
施云布雨	0.03
葛本·凯普斯	0.03
义政	0.03
约翰·福特	0.03
泰德·威廉姆斯·赖特曼	0.03
永奇	0.03
威·霍尔博洛夫	0.03
玛丽·卡瑞	0.03
略语	0.03
略读	0.03
唐纳德·安德鲁斯	0.03
维克托·迪亚兹	0.03
但路易丝	0.03
蒙默思郡	0.03
枣树	0.03
平仄	0.03
阿克图兰	0.03
霍华德·史蒂文斯	0.03
德茜	0.03
梅格莱恩	0.03
暖棚	0.03
散庭	0.03
贝瑟斯塔	0.03
彼得·金	0.03
泽西·乔	0.03
西蒙妮·贝特阿图	0.03
但凯洛格	0.03
范·塔伦	0.03
奥比·福克斯·科顿	0.03
斯奎克	0.03
巴卡巴卡	0.03
美贝莲·卡特	0.03
杰米逊	0.03
查尔斯摩顿	0.03
克莉拉	0.03
李凤朝	0.03
华士布干	0.03
克丽斯蒂	0.03
森伯斯特	0.03
用琳	0.03
史蒂夫迈耶	0.03
皲裂	0.03
伦皮	0.03
奥托·约翰森	0.03
氙气灯	0.03
斯莫奇	0.03
冯·斯特劳亨	0.03
德英	0.03
弃士	0.03
帕泰罗	0.03
纳斯克市	0.03
甘蒂丝	0.03
科因	0.03
两万四	0.03
加世	0.03
彼德·伊安诺	0.03
金少薰	0.03
克·弗洛伊德	0.03
让科曼奇	0.03
见风转舵	0.03
约翰·普莱斯利	0.03
汉尼拔尔	0.03
斯普劳特	0.03
梅奇	0.03
朱砂	0.03
民谚	0.03
真爱来	0.03
米尔瓦基市	0.03
中谷	0.03
霍尔奥兰	0.03
格米林	0.03
雷内·克莱尔	0.03
让斯诺	0.03
麦克斯贝尔	0.03
盼归	0.03
曾京斯	0.03
佛曼	0.03
三原色	0.03
牛羚	0.03
满高丽	0.03
乔伯	0.03
拉来多	0.03
达芬奇的斯福扎	0.03
哪根弦	0.03
多玛城	0.03
俊君	0.03
孔波斯特拉	0.03
文森特·托伯	0.03
罗斯克·可特安斯	0.03
圣玛丽村	0.03
让莫哈维	0.03
弗伍德	0.03
黛比·马歇尔	0.03
范干	0.03
莫林格	0.03
斜井	0.03
佛朗	0.03
文斯·哈丁	0.03
科员	0.03
自考	0.03
小钟	0.03
克罗尼·帕蒂兹	0.03
托尼格雷戈里	0.03
麦克戴尔	0.03
维吉	0.03
侠放	0.03
伊梅尔达	0.03
詹尼弗·格里	0.03
吐诉	0.03
奇桥	0.03
五八点	0.03
汉克林兹	0.03
韩东古	0.03
薮	0.03
木卫四	0.03
海雅·海拉利	0.03
施洛茨布茨	0.03
奥力奥	0.03
乌玛瑟曼	0.03
算学	0.03
淑静	0.03
纯平	0.03
萨穆埃尔·玛德	0.03
梅屈罗	0.03
牛科	0.03
贝内·贝拉克镇	0.03
二亿八千万	0.03
朱维	0.03
李文斯	0.03
他洛根	0.03
威尔·绍茨	0.03
维卡	0.03
狗天堂	0.03
力促	0.03
一九四五年	0.03
卡昂	0.03
种棉	0.03
克拉舍让	0.03
阿瑟·韦斯莱	0.03
让丽娜	0.03
商非	0.03
黑斯廷	0.03
杰克·弗莱根	0.03
费奥纳·肖	0.03
力主	0.03
唐纳兹	0.03
约翰·欧劳德	0.03
圣罗萨利亚	0.03
韩宿万	0.03
囍	0.03
一道波	0.03
安政年	0.03
门格勒	0.03
特里·斯塔尔	0.03
克里·艾肯	0.03
科林·汤普森	0.03
布莱安·琼斯	0.03
蚂	0.03
阅兵场	0.03
格雷格·金尼尔	0.03
曹让我	0.03
依格瑞	0.03
他罗依	0.03
迈克尔·基顿	0.03
罗杰·洛文瑟尔	0.03
克茨霍茨	0.03
安东尼奥·波普	0.03
佐达	0.03
艾尔沙	0.03
消协	0.03
德莫吉	0.03
卡朋	0.03
题为	0.03
斯沃森	0.03
骗税	0.03
抵账	0.03
稀树	0.03
奇普欧	0.03
佛手	0.03
别让我	0.03
中表	0.03
太白山	0.03
去职	0.03
疑难病	0.03
罗德会	0.03
金美素	0.03
杜嘉班纳	0.03
狗不理	0.03
尼奥他	0.03
准考证	0.03
择偶	0.03
中装	0.03
乔恩养	0.03
艾立克	0.03
卡狄亚	0.03
科农	0.03
丹碧斯	0.03
简妮达	0.03
尤里·格列特科夫	0.03
克里斯德罗克莱尔	0.03
拉格朗	0.03
古灵阁	0.03
戴维·维泽斯	0.03
包洛斯	0.03
梅玻丽	0.03
波伊提尔	0.03
麦克道格拉	0.03
小毕夫	0.03
威廉·马赫	0.03
赫克托真	0.03
草鸡	0.03
呈请	0.03
画地为牢	0.03
心维定	0.03
罗德丝	0.03
政治部	0.03
九百七十四万亿	0.03
贝第格	0.03
南锡	0.03
艾斯米拉达	0.03
查尔斯·狄根思	0.03
诸高阁	0.03
鲁宾斯	0.03
贤哲	0.03
丽娜斯	0.03
布来克德	0.03
倚顺	0.03
阿斯帕扎干	0.03
同京子	0.03
拉里·索科洛夫	0.03
哈特佛	0.03
布克特	0.03
史特加	0.03
府第	0.03
十九日	0.03
春运	0.03
葛莱德斯	0.03
话锋	0.03
丽·德奥丝塔	0.03
换文	0.03
朱特	0.03
让维克多	0.03
改革家	0.03
用料	0.03
不下于	0.03
素朴	0.03
淙	0.03
第四十六	0.03
亨利·马乔	0.03
该部	0.03
格拉斯顿伯里	0.03
牛痘	0.03
金美珠	0.03
脱胎	0.03
卡莉娜	0.03
洛丝卡	0.03
瑞契儿	0.03
泰戈伍兹	0.03
默特斯	0.03
娜塔莉他	0.03
鸡毛信	0.03
里克·奥康纳	0.03
希尔斯代尔	0.03
乌多夫	0.03
别露富	0.03
维康	0.03
波尔顿	0.03
加百列拉	0.03
卡武	0.03
艾洛克	0.03
三十三两	0.03
卡欧	0.03
布兰达·马科斯	0.03
雷文洛克	0.03
艰难曲折	0.03
罗伯特·路易斯·史蒂文森	0.03
奥德莉·瑞恩	0.03
维州	0.03
禍	0.03
查理冈加诺	0.03
脱色	0.03
维吉尼亚阿林顿	0.03
趔趄	0.03
九点三十	0.03
诺森布兰德	0.03
撒赖	0.03
谢丽丹	0.03
门太久	0.03
巴纳比·汤普森	0.03
糖酶	0.03
无本万利	0.03
大卫·亚伯特	0.03
马特利克斯	0.03
卡桑	0.03
危思安	0.03
胆囊炎	0.03
七马赫	0.03
让乔纳森	0.03
卡根	0.03
杰克瓦登	0.03
瑞德会	0.03
圣·奥尔本	0.03
接茬	0.03
多思利	0.03
春茶	0.03
莱昂内尔·麦克雷蒂	0.03
纪行	0.03
叶森·格雷戈维奇	0.03
比利·曼克维斯基	0.03
阿尼麦兹格	0.03
猜鲍勃	0.03
普图	0.03
沙科	0.03
科迪·马文特	0.03
坎皮奥内湖	0.03
管理所	0.03
吉瓦亚	0.03
比史密斯	0.03
博比·玛旺巴	0.03
德裔	0.03
打江山	0.03
阿多夫	0.03
麦克·蒙特斯	0.03
杰基·罗宾森	0.03
培训费	0.03
少年报	0.03
中高档	0.03
卡马胡安尼	0.03
道院	0.03
泡沫剂	0.03
缢	0.03
钱德尔	0.03
古兹曼	0.03
巴里·布里克曼	0.03
社稷	0.03
议论声	0.03
维家	0.03
佛格	0.03
罗德里格	0.03
埃德华·纳尔逊	0.03
迂	0.03
帕撒	0.03
周选歌	0.03
葛瑞法恩	0.03
莫尼卡·莱温斯基	0.03
萨尔斯堡	0.03
爱维娜	0.03
约翰尼·劳	0.03
申格	0.03
威尔纳·哈泽	0.03
萝卜干	0.03
以假充真	0.03
索尼·格拉索	0.03
弗雷德·麦克默里	0.03
艾尔摩	0.03
佩顿·曼宁	0.03
格哈德·里希特	0.03
若乔	0.03
社会性	0.03
帕特罗	0.03
科安德烈	0.03
武道	0.03
帕特丽夏本	0.03
圣·克劳德	0.03
格雷塔奥尔松	0.03
韦德纳	0.03
葛兰素	0.03
一万二千五	0.03
肠管	0.03
鬼蜮	0.03
常规战争	0.03
施姆克	0.03
莴	0.03
卡尔阿巴盖斯	0.03
卡崔普	0.03
奥利弗·温德尔·福尔摩斯	0.03
达考拉来	0.03
蓝宝时捷	0.03
雷会干	0.03
该院	0.03
沙卡沙库	0.03
油藏	0.03
夏树也	0.03
词谱	0.03
那卡门·尼贝尔	0.03
蒙玛特	0.03
凄清	0.03
廿六	0.03
贝斯平	0.03
楚曼和	0.03
和马丁	0.03
芭贝特	0.03
罗阿·杰夫·森威尔	0.03
维奎	0.03
情节性	0.03
二十九万七千	0.03
马拉卡纳	0.03
查理斯·贝西	0.03
编撰者	0.03
癸	0.03
伸腰	0.03
巴迪伟伯	0.03
莎伦·潘特	0.03
约翰·克里莫他	0.03
德斯塔莫纳	0.03
河博根	0.03
康斯坦泽·曼切丽	0.03
明眼人	0.03
十点十三	0.03
奈奥米	0.03
十点十一	0.03
猜克里斯	0.03
伯德里	0.03
要略	0.03
让索斯比	0.03
鲍勃·麦卡	0.03
维尔达西	0.03
中脑	0.03
布里亚	0.03
猜拉乌莉	0.03
洪秀	0.03
德载	0.03
阿尔奎萨	0.03
重聚秀	0.03
小霍华德	0.03
陈冠希	0.03
野物	0.03
约翰·克莱姆	0.03
维塔	0.03
耶希亚	0.03
比卡内尔	0.03
佝偻	0.03
索尔·凯勒	0.03
艾尔曼	0.03
西提斯贝	0.03
塔克镇	0.03
斯莫基	0.03
卡斯迪荣	0.03
维奥莉	0.03
二二	0.03
因特普	0.03
迈克尔·克尔普	0.03
克劳德·斯特林格	0.03
中国人民解放军	0.03
专业班	0.03
沃格尔	0.03
克拉肯	0.03
汉纳佛	0.03
胸鳍	0.03
奥特马	0.03
斯班科	0.03
力子	0.03
阿斯托瑞亚	0.03
酒饭	0.03
跪坐	0.03
胡安卡洛斯	0.03
若叶	0.03
圣爱德蒙	0.03
韩成俊	0.03
马恰尼塞	0.03
他厄斯	0.03
帕特里克·欧布赖恩	0.03
让麦克	0.03
科迪里亚·赛茨	0.03
杰里米·斯潘	0.03
塞沃伦斯	0.03
柳一西	0.03
米奇·帕特森	0.03
查普·坎德	0.03
朱迪·霍利	0.03
令媛	0.03
费尔费克斯	0.03
普茨	0.03
艾德加·胡佛	0.03
敢为人先	0.03
以一当十	0.03
骨质增生	0.03
艾瑞克·拉塞里	0.03
汤米若	0.03
德·比阿特丽斯	0.03
古吉拉特	0.03
朱欧	0.03
基思·理查德	0.03
素红	0.03
楝树	0.03
五万分之一	0.03
百分之一百四十五	0.03
约翰斯·霍普金斯	0.03
阿斯顿维拉	0.03
雅各布·科瑞格	0.03
姆巴	0.03
拉维加	0.03
帕斯捷尔纳克	0.03
朴英庶	0.03
养老保险金	0.03
纪子才	0.03
乔德	0.03
保险费率	0.03
邦政府	0.03
汤姆瑞	0.03
金才熙	0.03
约瑟夫莱	0.03
克拉苏	0.03
达顿克拉克	0.03
谢普利	0.03
娜达莎	0.03
海莲纳	0.03
埃若·弗林	0.03
罗斯诺	0.03
皮埃特罗	0.03
乔弟	0.03
韦士·曼土斯	0.03
他戴维	0.03
温尼波沙奇湖	0.03
沃奥夫	0.03
尼德海姆·罗伯特	0.03
舶	0.03
艾许顿	0.03
凯姆·普塔克	0.03
阿姆斯特勒	0.03
特瑞沃尔	0.03
无穷小	0.03
森刚	0.03
甜滋滋	0.03
森利	0.03
夏威兹	0.03
查德威	0.03
布莱德斯奇	0.03
裘抱好	0.03
玛格丽·杰勒德	0.03
多汗	0.03
店客	0.03
布·索萨	0.03
种羊	0.03
普拉米	0.03
液化气罐	0.03
陶氏	0.03
管理站	0.03
西敏寺	0.03
高恩杰佛	0.03
特·史拉姆	0.03
维吾尔	0.03
托派	0.03
陈其风	0.03
评阅	0.03
乔妮	0.03
约翰·古德曼	0.03
陆运	0.03
明恩	0.03
属区	0.03
住院处	0.03
蓝朱娜	0.03
令弟	0.03
森喜	0.03
乔夫	0.03
麦肯华勒	0.03
达苏尔·彼德麦尔	0.03
达达尼尔	0.03
顾自地	0.03
维加特	0.03
腹稿	0.03
威廉·皮波地	0.03
克兰斯伯格	0.03
安柏和	0.03
琼蒂	0.03
睫状体	0.03
周光悦	0.03
巴兹·奥尔	0.03
女朋	0.03
岩质土	0.03
福雷泰	0.03
契斯威克	0.03
车开成	0.03
蒂姆·肯尼迪	0.03
卡内菲克	0.03
德雷	0.03
金恩贞	0.03
三棱镜	0.03
农民起义	0.03
迈可·杰克逊	0.03
哥拉斯通布里的卫曲德	0.03
瑞姆斯丹	0.03
呖呖	0.03
弗兰基·库克	0.03
詹姆斯·洛特	0.03
维尔沃德	0.03
罗德岱	0.03
伦戈	0.03
加娜	0.03
相敬如宾	0.03
居民点	0.03
范强尼	0.03
哀怜	0.03
德锦	0.03
特拉斯·科纳斯	0.03
斯坦利干	0.03
达拉克	0.03
罗德开	0.03
强尼毕	0.03
佛爷	0.03
埃德·哈里斯	0.03
让达格	0.03
斯玛特	0.03
姜根富	0.03
厚此薄彼	0.03
容量瓶	0.03
德斯汀	0.03
雷佐尼	0.03
骨膜炎	0.03
大宫	0.03
莱夫·耐	0.03
奥特鲁	0.03
愈远	0.03
哼唧	0.03
阿尼卡·诺尼·罗斯	0.03
最强音	0.03
汉斯真	0.03
佩斯基	0.03
陶森	0.03
素和金	0.03
德雷帕	0.03
狗泰森	0.03
卡罗林·海斯	0.03
斯莫伊	0.03
邓布利	0.03
布夏尔	0.03
威·菲利浦	0.03
克莱尔·蒂	0.03
平顿	0.03
乔士华·劳拉比	0.03
凯夫拉尔	0.03
灵灵	0.03
理查·波贝	0.03
净利	0.03
苏恺	0.03
发花	0.03
金镇贞	0.03
和里德	0.03
吉米·波普	0.03
乔治·巴沃特	0.03
杜格拉斯格雷	0.03
人本主义	0.03
查铺	0.03
爱德蒙·坎特罗	0.03
吉哈德	0.03
莱尼·布朗	0.03
祟	0.03
用报	0.03
乔娜	0.03
舒格建	0.03
贝基·莫通	0.03
養	0.03
桑那费	0.03
灵缇	0.03
布里姬	0.03
一力康	0.03
斯瑞克	0.03
卡立	0.03
陶柏	0.03
用活	0.03
福罗多	0.03
幸吉	0.03
约拉	0.03
李健安	0.03
坦伯顿	0.03
先天下之忧而忧	0.03
单久·艾普斯	0.03
百分之三十五	0.03
朵夫·古曼	0.03
克里奈克斯	0.03
约翰尼·洛斯	0.03
爱瓦伦丁	0.03
他史密斯	0.03
德比郡	0.03
不定冠词	0.03
陶术	0.03
特雷莎·桑切斯	0.03
哈尔·马季	0.03
用润	0.03
马可真	0.03
乔恩会	0.03
两万七	0.03
两万一	0.03
八五年	0.03
两万三	0.03
睿智者	0.03
维纳斯·塞丽娜·马龙·琼斯	0.03
汉格斯	0.03
德里洛	0.03
土尔曼	0.03
两万两	0.03
安普维	0.03
雷蒙多	0.03
毛迪	0.03
朗贝尔	0.03
八万五千	0.03
波托麦克	0.03
吉内西	0.03
毛边	0.03
贝埃尔	0.03
博什刚	0.03
两万二	0.03
韦恩斯坦	0.03
麦克沃斯	0.03
用波	0.03
爱达	0.03
斯瓦登·斯瓦森·布鲁姆	0.03
昏眩	0.03
前臼齿	0.03
弗伦斯堡	0.03
吉野家	0.03
维丁	0.03
连续流	0.03
马瑞欧	0.03
吉姆哈本	0.03
腐蚀剂	0.03
两点十六	0.03
产中	0.03
罗波安生	0.03
集散	0.03
佛罗烈达	0.03
炼焦炉	0.03
保罗·普莱兹瓦拉	0.03
罗宾·赫顿	0.03
题写	0.03
他费茨	0.03
遜	0.03
上半期	0.03
向雪平	0.03
阿尔德盖特	0.03
孤儿寡母	0.03
布拉库西	0.03
振振有词	0.03
迈尔斯·戴森	0.03
瓦博斯	0.03
自营	0.03
四百零七	0.03
阿赫诺	0.03
列尼·柯尔	0.03
斯沃琪	0.03
野本	0.03
发运	0.03
地拉那	0.03
章才	0.03
帕兰特	0.03
和布莱尔	0.03
封臣	0.03
杭州	0.03
蚩	0.03
戴尼尔森	0.03
欣斯代尔市	0.03
杜塞多夫	0.03
多米尼克·特伦托	0.03
南宗宇	0.03
塔拉哈西	0.03
电介质	0.03
永存之	0.03
馬	0.03
吸附器	0.03
克莱勃斯	0.03
海明威都	0.03
孟德烈	0.03
迪葛斯鲁迪葛斯	0.03
邓甲	0.03
十九秒	0.03
晴子	0.03
崔裴达胡	0.03
谵妄	0.03
科林顿·戴瓦	0.03
外婆桥	0.03
文·迪赛尔	0.03
李东夏	0.03
猪鬃	0.03
销售税	0.03
艾尔留	0.03
露头	0.03
伦比	0.03
帕特里克·希尼	0.03
荣真	0.03
水野顺	0.03
史蒂夫·旺德尔	0.03
拉克勒斯	0.03
阿尔法·罗密欧	0.03
购货	0.03
成几十亿	0.03
奥斯助	0.03
闱	0.03
周天	0.03
沃尔斯	0.03
玛雅·安格	0.03
阿姆斯特朗让乔乔·怀特	0.03
托文	0.03
安弟他	0.03
鲁滨孙	0.03
泰戈尔	0.03
森工	0.03
四百分之一	0.03
莱夫考依茨	0.03
史林基	0.03
安塔布斯	0.03
斯蒂维·温德	0.03
贾林·科米西	0.03
木卫三	0.03
马可马巴夫	0.03
迪士尼艾普卡特	0.03
姆勒	0.03
四百九十万	0.03
菲尔·拉扎勒斯	0.03
弗莱·康斯蒂勒斯·马萨勒斯	0.03
聘为	0.03
诺瑞	0.03
博兹瓦纳	0.03
暂行	0.03
诺琳	0.03
四十三分	0.03
负百万	0.03
若布	0.03
腾越	0.03
按劳分配	0.03
奥里瑞	0.03
兰治	0.03
若帕	0.03
木呆呆	0.03
吉恩会	0.03
他鲁勒	0.03
维奥里	0.03
马丽娅	0.03
斯班瑟	0.03
酱瓜	0.03
哥罗西	0.03
極	0.03
托马斯·瑞姆斯	0.03
娜塔莉娅	0.03
净增	0.03
本奥斯丁	0.03
索尼·楚拉夫	0.03
猜维吉尔	0.03
布里尼	0.03
迈克墨多克	0.03
法拉·福斯特	0.03
金美敬	0.03
购车	0.03
麦克斯韦·安德森	0.03
泽斯廷提	0.03
拉多汤米韦伯	0.03
沷	0.03
毛裤	0.03
桑加·海妮	0.03
鬼灵精	0.03
姆凯	0.03
小安迪	0.03
邦达威	0.03
加内	0.03
奥赛罗里	0.03
米罗·兰巴迪	0.03
托杰	0.03
金拉拉	0.03
地霸	0.03
萨提科伊	0.03
阿尔佛雷德	0.03
纷纭	0.03
切尔·布克曼	0.03
贝弗里	0.03
约翰·库格·麦伦	0.03
糬	0.03
黄永江	0.03
佛雷第	0.03
超范围	0.03
姗娜	0.03
席维特·克拉克	0.03
春霞	0.03
荷莉雅	0.03
店址	0.03
列高	0.03
巴耶什尼科夫	0.03
花献佛	0.03
里德·达文	0.03
库里奥勒	0.03
悦己	0.03
吉野川	0.03
瑞克派瑞	0.03
周美偶	0.03
乔刚	0.03
安泰	0.03
张宪宗	0.03
泰·迪格斯	0.03
克劳德特·科尔伯特	0.03
露西亚·切斯	0.03
罗伯特·约翰逊	0.03
托夫	0.03
唐·马丁利	0.03
迪恩城	0.03
梅顿	0.03
一万一千四百	0.03
彼得·布雷克	0.03
坟茔	0.03
瑞德斯	0.03
蔡润宣	0.03
蹴	0.03
宝嘉康蒂	0.03
爱斯卡特	0.03
可用性	0.03
命令状	0.03
伦坡	0.03
巴特比·基恩斯	0.03
不信子	0.03
力比	0.03
比尔·布坎兰	0.03
欧莱雅	0.03
成成	0.03
奥布瑞恩	0.03
德克萨思休斯顿	0.03
白皑皑	0.03
防护门	0.03
弦月	0.03
齐尔莫	0.03
霍尔木兹	0.03
阿姆布里斯特	0.03
得人心	0.03
德艺校	0.03
弗洛斯	0.03
史卡戴尔的哈利罗特	0.03
普拉亚	0.03
梅尼克	0.03
别让法兰克	0.03
维皮	0.03
蓓拉	0.03
甲贺方	0.03
凯瑟琳干	0.03
素以	0.03
五七年	0.03
刘·华莱士	0.03
池沼	0.03
嵌套	0.03
印迪	0.03
雷德伍德	0.03
科盲	0.03
莫桑比克人	0.03
母星太	0.03
帕萨德纳	0.03
陶布	0.03
乔氏	0.03
奥德雷	0.03
点题	0.03
克里斯戴维斯	0.03
谢默斯他	0.03
舞狮	0.03
珍妮芙洛佩兹	0.03
林吉扬	0.03
贝斯特	0.03
用圣	0.03
杰奎琳·威尔考克斯	0.03
降糖	0.03
莫·奥克利	0.03
莫索普	0.03
镮	0.03
奥沙克	0.03
查德·海耶	0.03
春之雪	0.03
汤姆真	0.03
卡莱卡兹	0.03
胡帝中	0.03
夫会	0.03
乌玛·舒曼	0.03
种仁	0.03
两点三十	0.03
韦斯普奇	0.03
饶有兴致	0.03
亨得里克斯	0.03
麦肯锡	0.03
加洛	0.03
马琳达的芬迪	0.03
尤太人	0.03
蜡质	0.03
斯坦维克	0.03
亨利·瓦莱特	0.03
棚外	0.03
经济界	0.03
荣高来	0.03
西奥瓦诺	0.03
于剑	0.03
斯本瑟	0.03
珍妮·乌姆里奇	0.03
换代	0.03
死而后已	0.03
汤姆贝克	0.03
伊丽莎白·阿姆斯特朗	0.03
艾佛生	0.03
圣·尼古拉斯	0.03
门萨	0.03
莉蔚	0.03
亚伯拉罕·克里茨基	0.03
内尔逊·曼德拉	0.03
时评	0.03
十五十六	0.03
洁米·威尔斯·桑摩斯	0.03
杰克土特曼	0.03
葛毕克	0.03
苍苍	0.03
侯门	0.03
布拉泽尼亚	0.03
用典	0.03
大卫·史蒂文斯	0.03
凯塞林	0.03
席尔薇	0.03
蛗	0.03
三亿四千八百万分之一	0.03
七零	0.03
查理·狄龙	0.03
科玛	0.03
前锋线	0.03
渔妇	0.03
维吉尼亚克贝	0.03
章山	0.03
克里斯托纳赫	0.03
海之	0.03
齿条	0.03
李东昆	0.03
火腿肉	0.03
宠辱不惊	0.03
威达	0.03
特兰斯图	0.03
乔森	0.03
危言	0.03
珍曼丝菲	0.03
忽左忽右	0.03
长雏菊	0.03
索菲·多诺万	0.03
矢志不移	0.03
奥罗拉城	0.03
科布尔	0.03
肋膜炎	0.03
露怯	0.03
凯尔凯尔	0.03
须永	0.03
林春爱	0.03
盖乌斯·优利乌斯·恺撒恺撒	0.03
卡拉玛丽	0.03
黄皮子	0.03
金美希	0.03
瞌	0.03
斯努普·道格	0.03
才来巴罗	0.03
布里摩	0.03
哈兰·奥格威	0.03
下野	0.03
莫庄尼	0.03
基安蒂	0.03
沃伦·比提	0.03
弗吉尼娅	0.03
韩亚	0.03
朱里斯·霍瓦	0.03
尤金·德布鲁	0.03
史塔顿	0.03
伊果	0.03
徽号	0.03
韩姬淑	0.03
引水渠	0.03
布里柯	0.03
小高	0.03
奇特·达西	0.03
比利·巴尔	0.03
加榴	0.03
卢夫蒂格	0.03
阿伦·弗里曼	0.03
基纳加	0.03
介绍费	0.03
印裔	0.03
召之	0.03
倏	0.03
召义	0.03
鄂尔	0.03
威廉·马修·伯恩	0.03
忽悠悠	0.03
清华	0.03
唐哥	0.03
若斯	0.03
瓊	0.03
德·格伦	0.03
奥斯格	0.03
卡斯帕尔	0.03
巴沙扎·盖提	0.03
错金	0.03
宽银幕	0.03
小吃部	0.03
大卫·理查德森	0.03
悲伤欲绝	0.03
屠马	0.03
钌	0.03
拱柱	0.03
大萧	0.03
诺丁	0.03
财团法人	0.03
薛莉	0.03
相控阵	0.03
帕特·格瑞	0.03
急火火	0.03
走读	0.03
斯·格鲁塔斯	0.03
丽莎梦露	0.03
露拉	0.03
佩茜	0.03
朴英正	0.03
麦克卡菲	0.03
少年人	0.03
勃·杜克	0.03
阿瓦帕	0.03
阿尔·哈费兹	0.03
格楚德·巴罗	0.03
约翰梅尔	0.03
弗兰克·哈克	0.03
机动船	0.03
力挫	0.03
托克	0.03
灵体	0.03
灵位	0.03
要则	0.03
尼萨德	0.03
科罗	0.03
擳	0.03
托兰	0.03
希罗尼姆斯·博施	0.03
殿时	0.03
华利会	0.03
亨利·克瑞格	0.03
小兰肯斯坦恩	0.03
波罗尼	0.03
米切尔可真	0.03
艾尔·格林格	0.03
纳塔莎·冯布劳	0.03
杜拜让	0.03
艳克己	0.03
西蒙奈兹	0.03
永达	0.03
加曼	0.03
赖士图	0.03
阿甘勒	0.03
皮卡迪	0.03
赛米安	0.03
加普	0.03
科级	0.03
森森	0.03
亚考夫·施普林格	0.03
乔治·艾略	0.03
泰德·米切尔	0.03
迄	0.03
韦尔纳·福斯	0.03
力拼	0.03
布里格	0.03
真剑来	0.03
卡门基	0.03
猜来猜	0.03
真爱传	0.03
雨夹雪	0.03
辛蒂·金	0.03
托博	0.03
奥克拉荷马城	0.03
艾明穆尔	0.03
让巴里	0.03
章勋	0.03
埃德加·伯尔根	0.03
乔松	0.03
餍	0.03
奥米博	0.03
阿兰·帕西	0.03
罗克鲁瓦	0.03
凯伦·海因斯德	0.03
雷森	0.03
费尔南多·德·莫纳斯	0.03
布来尼	0.03
后半期	0.03
史蒂芬·克恩	0.03
题意	0.03
和淑子	0.03
丹尼尔留	0.03
比律子	0.03
曼声咏	0.03
普米特	0.03
侄外孙	0.03
詹妮弗洛佩茨	0.03
莎拉·谢尔东	0.03
嘉宏德	0.03
迈克·法兰斯	0.03
斯坦布鲁纳	0.03
安格斯比	0.03
纳塔里亚	0.03
凯伦·海因斯干	0.03
西尔维娅·普拉斯	0.03
文·康纳利	0.03
德·杜朗	0.03
朱儿	0.03
那波子	0.03
但路易斯	0.03
鲍勃·代安	0.03
伊鲁达	0.03
阿诺莫杜	0.03
克吕格	0.03
棉袄	0.03
外语课	0.03
席间	0.03
鄂克	0.03
李健格	0.03
吉姆·莫瑞森	0.03
谢德勒	0.03
玛各丽斯	0.03
戴尔蒙德	0.03
六百二十万	0.03
消火栓	0.03
奥菲拉	0.03
文常	0.03
草雏菊	0.03
高基波	0.03
雷蒙氏	0.03
林克·拉尔金	0.03
拜天地	0.03
强尼凯	0.03
圣安妮·玛丽	0.03
德维安·埃利桑多·卡马乔	0.03
鲁宾人	0.03
塞梅宁	0.03
化友	0.03
妮可拉	0.03
马尼提	0.03
拉罗什福科	0.03
要图	0.03
失和	0.03
普莱诺	0.03
肯韦伯	0.03
阿第	0.03
马利亚来	0.03
亚斯·登特	0.03
朝语	0.03
下饭	0.03
和蔓叶	0.03
上馆子	0.03
维罗妮卡都	0.03
钱存好	0.03
赫克托·佩兹	0.03
朗尼·梅西尔	0.03
戴上长	0.03
杰森·斯通	0.03
他罗杰	0.03
查特豪斯	0.03
比雷蒙德	0.03
心静如水	0.03
汗浸浸	0.03
象鹰	0.03
露梁	0.03
戴安塞尔	0.03
萨凡纳	0.03
孙儿正	0.03
书今秋	0.03
轻兵	0.03
苛捐杂税	0.03
佗	0.03
维利·梅斯	0.03
班德拉斯	0.03
伦娜	0.03
阿瑟·克拉克	0.03
下首	0.03
难民潮	0.03
歌利亚的大卫	0.03
野史	0.03
李东泽	0.03
梅尔德里姆	0.03
歼敌	0.03
布拉德·斯波尔特	0.03
抗震救灾	0.03
陶冶	0.03
吡啶	0.03
康坦斯	0.03
追认	0.03
朝西	0.03
卡达德拉	0.03
科尔里奇	0.03
杰安特·迪斯贝阿	0.03
洛克维尔	0.03
上半叶	0.03
贝斯纳	0.03
黛娜·肖	0.03
梅雷	0.03
力斯	0.03
圣路易奥比斯堡	0.03
库地	0.03
贝斯·努斯	0.03
朝见	0.03
布莱恩·迪奈尔	0.03
阿各拉	0.03
金美善	0.03
巴恩哈特	0.03
博朗查德	0.03
亚甲兰	0.03
煞住	0.03
坎普内拉	0.03
拉思伯恩	0.03
克米恩	0.03
比哈林·威尔逊	0.03
贺姆斯代尔	0.03
尼克·福瑞	0.03
弗兰克·弗林	0.03
克莱伦斯·戴罗	0.03
波尔修斯	0.03
的希拉	0.03
斯考克的莉兹	0.03
沃菲	0.03
提摩西·赖瑞	0.03
布来姬	0.03
阿德博特	0.03
罗德里克·范·布罗肯席波	0.03
米哈依尔·卡拉托佐夫	0.03
埃迪·托宾	0.03
问南茜	0.03
蒋尹伦	0.03
奥布松	0.03
安杰里托	0.03
安尼塔·德尔维奇奥	0.03
吉尔·安	0.03
约翰·沃尔夫冈·冯·歌	0.03
奥布朗	0.03
西尔克伍德	0.03
库德卡拉达斯克库尔	0.03
乔希·弗莱德曼	0.03
凯文·菲德兰	0.03
性行	0.03
令箭	0.03
朱尔斯堡	0.03
卡特·汤姆逊	0.03
戈尔·维达尔	0.03
斯·帕佩利	0.03
林斯托	0.03
朝露	0.03
四千一百万	0.03
永隆	0.03
维柯	0.03
古已有之	0.03
莱斯利·弗里曼	0.03
欧文·拉扎尔	0.03
维林	0.03
比珍妮让汤米	0.03
麦克斯·比亚里	0.03
晓茵	0.03
站队	0.03
约瑟夫·费希尔	0.03
諧	0.03
丁克曼	0.03
吉那	0.03
娜欧密芬塞克	0.03
吉邦	0.03
黛安娜·刘易斯	0.03
埃斯帕尔查	0.03
弃夫	0.03
若珍	0.03
崔郡长	0.03
河溪谷	0.03
麦克尤文	0.03
圣·瓦伦丁他	0.03
涨幅	0.03
帕拉马斯	0.03
科查	0.03
象茶	0.03
怀勒	0.03
勒鲁伊·杰克逊	0.03
波贤	0.03
倖	0.03
布罗基特	0.03
施蒂里亚	0.03
驱虫剂	0.03
鹭鸶	0.03
避难权	0.03
十年如一日	0.03
斯摩本	0.03
鸡蛋壳	0.03
贝比亚	0.03
埃尔伯	0.03
伊芙·安格	0.03
沙夫勒	0.03
本息	0.03
海恩里西	0.03
区级	0.03
摩尔娜	0.03
戴伦·麦克罗伊	0.03
静力学	0.03
托依布恩	0.03
拉姆福德	0.03
斯班塞	0.03
邓强	0.03
沙腾	0.03
冯布劳	0.03
里约瑟科	0.03
屯子	0.03
雷之谷	0.03
吕西安	0.03
我邦	0.03
维族	0.03
卡罗琳娜·海莱娜	0.03
亲家母	0.03
西进发	0.03
后缘	0.03
宿体	0.03
巴特侯德	0.03
夜来香	0.03
维文	0.03
布卡塔	0.03
浮浅	0.03
韩瑟尔	0.03
萨米尔叶兹	0.03
脍	0.03
夏尼伯觉	0.03
巴高斯	0.03
讦	0.03
丧权辱国	0.03
方航	0.03
温德维尼斯	0.03
西尔维斯特	0.03
詹姆斯·瓦特	0.03
何帕龙	0.03
博里斯	0.03
黛来差	0.03
尼尔森基丁	0.03
位次	0.03
克里斯·马修斯	0.03
文化界	0.03
急务	0.03
内布	0.03
谈成先	0.03
杰克·盖斯默	0.03
纳沙尼尔	0.03
飒爽英姿	0.03
麦克唐纳才让	0.03
尹惠英	0.03
阿格列	0.03
佛基	0.03
詹姆斯卡梅隆	0.03
永锁	0.03
爱德华·摩多克	0.03
溢洪道	0.03
维洛尼卡	0.03
皮诺斯	0.03
约翰·基尔布莱德	0.03
鬼灵兵	0.03
姊夫	0.03
史柏淳	0.03
私企	0.03
软脂酸	0.03
边克斯达	0.03
佩斯瓦	0.03
乔瑞金	0.03
渼	0.03
政治委员	0.03
边周延	0.03
百分之三点七	0.03
凯帝	0.03
韩式	0.03
和卡帕	0.03
光导纤维	0.03
克里斯托弗·哥伦布	0.03
诺巴	0.03
汉尼拔·莱克托	0.03
悦目	0.03
西可迪	0.03
罗杰威瑟斯	0.03
保安器	0.03
侠剑	0.03
圣高敦斯	0.03
罗布·马歇尔	0.03
维内格	0.03
绍尔根泰德	0.03
罗杰·莫莱	0.03
机场路	0.03
召尔	0.03
斯科特得	0.03
韦克斯勒	0.03
头朝东	0.03
奥里巴	0.03
阿丽西亚	0.03
要亮	0.03
桂花	0.03
轮舱	0.03
时鲜	0.03
海达尔	0.03
一家家	0.03
卡培	0.03
卡基	0.03
绵东	0.03
阿秋	0.03
希沙克	0.03
帕特克劳斯	0.03
巴克·欧文斯	0.03
阿伯林	0.03
克莱·艾肯	0.03
奇普塞	0.03
短号	0.03
及时雨	0.03
乔·鲍沃斯	0.03
瑶池	0.03
奈尔利斯	0.03
春丽传	0.03
点穴	0.03
锫	0.03
佛兰尔	0.03
解松点	0.03
卡瓦列里	0.03
奥马尔·阿南	0.03
葛瑞费斯	0.03
马修·吉尔斯	0.03
雪龙	0.03
韩庚	0.03
齐木来	0.03
永邦	0.03
尼希	0.03
萨雷西	0.03
托伯	0.03
卡哉	0.03
安琪拉·里维斯	0.03
若留	0.03
艾迪·奥利里	0.03
奥格斯丁	0.03
绕弯儿	0.03
托佛	0.03
崔佛斯	0.03
华会爱	0.03
良药苦口利于病	0.03
会发彪	0.03
让斯帕拉赞	0.03
萨姆·塞缪尔	0.03
吉恩·保罗	0.03
妇幼	0.03
網	0.03
马特·斯蒂芬	0.03
布达佩	0.03
艾伯特·劳伦特	0.03
哬	0.03
霍利会	0.03
集合号	0.03
安菲他明	0.03
威利格拉夫	0.03
桑威治	0.03
安娜·拉米尔茨	0.03
阿格尼·德·米尔	0.03
罗伯·迪恩·达登	0.03
自耕农	0.03
太荣欣	0.03
明春	0.03
圣凯瑟琳	0.03
卡塔克罗奇波	0.03
癌肿	0.03
阿伯斯	0.03
玛利·洛·瑞腾	0.03
基娜妮	0.03
斯科特尼	0.03
萨克伍兹	0.03
吉米塞诺	0.03
拉里·佛兰芒	0.03
榔	0.03
和明信	0.03
普拉塔	0.03
托人	0.03
大卫·萨斯金	0.03
语助词	0.03
君特刚	0.03
蓓瑞	0.03
布洛茨霍茨	0.03
长编	0.03
军事科学	0.03
费凯莉	0.03
盖博洛	0.03
诺兹	0.03
春之谷	0.03
马科·霍查	0.03
托蒂·艾伦	0.03
弗兰克罗宾逊	0.03
华尔滋	0.03
露娜让	0.03
甘兰	0.03
安吉拉·布洛姆斯泰德	0.03
王天后	0.03
阿提娅约	0.03
使手机	0.03
金才宗	0.03
桥头堡	0.03
陴	0.03
贝蒂·戴维丝	0.03
韦恩·克莱默	0.03
布莱伍德	0.03
比托马斯	0.03
韦斯福特	0.03
夏丽逸	0.03
班迪·迈克安什	0.03
铈	0.03
傻呵呵	0.03
伦伦	0.03
盐度	0.03
贴现率	0.03
冯·特拉普	0.03
行健	0.03
赫克勒斯	0.03
汉森·本森	0.03
内特·斯卡波罗	0.03
昌丁	0.03
玛丽·布兰兹	0.03
轮辋	0.03
伊吹	0.03
冶金学	0.03
外出血	0.03
伊森他	0.03
讨饶	0.03
浮光掠影	0.03
侠影	0.03
灵床	0.03
凡·赫夫林	0.03
雅格布·费舍尔	0.03
若莱达	0.03
黄金海岸	0.03
本杰明·斯特劳斯	0.03
徐武京	0.03
克雷克斯	0.03
殷红	0.03
洁米·弗洛伊德	0.03
冰格里	0.03
大卫·伯格	0.03
达斯提弗赖伊	0.03
艾尔卡	0.03
流芳	0.03
力道山	0.03
妻儿老小	0.03
商法全	0.03
小鹤	0.03
奥里卡	0.03
南尚美	0.03
佳哈	0.03
家独书	0.03
艾克利	0.03
让劳拉·伯恩汉姆	0.03
加拉夫	0.03
米尼苏达	0.03
狗毛	0.03
圣塔罗莎	0.03
维斯考特	0.03
佛庄	0.03
混世魔王	0.03
素喜	0.03
七千五	0.03
布鲁逊纳可夫	0.03
廉政	0.03
军业重	0.03
阿特·福尔泽	0.03
十一二点	0.03
诺利	0.03
查理拉泽若	0.03
梅茜	0.03
齿龈炎	0.03
周云鹤	0.03
乌特兰	0.03
梅茨	0.03
阿姆瑟特	0.03
梅茵	0.03
素君	0.03
威尔伯·罗宾逊	0.03
胡汉三	0.03
可读性	0.03
内因	0.03
科沃	0.03
别光用	0.03
伯格斯洛·科斯特斯基	0.03
杰克的凯蒂	0.03
加瑟	0.03
国家所有	0.03
于杰克	0.03
浏	0.03
博迪·邦德海格	0.03
科波	0.03
华士布撒	0.03
帕沃斯	0.03
嬉水	0.03
屯兵	0.03
哈德森·普拉特	0.03
四书五经	0.03
周美玲	0.03
多尔多	0.03
葛莱密斯	0.03
南尚秀	0.03
吉尔霍奇	0.03
哈士	0.03
外耳道	0.03
鍊	0.03
亨利·福斯特	0.03
佛堂	0.03
赛伊德	0.03
玛奈利	0.03
玛丽莎·艾瑟里奇	0.03
和彬格莱	0.03
咖啡碱	0.03
卢·瑞德	0.03
克拉克·盖伯	0.03
溪边	0.03
琳达·皮斯里	0.03
卡市	0.03
佛罗烈达肯尼迪	0.03
力矩	0.03
颀长	0.03
皮卡蒂里	0.03
阿斯特里克斯	0.03
佛奇	0.03
查斯·菲茨杰拉德	0.03
卡尔斯·巴克利	0.03
契斯	0.03
范恩	0.03
胡比戈德堡	0.03
佛奥	0.03
佛兰哥	0.03
沃伦·比第	0.03
哈希姆	0.03
奥斯玛	0.03
威尔西镇	0.03
丹尼尔拉	0.03
比马丁尼	0.03
潘尼伯克	0.03
阿格尔	0.03
续借	0.03
伊迪斯	0.03
谢维利	0.03
皮特·特纳	0.03
斯密斯森纳	0.03
续假	0.03
他洛克	0.03
彭第安	0.03
布莱恩·戴维斯	0.03
彗	0.03
小礼拜	0.03
便民店	0.03
黛文	0.03
谈录影	0.03
朗朗	0.03
罗拉·迈特拉	0.03
帕德雷·尼格罗	0.03
大团结	0.03
野牛草	0.03
门首	0.03
史蒂文·西格	0.03
和哈罗德	0.03
斜率	0.03
凯特·斯蒂文斯	0.03
波芬	0.03
朝香	0.03
过民贞	0.03
范提	0.03
拉蒂芬	0.03
布鲁斯·丽	0.03
吴圣镐	0.03
凯瑟琳·巴伦	0.03
系统工程	0.03
安格妮思	0.03
降息	0.03
办校	0.03
维姆·文·德斯	0.03
肖恩·沃特斯	0.03
卡尼加拉	0.03
九泉之下	0.03
萨洛港	0.03
波茨	0.03
史库比	0.03
格林伯鲁	0.03
博姆法特	0.03
别理帕奎特	0.03
乌玛尔	0.03
让巴蒂	0.03
苍鹭	0.03
罗开特斯	0.03
巴士海峡	0.03
方达	0.03
加点	0.03
帕特里克·斯维	0.03
内利	0.03
罗穆卢斯	0.03
力道太	0.03
韩吉	0.03
米姆斯	0.03
乔特	0.03
科瓦楚克	0.03
奥黛丽·霍	0.03
葛兰会	0.03
罗尼里根	0.03
圣玛丽安	0.03
腋臭	0.03
迪伦得	0.03
埃格诺	0.03
盖·博吉斯	0.03
艾莉森·弗伦奇	0.03
亚非	0.03
尤佳	0.03
闭月羞花	0.03
罗莱克斯	0.03
南先镐	0.03
奥菲斯	0.03
欧克镇	0.03
尤伯	0.03
他梅尔	0.03
乔·科泰斯	0.03
德·里奥	0.03
城楼	0.03
费勒门可夫	0.03
猛追	0.03
格拉汉姆·罗斯	0.03
福井	0.03
和贞淑	0.03
欧哈拉	0.03
白莲	0.03
桑科·潘萨	0.03
康顺云	0.03
茸茸	0.03
压腿	0.03
补色	0.03
埃德蒙·邓蒂斯	0.03
山姆卫斯·詹吉	0.03
哈利·贝利	0.03
古鲁会	0.03
利奥纳德·尼莫伊	0.03
辞让	0.03
伊斯欧·赛皮恩	0.03
如生	0.03
理查德·德莱福斯	0.03
乔伊·雷蒙	0.03
于昆绍	0.03
湊	0.03
尤苏图	0.03
酣然	0.03
诺瓦蒂斯	0.03
马不马	0.03
约翰·多恩	0.03
笑貌	0.03
白花	0.03
巴尔卡恩	0.03
喜洛斯梅	0.03
因势利导	0.03
比本拉登	0.03
乔伊·马古奇	0.03
若唐纳德	0.03
兰尼库鲁诺阿	0.03
麦卡罗·希尔	0.03
金智善	0.03
康纳德	0.03
戴瑞尔	0.03
巴纳巴斯	0.03
佩蒂·艾伦	0.03
吉姆·茨威格	0.03
克洛埃西亚	0.03
郝芬	0.03
二百十五亿一	0.03
詹姆士·沃克	0.03
玛琳·普拉特	0.03
洛伊德·巴雷特	0.03
普洛庞	0.03
洛特维勒	0.03
普菲	0.03
群雄逐鹿	0.03
乔伊·库萨克	0.03
古都	0.03
开幕词	0.03
皇储	0.03
二一二	0.03
凌球	0.03
拉里·戈弗雷	0.03
利兰·范	0.03
查雅	0.03
詹姆斯·麦克罗伊	0.03
达朗内	0.03
萨里伯力	0.03
德沃拉干	0.03
二副	0.03
和杰斐逊	0.03
威廉·麦佛莱	0.03
刘涛	0.03
特德·贝利	0.03
留吉戴	0.03
奥利维耶·阿萨亚斯	0.03
李恩洙	0.03
丽西	0.03
挤占	0.03
卡里普索	0.03
布利昂	0.03
亚萨坎勒	0.03
凯茨	0.03
莫哈特湖	0.03
地峡	0.03
磞	0.03
即或	0.03
史蒂芬·兰帕德	0.03
补助费	0.03
谈兴	0.03
汉拉克	0.03
折旧费	0.03
帕潘德里欧	0.03
佳奈子	0.03
婉惜我	0.03
死区	0.03
安德鲁·诺顿	0.03
孪生子	0.03
平仓洞	0.03
冷冷清清	0.03
莱拉来	0.03
四连胜	0.03
肖恩·约翰	0.03
茹尼奥尔·帕莱塔	0.03
让尤兰达	0.03
卡特·法雷尔	0.03
库区	0.03
杰克·凯鲁亚克	0.03
哈利·普瑞奇	0.03
配器	0.03
戈宾达	0.03
比尔怀特	0.03
安国	0.03
数百万亿	0.03
米奇·科恩斯	0.03
幔帐	0.03
灰指甲	0.03
克洛格	0.03
套印	0.03
附着力	0.03
索温顿	0.03
让庞培	0.03
突击手	0.03
马席科娃	0.03
普兰特尼	0.03
西塞尔	0.03
爱迪森	0.03
瑞斯迪克	0.03
查基·约翰逊	0.03
法拉·福塞特	0.03
然康	0.03
都纳什维尔	0.03
汤米干	0.03
马盖尔·盖瑞	0.03
贺门	0.03
号哭	0.03
古迪纳夫	0.03
钢枪	0.03
同秋叶	0.03
改写本	0.03
大卫·布莱恩	0.03
出线权	0.03
害人虫	0.03
足协	0.03
古日尔曼	0.03
发证	0.03
克莉查	0.03
伊莎贝尔·布里斯托·沃恩	0.03
酣畅	0.03
李昂纳	0.03
御花园	0.03
特斯坦罗萨	0.03
三角尺	0.03
索子	0.03
斯戴尔特	0.03
辛格文	0.03
君度	0.03
丽迪	0.03
沃夫冈	0.03
柏克特	0.03
玛卡瑞娜	0.03
和艾萨克	0.03
真非	0.03
狂气	0.03
瓦莱约的莫伦奈克斯	0.03
德拉库特	0.03
凯莉·安	0.03
下学	0.03
翔实	0.03
垡	0.03
罗纳德里根	0.03
美航	0.03
奥古斯丁那本	0.03
稽核	0.03
狂澜	0.03
帕斯卡·勒克莱尔	0.03
和海明威	0.03
配发	0.03
铅印	0.03
德劳内	0.03
帕罗奥	0.03
劳拉·尼罗	0.03
斯巴达的海伦	0.03
盖纳	0.03
泰德克洛柴斯基	0.03
瑞尼尔山	0.03
山缪菲利斯	0.03
特雷西·查普曼	0.03
比尔考斯比	0.03
约翰科	0.03
羽化	0.03
白藜	0.03
艾斗	0.03
丝汀	0.03
斯科特兰德亚德	0.03
毛巾被	0.03
圣罗	0.03
德莱顿	0.03
凯利·拉什	0.03
布克纳比	0.03
汗青	0.03
迈克尔多	0.03
莉奇	0.03
碧罗林	0.03
菲尔洛恩	0.03
来犯	0.03
沃夫卡	0.03
采访记	0.03
猜汤姆	0.03
刚度	0.03
约翰·雷蒙	0.03
大罗特斯	0.03
欧纳·布特拉	0.03
莱珊德拉	0.03
比罗斯摩尔山	0.03
温斯利	0.03
藩国	0.03
佩卓来	0.03
协约国	0.03
白蒙	0.03
莉姬	0.03
德佐尔	0.03
哈维·索顿	0.03
真镐	0.03
金星奖	0.03
解放碑	0.03
格洛尔	0.03
阿莱蒂塔	0.03
汤姆鲍德温	0.03
白蓝	0.03
古镇	0.03
罗切斯	0.03
尼·范思哲	0.03
肃立	0.03
八二	0.03
比赛大	0.03
罗素·克吉尔	0.03
能者多劳	0.03
钾肥	0.03
萨沙他	0.03
古埃迪克	0.03
八亿	0.03
戴卡洛	0.03
凌霄	0.03
哓	0.03
米德湖	0.03
德·里克	0.03
八一	0.03
凸面	0.03
整军	0.03
集体主义	0.03
安在	0.03
泰迪·史密斯	0.03
齐格飞	0.03
外孙子	0.03
爱伊安	0.03
多拉多	0.03
落花生	0.03
莫妮卡·摩兰德	0.03
戈德尔	0.03
琪真	0.03
淮	0.03
费周章才	0.03
露皮塔	0.03
瓦瑟斯特姆	0.03
铅封	0.03
阿尔坎塔	0.03
减人	0.03
莎翁不会比奥赛罗	0.03
代夫	0.03
狄亚基雷夫	0.03
亚瑟·詹姆斯·埃尔默	0.03
人子升	0.03
造船业	0.03
亨利森	0.03
瓜拉	0.03
埃布拉克巴·阿克米图德	0.03
安吉拉·佩林	0.03
姬亚时	0.03
果必有	0.03
谈定	0.03
欧加皮尼	0.03
甘宾诺	0.03
革新派	0.03
克里帕特里克	0.03
渣土	0.03
哈格林	0.03
泽帕	0.03
丽莲	0.03
普理斯	0.03
康多莉萨·赖斯	0.03
特雷才	0.03
杰尔琳·斯迪	0.03
雷伊斯	0.03
朝发夕至	0.03
千万千万千万	0.03
鲁恩斯坦	0.03
尘垢	0.03
瓷盒	0.03
坦奇	0.03
配属	0.03
武装带	0.03
一五点	0.03
爱卡波拉	0.03
放卫星	0.03
泳港	0.03
鸸	0.03
克洛普	0.03
托尼·奥兰多	0.03
拉克普尔	0.03
所罗门群岛	0.03
闕	0.03
四千九百九十七	0.03
让铉	0.03
亚里桑纳	0.03
鲍伯凯特拉斯	0.03
斯坦福来	0.03
玄之又玄	0.03
丝狄克	0.03
伊欧参	0.03
利沙拉·苏克兰·阿尔希巴	0.03
勒贝克	0.03
斯瓦宾	0.03
马格利特	0.03
进见	0.03
鼠年	0.03
泰瑞沙留	0.03
暖湿气流	0.03
劳伦斯·缪提	0.03
陶俑	0.03
雷伊有	0.03
前奏曲	0.03
西冈忠夫	0.03
大解	0.03
罗斯福·富兰克林·德拉诺	0.03
普鲁诺	0.03
乔瓦尼·洛伦佐·贝尔里尼	0.03
初吻会	0.03
大观	0.03
圣狗	0.03
亲近感	0.03
参考性	0.03
四千三百三十四	0.03
马利欧	0.03
戴尔·斯密舍	0.03
瘫软	0.03
罗斯麦松	0.03
大褂	0.03
贝尔·查斯	0.03
五亿二十	0.03
埃迪·约翰逊	0.03
西蒙德	0.03
蝇拍	0.03
詹尼·罗宾逊	0.03
钢梁	0.03
尼古多	0.03
二子	0.03
伊丽莎白·雷卡丝	0.03
爱迪恩	0.03
冰锐	0.03
查杰克卡特	0.03
迈克尔刚	0.03
奥尔比亚	0.03
杰克费佛	0.03
四千三百三十六	0.03
库特让	0.03
提摩西·达顿	0.03
着着实实	0.03
穆曼艾费斯	0.03
杰克逊·布朗尼	0.03
杜宾斯基	0.03
埃拉普	0.03
菲力曼	0.03
瘦身	0.03
巴拉多	0.03
告示版	0.03
米奇威兹	0.03
帕特·麦卡锡	0.03
白边	0.03
屠格涅夫	0.03
杰瑞德·博因特	0.03
路易吉娜	0.03
施一礼	0.03
钱为荣	0.03
弗洛里达	0.03
二尉	0.03
校官	0.03
库尼	0.03
乔什哈奈特	0.03
菲力普	0.03
阳世	0.03
兰斯正	0.03
调查团	0.03
文理科	0.03
慎悟	0.03
查理·麦利威瑟	0.03
穆利根	0.03
可真	0.03
艾伦纳	0.03
大辉	0.03
对比色	0.03
红蓝超人	0.03
史坦·布鲁克斯	0.03
成千成万	0.03
佛洛克·瑟金斯基	0.03
圣琪	0.03
相泽	0.03
郑雨盛	0.03
谢米扬	0.03
圣球	0.03
卡尔·洛	0.03
缷	0.03
萨尔瓦多·阿兰德	0.03
赫莫萨	0.03
百万年	0.03
费尔法	0.03
树真	0.03
卢道	0.03
休养院	0.03
玛德琳·伊芙利	0.03
特拉维斯留	0.03
比洛西市	0.03
布鲁托丝	0.03
依莎	0.03
塞尔伯恩	0.03
朗普会拉	0.03
阿迪亚莫	0.03
马克·史密斯	0.03
巴特·博克曼	0.03
小传	0.03
小伏	0.03
的瓦	0.03
拉尔夫·韦德	0.03
现成饭	0.03
哈利法克斯市	0.03
甘宝秀	0.03
粗豪	0.03
劳拉·达诺斯	0.03
义无返顾	0.03
军烈属	0.03
阿特库斯	0.03
汉克·哈里斯	0.03
韦德的马	0.03
丽蓉	0.03
奴斗	0.03
加马蒂尼	0.03
鼠害	0.03
喀湖	0.03
尤金·奥尼尔	0.03
万语千言	0.03
不竭	0.03
埃弗拉考托斯	0.03
何吉斯	0.03
解梦中	0.03
生恩英	0.03
亚顿	0.03
塞米安	0.03
约翰·拉德里夫	0.03
痧	0.03
让金	0.03
小丘	0.03
菲格罗	0.03
佩里哥	0.03
大贯	0.03
沈曼云	0.03
亚道夫	0.03
海生照	0.03
史帕奇	0.03
醢	0.03
裝	0.03
大赋	0.03
小云	0.03
卡尔斯巴德	0.03
福建	0.03
普金	0.03
斯潘科威兹	0.03
肯永勒尼	0.03
小克	0.03
斯莱姆	0.03
一骑骑	0.03
来文	0.03
奇澳里	0.03
艾格·斯戴尔斯	0.03
芝士球	0.03
戈麦兹	0.03
史屈塞	0.03
福斯泰夫	0.03
小凡	0.03
将就	0.03
范斯高	0.03
迪克鲍登	0.03
圆柱体	0.03
让杰夫·高布伦	0.03
尘事	0.03
巴尼干	0.03
李杰洛	0.03
杰西卡·贝尔	0.03
散兵线	0.03
夏洛特镇	0.03
史密斯卫森	0.03
埃尔嘉	0.03
尼古加	0.03
让辛	0.03
福心	0.03
兹巴	0.03
美熙	0.03
雷班卡	0.03
芝士男	0.03
刀塞进	0.03
代恩秀	0.03
古菲	0.03
咬噬	0.03
普那	0.03
布鲁恩斯	0.03
珍贵性	0.03
渕	0.03
圣斯蒂芬	0.03
班基尔	0.03
柯塞尔	0.03
鸿鹄	0.03
杜伊娜	0.03
拉莉塔·维特克	0.03
贾柏	0.03
雷隆·布朗	0.03
里哲梦	0.03
人工湖	0.03
图特安哈门	0.03
玛莉·汉密尔顿	0.03
和尼尼	0.03
票证	0.03
小卢	0.03
小卡	0.03
查克特	0.03
迈克蒂斯	0.03
贤慧	0.03
侧面图	0.03
亨利王	0.03
李子树	0.03
辛西安	0.03
提泰妮娅	0.03
尤苏娜	0.03
瑟吉	0.03
米摩莎	0.03
六点四十五	0.03
咬啮	0.03
塞尔维亚共和国	0.03
铯	0.03
彼得拉	0.03
外设	0.03
亚藜	0.03
太良	0.03
二一年	0.03
让坎波斯	0.03
托尼·莱丁杰	0.03
费尔玛	0.03
安妮新	0.03
蒙塔班	0.03
戴卡夫	0.03
小发	0.03
玛利恩	0.03
贝拉·卢戈西	0.03
坐化	0.03
福将	0.03
巴塔格莉亚	0.03
誓师	0.03
周里	0.03
白里	0.03
阿奇巴尔德·赛蒙	0.03
嫔妃	0.03
阿法莉娜	0.03
维可汀	0.03
吐故纳新	0.03
梅艾迪	0.03
小剑	0.03
重来	0.03
我记	0.03
金中喜	0.03
普拉斯基	0.03
白道	0.03
肯普湖	0.03
博哲	0.03
伯纳德·费尔南德斯	0.03
史耐尔	0.03
帕西尼	0.03
玛·拉尼	0.03
蓝方宇	0.03
斯立姆	0.03
汉克·阿伦	0.03
扡	0.03
力所不及	0.03
弗拉迪米尔·斯内尔	0.03
名满天下	0.03
凯特·玛拉	0.03
美格拉	0.03
焦镜	0.03
小刘易斯	0.03
巴德尔·迈因霍夫	0.03
莱斯博尔	0.03
猜平	0.03
白霜	0.03
亚荣	0.03
凯莉·伯金斯	0.03
巴尔迪莫	0.03
托里诺	0.03
提姆兰汉	0.03
埃尔博	0.03
斯普鲁斯	0.03
减号	0.03
联控	0.03
亚茨	0.03
爱德华·沃斯勒	0.03
布格雷	0.03
斯伯德	0.03
凌成	0.03
杰克·斯塔布里奇	0.03
卡特彼勒	0.03
瑞兰达	0.03
外资	0.03
迈克尔·伯内特	0.03
别理麦克斯	0.03
卡莫洛斯	0.03
九泉	0.03
劈头	0.03
奥斯卡·范	0.03
来学武	0.03
普迪	0.03
普锐	0.03
博卓	0.03
平野教	0.03
小善	0.03
尤宁	0.03
亚特兰斯	0.03
帕斯罗伯斯	0.03
取报	0.03
史密森纳	0.03
憧	0.03
粗笨	0.03
杰西杰克逊	0.03
克斯坦	0.03
考特·特纳	0.03
古文化	0.03
默弗里斯伯勒	0.03
瑞利·波尔	0.03
尤娜	0.03
苏菲玛索	0.03
童玄	0.03
圣法	0.03
戴斯勒	0.03
总队	0.03
博列	0.03
尼共	0.03
炊事员	0.03
花生仁	0.03
免税店	0.03
格雷厄姆·普莱斯考特	0.03
朷	0.03
史努克	0.03
小咬	0.03
种植园主	0.03
格波多夫	0.03
欧金泳	0.03
试验区	0.03
凯门	0.03
联成	0.03
兰诺	0.03
索罗约	0.03
实心球	0.03
胡里胡涂	0.03
福士	0.03
于亚琛	0.03
符文和	0.03
虚胖	0.03
大钟	0.03
阿利桑	0.03
吉恩玛丽	0.03
孔庆翔	0.03
美寿寿	0.03
曼塔纳	0.03
朴基路	0.03
沃特·科	0.03
莫琳·西蒙丝	0.03
和埃文	0.03
重托	0.03
埃尔农	0.03
漠然置之	0.03
培尔穆特	0.03
阿利森	0.03
凡达奇	0.03
固件	0.03
芝士狗	0.03
惠特比	0.03
鲍博·约翰森	0.03
福塞	0.03
鹞子	0.03
安妮·玛丽	0.03
四百八十亿	0.03
蓐	0.03
布块	0.03
艾力山	0.03
爱迪达	0.03
将官	0.03
威基	0.03
哈里·里森纳	0.03
胡美尔	0.03
迈克尔·迈克唐纳德	0.03
亚瑟·凯斯特斯	0.03
我进	0.03
林河龙	0.03
埃莱科特拉	0.03
亚当他	0.03
费尔登	0.03
弗朗西斯·法默	0.03
鲍勃·加斯特曼	0.03
雷思	0.03
黎薇	0.03
我院	0.03
滴灌	0.03
赛亚·斯特恩	0.03
大锡	0.03
查菲	0.03
德·布鲁诺	0.03
福奇	0.03
伯拉克西特列斯	0.03
好善	0.03
克朗布尔	0.03
圣托斯	0.03
执法如山	0.03
斯凯莱	0.03
压阵	0.03
和尼娜	0.03
胡地	0.03
祖道克	0.03
费施曼	0.03
布鲁斯贝利	0.03
赠与税	0.03
克拉纳汉	0.03
约瑟夫·普拉提	0.03
嶙	0.03
恩尼格玛	0.03
本纳塔	0.03
吴孟达	0.03
大卫纽曼	0.03
克斯婷	0.03
贫农	0.03
查迪斯	0.03
休闲游	0.03
本·米歇尔	0.03
安德鲁伯洛	0.03
勒沙	0.03
引桥	0.03
魏伦汀	0.03
冉斯登	0.03
亚迪	0.03
嚴	0.03
酣梦	0.03
福特马	0.03
瑟吉欧	0.03
沉渣	0.03
劣种	0.03
钢箍	0.03
凯蒂·布拉特	0.03
玛勒斯·玛	0.03
出冷门	0.03
摧枯拉朽	0.03
麦克·考马克	0.03
第九十	0.03
苏圣	0.03
好学	0.03
博斯普鲁斯	0.03
黎东国	0.03
古诗	0.03
扎克·米勒	0.03
雷蒙多·本尼特兹	0.03
杂食	0.03
贝佛利·希尔	0.03
阿特斯坦	0.03
瓜其亚诺	0.03
遮丑	0.03
九一三	0.03
宫健二	0.03
屐	0.03
沃尔特惠特曼	0.03
卡珊德勒	0.03
查里斯	0.03
比莉丝	0.03
詹姆士·帕尔玛	0.03
莱斯里尼	0.03
莫列那	0.03
美格波	0.03
冰茶	0.03
福哉	0.03
塔尔皮亚	0.03
豆面	0.03
伙房	0.03
小马西	0.03
莱恩·赫金斯	0.03
五十五秒	0.03
我芬	0.03
蚋	0.03
凯马	0.03
利奥纳多留	0.03
德莫特·麦隆尼	0.03
约翰斯	0.03
换脑筋	0.03
济赛坡	0.03
德尔·普利特	0.03
约翰施	0.03
安东尼生	0.03
吉贝尔	0.03
贝尔维尤	0.03
萨姆·福斯特萨姆	0.03
史都贝克	0.03
凌治	0.03
洛伊斯·莱恩	0.03
小实	0.03
古街	0.03
锐减	0.03
布里克·塔木兰德	0.03
奥迪车	0.03
贝蒂·潘	0.03
好天	0.03
指靠	0.03
拜把兄弟	0.03
亚提娜	0.03
切·格瓦拉真	0.03
两千五百零一	0.03
比艾菲	0.03
拾又一	0.03
里奥哈	0.03
摩根马	0.03
暗示疗法	0.03
默瑞亚	0.03
包装费	0.03
六十三点五	0.03
爱德华·埃文斯	0.03
马不肯	0.03
波提加	0.03
让蕾	0.03
美联航	0.03
克里姆·阿尔德瓦斯	0.03
秋夏子	0.03
鲍威尔佩拉塔	0.03
弗朗索瓦	0.03
环星	0.03
乔什·卢卡斯	0.03
潘得斯基	0.03
昆腾	0.03
阿利文	0.03
白风	0.03
斯塔恩贝格堡	0.03
圣方	0.03
萨比尔	0.03
摩特莫丝·梅贝尔	0.03
谈一	0.03
维克托里亚诺·韦尔塔	0.03
小罗德尼	0.03
水利部	0.03
拓扑学	0.03
夏格艾胡力	0.03
依克巴	0.03
韦尔金斯	0.03
对本	0.03
弗莱德·甘利	0.03
仲仲	0.03
两万七千	0.03
大智	0.03
史黛夫	0.03
叶猴	0.03
棋赛	0.03
珍妮佛·洛佩兹	0.03
卡尔·佩金斯	0.03
白鸥	0.03
小温德尔	0.03
马尔萨斯	0.03
福友	0.03
三千六百万	0.03
史戴西能	0.03
瓜皮	0.03
大卫·爱默生	0.03
比罗夏	0.03
中宫直进	0.03
曼切斯特	0.03
南卡罗莱那	0.03
小将	0.03
丽霞	0.03
我薇	0.03
粗率	0.03
崔智友	0.03
阿里斯泰尔·麦格	0.03
尤加	0.03
维拉·王	0.03
斯基托·布朗森尼安	0.03
瑟宾	0.03
邓肯·汉斯	0.03
劳而无获	0.03
巴尔沙·塔里克	0.03
宋在浩	0.03
普利茅斯山	0.03
克拉普茅茨	0.03
巴瑞尔	0.03
二亿	0.03
路西亚诺	0.03
弓步	0.03
库仑	0.03
乌迪内	0.03
蒜瓣	0.03
燿	0.03
凡·丹	0.03
勒范特	0.03
罗伯特福根	0.03
迪比克	0.03
克拉普顿	0.03
二两	0.03
迪阿姆	0.03
他米歇尔	0.03
卢茨	0.03
卡尔来	0.03
锝	0.03
杜洛克	0.03
全过程	0.03
二世	0.03
里波特	0.03
古谚	0.03
本皮西特	0.03
米修	0.03
贺迪	0.03
理查森	0.03
彼得·福尔克	0.03
阿西利亚	0.03
忖	0.03
小德	0.03
克里斯蒂·威尔斯	0.03
二九	0.03
圣朱狄诺	0.03
太远	0.03
菲利普·韦恩赖特	0.03
耗油率	0.03
亚特	0.03
奥莉维亚三年	0.03
小席	0.03
必不可缺	0.03
曲奇耶	0.03
纽克拉路什	0.03
凯利博·汉克斯	0.03
埃利奥特都	0.03
威尔·克劳福	0.03
关凯	0.03
小布	0.03
瓜瓤	0.03
坐庄	0.03
锡德尼	0.03
罗基特	0.03
瑟姆	0.03
福兆	0.03
让肖恩	0.03
圣易	0.03
灌渠	0.03
梅洛迪·凯扎尔	0.03
二佰	0.03
折射率	0.03
他查尔斯	0.03
史威格	0.03
里查基尔	0.03
小库	0.03
李克·肖	0.03
普克珠	0.03
泽龙	0.03
通迅	0.03
格兰特瑞里	0.03
百分之九十八	0.03
六大洲	0.03
蚌壳	0.03
梅纳赫姆	0.03
巴姆斯	0.03
艾米里·杜瓦尔	0.03
莫尔托	0.03
尤利卡	0.03
米尔顿克罗斯	0.03
艾菲莫维奇·拉斯普亭	0.03
威尔康提	0.03
威廉姆·皮特	0.03
稜	0.03
阿纳容	0.03
亚瑟当	0.03
工工整整	0.03
餬	0.03
博杨	0.03
玛古	0.03
余在庆	0.03
埃胡德·巴拉克	0.03
小恩	0.03
帕塔拉	0.03
约翰马斯登	0.03
克罗斯考特	0.03
生文森特	0.03
抠门儿	0.03
门斯特	0.03
牛至草	0.03
玻璃砖	0.03
本·弗莱彻	0.03
保罗·怀特	0.03
石原聪	0.03
梅瓦特	0.03
萨拉里	0.03
让桑加	0.03
金士谷	0.03
帕金斯基	0.03
杰弗里·戴莫	0.03
雪雁	0.03
崔高斯	0.03
鮑	0.03
他巴特	0.03
迪布罗克	0.03
阿里桑多罗	0.03
博施	0.03
圣宝	0.03
米杜士堡	0.03
奥斯沃德	0.03
马莉亚	0.03
核拨	0.03
凯利·福林	0.03
斯多克顿	0.03
多米尼克让他	0.03
好恩	0.03
米伊拉福雷	0.03
空额	0.03
乔安森	0.03
爱迪丝	0.03
罗杰·诺列加	0.03
切·格瓦拉他	0.03
萨林纳斯的里德	0.03
周秉涛	0.03
触媒	0.03
马特·兰迪斯	0.03
阿纳姆	0.03
迪·马	0.03
凯文·布朗	0.03
井架	0.03
贪嘴	0.03
山姆·巴罗斯	0.03
太申	0.03
桑利斯	0.03
凡奈斯	0.03
磨光机	0.03
贝肯鲍尔	0.03
弟学妹	0.03
篮坛	0.03
路修好	0.03
至仁	0.03
被除数	0.03
吉娜·诺里斯	0.03
伊利亚·苏雷曼	0.03
温特哈	0.03
李子好	0.03
旱情	0.03
小户	0.03
小戴	0.03
德劳瑞	0.03
小戏	0.03
小戈	0.03
拉里·班沙	0.03
项葛兰美	0.03
加莱蒂他	0.03
梅西尔	0.03
韦克	0.03
麦塞尔	0.03
福特扎帕特克	0.03
东猜西	0.03
以法	0.03
哈里·蒂默尔斯	0.03
金冯多	0.03
康库斯	0.03
且续	0.03
泰德·丹森	0.03
万德曼	0.03
名闻遐迩	0.03
格利高里	0.03
贺乐威	0.03
瑞德耐克	0.03
以武	0.03
玛格里	0.03
药剂学	0.03
八拐	0.03
西维吉尼亚的摩根城	0.03
李子干	0.03
乱送	0.03
绢扇	0.03
瑟戴	0.03
引咎	0.03
奥戴利	0.03
倡议书	0.03
煞气	0.03
贝辛斯托克	0.03
仓垣	0.03
透出	0.03
艾伯克奇	0.03
库瑟	0.03
死理	0.03
约翰斯特劳斯	0.03
大卫·巴恩斯	0.03
职教	0.03
小斯	0.03
多逊	0.03
玛丽莲·曼森	0.03
爱奕元	0.03
卡梅恩	0.03
谁个	0.03
甘浦都	0.03
汉默顿	0.03
阳春	0.03
贺比·汉考克	0.03
内尔·格温	0.03
克哈特·舒尔	0.03
吴明花	0.03
菲利普·拉姆齐	0.03
多金	0.03
海默法伯	0.03
兰基塔	0.03
伊洛	0.03
钱洗白	0.03
普利米尔	0.03
哈特福德	0.03
恩平	0.03
凯瑟琳·莱克	0.03
安德烈·马尔罗	0.03
玛萨·斯图尔特	0.03
彼得·伊恩·史泰克	0.03
帕斯·捷尔纳克	0.03
校牌	0.03
百顺	0.03
侯默	0.03
超狗	0.03
屈光镜	0.03
好极	0.03
格温妮	0.03
格林科夫	0.03
行道树	0.03
博扬	0.03
桑德胡	0.03
身无长物	0.03
罗特克	0.03
奥拉弗森	0.03
卡梅隆迪亚兹	0.03
小李	0.03
潘曲·维拉	0.03
蒂特尔	0.03
炮仗	0.03
谈瑜	0.03
小珍妮	0.03
啤酒沫	0.03
小朱	0.03
发彩信	0.03
斯黛拉·麦卡特尼	0.03
重剑	0.03
卡梅拉	0.03
皮纳特	0.03
西莫斯	0.03
巴尼根	0.03
高过雷鸣	0.03
欧亚国	0.03
弗尔金·德·雷加	0.03
巴拉斯梅	0.03
麦狄卡	0.03
亨利·沃德·比奇尔	0.03
哈利·贝瑞	0.03
牙周炎	0.03
玛拉·里德	0.03
伊立泽·哈芬	0.03
重勋	0.03
爆竹声	0.03
德·奎瓦多	0.03
生机盎然	0.03
伯纳德·塔皮	0.03
恭明	0.03
须那	0.03
斯特林·莫斯	0.03
黄美淑	0.03
差数	0.03
肉食品	0.03
尤根	0.03
亚·吐温	0.03
三亿五千	0.03
双立人	0.03
奥斯汀·奥姆斯	0.03
爱伊琴	0.03
阿布拉卡布拉	0.03
夏洛普	0.03
加尔多茨基	0.03
莘	0.03
西波利亚	0.03
布特卡斯	0.03
理查怀特	0.03
梅里韦瑟·刘易斯	0.03
麦迪宁凯	0.03
明市	0.03
哥科日什托夫	0.03
福曼	0.03
可刚	0.03
圣冰	0.03
水利局	0.03
安东尼奥·费南德兹	0.03
康多丽萨	0.03
阳历	0.03
蝉声	0.03
泰尼·达菲	0.03
司马迁	0.03
尼可莱	0.03
可操作性	0.03
但特迪·邦奇	0.03
保雄	0.03
帕特莉夏	0.03
劲男	0.03
元山	0.03
普洛理	0.03
阿法威尔	0.03
房款	0.03
佐伊德	0.03
艾伦镇	0.03
三点四十五	0.03
布克斯	0.03
克尔顿·格雷厄姆	0.03
刚烈	0.03
软床	0.03
祖多姆	0.03
后记	0.03
大卫杜楚尼	0.03
漓江	0.03
炎夏	0.03
比尔·布坎南马	0.03
沙达	0.03
阿崔娜	0.03
配系	0.03
彼得博格	0.03
房檐	0.03
天主教派	0.03
约翰·库萨克	0.03
茇	0.03
罗布罗伊	0.03
校纪	0.03
麦考米克	0.03
古鲁普	0.03
摩门村	0.03
福杜	0.03
布拉科	0.03
小梨	0.03
套红	0.03
区多年	0.03
让·热内	0.03
谩	0.03
克斯比	0.03
普罗普斯	0.03
广播稿	0.03
来念	0.03
班巴	0.03
马特·塔贝尔	0.03
迈克尔·库恩	0.03
迪奇·沃特	0.03
奥戴尔	0.03
圣召	0.03
华特史考特	0.03
康涅狄克	0.03
马迪森	0.03
莉琳	0.03
妻舅	0.03
摸门	0.03
达文波特湖	0.03
李荷娜	0.03
东德兰士瓦	0.03
重庆	0.03
瓦尔德斯	0.03
伊桑·杰佛里	0.03
八一八	0.03
炮舰	0.03
舒马兰派	0.03
潘泰季斯	0.03
坐次	0.03
韦斯利·汤普森	0.03
贾斯丁·汀	0.03
罗琳丝	0.03
马总	0.03
格雷·贝格	0.03
一百万二十一	0.03
蒙马特区	0.03
重开	0.03
瓦尔贝什	0.03
面面观	0.03
斯库泽	0.03
圣勋	0.03
联委会	0.03
乔纳森·杜	0.03
温书	0.03
一百万二十二	0.03
七十五分	0.03
安卓·尤卓斯基	0.03
弗里德里希·施特恩贝格	0.03
第二百零三	0.03
来帮	0.03
汤姆·兰德利	0.03
幣	0.03
泚	0.03
约艾丽丝	0.03
鱒	0.03
后身	0.03
莫尼克斯他	0.03
影剧界	0.03
让莎拉	0.03
过明善	0.03
小卫	0.03
权且	0.03
碇	0.03
阿吉泰	0.03
四千零一	0.03
詹妮弗·哈德森	0.03
维贝尼斯	0.03
帕罗玛	0.03
田径赛	0.03
小洞	0.03
唢呐	0.03
麦高万	0.03
劲焕	0.03
乔登不让肯	0.03
金斯贝里才	0.03
玄宗	0.03
搛	0.03
道格·道伊尔	0.03
里森纳	0.03
多顿	0.03
于亚亨	0.03
赫恩登	0.03
卡门·伊莱特	0.03
任海军	0.03
科尼伍资	0.03
克拉索达	0.03
集子	0.03
柯雷恩	0.03
柳秀珍	0.03
滑头小希	0.03
阿卡米诺斯	0.03
解放前	0.03
德拉库斯	0.03
坚定性	0.03
琪顺	0.03
伯恩伯格	0.03
桑德拉·班尼	0.03
吉玛伯莱	0.03
财阀	0.03
治水	0.03
费尔菲尔德	0.03
小水	0.03
清溪	0.03
观测室	0.03
帕罗特	0.03
要弄成	0.03
埃都比	0.03
米尔埃文思	0.03
拗不过	0.03
多南	0.03
根铁	0.03
圣君	0.03
温泰军	0.03
济会修	0.03
道拉·马拉	0.03
阿奇顿·库彻	0.03
塔夫斯	0.03
雅尼克	0.03
范子来	0.03
阿妮塔	0.03
西站	0.03
孤本	0.03
杰尼·布拉德利	0.03
赵希	0.03
约翰·多伊	0.03
玛丽亚·德·卡斯特罗	0.03
阿弗雷德·诺瓦利斯	0.03
托伊那	0.03
圣安得列斯	0.03
刚石	0.03
君特·泰勒	0.03
肯普卡	0.03
戴泽	0.03
為	0.03
来安	0.03
圣埃	0.03
克斯汀	0.03
锵锵	0.03
圣域	0.03
来定	0.03
费恩戴尔	0.03
申思雅	0.03
埃尔莫	0.03
尘烟	0.03
多马	0.03
沙福克郡	0.03
埃尔温·冯·维茨莱	0.03
芭芭拉史莱辛格	0.03
查克他	0.03
圣安妮塔	0.03
昆廷·塔伦蒂诺	0.03
两讫	0.03
伯格霍夫	0.03
哈兰	0.03
希声	0.03
玛德林·卡斯卡特·琳斯考特	0.03
亚马逊里	0.03
施莱克	0.03
雅曼达	0.03
贝贝·瑞波佐	0.03
崔智慧	0.03
小湖	0.03
粗粗	0.03
亨利他	0.03
安娜·维拉瑞斯	0.03
考尔菲德	0.03
托斯顿镇	0.03
一潭死水	0.03
气泵	0.03
安吉拉·希尼	0.03
米奇·奥莱利	0.03
尹峰书	0.03
布拉姆斯	0.03
脂粉气	0.03
弗金	0.03
布莱昂尼	0.03
丹·瑞米克	0.03
戌	0.03
钢印	0.03
闵秀叶	0.03
威布恩	0.03
七八月份	0.03
胜果	0.03
迦南当	0.03
兰斯基	0.03
莫尔特	0.03
叶落归根	0.03
沙克·祖拉	0.03
钢包	0.03
努杜鲁	0.03
马齐帮	0.03
扬德雷	0.03
美华丹	0.03
朱丽叶永	0.03
劳伦白考尔	0.03
百分之一亿万	0.03
和丝黛芬妮	0.03
泰比	0.03
乔·弗朗西斯	0.03
斯布尼克	0.03
巴拉斯	0.03
阿诗利	0.03
麦克克莱迪	0.03
艾丝特拉	0.03
顽症	0.03
亨利克科	0.03
小灶	0.03
梅尔文·怀特	0.03
杰士温	0.03
钟乳石	0.03
佛雷克斯	0.03
雷德·布尔	0.03
辩护权	0.03
帕梅善	0.03
让布鲁斯·斯普林斯汀	0.03
后藤君	0.03
良辰佳	0.03
伯克曼	0.03
海格海珠	0.03
和道婕	0.03
福罗	0.03
娘家人	0.03
西迪曼索	0.03
九万六千	0.03
约翰他	0.03
两万八千	0.03
太介怀	0.03
卡尔文·克莱恩	0.03
盖伊的木	0.03
训仆	0.03
本纳特	0.03
书香	0.03
史林	0.03
区昆朴	0.03
小特雷西	0.03
计议	0.03
雅各宾	0.03
马上同	0.03
圣克拉瑞塔	0.03
费尔南	0.03
大福	0.03
江永树	0.03
缉私艇	0.03
卡罗琳维娜斯	0.03
巴拉查	0.03
空行	0.03
李林超	0.03
韬光养晦	0.03
中唯二	0.03
黄石头	0.03
格兰马斯	0.03
埃普瑞安	0.03
小玲	0.03
雷蒙德·杜卡·布罗柯	0.03
小玛	0.03
校旗	0.03
约翰·帕斯	0.03
比约翰	0.03
加的斯	0.03
约翰·昆西·亚当斯	0.03
凯瑟琳·勒兹	0.03
小特	0.03
科琳娜	0.03
爱伊恩	0.03
金凯素	0.03
里奇利夫	0.03
进口商品	0.03
泳坛	0.03
镄	0.03
藤吉郎	0.03
贝拉特里克斯·莱斯特兰奇	0.03
麦克努儿	0.03
后金	0.03
览胜	0.03
户数	0.03
四千三百三十七	0.03
西瓦玛	0.03
威廉·麦克弗森	0.03
马利华	0.03
苏南	0.03
狄卡比欧	0.03
天网	0.03
圣蒂库弗	0.03
理查蒙	0.03
恩焕才	0.03
拉莱米干	0.03
吉米·巴菲特	0.03
云尼莎	0.03
凤中凤	0.03
和瓦尔瑞·马提诺夫	0.03
平装	0.03
托尔马	0.03
卢森博格	0.03
豐	0.03
鲍伯·马	0.03
布利克	0.03
波特维拉	0.03
一神教	0.03
木法星	0.03
约翰·帕提	0.03
雷普利	0.03
麦卡弗雷	0.03
凯斯·伯瑞	0.03
伍迪真	0.03
卫星城	0.03
言者无罪	0.03
眼底下	0.03
比纳可杜契斯	0.03
百连发	0.03
罗伯特·福根	0.03
战败国	0.03
格斯里	0.03
查清楚	0.03
德清	0.03
矢志	0.03
会合处	0.03
从殿中	0.03
韵文	0.03
可伯	0.03
罗夫纳	0.03
里特帝	0.03
格林菲尔	0.03
伊莎贝尔·弗朗西丝	0.03
白那	0.03
特瑞沙·玛丽·麦克	0.03
标准语	0.03
卫星国	0.03
赫玛尼诺	0.03
安菲	0.03
托尼·汉肯	0.03
凯普霍恩	0.03
托德·沃尔夫豪森	0.03
安莎	0.03
拍片人	0.03
袖管	0.03
帕托奇	0.03
博特	0.03
马文·斯隆	0.03
画饼充饥	0.03
权君	0.03
汤基廷	0.03
好琪	0.03
瑞扎·瑞安尼	0.03
斯科特·芬奇	0.03
克莱尔·班内	0.03
过勇虎	0.03
凯文·费德林	0.03
约翰·曲夫塔	0.03
须臾	0.03
赵志硕	0.03
安考	0.03
时世中	0.03
图帕克·沙库	0.03
圣伯	0.03
神泉流	0.03
美娜德	0.03
圣伊	0.03
保尔·福斯特	0.03
圣会	0.03
奴工	0.03
钢炮	0.03
迪金斯	0.03
马丁·考德隆	0.03
塔内	0.03
哈胡图·麦凯撒	0.03
吊兰	0.03
迈克尔森	0.03
卑职	0.03
贝拉特里克斯	0.03
过光鲜	0.03
斯佩特	0.03
巴拉托	0.03
孙景俊	0.03
皮山	0.03
卡洛琳·恩克兹	0.03
莫·克斯特	0.03
尼古斯	0.03
芝士化	0.03
比艾萨克·牛顿	0.03
鲍勃·巴勒	0.03
杜拉斯	0.03
格内斯	0.03
陈清华	0.03
南山区	0.03
库杜	0.03
配戏	0.03
座号	0.03
莎妮可·约翰逊	0.03
圣书	0.03
马利坦	0.03
库朗	0.03
格拉芬诺	0.03
特迪干	0.03
埃尔热	0.03
凯伦·塔尼	0.03
奇德里奥	0.03
波毕努	0.03
努萨鲍默	0.03
小祖	0.03
戈贡佐拉	0.03
凯丽·哈钦斯	0.03
康纳普	0.03
根脚	0.03
减缩	0.03
申丝雅	0.03
乔·狄马乔	0.03
迈克尔·诺南	0.03
恭禧	0.03
小秀	0.03
皴	0.03
刚愎	0.03
乔治·雷诺兹	0.03
集萃	0.03
冰火	0.03
谦谨	0.03
陟	0.03
小福	0.03
雪莉·贝西	0.03
史超域	0.03
卡南	0.03
穆罕达斯·卡拉姆昌德·甘地	0.03
歇工	0.03
帕梅尔	0.03
瑟罗	0.03
朴义	0.03
普洛斯	0.03
特雷勒	0.03
院门	0.03
鲁索市	0.03
塔图因的赫特	0.03
奥菲鲁斯	0.03
成建制	0.03
丝才刚	0.03
儿士摩	0.03
佩里拉	0.03
夏营	0.03
弗朗兹·沃尔佛特	0.03
迪恩·瓦吉斯	0.03
盖尔斯克肯	0.03
会晋阶	0.03
马利奥	0.03
和休斯	0.03
拉格尼	0.03
卢卡·巴拉斯	0.03
西方化	0.03
泳帽	0.03
米克杰格	0.03
让保罗·里威尔	0.03
如丹	0.03
但安德鲁	0.03
货运费	0.03
和卫兵	0.03
奈瓦克	0.03
不依	0.03
威斯利·帕克	0.03
白非	0.03
克莱尔·亨利	0.03
克里格曼	0.03
若加	0.03
牙周病	0.03
福瑞	0.03
以史为鉴	0.03
亚历山大·诺克	0.03
玛琳·麦肯济	0.03
南北朝	0.03
增订本	0.03
格莱格里	0.03
安得	0.03
多姆·德卢西	0.03
三天两头	0.03
大武	0.03
摩根摩根	0.03
二殿	0.03
一千八百四十万	0.03
生诺高	0.03
库比	0.03
蒙塔娜	0.03
韵母	0.03
乌代·侯赛因	0.03
让迪克	0.03
曼塔卡	0.03
弗里曼·海勒	0.03
来书	0.03
小竹	0.03
那格浦尔	0.03
欧斯尼	0.03
珍禽异兽	0.03
小站	0.03
钱一文	0.03
重信	0.03
阿迪森茹迪	0.03
重修	0.03
哈维·乔纳德	0.03
亚当才	0.03
相浩会	0.03
菲力兹	0.03
国宾馆	0.03
帕里霍尔	0.03
库斯维尔	0.03
莱斯特干	0.03
克斯科	0.03
肯瑞康顿	0.03
调节费	0.03
比金斯	0.03
西赛尔	0.03
伊万常	0.03
倚老卖老	0.03
重启中	0.03
踏青	0.03
词汇学	0.03
汉娜·安德斯	0.03
伏勒德	0.03
迈克尔才	0.03
皮萨尼	0.03
詹姆斯卡格尼	0.03
标准舞	0.03
图来特	0.03
巴夫洛	0.03
阿尔·罗斯	0.03
克立克	0.03
浑然一体	0.03
托伦·哈伦·斯瓦登·斯瓦森	0.03
贝蒂伯曼	0.03
斯皮罗斯	0.03
琛	0.03
亨利·伯德曼	0.03
维斯克努斯·马克西姆斯	0.03
瓜地	0.03
莫测高深	0.03
安娜贝蒂	0.03
小扬基	0.03
兰德斯吐尔	0.03
本·阿彻	0.03
亚历山大·帕楚武	0.03
盖洛德·麦伦·福克尔	0.03
小佐伊	0.03
费尔尼	0.03
保荐	0.03
安恩东	0.03
躍	0.03
狗绳放	0.03
戴伯诺	0.03
安珀那	0.03
沃沙	0.03
萨尼亚	0.03
奥科哈斯特	0.03
马克·蒂姆斯	0.03
拉法尔	0.03
帕塔纳	0.03
月球车	0.03
外购	0.03
让布里斯托	0.03
汉密尔顿都	0.03
出版者	0.03
其非	0.03
布伦南干	0.03
奥古斯特斯特林堡	0.03
保莉	0.03
王百元	0.03
朱诺·麦古菲	0.03
少根弦	0.03
布莱恩·索宾斯基	0.03
报忧	0.03
菲亚特	0.03
路易·布兰德斯	0.03
卡拉诺	0.03
栅极	0.03
迪特·维兰德	0.03
尤然	0.03
格洛斯	0.03
减租	0.03
戴恩·安伯·菲利普斯	0.03
阿勒格尼	0.03
克里斯·卡里克	0.03
西福高	0.03
韦斯切斯特	0.03
克利斯克里斯	0.03
普托鲁斯基	0.03
列王纪	0.03
苏兹	0.03
鲁亨盖里	0.03
贴膏	0.03
艾玛·莱纳尔	0.03
李子漂	0.03
百分之九十七	0.03
佳哈娜	0.03
斯雷沃	0.03
内·瑞安	0.03
洛波塔	0.03
髙	0.03
高蒂埃	0.03
曹美淑	0.03
祝酒歌	0.03
为富不仁	0.03
阱	0.03
镶嵌画	0.03
小结	0.03
五十八秒	0.03
爱伊沃	0.03
别朝光	0.03
喀彻	0.03
史丹瓦特	0.03
西波里	0.03
博恩赫姆	0.03
内贾德	0.03
阿莱城	0.03
西史帝	0.03
让格雷格	0.03
人物奖	0.03
李炯翊	0.03
圣泉	0.03
无关宏旨	0.03
布鲁日真	0.03
罗伯特来	0.03
布莱特妮本	0.03
莫西莫西	0.03
莱姆斯基	0.03
罗纳德·巴克斯特	0.03
贝蒂亚哈登	0.03
母雪	0.03
乔纳森·格罗佛	0.03
康边克斯	0.03
兰开夏	0.03
佛特·约翰逊	0.03
壮健	0.03
那娟	0.03
姬丝莉	0.03
阿布戴卡德	0.03
韵律学	0.03
变法	0.03
皮特尼克	0.03
苏得非	0.03
迈克·迈尔斯	0.03
斯特拉达	0.03
受降	0.03
這	0.03
萨莉·沃克	0.03
星冰乐	0.03
达雷尔·罗伊	0.03
田产	0.03
塑料套	0.03
爱辛迪	0.03
众生相	0.03
麦屈力	0.03
凯蒂他	0.03
夸张性	0.03
让迪瑞克	0.03
塞尼斯	0.03
麦克莫洛	0.03
菲丝·希尔	0.03
席德耶	0.03
安迪亚摩	0.03
范斯沃斯	0.03
电热器	0.03
穆罕默德·阿塔	0.03
铁造	0.03
飞眼	0.03
金奕元	0.03
编年	0.03
蛃	0.03
维斯塔	0.03
墨斯	0.03
浩美	0.03
吕贝克	0.03
提特德	0.03
鲁昂特	0.03
爱洛特·拉金	0.03
切雷姆	0.03
霍桑	0.03
克利普	0.03
罗丝拉	0.03
歌德·艾伯特	0.03
安迪里比斯基	0.03
乐子可	0.03
簪	0.03
何亨利	0.03
阿尔铎	0.03
广种薄收	0.03
蒙奇·兰奇	0.03
狡	0.03
那汝格	0.03
李东奎	0.03
关奇普	0.03
毕克曼	0.03
凶信	0.03
星尘	0.03
过街桥	0.03
余永河	0.03
欧佳	0.03
舍利	0.03
铁里	0.03
滑雪衫	0.03
拉鲁斯	0.03
克洛托德	0.03
戴安让	0.03
费什	0.03
强尼·巴特利	0.03
科德	0.03
默特尔比奇	0.03
阿尔·唐宁	0.03
凯特琳·福克斯	0.03
奥诺	0.03
芬德曼	0.03
艾维斯马	0.03
麦克威尔	0.03
阿尔布奎克	0.03
那彪	0.03
堂里	0.03
碧空	0.03
文达佐	0.03
建宝拉	0.03
子养大	0.03
洛马普里埃塔	0.03
亚特兰	0.03
洋红色	0.03
布拉塞尔他	0.03
排球赛	0.03
维克多·汉恩	0.03
霍利斯·艾尔	0.03
冰糖葫芦	0.03
番椒	0.03
金凯伦	0.03
真难得	0.03
畜牧场	0.03
奶品	0.03
宇星	0.03
唐娜前	0.03
汤姆史密斯	0.03
飞燕	0.03
罗伯特·普莱特	0.03
星子	0.03
弗来彻	0.03
诺尔·克华德	0.03
格尔格	0.03
课间操	0.03
让南希	0.03
理查德·西蒙斯	0.03
葛琳娜	0.03
法兰其·杜瓦特	0.03
莴笋	0.03
全宇进	0.03
节水	0.03
云之	0.03
哈利·费德勒	0.03
真英俊	0.03
师资	0.03
帕玛拉	0.03
尼克·哈斯金斯	0.03
烤烟	0.03
宝瓦	0.03
莫妮卡·兰布朗克	0.03
让哈林	0.03
小维伦	0.03
和平号	0.03
方世玉	0.03
一封信	0.03
娜塔莉波特曼	0.03
金毛墨索里尼	0.03
弗朗茨·约瑟夫	0.03
云云	0.03
柬	0.03
班麦坎	0.03
洛丽塔	0.03
他哈利	0.03
维那得	0.03
托尼·格雷格	0.03
阿基姆	0.03
泽君	0.03
瓜奈里	0.03
斯宾瑟·沃尔夫	0.03
克拉斯	0.03
卡奇斯	0.03
屠龙中	0.03
盛维士	0.03
爱斯特斯	0.03
布莱德皮特	0.03
重灾区	0.03
雪莉·克拉克	0.03
威腾泰	0.03
黑货	0.03
喜子	0.03
列萨斯奎哈诺克	0.03
阿莱克	0.03
屠龙人	0.03
烈女	0.03
特·加瑞特	0.03
六七万	0.03
松永俊	0.03
消耗战	0.03
多弗	0.03
武会友	0.03
李·梅杰斯	0.03
哈瓦卡普	0.03
朴敬媛	0.03
大老婆	0.03
阿巴哈	0.03
卡纳辛	0.03
芭芭拉汤普森	0.03
伊桑·比格斯	0.03
拉卡隆依佛摩瑞	0.03
蔗	0.03
堂吉皮亚	0.03
应敌	0.03
平贺	0.03
领导人员	0.03
阿蒂·克拉姆	0.03
两三亿	0.03
铢	0.03
埃斯本森	0.03
三十八九	0.03
哥斯罗斯	0.03
无籽西瓜	0.03
刀而生	0.03
蒙里奎	0.03
格兰·坎贝尔他	0.03
始创	0.03
圣塔克里兹	0.03
凸轮轴	0.03
勒莫尼	0.03
夏普威利	0.03
道基	0.03
郑柔	0.03
铁骑	0.03
最多	0.03
克罗默蒂	0.03
威尔·比肯	0.03
五加	0.03
步调一致	0.03
希尔斯盖特	0.03
比雅利安	0.03
华特·迪斯尼	0.03
但瑞迪	0.03
文理	0.03
天星	0.03
凯洛特·托普	0.03
康多拉	0.03
落地钟	0.03
艾德华摩比斯	0.03
特伦斯·曼宁	0.03
马丽·安东尼	0.03
猜杰克	0.03
士多啤梨	0.03
科里安	0.03
纤小	0.03
统辖	0.03
巴拉顿湖	0.03
格尔文	0.03
根炎	0.03
那剑	0.03
卡马拉	0.03
斯坦伯格	0.03
露菲尔	0.03
佛烈德	0.03
威廉·达福	0.03
乐子太	0.03
宏愿	0.03
风马牛不相及	0.03
詹姆斯·柯蒂斯	0.03
切弗·查略	0.03
杰尔德·布卢姆菲尔德	0.03
诱供	0.03
福姬	0.03
凯蒂·约翰逊	0.03
除根	0.03
哈兰艾利森	0.03
简·比克	0.03
淫猥	0.03
鲨里	0.03
劳来	0.03
奥黛丽·塔图	0.03
约翰·里弗斯	0.03
出活	0.03
那先	0.03
绵里藏针	0.03
马纳拉尼	0.03
若汉默顿	0.03
唐娜小	0.03
惠耳	0.03
恩提科	0.03
堂鼓	0.03
催熟	0.03
罗伯特·卡帕	0.03
芭宝丽	0.03
监事	0.03
硅橡胶	0.03
但斯凯	0.03
孺	0.03
内维尔·张伯伦	0.03
梯度	0.03
毕雍	0.03
联合国安理会	0.03
记工	0.03
柯文·史密斯	0.03
埃克斯耶稣	0.03
鲨都	0.03
哥尼斯	0.03
芭柏同	0.03
更森	0.03
校务	0.03
卡特赖特	0.03
乌尔玛斯·斯撒	0.03
过佐雅	0.03
乔伊当	0.03
奥斯卡·阿吉莱拉	0.03
阿德·卡尔森	0.03
查理·布朗	0.03
朝不保夕	0.03
铁饼	0.03
爱斯蒂劳德	0.03
科乍德城	0.03
付贞	0.03
水天一色	0.03
玻璃丝	0.03
赛门	0.03
帕特·布卡南	0.03
伊尔多的威廉	0.03
二三四一	0.03
威米萨拉克斯	0.03
佛南德兹	0.03
弗兰克·隆巴顿	0.03
蒋生	0.03
鲍勃·休斯	0.03
米罗·克拉迪	0.03
隆尼·斯蒂尔思	0.03
约翰·戈登	0.03
铁鸟	0.03
科瓦尔斯基	0.03
希瑟·罗克	0.03
奥莫	0.03
但斯坦	0.03
奥莉	0.03
迪拉妮亚	0.03
葛登史密斯	0.03
诱拐者	0.03
格罗利亚伊斯特凡	0.03
韩道尔	0.03
黎蒙	0.03
奥可拉荷马	0.03
笑骂	0.03
野村荣	0.03
含沙量	0.03
凯文比	0.03
科里干	0.03
亨利·贝因斯	0.03
维拉德米亚	0.03
维斯图	0.03
丹尼斯吉尔摩	0.03
马尔堡	0.03
古德森	0.03
杰奎琳比马琳达	0.03
付讫	0.03
奥苏	0.03
杰奎琳比塞特	0.03
形貌	0.03
奥柯士纳	0.03
让勒尼	0.03
卡萨里克	0.03
马蒂·布朗森	0.03
圣巴特罗明	0.03
四十二秒	0.03
克莱恩斯·维特斯	0.03
商品化	0.03
观赏植物	0.03
埃斯梅拉达·阿	0.03
亨利·卡维	0.03
三百万一	0.03
埃斯福	0.03
笏	0.03
奥斯特里茨	0.03
榘	0.03
凯布琳	0.03
贝蒂贝蒂	0.03
克瑞肖	0.03
囹圄	0.03
丹尼斯·莱兰	0.03
山涧	0.03
碧玉	0.03
张哲能	0.03
凯文·密特尼克	0.03
维斯基	0.03
谢我才	0.03
伊凡科	0.03
不才	0.03
霍华德·尤吉斯	0.03
鲍比·里德	0.03
眦	0.03
丹布尔	0.03
止泻药	0.03
海伦艾亚拉刚	0.03
柯士摩	0.03
赛克斯	0.03
帕哈斯卡	0.03
埃得纳	0.03
生灵涂炭	0.03
九千五百万	0.03
德罗伊特威奇	0.03
爱米丽雅·迦洛蒂	0.03
三百六十五	0.03
沙迪奥巴利	0.03
黛斯瑞	0.03
科里尔	0.03
斯·莱特	0.03
浓绿	0.03
约翰冯诺伊曼	0.03
奥斯卡卫尔	0.03
西尔维亚·帕吉特	0.03
宏明	0.03
一九点	0.03
里昭恩	0.03
雅欣塔	0.03
鲍尔森	0.03
昆多斯	0.03
凯特·福斯特	0.03
曼德布洛特	0.03
来飚	0.03
欧礼宏	0.03
格兰威特	0.03
迪乐	0.03
阿巴拉契亚松	0.03
康伟	0.03
科里德	0.03
基塞尔	0.03
因茨	0.03
赛里	0.03
加奈路让	0.03
康俊	0.03
朴尚熏	0.03
庞德吉姆	0.03
里科	0.03
白铁	0.03
卡拉罕来	0.03
糖苷	0.03
艉	0.03
画船	0.03
阿菲迪娅	0.03
戴登	0.03
加亚多	0.03
布拉特	0.03
康健	0.03
思春期	0.03
付隆	0.03
费恩希尔	0.03
克莱伦斯·麦克尔赫尼	0.03
卢辛达放	0.03
香车宝马	0.03
简芳	0.03
蔡辰元	0.03
里昆	0.03
道夫	0.03
圣雷蒙斯	0.03
抵京	0.03
筲	0.03
班尼阿瓦瑞	0.03
巫如	0.03
戴伯家	0.03
那贤俊	0.03
保罗·梅努里塞	0.03
四十七八	0.03
斯蒂芬·鲍依特	0.03
阿萨马	0.03
大坎普	0.03
回基	0.03
果场	0.03
小集团	0.03
和亚吉	0.03
母蜂	0.03
龙城	0.03
史蒂夫·弗拉	0.03
世俗化	0.03
龙马会	0.03
胡狄尼	0.03
庙堂	0.03
伊凡斯	0.03
卫科理奥希瑟	0.03
安德利	0.03
飘洒	0.03
孤独独	0.03
二十二万九千三百二十	0.03
从南	0.03
麦克弗林尼甘	0.03
星之	0.03
菲利普·萨拉曼卡	0.03
巫士	0.03
艾瑟	0.03
小加奈	0.03
埃莉森	0.03
汤米·普林顿	0.03
布莱恩·库伯	0.03
麦克唐	0.03
小莱斯	0.03
萨沃叶	0.03
胡克会	0.03
凯斯·比奇	0.03
斯泽比亚克	0.03
和雷夫贾西	0.03
阿尔阿米利斯	0.03
云天	0.03
迪博	0.03
克里斯托弗·沃肯	0.03
科伊马	0.03
罗峰	0.03
朱利安·萨克	0.03
巴法克	0.03
阿瓦特斯	0.03
龙吟	0.03
奥卜利	0.03
普氏	0.03
杜丽爱斯	0.03
马丁·基伯	0.03
格鲁格	0.03
帕科干	0.03
洛伊琼斯	0.03
艾琪	0.03
杨苏家	0.03
累进	0.03
杰伊·戈登	0.03
罗娜海	0.03
哈利伯顿	0.03
巴里·彼得森	0.03
瓦斯特	0.03
癮	0.03
金颖楚	0.03
浦野	0.03
大厦将倾	0.03
分离舱	0.03
迪加	0.03
保罗谢瑞德	0.03
秋老虎	0.03
向镇民	0.03
生产国	0.03
海选日	0.03
理·查怀特	0.03
海选时	0.03
摩德纳	0.03
里亚特	0.03
鱼鹰	0.03
敬全美	0.03
高蒂维斯	0.03
维斯丁	0.03
健次郎	0.03
塔尔博特·巴克瑟	0.03
那会	0.03
塔科	0.03
雅各布·埃德尔斯坦	0.03
查理·诺伍德	0.03
暖空气	0.03
马拉沙	0.03
孙子会	0.03
杰夫·伯登	0.03
格鲁湖	0.03
副职	0.03
拉佛南	0.03
艾丝特拉史达	0.03
丹尼尔·戴·刘易斯	0.03
昭英	0.03
果卡	0.03
狄路	0.03
克·弗洛伊德的罗杰·沃特斯	0.03
云雨	0.03
大本本	0.03
洁妮丝	0.03
王朝廷	0.03
珍妮佛·安妮斯顿	0.03
赛皮恩	0.03
法乌尔	0.03
豪斯顿	0.03
欧妮	0.03
硬面	0.03
唐纳·卡鲁瑟斯	0.03
别路	0.03
雄师	0.03
金泳三	0.03
凯切姆	0.03
卡尔·雅斯贝尔斯	0.03
约翰奥斯	0.03
弗里西	0.03
温尼斯	0.03
鲆	0.03
别赖	0.03
欧夫	0.03
赛诺	0.03
一千零二	0.03
安吐娜	0.03
克莱拉·惠勒	0.03
汉斯·迪瑞克	0.03
罗比·特纳	0.03
拉普兰	0.03
道姆	0.03
李雅丽	0.03
巴勒莫	0.03
杨志王	0.03
卫保会	0.03
索非亚·劳伦	0.03
萨巴达	0.03
戴尔阿莫	0.03
西井正次郎	0.03
丁曼	0.03
沃尔特·里	0.03
韩美来	0.03
让艾尔	0.03
诱变	0.03
阴毒	0.03
罗摩衍那	0.03
皮克丹	0.03
小哈姆雷特	0.03
迈克那提	0.03
仙尔	0.03
吉刚	0.03
野鼠	0.03
斯旺西	0.03
王而战	0.03
罗伯特·富勒斯	0.03
庞森	0.03
约瑟夫·罗曼诺	0.03
波利拜弗	0.03
罗曼斯托	0.03
瑞文·达克霍姆	0.03
费德林	0.03
米歇尔·布罗文	0.03
受胎	0.03
塞斯他	0.03
让艾布纳	0.03
占优势	0.03
希特霍芬	0.03
糊涂账	0.03
埃伯纳斯	0.03
赛西	0.03
坚河	0.03
格勒诺布尔	0.03
云尼	0.03
几十万几百万	0.03
西敏斯特	0.03
康地	0.03
增长量	0.03
李姜俊	0.03
罗森格兰兹	0.03
亚力汉卓狄拉维格	0.03
奥顿	0.03
哥法兰克斯	0.03
盐滩	0.03
幼发	0.03
毛熊长	0.03
杰普林	0.03
文武	0.03
库尔斯克	0.03
史翠思	0.03
宇生	0.03
杰内克	0.03
佑赫	0.03
碧甬	0.03
艾伦库特曼	0.03
阿萨波普勒斯·波利阿里斯	0.03
威廉韦恩	0.03
输导	0.03
修正液	0.03
迈尔斯约	0.03
费尔·沃克	0.03
少白头	0.03
孕激素	0.03
曾静	0.03
麻山太	0.03
尼·马丁	0.03
话务员	0.03
安赫拉干	0.03
佑英	0.03
大江健三郎	0.03
马尔贝尔德	0.03
穆塔蒂·葛哈	0.03
迪奇	0.03
荣会来	0.03
弗里蒙	0.03
德尔费·洛克斯	0.03
玛丽·韦斯顿·史蒂夫·洛佩兹	0.03
阿布杜勒·贾巴尔	0.03
一九零四年	0.03
伊奎巴尔	0.03
坚振	0.03
雅格布·罗纳德·米拉德	0.03
鲁巴克	0.03
斯巴达克思	0.03
飘摇	0.03
伊华	0.03
股数	0.03
杰克·吉里克	0.03
沙特纳	0.03
班纳·豪斯	0.03
楼群	0.03
血泪史	0.03
杨·梅莫兹	0.03
生·达尔	0.03
康奎	0.03
慧星美	0.03
玛尔库斯·图里乌斯·西赛罗	0.03
艾德伦登	0.03
龙德	0.03
宋慧乔	0.03
谈心会	0.03
腥红	0.03
文文	0.03
克拉克·加伯	0.03
险隘	0.03
皮亚斯基	0.03
艾真	0.03
朴赞育	0.03
康多	0.03
偷逃税	0.03
山冈	0.03
文教	0.03
伊莱·桑迪	0.03
迪墨	0.03
法尔纳利斯	0.03
昆丁·塔伦蒂诺	0.03
唐娜会	0.03
山大礼	0.03
多瑞尔	0.03
凯文纳	0.03
云勋	0.03
圣非	0.03
宣旨	0.03
蒙扎克	0.03
穆斯德克	0.03
拉佛帝	0.03
母迁	0.03
凯西莱尔	0.03
文政	0.03
卡克日亚	0.03
脚盆	0.03
约翰库萨克	0.03
樱草	0.03
温迪·毕米希	0.03
宣明	0.03
贾托	0.03
黃	0.03
欧图	0.03
云儿	0.03
莱拉·罗斯	0.03
凯特·贝金塞尔	0.03
零乱	0.03
艾肯佛	0.03
小密西	0.03
大卫·让特利	0.03
乔·普莱斯	0.03
纳嘎巴塔	0.03
让沃特斯	0.03
那刚铎	0.03
曼·麦尔维尔	0.03
王子克	0.03
文昌	0.03
纳古莫	0.03
中根君	0.03
巫可	0.03
帕卡德	0.03
捐弃	0.03
金硕元	0.03
戴夫·史密斯	0.03
罗密欧·蒙特古	0.03
祾	0.03
梅波·尼尼	0.03
赫克勒	0.03
佛多年	0.03
唯心论	0.03
形骸	0.03
埃里萨	0.03
沙瓦那	0.03
希赛·弗雷德里克	0.03
点击数	0.03
罗里罗嗦	0.03
艾德姆	0.03
欧培	0.03
戴拉	0.03
里派	0.03
爱得温	0.03
惠里	0.03
顿觉	0.03
曼克顿	0.03
艾米莉·迪金森	0.03
拉托尔	0.03
拉米亚	0.03
乔纳森·斯蒂尔	0.03
迈洛	0.03
戴戴	0.03
从树丛	0.03
陶普森	0.03
李京民	0.03
二万八	0.03
戴托	0.03
海琳娜瓦兹	0.03
瑞格·斯德	0.03
和西德	0.03
保罗·莫蒙	0.03
雷震	0.03
弗拉克	0.03
江玉苏	0.03
申报单	0.03
崔永	0.03
詹叫来	0.03
格雷格·福勒	0.03
罗伯特·沃森	0.03
牵累	0.03
脚炉	0.03
霍皮	0.03
但斯科特	0.03
提姆·麦克维	0.03
亚平宁山脉	0.03
托洛斯基	0.03
伊布林	0.03
毕肯	0.03
赛苏	0.03
列克兴	0.03
伊拉兹马斯	0.03
脚灯	0.03
伊达俊	0.03
格鲁普	0.03
但西德	0.03
兹巴若	0.03
尤斯顿	0.03
穆井里	0.03
小凯文	0.03
从师	0.03
因希律王	0.03
晧	0.03
克里斯·埃瑟尔	0.03
墨笔	0.03
诺伦·沃什	0.03
戴维安他	0.03
彼得昆西塔加特	0.03
经销处	0.03
小孙	0.03
揽活	0.03
仙土	0.03
艾比·塞尔斯	0.03
赛茨	0.03
劳斯来斯	0.03
久别重逢	0.03
最多可提	0.03
云图	0.03
土腥味	0.03
费萨尔	0.03
萨沃尔	0.03
圣约翰斯理	0.03
搬兵	0.03
罗兰特·塔文纳	0.03
赛莉	0.03
皮洛罗密欧	0.03
摩西干	0.03
赛玛利	0.03
赛莫	0.03
凯罗兰艾利斯	0.03
戴林	0.03
碧总	0.03
康平	0.03
威亚	0.03
朴和东	0.03
犳	0.03
田二尉	0.03
莱斯特兰奇	0.03
飘拂	0.03
尹心德	0.03
亚布拉汗·林肯	0.03
抱恨	0.03
痝	0.03
辛熙英	0.03
车东日	0.03
瑞多	0.03
龙声	0.03
康帝	0.03
杜威·拉希姆	0.03
约翰·菲茨杰拉德·肯尼迪	0.03
股指	0.03
保罗·摩尔	0.03
彼得鲍尔	0.03
曼特	0.03
康康	0.03
户户	0.03
查尔斯·福特	0.03
伊丽沙白	0.03
弱质	0.03
和杰拉德	0.03
绿树成荫	0.03
职官	0.03
卡拉蒂	0.03
肉干	0.03
广德	0.03
省立	0.03
贺维	0.03
帕特·维克	0.03
阿尔里奇	0.03
提伦斯	0.03
和艾丽	0.03
米弗恩	0.03
玛格丽·辛克莱	0.03
美容术	0.03
阿兰希勒	0.03
玛蒂巴	0.03
宝清	0.03
话务台	0.03
托比·赖斯	0.03
卡拉辛斯基	0.03
賢	0.03
瘠薄	0.03
家兔	0.03
欧华	0.03
约翰·哈迪根	0.03
冯·赫夫特	0.03
林茨	0.03
宝冠	0.03
粉条	0.03
庞帝	0.03
果枝	0.03
麦琪·提比斯	0.03
忘年交	0.03
洪俊	0.03
戴姆	0.03
美纪和	0.03
三世时	0.03
包瑟姆	0.03
马丁·伯尔曼	0.03
康思	0.03
全美航	0.03
纽森	0.03
德尔阿莫	0.03
乔葛瑞	0.03
阿修勒	0.03
已往	0.03
果木	0.03
烤羊肉串	0.03
麦吉里根	0.03
蒸汽锤	0.03
屈更红	0.03
幼教	0.03
伊云斯顿	0.03
拉米罗·科恩	0.03
艾茜	0.03
头寸	0.03
披萨真	0.03
寇特妮	0.03
梯田	0.03
天穹	0.03
金朱崇	0.03
鈍	0.03
莫普希	0.03
沙得拉	0.03
安立奎·雷恩	0.03
裴勒格莱尼	0.03
杰森·霍金斯	0.03
巴拉如斯	0.03
九点零一	0.03
阿汉妮	0.03
抵罪	0.03
布拉尼	0.03
金莲	0.03
纳尔波	0.03
理查·尼克松	0.03
崔尤善	0.03
恕罪	0.03
拉娜·沙巴兹	0.03
未知量	0.03
艾丽斯·莱特	0.03
阴山	0.03
维纳斯·塞丽娜·马里恩·琼斯	0.03
萨米·卡恩	0.03
齐诺	0.03
汉德尔	0.03
马克斯·佐林	0.03
飞地	0.03
阴德	0.03
路复活	0.03
首战告捷	0.03
那祥	0.03
神佛发	0.03
弗雷德里定	0.03
比宾果	0.03
丹尼·狄·维托	0.03
倏地	0.03
難	0.03
译作	0.03
保丽	0.03
乌拉尔的瓦希里	0.03
奥德莉·路易丝·海勒	0.03
芬利·迈克	0.03
三四五六年	0.03
纳京高	0.03
希德他	0.03
志记	0.03
戴子	0.03
诱杀	0.03
康秀英	0.03
镥	0.03
卡波尼	0.03
土克姆卡日市	0.03
简尼特·杰克逊	0.03
伊本拜尔斯	0.03
对照表	0.03
汉卓克	0.03
罗木林	0.03
变亮	0.03
卡里恩	0.03
阿古阿·皮阿格	0.03
马科斯·平卡斯基	0.03
迪戈	0.03
杜罗河	0.03
艾莉丝·布拉加	0.03
帕桑尼亚	0.03
七万五千	0.03
摩根史坦利	0.03
瓦伦蒂诺	0.03
中心组	0.03
青出于蓝而胜于蓝	0.03
伊丽莎白·艾伯特	0.03
麦克·弗林	0.03
文德	0.03
祛痰剂	0.03
帕克干	0.03
和承造	0.03
李美淑	0.03
戴娜	0.03
让巴克斯	0.03
布拉帝	0.03
丁卡	0.03
李·奥斯瓦尔德	0.03
利哥莱托	0.03
延髓	0.03
吉姆·澳文	0.03
艾芳	0.03
和兰德	0.03
别得瑟	0.03
道格斯	0.03
文弱	0.03
奇克希克斯	0.03
史传晋	0.03
会集	0.03
托马斯·皮奥比尔巴图阿	0.03
蓝道刚	0.03
鹿和熊	0.03
长歌当哭	0.03
横栏	0.03
达勒威	0.03
文士	0.03
布莱恩·波伊塔诺	0.03
达丽尔	0.03
布拉姆	0.03
海选前	0.03
艾米丽扣	0.03
蒙哥马利·沃德	0.03
皮威·赫曼	0.03
道格拉	0.03
花太久	0.03
蝈蝈	0.03
鲍威利	0.03
四十七万五千	0.03
维斯纳	0.03
多米尼戈	0.03
伊丽莎白·巴洛特·伯朗宁	0.03
德尔里奥	0.03
库斯克	0.03
西特伦顿	0.03
雪弗兰	0.03
星等	0.03
罗宾·汉	0.03
喀他基	0.03
国有化	0.03
吉尔巴多	0.03
艾伦贝瑞	0.03
营建	0.03
班迪的地	0.03
康德勒	0.03
嘉菲	0.03
斯拉特利	0.03
布雷提格尼	0.03
狄比亚	0.03
布鲁斯曼	0.03
歌克斯	0.03
弗吉立亚	0.03
云清	0.03
矛佑	0.03
约翰迪	0.03
他哈特	0.03
泌尿学	0.03
嘉茜	0.03
布莱恩·格林博格	0.03
乐子男	0.03
沙丽克米兹	0.03
凯瑟琳·哈里斯	0.03
普天同庆	0.03
科明斯基	0.03
招进来	0.03
奥克豪马市	0.03
酒酿	0.03
朱里奥	0.03
洁奈特	0.03
马其奥	0.03
康瓦克斯	0.03
奥哈伊	0.03
宏亮	0.03
齐边	0.03
安东尼奥·班德拉斯	0.03
杰弗雷·米尔斯通	0.03
硼砂	0.03
阿尔宾·斯温	0.03
译码器	0.03
从摩	0.03
萨马拉市	0.03
康曼	0.03
二万三千	0.03
雷文伍德	0.03
马丁·范·诺斯特兰德	0.03
国际主义	0.03
约塞米蒂·萨姆	0.03
迦波	0.03
丽策	0.03
阿尔伯特·爱因斯坦	0.03
宏万	0.03
组方	0.03
罗斯哈威尔	0.03
亨利·沃夫彼得	0.03
咍	0.03
史德柏林	0.03
奥克荷马市	0.03
小汤米	0.03
爱德华·默罗	0.03
莱德尔	0.03
文实	0.03
迪普	0.03
欧毕	0.03
升级换代	0.03
胖墩墩	0.03
多内尔·凯斯	0.03
塞斯纳	0.03
五社山	0.03
史蒂文·索德伯格	0.03
家鸡	0.03
扎米拉	0.03
慈眉善目	0.03
经贸	0.03
亚历山大·汉密尔顿	0.03
爱翠西	0.03
诺尔·加拉赫	0.03
良港	0.03
昆丁·库克	0.03
婚变	0.03
出使	0.03
艾哈迈德·沙阿·马苏德	0.03
阿拉莫城	0.03
文哲	0.03
托马斯·盖茨	0.03
克瑞格拉夫	0.03
文哥	0.03
和汉阳	0.03
皮特·里斯特斯	0.03
列克斯	0.03
佛利浦	0.03
戈壁沙漠	0.03
宝姆	0.03
卷烟纸	0.03
东帝汶	0.03
范伦丁·爱米利·玛丽·隆巴迪	0.03
于素美	0.03
皮罗托	0.03
马蒂·帕帕斯	0.03
谢尔盖·丹纳斯洛夫	0.03
查理·图克斯伯里	0.03
吉尔·瓦伦丁	0.03
加培根	0.03
西格蒙德·弗伊德	0.03
布基诺	0.03
艾克塞尔	0.03
髌	0.03
正佑好	0.03
叫菜	0.03
莫·里特	0.03
格拉迪斯·波特	0.03
迦拉	0.03
迪格	0.03
立身	0.03
才让	0.03
六十二万	0.03
奥德莉·法默尔	0.03
闻君	0.03
大卫·米尔斯	0.03
蚵	0.03
重树	0.03
吉姆·卢瑟·戴维斯	0.03
兰巴迪他	0.03
悲戚	0.03
杰拉德·埃特伍德	0.03
才识	0.03
齐克果	0.03
比斯派克	0.03
慧星会	0.03
纽华克城	0.03
桡动脉	0.03
电流表	0.03
斯·摩勒西	0.03
贝迪	0.03
菲力斯	0.03
巴加洛	0.03
拉里·施密特	0.03
白允植	0.03
波利斯·卡尔洛夫	0.03
会风	0.03
飞弛	0.03
三角函数	0.03
巴比·摩根斯	0.03
三天前	0.03
宝安	0.03
苏珊娜·柯敏斯	0.03
罗卡斯特·里奇	0.03
比彻斯勒	0.03
挥笔	0.03
葛莱芬多	0.03
扬克斯市	0.03
欧曼	0.03
波利克伦	0.03
华发	0.03
里尼	0.03
阿尔阿尔	0.03
勇夫	0.03
戴可	0.03
龙泽	0.03
帕姆·格尔	0.03
杰妮·巴克利	0.03
龙氏	0.03
奎三来	0.03
约翰·托马斯·帕提	0.03
杨佛特	0.03
朴俊久	0.03
朗恩正	0.03
成键	0.03
杜夫勒	0.03
北辰	0.03
汉斯·博尔基	0.03
帕思力	0.03
蒂托留	0.03
李维埃拉	0.03
坚克	0.03
福里赫	0.03
马致远	0.03
弗洛伊德·阿蒙斯	0.03
利诺加诺	0.03
欧普	0.03
高村	0.03
杰安米罗	0.03
塞罗特	0.03
辛迪·劳博	0.03
艾尔卡佛村	0.03
威尔汉姆	0.03
回水	0.03
让塞尔玛	0.03
朝哈德逊	0.03
尤古	0.03
席琳会	0.03
沃波尔	0.03
马哈尼	0.03
产业化	0.03
荻布	0.03
丹尼斯奎德	0.03
现代史	0.03
省亲	0.03
麦考特	0.03
亚当·里布斯	0.03
萨泰阿里	0.03
伊凡德	0.03
湖北	0.03
渙	0.03
小巴	0.03
蒂那	0.03
罗耶那	0.03
安·特里	0.03
欧杰	0.03
史翠山	0.03
裴永南	0.03
黄道吉日	0.03
圣玛利亚	0.03
艾拉达	0.03
头关	0.03
回波	0.03
金凯恩	0.03
南希·佩洛西	0.03
霍华德·森	0.03
立论	0.03
努伊特	0.03
内维尔·斯摩尔斯	0.03
人物画	0.03
赛迪昂湖	0.03
伯格多夫·古德曼	0.03
广泰	0.03
昏聩	0.03
普劳曼	0.03
金英熙	0.03
斯坦·里根斯	0.03
平假名	0.03
宇亭	0.03
汤普森得	0.03
丽莎·辛普森	0.03
奥夫金	0.03
约翰·安莫	0.03
塔皮汉纳镇	0.03
库鲁克香	0.03
迈克凯特	0.03
谢尔盖·拉赫玛尼诺夫	0.03
查茨沃思	0.03
欧恩	0.03
那矛	0.03
和戴安娜	0.03
连天亮	0.03
广汉	0.03
本·克拉姆	0.03
覃	0.03
收入额	0.03
哈里·波特里	0.03
金闪闪	0.03
文淑丽	0.03
本吉·胡迪尼	0.03
珍妮·瓦格纳	0.03
迪丝狄蒙娜	0.03
沃特罗	0.03
宣公	0.03
尤里溪	0.03
远贺川	0.03
康派	0.03
麦洛·萨宾	0.03
波克郡	0.03
让泰勒	0.03
吴胜楚	0.03
各有所好	0.03
童叟无欺	0.03
奥斯华德	0.03
埃尔波特尔	0.03
第三十	0.03
克列门克奇	0.03
一瓢瓢	0.03
大鹏	0.03
广浩	0.03
阿纳托里	0.03
廖波	0.03
宝山	0.03
俬	0.03
颏	0.03
祖伯塔	0.03
学员队	0.03
萜	0.03
卡拉·亚斯特拉詹姆斯基·赖特曼	0.03
格兰特都	0.03
雾化器	0.03
让莱	0.03
摆正	0.03
巴克特里亚	0.03
里塞	0.03
宝志	0.03
对立物	0.03
和兰利	0.03
里查兹	0.03
迦摩	0.03
贝布·卢斯	0.03
兰利里	0.03
频仍	0.03
差麦克白	0.03
麦克库劳夫	0.03
肖沃湖	0.03
费耶特维尔	0.03
一专多能	0.03
沃尔特·迪斯尼	0.03
血晕	0.03
麦克科莱	0.03
戴尔·安哈得	0.03
汤养植	0.03
格兰迪斯夏普	0.03
索拜里	0.03
布拉卡	0.03
负几千	0.03
打私	0.03
莎沙他	0.03
巫易	0.03
循环不断	0.03
杰克宁	0.03
文史	0.03
霍华德·比	0.03
尤妮丝·贝兹	0.03
艾莫魁小	0.03
朗奴列根	0.03
遮光板	0.03
波多尔斯基	0.03
圣吉德	0.03
乔治·马歇尔	0.03
奉若神明	0.03
文县	0.03
氢氧化物	0.03
毕希纳	0.03
龙植	0.03
圣托马斯	0.03
泰克思	0.03
零六年	0.03
埃德加·雅	0.03
阿杰克	0.03
阿基尔·纳瓦兹	0.03
手到病除	0.03
宣召	0.03
约翰·凯勒	0.03
阿汤哥	0.03
御子	0.03
卡斯巴哈	0.03
卡明努奇	0.03
奥多尔	0.03
攒动	0.03
曼特诺	0.03
汤姆索尔	0.03
阿普斯利	0.03
爱莉森黛安娜	0.03
让哈利	0.03
单曲来	0.03
杰夫里·山德斯	0.03
那正	0.03
许柳贞	0.03
斯加丹利斯	0.03
布莱登木	0.03
庞丁	0.03
电褥子	0.03
泽温格	0.03
李西都普罗	0.03
李久勋	0.03
弗兰基·莫里森	0.03
转译	0.03
司乐冰	0.03
福原	0.03
莱裴奇	0.03
路福斯	0.03
李其和	0.03
巴托沃迈克	0.03
三三	0.03
罗尼·詹姆斯·迪奥	0.03
霍娟	0.03
碧今	0.03
拉斯洛	0.03
步行机	0.03
海蒙斯	0.03
迈克尔·拉科	0.03
粉白	0.03
茲	0.03
夏普德·法默尔	0.03
查尔斯·林伯格	0.03
从玫	0.03
丹尼斯·库钦奇	0.03
哈兰河	0.03
劳尼	0.03
碧佛	0.03
巴瑞得	0.03
旺加拉塔	0.03
唐娜有	0.03
赵英淑	0.03
约翰·施特劳斯	0.03
孙艺珍	0.03
唯心主义者	0.03
信马由缰	0.03
科斯蒂·沃尔什	0.03
阿尔得安斯的克里斯多夫	0.03
索普拉诺	0.03
打更	0.03
卷烟机	0.03
兰斯·道兹	0.03
宝利来	0.03
卢老	0.03
罗曼·伯科林	0.03
史蒂夫·兰多佐	0.03
马沙干	0.03
和杜威	0.03
马夫·阿尔伯特	0.03
格罗夫纳	0.03
杰瑞·刘易斯	0.03
洛三儿	0.03
粉皮	0.03
电镜	0.03
真善美	0.03
烈日当空	0.03
三七	0.03
搓板	0.03
血站	0.03
麻辣烫	0.03
买林根	0.03
米伽勒	0.03
轻装简从	0.03
斯科兰斯基	0.03
痨病	0.03
基纳比克	0.03
博布鲁伊斯克	0.03
拜恩斯	0.03
吉米·麦凯恩	0.03
彩粉	0.03
本尼迪特·阿诺德	0.03
海伦·克罗格	0.03
註	0.03
秧苗	0.03
热闹非凡	0.03
高三生	0.03
星海	0.03
亨利·克莱顿·巴伯	0.03
钱可存	0.03
让西尔维娅	0.03
卡伦登	0.03
史考利	0.03
夏威依	0.03
那栋	0.03
格雷让	0.03
挥戈	0.03
谢拉顿	0.03
加迪斯	0.03
游龙	0.03
毫安	0.03
萨尔迪纳斯	0.03
山南	0.03
十点零三	0.03
迪卡罗	0.03
十点零一	0.03
贝格斯	0.03
鲍比·汉森	0.03
巧福豆	0.03
贝拉·库拉	0.03
詹诺威	0.03
汤姆·里德	0.03
十八万	0.03
死劲儿	0.03
威尔海姆	0.03
电针	0.03
那子承	0.03
那桑宏	0.03
总结会	0.03
耶耶耶	0.03
加科·格日伍德	0.03
隆尤尔根	0.03
杰克·克劳夫	0.03
米尔顿·凯恩斯	0.03
文森特·汉纳	0.03
尼尔·科顿	0.03
血粉	0.03
沃尔夫乌兹	0.03
三千六百	0.03
浸渍	0.03
凯文印	0.03
劳夫	0.03
胆红素	0.03
满芝士	0.03
河赫顺	0.03
别无出路	0.03
九千三百万	0.03
变天	0.03
油汪汪	0.03
麦克米根斯	0.03
加斯特·朱迪	0.03
德尼罗约	0.03
本·西格尔	0.03
哈里·奥斯本	0.03
库明斯	0.03
李由珍	0.03
安·费弗	0.03
封闭性	0.03
根纳季·伊万诺夫	0.03
汤姆·麦克亨利	0.03
拉赫马尼诺夫	0.03
哈尔伍德	0.03
奥马利	0.03
沃利比	0.03
莫伊塞斯·格瓦拉	0.03
帕特里克·塔利	0.03
抺	0.03
数据链	0.03
马丁代尔	0.03
西格弗	0.03
史东帕那托	0.03
查尔斯·史达魏德	0.03
脚夫	0.03
百乐	0.03
苺	0.03
幼熊	0.03
剑柄和	0.03
威利·麦克威尔	0.03
康登	0.03
多瓦雷克	0.03
格兰特·格兰特	0.03
妞真	0.03
黑龙会	0.03
德古斯	0.03
舍林	0.03
会酩	0.03
温度表	0.03
基韦·洛奇	0.03
霍山	0.03
监犯	0.03
百丽	0.03
增资	0.03
親	0.03
波多菲诺	0.03
麦克·麦尔斯	0.03
那涛	0.03
培格赛斯	0.03
崇惠	0.03
塞尼加	0.03
罗德理格斯	0.03
来瑞文	0.03
加布詹森	0.03
从琳	0.03
雷·提	0.03
山国	0.03
托格干	0.03
索尼埃留	0.03
黛米摩尔	0.03
潘德尔顿	0.03
索菲亚·玛德莲娜	0.03
舍曼	0.03
帕土内	0.03
甬	0.03
六点五十五	0.03
罗锡浩	0.03
劳娜	0.03
卖俏	0.03
举不胜举	0.03
艾莉斯韦恩顿	0.03
马布里	0.03
零售点	0.03
保卫科	0.03
特雷顿	0.03
戴提亚	0.03
贝塔妮·威斯顿	0.03
乐子来	0.03
克隆牛	0.03
那河	0.03
思基	0.03
奥瑞克金	0.03
杰佛瑞库维兹	0.03
尤金·埃文·巴克斯特	0.03
波比得	0.03
白色棉	0.03
马提尼克	0.03
贝蒂黛维丝	0.03
皮卡多	0.03
舍昆	0.03
希丁克	0.03
即兴曲	0.03
塞穆尔·普莱斯科特	0.03
麦考特尼	0.03
哈喇子	0.03
那常赫	0.03
敲边鼓	0.03
猜华生	0.03
贺辞	0.03
拉托亚	0.03
兔儿爷	0.03
三点零五	0.03
斯凯恩	0.03
加利福里亚	0.03
温赛拉斯	0.03
唐那狄耐	0.03
克里斯多夫·浦	0.03
列奥尼德	0.03
活地狱	0.03
卡尔·加德森	0.03
亚当斯摩根	0.03
时散儿	0.03
延至	0.03
阿古	0.03
皮罗特	0.03
闭关自守	0.03
扎克·莫里斯	0.03
迪福	0.03
戴维·帕默	0.03
博奇	0.03
科斯塔梅沙	0.03
杰奥诺西斯	0.03
棠	0.03
和朱莉娅	0.03
阿尔图纳	0.03
里亚	0.03
比席琳·迪翁	0.03
潘格河	0.03
卡尔登	0.03
拉托纳	0.03
活动靶	0.03
帕萨特	0.03
郑景镐	0.03
里伯	0.03
尼克·史蒂文	0.03
蓝道佛	0.03
约翰·韦布	0.03
瞎干	0.03
龙翔	0.03
那才	0.03
吉姆·温特	0.03
达基列夫	0.03
阿摩斯	0.03
但埃文	0.03
卡尔·科兹菲尔	0.03
兰斯多普城	0.03
家老	0.03
松毛球	0.03
玛丽·斯图尔特·马斯特森	0.03
仙珠	0.03
六七点	0.03
马木鲁克	0.03
福特图拉斯	0.03
回绕	0.03
千分尺	0.03
莱昂纳多·迪波奇尼	0.03
粉线	0.03
挖潜	0.03
理查·伯顿	0.03
常来祖	0.03
内·古索	0.03
东本西	0.03
迪利萨·杰	0.03
朱利叶斯·凯撒	0.03
爰	0.03
端子	0.03
真木舜	0.03
交换器	0.03
迪克·埃德	0.03
崇民	0.03
佛洛伊德·班奈特马	0.03
卢克利希亚	0.03
凯梅里	0.03
杰森·波肖	0.03
叔尔	0.03
拉蒙特	0.03
转脸	0.03
尼克·莫瑟	0.03
克里斯顿·威瑟斯	0.03
克瑞斯塔儿	0.03
菲莉	0.03
邮电局	0.03
挥毫	0.03
金钟泌	0.03
但迈尔斯	0.03
维拉罗波斯	0.03
伊凡·克里门托维奇	0.03
墨比乌斯	0.03
莱尔森	0.03
桑德兰	0.03
生光	0.03
杨春和	0.03
礼让	0.03
祖师	0.03
行必果	0.03
苏布拉	0.03
道希	0.03
让索罗门王	0.03
漾奶	0.03
萨满教	0.03
长十郎	0.03
阿米力欧	0.03
左六度	0.03
约翰·艾尔顿	0.03
马斯格雷	0.03
麦克奎恩	0.03
白曲霜	0.03
莫莲	0.03
迈克尔怀特	0.03
匹夫有责	0.03
广阔无垠	0.03
玛莎麦克奈尔	0.03
人民公社	0.03
迪克·佩皮	0.03
亲笔信	0.03
加菲尔德·詹姆士	0.03
塔里克·泰勒	0.03
平乃明	0.03
那朴	0.03
席维斯特·克拉克	0.03
良缘	0.03
卡马圭	0.03
兰开斯	0.03
戴妮斯	0.03
潢	0.03
奥尔巴彻	0.03
比约尔克	0.03
米高·佩雷拉市	0.03
魏特摩	0.03
山岸	0.03
麦卡特尼	0.03
泰瑞林	0.03
尼米拉	0.03
卡迪兹	0.03
杜恩·罗森布鲁	0.03
费尔古德	0.03
金顺雅	0.03
简芳德	0.03
头金发	0.03
洛纳多	0.03
马格德	0.03
君虎	0.03
镇咳剂	0.03
贝拉芬特	0.03
扎耶利	0.03
凯特琳娜	0.03
狗展能	0.03
茂科	0.03
倚奎	0.03
李美珍	0.03
托尼·斯图尔特	0.03
阿富德	0.03
戴阿汉·卡洛尔	0.03
降落场	0.03
尼可尔·基德曼	0.03
韦恩·牛顿	0.03
艾里莎·伍兹	0.03
北田	0.03
浸染	0.03
惜别	0.03
查尔斯爱德华波格	0.03
到达站	0.03
泰瑞曼	0.03
唐娜正	0.03
弗劳伦斯	0.03
劳博	0.03
乔治·梅森	0.03
魏特曼	0.03
圣昆	0.03
里克多	0.03
亲征	0.03
基德盖	0.03
爱德莉	0.03
和庞贝	0.03
阿亚图	0.03
娜·斯帕克斯	0.03
金欢永	0.03
希克拉丝	0.03
艾维塔尔	0.03
迪罗	0.03
卡里索	0.03
他比赫伯特	0.03
马沙尔	0.03
薛利	0.03
皮迪度	0.03
旅游线	0.03
九点零六	0.03
伊沃克	0.03
家蝇	0.03
涅克萨	0.03
巫石	0.03
撬棒	0.03
迪翁	0.03
埃德加·威廉·沃恩	0.03
卡亨加	0.03
仙界	0.03
两三百	0.03
莱尔派	0.03
米高史华特	0.03
于是顺	0.03
宝京	0.03
祖德	0.03
兰利能	0.03
马屈瑞德	0.03
艾美琳恩	0.03
斯邓恩	0.03
唐·约翰逊	0.03
药铺	0.03
费尔南多范哲	0.03
比希拉里·克林顿	0.03
约翰·萨维奇	0.03
墨塞	0.03
宝中	0.03
一亿五百万	0.03
窠	0.03
叫铉	0.03
阿莱格	0.03
杰克里	0.03
乔恩·邦·乔维	0.03
伊莱·克兹曼	0.03
运筹	0.03
斯黛西·米勒	0.03
哀乐	0.03
斯派兹	0.03
吉英·马丁	0.03
曼·荣格	0.03
伯尔特	0.03
蒙拉吉亚	0.03
哈姆雷特王	0.03
他连摩西	0.03
布莱克摩尔	0.03
朴殷淑	0.03
洛克斯顿	0.03
费宾·菲茨杰拉德	0.03
证照	0.03
恩文	0.03
索拉斯	0.03
他亚瑟	0.03
舅子	0.03
约翰·柯林	0.03
定都	0.03
凹面	0.03
雅俊	0.03
运管	0.03
杜雷蒙	0.03
裴欧沃夫	0.03
维莱特	0.03
麦海	0.03
义井	0.03
彼拉提斯	0.03
赛璐玢	0.03
路易斯·德·阿尔奎萨	0.03
左锋	0.03
中村直树	0.03
驭手	0.03
床沿	0.03
杜巴姆	0.03
一草一木	0.03
伯明顿	0.03
迈达尔德·伯斯	0.03
布鲁斯·卡森	0.03
达德郡	0.03
罗伯特·芬尼斯	0.03
森美·贾文斯	0.03
司线员	0.03
守礼	0.03
露易·彼得森	0.03
宼	0.03
维拉达	0.03
奈尔斯	0.03
罗坦弗尤尔	0.03
考斯提奇	0.03
本顿	0.03
长君	0.03
居那加德	0.03
罗格先	0.03
护航舰	0.03
卡美哈美哈	0.03
罗德·瑟林	0.03
三十四万	0.03
玛丽·彼得斯	0.03
由此看来	0.03
金贵	0.03
餒	0.03
格瑞丝	0.03
朴秉多	0.03
那家新	0.03
网袋	0.03
风骨	0.03
罗贝尔·布雷克	0.03
瑙韶斯	0.03
日夜兼程	0.03
比利鲍伯	0.03
卡塔利娜	0.03
吉妮·贝尔	0.03
利宾纳	0.03
音型	0.03
塔尔木	0.03
康斯坦茨	0.03
洋参	0.03
恩杜	0.03
景天	0.03
字号	0.03
妙丽	0.03
约翰·柯文	0.03
皮科尔	0.03
西弗尔·福克斯	0.03
麦克·麦克	0.03
第二十五	0.03
苦寒	0.03
数字串	0.03
女中音	0.03
麦克·谢尼克斯卡	0.03
鹅蛋脸	0.03
辛格儿	0.03
娜乌西卡	0.03
哈利·诺尔斯	0.03
艾德里安·金·菲尔比	0.03
形式化	0.03
圣马斯	0.03
菲德尔·卡斯特	0.03
波卡斯·卡托	0.03
比尔特	0.03
克赫	0.03
奥立佛·诺斯	0.03
埃德加·西	0.03
李恩宙	0.03
佩吉·贝克汉姆	0.03
和伊迪	0.03
左非	0.03
丽贝卡·哈特曼	0.03
约翰·斯特	0.03
埃兰迪尔	0.03
戈登干	0.03
和俊硕	0.03
陈列馆	0.03
妙传	0.03
卡美洛	0.03
铬铁矿	0.03
戈尔蒂埃	0.03
氯丁橡胶	0.03
心正如	0.03
志学	0.03
强制力	0.03
塔比斯	0.03
史图亚特	0.03
斯齐普·沃伦	0.03
麻美子	0.03
迈尔斯·厄克特	0.03
他雷德	0.03
卡拉曼马拉斯	0.03
格雷格·尼尔森	0.03
高锰酸钾	0.03
李英仲	0.03
摩根·克里斯	0.03
麦克·麦基	0.03
弗兰克西	0.03
克沃科恩	0.03
凭栏	0.03
卡琳·麦坎得勒斯	0.03
心气	0.03
茫然无措	0.03
恩慈	0.03
洛基·费里莉	0.03
邓普西斯	0.03
萨尔瓦多·帕帕蒂洛	0.03
克里巴奇	0.03
哈比镇	0.03
戴夫波义耳	0.03
罗尔克	0.03
杜然	0.03
和议	0.03
于圣	0.03
那帮富	0.03
特克	0.03
醣	0.03
科特恩	0.03
尤尔根·弗格尔	0.03
格尔达·克里斯蒂安	0.03
更强	0.03
亻	0.03
萨拉·巴拉哈里	0.03
本尼佛	0.03
乔伊·特克特	0.03
二千零	0.03
市布	0.03
偃旗息鼓	0.03
修发	0.03
包赔	0.03
娜蒂亚	0.03
芷	0.03
达明	0.03
克语	0.03
贝尔维迪尔市	0.03
阿斯蓬	0.03
普布利乌斯	0.03
露西鲍尔	0.03
克里斯尼斯	0.03
贺松	0.03
是丽	0.03
加伯安娜	0.03
山包	0.03
奥卡拉	0.03
维克希曼	0.03
达文	0.03
韩彩英	0.03
以己度人	0.03
李恩庆	0.03
汉克·雷纳德	0.03
斯库尔	0.03
蓑衣	0.03
擗	0.03
洪加	0.03
瓦特曼	0.03
苏里市	0.03
缩手	0.03
尤利许·科高维	0.03
埃维拉	0.03
怅惘	0.03
肌理	0.03
赵隆弼	0.03
麦斯特诺	0.03
税务员	0.03
赛姆汀	0.03
櫈	0.03
陋	0.03
瑟瑞娜	0.03
坎伯兰	0.03
罗宝山	0.03
丁塞尔	0.03
伊军	0.03
敬之	0.03
特里特	0.03
独苗	0.03
但娜西	0.03
钱拉	0.03
德丽亚·索里奇	0.03
范高家	0.03
青稞	0.03
潰	0.03
路克·科内特	0.03
伛	0.03
罗那多欧瑞力	0.03
伊兰	0.03
两百零	0.03
洪峰	0.03
埃阿斯	0.03
铺陈	0.03
安瑞娜·霍	0.03
汝能	0.03
奥凯利	0.03
克里福德	0.03
杨吉	0.03
修造	0.03
达比	0.03
圣克罗	0.03
独资	0.03
科杰克	0.03
阿尔德索	0.03
佩立丝	0.03
泽默	0.03
牺	0.03
博曼	0.03
心怡	0.03
圣罗伦斯	0.03
汤姆·龙霍兰	0.03
糖葫芦	0.03
阿米希	0.03
商博尚	0.03
阿法特	0.03
鰎	0.03
克里·费尔德曼	0.03
汪达尔	0.03
特图加	0.03
崇兆干	0.03
苏斯河	0.03
蜜柚	0.03
米糠	0.03
乔治·马沙	0.03
青瓷	0.03
爱伊万杰琳	0.03
尼克尔莱	0.03
正音	0.03
哥·德奥瑞拉那	0.03
市制	0.03
盖瑞他	0.03
迪娜·史多姆	0.03
伯·杜克	0.03
威利尼尔森	0.03
德拉·沙瑞西	0.03
边九石	0.03
德谟克利特	0.03
柳容辰	0.03
阿伏加	0.03
阿尔希巴	0.03
麦普	0.03
于心不忍	0.03
津贴费	0.03
庞培	0.03
圣斯比	0.03
吉村佐腾	0.03
瓷漆	0.03
麦昆	0.03
杜巴利	0.03
三七分	0.03
英雄汉	0.03
回芝城	0.03
考克多	0.03
祝捷	0.03
吉米默特夫	0.03
洗涤器	0.03
琿	0.03
利斯特	0.03
贝瑞拉	0.03
黛丝	0.03
马琳达登	0.03
特米尼克斯	0.03
苦参	0.03
呕血	0.03
那尔布	0.03
麦松	0.03
崔敏熙	0.03
普鲁克伦	0.03
巴比可文	0.03
西蒙·波利瓦尔	0.03
麦杜	0.03
夏正宇	0.03
托马斯·史蒂夫·洛佩兹	0.03
韩淑奎	0.03
阿古德	0.03
麦朵	0.03
多杜·米切尔·克撒	0.03
安布瑞	0.03
道成仙	0.03
孟尼	0.03
图板	0.03
比罗斯	0.03
戴维让	0.03
凯瑟琳克立克	0.03
尼克·本尼迪多	0.03
托勒斯	0.03
马达嘎斯加	0.03
艾提安·洛朗	0.03
乔什·鲍尔	0.03
零嘴	0.03
滩涂	0.03
井出力	0.03
孟子	0.03
达赫迪欧	0.03
手活	0.03
言述	0.03
甘卜霖	0.03
马克·朱尼斯	0.03
周仰杰	0.03
唐卡大桥	0.03
莎会	0.03
约瑟芬·特爱娜	0.03
比尔·克拉克	0.03
和稀泥	0.03
伊利斯	0.03
伊恩·布朗	0.03
曼尼他	0.03
山博	0.03
查尼可勒梅	0.03
扎来扎	0.03
玛丽·戴克尔	0.03
比玛丽亚莎拉波娃	0.03
吉特尔斯	0.03
移动靶	0.03
迷梦	0.03
温斯格	0.03
分列	0.03
艾莲·佩奇	0.03
守球	0.03
姜哲民	0.03
双肩包	0.03
双糖	0.03
勒奇	0.03
和格蕾	0.03
官样文章	0.03
辣椒油	0.03
絡	0.03
尹奉吉	0.03
鲍比·格林	0.03
梅德森	0.03
埃里克·邓波	0.03
迪伦马特	0.03
青灯	0.03
普奇诺	0.03
李阳周	0.03
杰西卡·兰	0.03
莎丝	0.03
哲罗普洛斯	0.03
克茜	0.03
杰夫里·巴洛	0.03
爱丽丝·伊芙	0.03
总成	0.03
钱梅	0.03
大中小学	0.03
别卜西	0.03
麦克尔·林茨	0.03
杜马	0.03
偶发性	0.03
詹姆士·罗宾森	0.03
帝皇谷	0.03
尼克·德利	0.03
沙质来	0.03
威廉·卢卡斯	0.03
洪大	0.03
盖路西安	0.03
布拉德·尼科尔	0.03
帕塞拉德尔加多	0.03
挨门挨户	0.03
尤金·麦克威	0.03
食盒	0.03
中村拓	0.03
立等可取	0.03
风雷	0.03
李·埃因纳	0.03
杰克雷恩	0.03
安布罗西奥·斯宾诺拉	0.03
真太烈	0.03
比尔·内桑森	0.03
瓦鲁莎	0.03
烈阳	0.03
柏可夫	0.03
麦科斯·高	0.03
萨姆·科比	0.03
苏承灵	0.03
那范儿	0.03
吉姆·斯丹索	0.03
他得	0.03
平江	0.03
理查德·派普维奇	0.03
金高尼	0.03
伊塞	0.03
约瑟夫·史塔顿	0.03
堂娜·史密斯	0.03
姜东元	0.03
佛拉明戈	0.03
凯瑞·海耶	0.03
凯夫瑞迪	0.03
佐森正朝斯坦斯多夫	0.03
苦口良药	0.03
拉里霍克特	0.03
柯林·威廉斯	0.03
玛丽·哈斯金斯	0.03
暱	0.03
詹姆·阿特	0.03
彼·伊·史泰克	0.03
安东尼·卡西亚	0.03
伊姆	0.03
山姆·伦纳德	0.03
大豆胶	0.03
杨华	0.03
杨千	0.03
特德爱拉娜	0.03
塔尼亚玛	0.03
吉米·亨德里克斯	0.03
他斯波	0.03
中行	0.03
沈尚宫都	0.03
哥芬	0.03
柯里	0.03
杜飞	0.03
马克·大卫·查普曼	0.03
字库	0.03
古斯塔夫·罗斯	0.03
罗伯特勒德林	0.03
剑是淑	0.03
钱库里	0.03
海森伯格	0.03
修表	0.03
柏修斯	0.03
艾扎德·查尔斯	0.03
运输费	0.03
薏苡	0.03
戴安·凯莉	0.03
查斯·克莱默	0.03
特拉沃塔	0.03
格帕斯	0.03
麦糠	0.03
拉·史蒂文斯	0.03
克莉莫丝	0.03
卡萨格兰德	0.03
晨风	0.03
深田裕介	0.03
基努·里维斯	0.03
安东·古毕兹	0.03
杜威·布兰森	0.03
萨宾娜	0.03
唐纳德·杜普林	0.03
摇头摆尾	0.03
斯普廷	0.03
扣压	0.03
龙生龙	0.03
普雷希	0.03
柺	0.03
箇	0.03
收审	0.03
兼管	0.03
金鸽	0.03
凯斯·约	0.03
严以自律	0.03
桑亚·瓦莫斯	0.03
其勒	0.03
梅里特	0.03
变电所	0.03
麦克布雷	0.03
麦布莱德	0.03
木下惠介	0.03
佃户	0.03
凯伦·哈耶斯	0.03
凯特里	0.03
季胜利	0.03
金鹏	0.03
九一分	0.03
雅克才	0.03
伊斯塔利亚	0.03
罗纳德·维奇	0.03
孟德兹	0.03
瓦尔瑞·马提诺夫	0.03
恩瑞	0.03
梅德福市	0.03
金凤凰	0.03
分体	0.03
阿黛儿	0.03
巴约尼	0.03
昆西琼斯	0.03
韩善英	0.03
米拉罗马	0.03
示范带	0.03
是娴	0.03
王汉	0.03
科比·布莱恩	0.03
双扣	0.03
米果	0.03
杨东	0.03
布里桑特	0.03
阿伯丁郡	0.03
扣儿	0.03
贺斯特	0.03
心太野	0.03
隔离线	0.03
纵览	0.03
气性	0.03
米尔德瑞	0.03
新宿来	0.03
双拐	0.03
简·保罗·克莱蒙	0.03
坦妮亚当	0.03
群崇元	0.03
莎凯	0.03
普雷尼	0.03
圣塞瓦斯	0.03
让斯摩尔斯	0.03
布来希勒	0.03
埃兰·杜勒斯	0.03
雅巴	0.03
常乐	0.03
维克·哈巴德	0.03
要改成	0.03
斯百克	0.03
常例	0.03
斯坦干	0.03
栲	0.03
尤克里里	0.03
敬娥	0.03
龙天堂	0.03
埃尔罗伊·弗莱彻	0.03
比尔才	0.03
制作厂	0.03
喧嚷	0.03
广告社	0.03
伯伦汉姆	0.03
约翰·斯托	0.03
博雷科奇	0.03
鞋帮	0.03
秸	0.03
数字式	0.03
朴志万	0.03
菠	0.03
基斯坦	0.03
佩德罗·桑切斯	0.03
詹姆士·波贝	0.03
艾丽斯·隆巴顿	0.03
威斯特玛克	0.03
哀婉	0.03
瘾头	0.03
咏叹	0.03
塔伦湖	0.03
穆荷	0.03
利比里亚人	0.03
约兰达	0.03
安德蒂	0.03
万亿年	0.03
田中春	0.03
乔治亚·康拉德	0.03
叶泽里美	0.03
储备粮	0.03
开方	0.03
杰拉米·艾恩斯	0.03
哈雷鲁亚	0.03
圣卡塔利娜	0.03
帕门特	0.03
比尔斯	0.03
圭宁	0.03
自然选择	0.03
罗阿诺库	0.03
义子	0.03
亨里希·希姆莱	0.03
杜菲	0.03
赫斯通	0.03
滤纸	0.03
青桐	0.03
贝克斯希尔	0.03
弗拉迪米尔·拉德马诺维奇	0.03
克利夫敦	0.03
柯尼卡·杰克森	0.03
三百零二	0.03
以波	0.03
阿莱达·格瓦拉	0.03
利洛伊	0.03
敬麦克	0.03
伊克	0.03
是康	0.03
让布莱金里奇	0.03
里德尔	0.03
菲欧娜	0.03
尤瑞·柯罗科	0.03
弗来德利克·卡鲁迪斯	0.03
郁郁葱葱	0.03
青森	0.03
温谢尔	0.03
麦秀	0.03
麦秆	0.03
益虫	0.03
麦种	0.03
阿斯顿·马汀	0.03
自由港	0.03
罗伯特·沃克	0.03
莱蒂·托	0.03
瓦贝斯	0.03
沃夫斯密特吉布森	0.03
格瑞姆	0.03
萨玛良	0.03
艾伦比他	0.03
义妹	0.03
比利·怀尔德	0.03
雅夫	0.03
威佛里	0.03
塞尔·马洛	0.03
纪念塔	0.03
人见人	0.03
想想也是	0.03
威尔·史密斯	0.03
沃洛格达	0.03
咏冈	0.03
溴化银	0.03
查尔斯·达尔文	0.03
斯普拉格	0.03
秽行	0.03
高斯定	0.03
山姆·海伍德	0.03
艾米里亚诺·马奎斯	0.03
朴晟	0.03
韦伯让	0.03
温斯特	0.03
上下一心	0.03
摩妮琪·瓦伦丁	0.03
希拉里希拉里希拉里希拉里	0.03
布鲁明顿	0.03
水自东	0.03
本·威尔斯	0.03
埃利西亚	0.03
苦主	0.03
巴克内尔	0.03
堂·吉诃德	0.03
抢白	0.03
龛	0.03
杜耶	0.03
伯尼·威廉姆斯	0.03
过常赫	0.03
萨基尼	0.03
达瓦	0.03
和楚伊	0.03
黑孜	0.03
稍事	0.03
阿斯本诺夫	0.03
弗莱德·汉普顿	0.03
亨利·英克	0.03
兰普平原	0.03
高木正雄	0.03
萨拉·米勒	0.03
朴朴	0.03
扎块	0.03
金领	0.03
柯提斯比	0.03
浮劳瑞	0.03
艾格威雅	0.03
莎哈	0.03
荷依斯尤	0.03
达瑞	0.03
佛罗德·里特	0.03
小华勒	0.03
乌西亚生	0.03
普莱阿斯	0.03
马弟他	0.03
嗱	0.03
尚格瑞	0.03
簘	0.03
痴想	0.03
麦瑞	0.03
汤姆·米勒	0.03
伊亭	0.03
一方非	0.03
草棚	0.03
误人子弟	0.03
斯坦因伯莱纳	0.03
帕丽丝·希尔顿	0.03
马努尔	0.03
镞	0.03
呆账	0.03
马基雅	0.03
哥门	0.03
奥克萨娜·巴尤尔	0.03
伊丹	0.03
布鲁加利亚	0.03
伯尼·麦克	0.03
沃尔特·里德	0.03
官威	0.03
瑞扎德	0.03
塞姆皮埃罗	0.03
心火	0.03
里德·珀洛克	0.03
路数	0.03
弗杰奎琳	0.03
人头马	0.03
大阿洛	0.03
哪一天	0.03
包金	0.03
马琳达·皮里斯	0.03
拉普·布朗	0.03
斯奇尼德斯班克	0.03
圣安东尼奥的贝克萨	0.03
布尔科南	0.03
西勒奇	0.03
十六分	0.03
和音	0.03
古德内瓦	0.03
民间艺术	0.03
莫瑟斯·莫	0.03
钱粮	0.03
伍沃斯	0.03
罗莎·帕克斯	0.03
定规	0.03
恍然	0.03
华兰	0.03
硫酸亚铁	0.03
福卢菲	0.03
罗勃·格瑞	0.03
鲁飞德	0.03
爱查理	0.03
生亚撒	0.03
暪	0.03
帕洛斯·弗迪斯	0.03
阿科立帕	0.03
唐怀瑟	0.03
菲格兰	0.03
安东尼干	0.03
露蒙德	0.03
梅勒妮·斯图尔特	0.03
赫伯特·胡佛	0.03
育龄	0.03
麦格努斯	0.03
比格列德	0.03
幅员辽阔	0.03
克杰根	0.03
青松	0.03
弗拉迪	0.03
力挺	0.03
沃德都	0.03
庄介二	0.03
等温线	0.03
曼城	0.03
升降舵	0.03
阿提克斯·芬奇	0.03
巴宗嘉斯	0.03
音位	0.03
切瑟	0.03
鸣铃	0.03
心狠	0.03
德玛吉	0.03
索雅留	0.03
恩美	0.03
那次查克	0.03
营垒	0.03
冬之湖	0.03
安德鲁·韦伯	0.03
第二十四	0.03
第四十八	0.03
艾施丽	0.03
有道是	0.03
卡瓦萨奇	0.03
罗望子	0.03
强尼·戴蒙	0.03
白暨豚	0.03
邦嘉	0.03
炸雷	0.03
洪东	0.03
洛克威	0.03
韩·韦恩	0.03
贾德·米尔顿	0.03
輸	0.03
卡苏朋	0.03
显晶	0.03
黄组里	0.03
放射形	0.03
罗凡涛	0.03
布罗斯	0.03
伊莉莎白·伊曼尼尔	0.03
古埃兰	0.03
包辛尼斯	0.03
让克劳斯	0.03
米克萨克斯	0.03
伊利特	0.03
瓦莫斯	0.03
格里格·格兰丁	0.03
机架	0.03
布提拉	0.03
三十八万	0.03
克门	0.03
弗契斯	0.03
零三分	0.03
雅哥	0.03
班克斯比	0.03
金铃	0.03
贝蒂·怀特	0.03
修莲	0.03
查图嘎	0.03
手紧	0.03
奴隶社会	0.03
利萨·乔伊纳	0.03
加德森	0.03
肯尼·雷·卡特	0.03
路易·巴泽德	0.03
伍沃思	0.03
乌冬部	0.03
三千三百万	0.03
斯坦兹	0.03
春金镇	0.03
黑雄	0.03
康尼·博什	0.03
寒暑	0.03
速决战	0.03
谢瓦利埃	0.03
库尔特·图霍夫斯基	0.03
双波	0.03
两亿七千万	0.03
官衙	0.03
二十九万	0.03
举报者	0.03
朴永	0.03
正经话	0.03
一点一点	0.03
曼克	0.03
安德洛玛	0.03
寒春	0.03
劳博尔	0.03
谤	0.03
梅琪和	0.03
差迈凯	0.03
两亿两千万	0.03
双沟	0.03
雅号	0.03
开本	0.03
史蒂芬·西恩博格	0.03
一滴滴	0.03
走南闯北	0.03
安索普洛基	0.03
伯班克市	0.03
让卡宁	0.03
奘	0.03
仰八叉	0.03
维古埃	0.03
让史密斯	0.03
一千四百三十五	0.03
丹六世	0.03
臂腕	0.03
贝艾迪	0.03
官子	0.03
让奇南	0.03
徬	0.03
阳之王	0.03
斯图本	0.03
雷隆	0.03
蒲扇	0.03
伯比·奥	0.03
伊莎贝拉·艾尔	0.03
杰瑞·博克	0.03
草海	0.03
卡尔斯塔特镇	0.03
佷	0.03
一条条	0.03
一圈圈	0.03
樟脑油	0.03
亚里安·芬奇	0.03
尼哥	0.03
卢娜·洛夫古德	0.03
萼	0.03
高斯危	0.03
法斯特布鲁	0.03
多莉·迪克汉姆	0.03
卡柴科瓦夫	0.03
直翅目	0.03
沃尔特·里多	0.03
镨	0.03
尹宗仁	0.03
史塔莫斯	0.03
格瑞力	0.03
卡尔·班顿	0.03
林德堡	0.03
四点二	0.03
扎洛夫	0.03
哈尔·特	0.03
詹姆斯·齐默曼	0.03
麦法登	0.03
地热学	0.03
侄孙	0.03
马古丽特·蒙诺特	0.03
张康妮	0.03
法莫拉山	0.03
酵	0.03
升格	0.03
二愣子	0.03
林赛·伊丽莎白·法瑞斯	0.03
迪克·马罗伊	0.03
字义	0.03
威利妹	0.03
博尔特	0.03
但保罗	0.03
和尚头	0.03
运输舰	0.03
曼努	0.03
金道	0.03
爺	0.03
阿克拉	0.03
守柳	0.03
莎比士亚	0.03
古根	0.03
任东硕	0.03
广告画	0.03
随意肌	0.03
一七六六年	0.03
司特华	0.03
艾文兴	0.03
过善宇	0.03
本富兰克林	0.03
转瞬间	0.03
曼利	0.03
罗得斯	0.03
何尔莫特贝格	0.03
君常来	0.03
沙尔曼·鲁西迪	0.03
门户之见	0.03
纳克特马	0.03
木丛	0.03
拉希塔	0.03
李奥纳	0.03
磁学	0.03
铁山	0.03
先解锁	0.03
格瑞治	0.03
冬荫功	0.03
圣卡拉	0.03
迈克·沃恩	0.03
华盛顿瓦尔特·里德	0.03
凯立	0.03
辛颂伊	0.03
洛斯奥立佛斯	0.03
克莱尔才	0.03
吉米·科米兹	0.03
凯伦·海耶斯	0.03
子嗣才	0.03
锤骨	0.03
史摩基·罗宾逊	0.03
满洲国	0.03
贝希特斯加登	0.03
索非亚·杰克森	0.03
自诉	0.03
凯特贝·金赛尔	0.03
谢尔顿·威廉姆斯	0.03
艾米·福克斯	0.03
圣日尔曼	0.03
杨知喜	0.03
朴准	0.03
双儿	0.03
雷麦尔	0.03
长孙	0.03
阿莫迪	0.03
心俊男	0.03
布罗德	0.03
一时一刻	0.03
祥云	0.03
斋戒日	0.03
贝尔塔莱维亚	0.03
迪克哥登	0.03
厄瑞波斯	0.03
义清	0.03
径向	0.03
勒瑞	0.03
丹尔莫尼克	0.03
鉴宝	0.03
瓦罗亚	0.03
雅滋	0.03
德克斯特·麦卡锡	0.03
朴克	0.03
维尼吉亚	0.03
维奥莱特·罗伯逊	0.03
拜蒂夫	0.03
埃尔维斯·普莱斯里	0.03
理查·德尼克松	0.03
祥东	0.03
和西蒙斯	0.03
曼氏	0.03
健士	0.03
七级浮屠	0.03
黑金玉	0.03
显影液	0.03
艾尔尼诺	0.03
基卡里	0.03
朝鲜战争	0.03
宝贝克莱门泰	0.03
双剑	0.03
阿黛拉	0.03
如冰	0.03
普来西亚多	0.03
美妮纳	0.03
帕特逊	0.03
米里多拉	0.03
钢铁长城	0.03
附议	0.03
麦丘	0.03
附设	0.03
代克思	0.03
伊娃·格林杰	0.03
附记	0.03
卡洛斯·伽勒	0.03
韩语里	0.03
连洛城	0.03
显微	0.03
莎莉明天	0.03
克利蒂	0.03
黑溪	0.03
麦仙	0.03
轿夫	0.03
伊丽娜	0.03
麦德琳	0.03
伊瑟	0.03
但雅各布	0.03
维卡威尔	0.03
劳伦·桑切斯	0.03
霍华德·鲁本斯多克	0.03
杰纳德	0.03
杨绛	0.03
一天非	0.03
伊恩·温斯基	0.03
乐皇阁	0.03
义海	0.03
斯普莱尼	0.03
生物制品	0.03
麦二	0.03
奥兹达	0.03
卡里亚湖	0.03
瑞恩·高斯林	0.03
三百一	0.03
爱布鲁斯	0.03
百分之八百	0.03
佐智都	0.03
让萨曼莎	0.03
家长制	0.03
巴寇伯理	0.03
戈登纳	0.03
高梨政	0.03
朱丽安·巴莱	0.03
克力格	0.03
金尚益	0.03
概率论	0.03
祭文	0.03
普岭山	0.03
斯普润	0.03
朱尼亚	0.03
安拉斯	0.03
曼湖	0.03
布伦斯	0.03
帕基普希	0.03
拍桌子	0.03
施蒂	0.03
杰斯丁	0.03
健太	0.03
朴南	0.03
艾米丽·托马斯	0.03
列奥纳多	0.03
斯蒂文·卢卡斯	0.03
莎木	0.03
心烦意躁	0.03
朝艾奎拉	0.03
奥斯丁·穆甘扎	0.03
库兹涅茨克	0.03
他亚曼达	0.03
约瑟夫·布凯	0.03
哈雷戴	0.03
金勃莉	0.03
赵洋恩	0.03
约翰·埃德加·胡佛	0.03
紫花苜蓿	0.03
阿克姆	0.03
华夏	0.03
布雷特妮·斯皮尔斯	0.03
朴哥	0.03
返国	0.03
由香子	0.03
岩田幸一	0.03
贾墨	0.03
麦可蒂	0.03
广告主	0.03
洛克斯	0.03
韦美普拉斯	0.03
牌位	0.03
黑梅	0.03
霍华德·格林	0.03
斯科特斯戴尔	0.03
贝尔斯登	0.03
耶里克·斯曼克夫	0.03
寒带	0.03
但那马	0.03
氧化汞	0.03
哈拉卡哈	0.03
哀歌	0.03
牌价	0.03
变电器	0.03
罗素凯斯	0.03
瑞摩斯	0.03
费唐娜薇	0.03
查理·芬科斯丁	0.03
爱德华·安尼斯	0.03
加斯·加斯	0.03
阿什顿恩	0.03
梅米比	0.03
梅纳赫姆·贝京	0.03
斯巴基	0.03
本·温伯格	0.03
贾奎	0.03
卜格雷	0.03
倔犟	0.03
重达	0.03
伊扎克·拉宾	0.03
齐奏	0.03
拜谢	0.03
拉斯维加斯查	0.03
斯坦梅	0.03
鞋样	0.03
法拉斯·霍塔	0.03
桑约·艾尔	0.03
李昂纳多	0.03
丧假	0.03
芭芭拉·史坦威	0.03
贝得福	0.03
苏珊·罗伯逊	0.03
涝	0.03
汤姆·博克斯	0.03
至普利茅斯	0.03
塔丝丽玛·本·拉登	0.03
龙帮真	0.03
马基德	0.03
雾气腾腾	0.03
料理台	0.03
克莱尔撒	0.03
西游记	0.03
绘画室	0.03
姆霍克	0.03
保尔·斯	0.03
洛克林	0.03
史东罕镇	0.03
是浦	0.03
梅丽莎·约翰逊	0.03
是海	0.03
吉那科	0.03
诉冤	0.03
煤泥	0.03
那国玺	0.03
觊	0.03
绿姬	0.03
四零	0.03
全罗南道	0.03
巴德切克	0.03
隧洞	0.03
西蒙·维勒	0.03
燃料箱	0.03
蘖	0.03
他威尔	0.03
雷克安德	0.03
米加	0.03
汤姆·霍夫曼	0.03
孟瀚	0.03
向英俊	0.03
瓦丽莱	0.03
过特训	0.03
史蒂芙·王	0.03
从光中	0.03
克林史密斯	0.03
桑塔安娜	0.03
拉希得	0.03
金勇奇	0.03
伊尔库次克	0.03
比维尔丽	0.03
裴植会	0.03
开炉	0.03
库什山口	0.03
玛尔文·盖尔	0.03
货运量	0.03
伊莱亚	0.03
查莫林	0.03
绦	0.03
零敲碎打	0.03
邓斯顿	0.03
伊利东	0.03
两全	0.03
大阿尔	0.03
玛莉莲·曼森	0.03
李斗洪	0.03
斯高提	0.03
格莲达	0.03
出漏子	0.03
骷	0.03
盐类	0.03
贵霜	0.03
巴哈·米勒	0.03
戈尔·维达	0.03
罗比·威廉斯	0.03
斯普克勒	0.03
柯瑞里	0.03
比尔奇	0.03
拿破仑·克罗斯	0.03
凡恩会	0.03
欧克西克定	0.03
福莱德	0.03
诺康来	0.03
娜·阿格丽亚	0.03
柯尼刚	0.03
唐吉柯德	0.03
洛斯阿拉密斯托斯	0.03
之路	0.03
勒紧	0.03
注册地	0.03
莱曼·沙西巴	0.03
七又八分之一	0.03
凛凛	0.03
玛莎·麦克康维尔·琳斯考特	0.03
霍嘉特	0.03
显君	0.03
艾斯科雷奇	0.03
尤瑞诺夫	0.03
雕像头	0.03
留伊娃	0.03
阿宾	0.03
拜耳	0.03
教学班	0.03
铜版画	0.03
常生	0.03
黑文	0.03
穆斯波特	0.03
舍特林	0.03
威尔伯·王	0.03
麦德罗	0.03
半月形	0.03
伊特龙	0.03
丽莎·玛瑞	0.03
马革裹尸	0.03
高斯本	0.03
麦粒肿	0.03
义文	0.03
贝奇勒	0.03
惇	0.03
贝塞斯塔	0.03
安·查尔斯	0.03
阿奇拉	0.03
罢课	0.03
代杜海姆	0.03
丧志	0.03
迈尼·拉米瑞	0.03
书皮	0.03
廿八万四千	0.03
西内西塔	0.03
雅文	0.03
延正勋	0.03
闻名中外	0.03
格汉斯	0.03
狗经常	0.03
斯特拉斯伯格	0.03
两叁	0.03
比利·乔	0.03
拜茨	0.03
锁锁	0.03
博伊斯	0.03
运冰	0.03
奥尔塔蒙特	0.03
葛瑞尼	0.03
泰德威廉斯	0.03
禧年	0.03
八万四千	0.03
丹尼尔·道尔顿	0.03
约瑟爱莎	0.03
罗伯特·路易斯	0.03
小杰迪	0.03
妖冶	0.03
斯托布	0.03
敬才	0.03
那尔西	0.03
乔治·马丁	0.03
讫	0.03
圣庙	0.03
洛·贾凡尼斯	0.03
千分之千	0.03
二十九秒	0.03
安维斯特伍德	0.03
一百八十四	0.03
白丽雅	0.03
拉查布里	0.03
积弱	0.03
特里希	0.03
驻防	0.03
瑞戴尔	0.03
草字	0.03
拉法耶	0.03
戴尔西	0.03
莫里斯·切斯纳特	0.03
双宝	0.03
朴季	0.03
破门而入者	0.03
哥·德奥瑞拉	0.03
宋韵第	0.03
卡蒂·佩顿	0.03
圣·阿加莎	0.03
诗史	0.03
埃莉诺本	0.03
米姐	0.03
车蓬	0.03
克朗奇	0.03
亚瑟·贝克	0.03
斯普德琳	0.03
黑鬼之友	0.03
鲁雪夫	0.03
杰德·巴克利	0.03
杰克奇诺	0.03
接线箱	0.03
瓦莱约市	0.03
托勒密·奥利提斯	0.03
格雷森·狄龙	0.03
是来	0.03
炒锅	0.03
李海中	0.03
昂斯特	0.03
何益	0.03
布卢明顿	0.03
关键球	0.03
利差	0.03
范德彼特	0.03
函告	0.03
奇德瑞斯	0.03
比科莉·斯坦格	0.03
布兰诺	0.03
德斯克·葛登	0.03
路易斯·佩雷拉	0.03
按图索骥	0.03
比尔山	0.03
东坎伯威尔	0.03
福楠	0.03
李冲怡	0.03
多拉·加维	0.03
伊弗斯·格鲁昂	0.03
处警	0.03
误车	0.03
伊拉维斯	0.03
曼恒	0.03
盖利	0.03
奥古斯都·凯撒	0.03
民主人士	0.03
约哈蒙妮	0.03
曼怡	0.03
和塞缪尔	0.03
帕布洛	0.03
斯丁会	0.03
鲍比·杜瓦尔	0.03
埃米尔·丹科	0.03
瓦内萨·诺利斯	0.03
弗兰茨·贝特曼	0.03
威兹曼	0.03
玛土撒	0.03
雷卡斯	0.03
唐木君	0.03
断断	0.03
威廉玛丽	0.03
埃尔德	0.03
货值	0.03
卡姗德拉	0.03
林塔·特丽普	0.03
爱德华·鲁宾斯	0.03
常爱	0.03
维奥里特·伯里格	0.03
戈登都朗哥	0.03
盖乌斯·卡西亚斯·隆吉纳斯	0.03
自薇	0.03
圣加百列	0.03
桑切斯·米莱雅	0.03
雪英	0.03
班德·班丁·罗德里格斯	0.03
敬林	0.03
科林的达克斯	0.03
贝兹马龙	0.03
沙治来	0.03
巴龙·路德维希·冯·沃尔夫豪森	0.03
诈降	0.03
唐·海曼	0.03
莎氏	0.03
让纳塔丽	0.03
巴兹比	0.03
福莱堡	0.03
利斯基	0.03
维尔德·拉普拉德	0.03
古猿	0.03
查尔斯·彬格莱	0.03
魏文生	0.03
超紫光	0.03
西梦正	0.03
六百四	0.03
罗杰萨默	0.03
巴克图德	0.03
阿梅尔维尔	0.03
格伦·伊萨克	0.03
克里布斯	0.03
洛泰里	0.03
莎沙	0.03
耐莉	0.03
凯伦·格斯坦	0.03
邦多兰	0.03
考芬格	0.03
各部	0.03
雅惠	0.03
周圣国	0.03
李民富	0.03
字纸	0.03
敬祝	0.03
传输率	0.03
李敏河	0.03
阿尔安巴	0.03
格雷戈维奇	0.03
金尚斗	0.03
杨氏	0.03
艾德瓦多鲁伊兹	0.03
勒斯	0.03
伊曼	0.03
锁边	0.03
乔·伽拉吉欧拉	0.03
斯托弗	0.03
货主	0.03
诗体	0.03
拉弗顿	0.03
伊昂	0.03
塞尔沃曼·詹姆士	0.03
莎玛	0.03
拉·格朗	0.03
肯普费尔	0.03
法尔肯	0.03
反刍动物	0.03
邁	0.03
贝瑞多	0.03
和马多克	0.03
哥德	0.03
本吉·罗斯	0.03
达力	0.03
比比比	0.03
罗宾汉他	0.03
保拉·米尔斯通·吉宁思	0.03
吉娜·伊	0.03
煤油炉	0.03
达士奇	0.03
川太郎	0.03
玛托博那	0.03
李昌武	0.03
叶绿体	0.03
欧美	0.03
爱德华本克	0.03
荷伯·拉泽尔	0.03
绿仙	0.03
贾丹	0.03
名臣	0.03
戴安·基顿	0.03
戴尔那	0.03
博比·比利	0.03
引资	0.03
祝安	0.03
音板	0.03
加瓦雷	0.03
吱呀	0.03
史赖恩	0.03
塞拉吉娜·金	0.03
托可列夫	0.03
曹永泰	0.03
奇诺市	0.03
达芙妮·梅尔布鲁克	0.03
纳吉奥	0.03
米柯特	0.03
曼罗	0.03
但埃利斯	0.03
汤姆·尼可森	0.03
一方平安	0.03
敬简	0.03
韦士来	0.03
装配工	0.03
车驾	0.03
之音	0.03
索里亚诺	0.03
镌刻	0.03
默斯	0.03
瓦纳萨	0.03
波阿斯	0.03
温丝莱特	0.03
马德华	0.03
变得满	0.03
克瑞斯蒂娜	0.03
勒曼	0.03
金克伦兹	0.03
麦德斯	0.03
史赛克	0.03
分配器	0.03
华德	0.03
姫	0.03
他才	0.03
查西栋	0.03
科里·塔夫特	0.03
动态平衡	0.03
温代威莱	0.03
卢丹召	0.03
服务组	0.03
下半旗	0.03
沙克比	0.03
洛佩斯	0.03
卡拉马斯	0.03
罗米欧爱朱丽叶	0.03
哈维·登	0.03
卡拉马佐夫	0.03
罗萨利	0.03
道格拉斯·诺克斯特	0.03
马文·勃朗宁	0.03
麦德	0.03
大忙	0.03
文斯洛	0.03
伊利娜	0.03
普来斯利	0.03
五百二十	0.03
鲁珀特	0.03
唐木一	0.03
惨变	0.03
本杰明·德克斯特	0.03
哈尔达	0.03
健二	0.03
詹姆斯镇	0.03
马丁·克马斯	0.03
亚·安布莱德利	0.03
崔伊克	0.03
祥实	0.03
矫捷	0.03
斯洛维尼亚	0.03
徇私枉法	0.03
王后会	0.03
恩公	0.03
小合唱	0.03
惊险片	0.03
坍方	0.03
哈德曼	0.03
白紫	0.03
万路恩	0.03
德奇姆斯	0.03
奥莉里亚	0.03
阿马戴乌斯	0.03
威廉·道格拉斯	0.03
罗伦·麦克安德鲁斯	0.03
腱鞘炎	0.03
囔	0.03
乔治库鲁里斯	0.03
卡塔维	0.03
色觉	0.03
特雷普托	0.03
詹姆斯·杰克逊·达尔	0.03
爆冷门	0.03
勒哈伊姆	0.03
莎登	0.03
丘脑	0.03
麦克雷地	0.03
有日子	0.03
水野	0.03
盖瑞特	0.03
卡尔·席伯尔曼	0.03
庞蒂雅客	0.03
他不肯	0.03
一万九	0.03
洛兹·兰迪斯	0.03
手势语	0.03
巴塞洛缪	0.03
健体	0.03
担纲	0.03
车熙妍	0.03
洪斯拉	0.03
玛莉莲布朗森	0.03
簿记	0.03
坐失良机	0.03
金康桑	0.03
布卢姆菲尔德镇	0.03
司通	0.03
一万两	0.03
拉高迪亚	0.03
检波器	0.03
蔢	0.03
奥胡斯	0.03
曼恩尼	0.03
别全来	0.03
马努特	0.03
唐娜·马泰尔	0.03
恶计	0.03
函件	0.03
杰基乔依	0.03
让艾斯利	0.03
钱原	0.03
韦德·波特	0.03
普里诺	0.03
卡提耶	0.03
温斯勒	0.03
小说书	0.03
朴慕信	0.03
艾迪叔	0.03
安娜卡列尼娜	0.03
洛斯基	0.03
巧克本	0.03
耶尔西尼亚	0.03
检验证	0.03
奥哈拉汗	0.03
埃维刚	0.03
杰利会	0.03
从和平	0.03
考汉默	0.03
守久	0.03
千分之五	0.03
李秀京	0.03
分档	0.03
基恩·卡森	0.03
他明	0.03
葛夫曼	0.03
让罗克西	0.03
甲安非	0.03
特莉·哈切尔	0.03
心德	0.03
树友	0.03
比瑞克·哈里斯	0.03
维克特里	0.03
利用率	0.03
葛蓓	0.03
弗拉基米尔·哈耶克	0.03
阿黛尔·瓦伦	0.03
辐射仪	0.03
田中角荣	0.03
德玛科	0.03
蓝宝捷	0.03
布鲁门	0.03
神经炎	0.03
威廉·卡洛斯·威廉斯	0.03
鲍比·米勒	0.03
卡尔·山多夫	0.03
梅瑞尔·斯特立普	0.03
面无血色	0.03
金融版	0.03
珍妮比	0.03
拉西格拉	0.03
迈克曼	0.03
布伦南提	0.03
洋楼	0.03
林德纳	0.03
小埃里克·科南	0.03
拜金	0.03
米尔豪斯	0.03
索罗门	0.03
特丽莎留	0.03
曾志伟	0.03
约翰·维尔克斯·布思	0.03
凯纳	0.03
那劳伦	0.03
朱莉安·科勒	0.03
牙具	0.03
哥德曼	0.03
史麦斯	0.03
梅洛蒂	0.03
西望时	0.03
朱丽亚·阿提娅	0.03
黛德丽	0.03
麦哥	0.03
乔尼爱乔西	0.03
丹尼斯·史密斯	0.03
李英爱	0.03
代代木	0.03
德巴奈	0.03
连六波	0.03
大卫金	0.03
纽埃	0.03
牌匾	0.03
秉秀	0.03
克卓普拉	0.03
伯理森城	0.03
贝佛里山	0.03
杨放	0.03
沃德曼	0.03
布基纳法索	0.03
乌德芒	0.03
雷普顿	0.03
卡斯科	0.03
艾伦娜	0.03
吉洛伊	0.03
雅泽姆斯基	0.03
罗素维尔镇	0.03
凛	0.03
尼卡·波罗尼娜	0.03
洪涛	0.03
迈克林	0.03
灰不溜秋	0.03
耶哥尼雅	0.03
商数	0.03
帕蒂兹	0.03
斯高特	0.03
让本杰明·洛克伍德	0.03
常放	0.03
蒂嘉兰	0.03
真是恬	0.03
康普顿斯	0.03
李惠玲	0.03
卿希	0.03
杨斌	0.03
嘟噜	0.03
兰黛斯	0.03
黎民	0.03
罗伯特·哈里斯	0.03
扎克·海登	0.03
加百利·谢克特	0.03
钱尼	0.03
马丁·杰瑞特	0.03
皮姆的斯兰恩	0.03
多米诺波	0.03
広	0.03
罗尼·凡赞	0.03
和查理	0.03
怀娥	0.03
成植胜	0.03
布拉德·泰比	0.03
赛瑞斯	0.03
塞奇菲尔德	0.03
纽瑞耶夫	0.03
恩德	0.03
索萨利托	0.03
米索不达米亚	0.03
救国救民	0.03
内普里	0.03
查克斯特	0.03
本·莱特曼	0.03
社会形态	0.03
杂用	0.03
曼霍基斯	0.03
蒙多·桑切斯	0.03
唐诺特	0.03
高森市	0.03
杨曼	0.03
海因茨·林格	0.03
哈巴拉	0.03
他比	0.03
鉛	0.03
屈尊帮	0.03
穆哈德	0.03
米亚	0.03
约瑟夫肯尼迪	0.03
縮	0.03
玛格丽特·洛仑	0.03
拥塞	0.03
玛丽昂·维特克	0.03
武田太郎	0.03
山中浩	0.03
美国之音	0.03
曹里	0.03
一亿零一百二十万六千	0.03
绒花	0.03
艾奇逊	0.03
恩庆	0.03
音源	0.03
衡山	0.03
边长	0.03
弗雷德·哈里森	0.03
摩丝特	0.03
沙朗	0.03
斯蒂芬妮·温宁顿	0.03
矫治	0.03
呢子	0.03
克里斯·普莱	0.03
克拉代尔	0.03
黑石	0.03
迈克尔菲尔普斯	0.03
杨柳	0.03
霍姆顿	0.03
爱莉森	0.03
雷迪斯密斯	0.03
小翠茜	0.03
官迷	0.03
佩特维奇	0.03
威尔·杜兰	0.03
阿拉默哥德	0.03
保罗·高	0.03
博克莱	0.03
三百六	0.03
萨碧娜	0.03
歇会	0.03
成桑田	0.03
恩斯特·罗夫勒	0.03
跡	0.03
天珍	0.03
鳞茎	0.03
黄绿青	0.03
蝶蛹	0.03
温斯堡	0.03
中村健	0.03
基斯张伯斯	0.03
史迪格·博根	0.03
冰川期	0.03
柳金	0.03
雅珊	0.03
那家子	0.03
是真	0.03
东连风	0.03
爱丽丝博格	0.03
洪树	0.03
杰斯克	0.03
永嘉胜	0.03
崔尔	0.03
字汇	0.03
萨瓦里诺	0.03
由力子	0.03
彭加人	0.03
身手不凡	0.03
罗什福科	0.03
音标	0.03
杰克·斯帕洛	0.03
哥德斯迪恩	0.03
欧帕拉	0.03
皮特·桑普拉斯	0.03
敬理	0.03
行酒令	0.03
科比茨	0.03
布莱恩·利比	0.03
审计部	0.03
尼尔·德纳洛	0.03
陲	0.03
奥斯卡·怀尔德	0.03
简妮·罗丝	0.03
弗兰克·朗格拉	0.03
康考克斯	0.03
莎约	0.03
钱塞	0.03
偏听偏信	0.03
胡迪尼比	0.03
恩塞	0.03
胀鼓鼓	0.03
一九七五年	0.03
斯坦伯瑞兹	0.03
一点点点	0.03
阿尔努菲	0.03
铆	0.03
勒格	0.03
朝庞恰特雷恩湖	0.03
汤姆凯特	0.03
寸有所长	0.03
达姆·唐纳德	0.03
二百九十	0.03
百分之五百	0.03
麦克·雷博维奇	0.03
让卡拉威	0.03
埃理克	0.03
城中区	0.03
圣若拉	0.03
六亿二千四百万	0.03
法瑟帝	0.03
哗哗哗	0.03
敬真	0.03
达川	0.03
恩实	0.03
三千五百万	0.03
麦刚	0.03
于汝	0.03
奥巴赫	0.03
安吉丽娜朱利	0.03
法线	0.03
一国之	0.03
草丘	0.03
让让	0.03
和宾	0.03
伊格	0.03
伊根	0.03
斯特卡	0.03
亚历克西斯	0.03
史托摩	0.03
来修锁	0.03
格兰奥兰	0.03
阿米尔·汤普森	0.03
科茨沃尔	0.03
阿丽西娅·吉丝	0.03
应仁	0.03
史望米夏	0.03
托格·莱利	0.03
瑞比卡	0.03
冈德	0.03
麦卡	0.03
怜才	0.03
回天特	0.03
安纳琼斯	0.03
拉尔夫劳伦	0.03
一点一千	0.03
我朔	0.03
丽塔·丹尼尔斯	0.03
罢黜	0.03
两三千万	0.03
招财树	0.03
汤姆得	0.03
曼蒂·摩尔	0.03
格来斯基	0.03
安瑟洛斯	0.03
卡斯罗	0.03
黑玉	0.03
心坎	0.03
汍	0.03
米夏埃尔	0.03
华特·霍尔	0.03
乔克三	0.03
鸣人	0.03
怀特厄普	0.03
杰克·斯卡杰拉	0.03
恩佐·贾拉普托	0.03
克宁斯伯格	0.03
杰森·格林	0.03
范滕·艾特金森	0.03
多布莱宁	0.03
七星	0.03
玛嘎罗丽安	0.03
托马斯格雷	0.03
玛洛莉·格雷斯	0.03
喀拉克的雷纳	0.03
让·巴蒂斯特格雷诺耶	0.03
史都华	0.03
柯库	0.03
布赖恩·摩尔	0.03
詹姆斯·法默	0.03
韦茅斯	0.03
洪顺义	0.03
正座	0.03
肯迪特	0.03
别别扭扭	0.03
金保	0.03
金丽	0.03
赛律特·萨丽	0.03
大卫根	0.03
鲍歌	0.03
妙趣	0.03
沉陷	0.03
特拉尔	0.03
尤塔帕	0.03
阿米卡	0.03
肖恩·卡西迪	0.03
斜路	0.03
穆嘉	0.03
忘年之交	0.03
胡英佑	0.03
蒂尼·布兰克	0.03
金乌	0.03
莎芬	0.03
沙星	0.03
党龄	0.03
和伯	0.03
金人	0.03
比布兰妮	0.03
元禄	0.03
克劳德来	0.03
金井	0.03
圣克里芒	0.03
尼克莱·布里克	0.03
让艾拉	0.03
柯德	0.03
戴维·克罗基特	0.03
金价	0.03
王子钧	0.03
勒福	0.03
研究型	0.03
正德	0.03
賞	0.03
和佐	0.03
伍迪·斯蒂芬	0.03
官相卫	0.03
汤姆·雷诺克斯	0.03
他都	0.03
啪达	0.03
回泽西	0.03
金密晋	0.03
做功	0.03
地方报	0.03
莱蒙·杰斐逊	0.03
正屋	0.03
哈毕里	0.03
铺展	0.03
罗杰·佩吉	0.03
第五四二	0.03
和青田	0.03
二老板	0.03
鲍格	0.03
尼克琼斯	0.03
斯特朗霍	0.03
聂米罗	0.03
林赛·博文	0.03
波尼塔	0.03
吉恩·派库萨	0.03
三八点四十五	0.03
克里·爱德华兹	0.03
雅娜	0.03
爱德华·阿比	0.03
砂眼	0.03
义赛	0.03
小亚细亚	0.03
尤利乌斯	0.03
西尔维亚·普拉丝	0.03
加斯特	0.03
娥眉	0.03
哥门沙	0.03
夏江丰	0.03
音韵	0.03
保长	0.03
赵汉善	0.03
驸马	0.03
蒂佩吉	0.03
花展	0.03
罗尔夫	0.03
之明	0.03
迪·欧特	0.03
风寒	0.03
之星	0.03
周安德逊	0.03
掩门	0.03
莎念伊	0.03
阿格尼斯	0.03
女侠	0.03
荷拉	0.03
肉堡	0.03
于柏林	0.03
麦金利镇	0.03
耳孔	0.03
穆哀	0.03
车次	0.03
穆哈	0.03
加芬克	0.03
杰瑞·布朗	0.03
遥祝	0.03
比茨坎	0.03
玛茹拉	0.03
柯川	0.03
录像厅	0.03
苖	0.03
艾瑞斯·罗德里格斯	0.03
修宪	0.03
乔·古德	0.03
远光放	0.03
杜哥	0.03
司星	0.03
沃恩查	0.03
荷斯	0.03
本·斯莱利	0.03
福库希拉	0.03
布莉娜	0.03
伍迪·哈里森	0.03
阿尔维斯·楚米特	0.03
洛希塞	0.03
奸妇	0.03
杜华	0.03
朱登·席瑟	0.03
电影周	0.03
亚克夫	0.03
常飞	0.03
敬贺	0.03
希考克	0.03
一九六二年	0.03
肯伯利	0.03
弗拉兴	0.03
风山	0.03
史弟文	0.03
二三日	0.03
狗友	0.03
利蒂希娅·卡特	0.03
官倒	0.03
纳福	0.03
维恩拉法特	0.03
珍妮特·麦卡伦	0.03
厄尔·布鲁克斯	0.03
比利·德雷顿	0.03
班奈杰克	0.03
卡郎	0.03
圣·基登	0.03
西瑞克	0.03
冉起	0.03
梅格汉·金	0.03
李贤琪	0.03
冈保	0.03
威路比	0.03
玛莉娜	0.03
鲁珀茨	0.03
核黄素	0.03
格洛斯勒	0.03
克·马顿	0.03
侯总	0.03
悠远	0.03
于非	0.03
克莱拉惠勒	0.03
赖普	0.03
弗兰克·利特顿	0.03
奇亚·哈克	0.03
罗素·芬德雷	0.03
洋铁	0.03
阿伯纳斯	0.03
先夫	0.03
晋生醒	0.03
罗伯班顿	0.03
肉库	0.03
克里斯蒂安尼	0.03
艾格利	0.03
加斯曼	0.03
官儿	0.03
米莉米莉	0.03
博利纳	0.03
关进藩	0.03
习用	0.03
周月庆	0.03
肯尼·卡特	0.03
官李相贤	0.03
穆兰	0.03
赫伯·凯恩	0.03
开幕会	0.03
高德今	0.03
自洁	0.03
官办	0.03
阿特·阿戈诺	0.03
葛申	0.03
但赖普	0.03
彦	0.03
那光鲜	0.03
坎比斯	0.03
麦德逊	0.03
鲍波	0.03
二万四千	0.03
汝之	0.03
敖德萨市	0.03
雷·布赖特	0.03
罗伊丝	0.03
乔纳森·塔特	0.03
罗莎琳德·拉塞尔	0.03
槊	0.03
波尼尔	0.03
各科	0.03
卡利古拉	0.03
杰夫·巴克利	0.03
着哪	0.03
圣塞巴斯蒂安	0.03
梱	0.03
玛丽·路易莎	0.03
柯夫	0.03
臣秀	0.03
泱泱大国	0.03
赎当	0.03
正夫	0.03
赖瑞·鲍尔斯	0.03
伏击圈	0.03
西维吉尼亚布堡	0.03
皮埃特·乔顿	0.03
官厅	0.03
埃莫特·科尔	0.03
李秀娟	0.03
驻站	0.03
夏妮卡	0.03
拨号盘	0.03
桑得拉斯	0.03
麦德洛	0.03
司才	0.03
名瑜	0.03
官印	0.03
布尔盖特	0.03
扎卡罗	0.03
菲利普·赫斯特	0.03
徐泽基	0.03
吉姆·拉姆森	0.03
伊凡·瑟瓦	0.03
夏尔的佛罗多	0.03
威诺娜	0.03
安德地	0.03
库珀杜克	0.03
艾莉娜	0.03
贝蒂洛斯	0.03
杜弘	0.03
揭底	0.03
伪装网	0.03
记录簿	0.03
吉和梅	0.03
圣多明各	0.03
玛尔斯·库布切克	0.03
取景框	0.03
杰里·斯潘	0.03
巴维尔	0.03
故技重演	0.03
契普斯	0.03
中直	0.03
中医药	0.03
风偏	0.03
麦格瓦尔	0.03
里诺斯维尼	0.03
杜志	0.03
弗来德利克	0.03
托特汉姆	0.03
美食城	0.03
纳西索	0.03
莲才	0.03
碱金属	0.03
吉米·坎	0.03
姜承	0.03
尤金格里兹	0.03
梅贝瑞	0.03
斯泰罗摩	0.03
朴镇均	0.03
之水	0.03
丁卡因	0.03
伊兰娜玛莉亚	0.03
正坐	0.03
禽蛋	0.03
罗伯特·普兰特	0.03
阿诺·麦克	0.03
奥克萨娜	0.03
伏尔塔瓦	0.03
婢	0.03
杜干	0.03
沙勒姆·克里斯坦	0.03
艾玛选	0.03
控制点	0.03
约翰·纽曼·爱德华兹	0.03
李尊九	0.03
斯古特	0.03
探雷器	0.03
干瘦	0.03
琼·卢西	0.03
高施达施迪	0.03
泰普顿	0.03
永月	0.03
首犯	0.03
三点零七	0.03
鲍恩	0.03
和博彩	0.03
车抡	0.03
帕斯特·默里	0.03
正告	0.03
自愉	0.03
随风倒	0.03
弗里延德	0.03
李咏金	0.03
乔伊·麦森罗	0.03
罗洛他	0.03
昙花	0.03
正吾	0.03
莎西	0.03
四点三十八	0.03
佩格萨斯	0.03
布鲁格	0.03
圣多纳	0.03
金毛狗	0.03
威玛杰那克	0.03
敬茶	0.03
邻省	0.03
荷比	0.03
动辄	0.03
十六进制	0.03
雅薇	0.03
克拉兹	0.03
拉扬克	0.03
山之宝	0.03
杰克森堡	0.03
正哲	0.03
范德比尔	0.03
帕尔海姆	0.03
从新泽	0.03
埃德华·布莱克	0.03
乌鸡	0.03
大卫提	0.03
多纳特	0.03
信德	0.03
阿布理斯	0.03
玛莉·珍	0.03
芬克斯	0.03
纳西维	0.03
源治	0.03
金莉莉	0.03
斗笠	0.03
闭环	0.03
吉尔·山德士	0.03
阿拉米达	0.03
呆帐	0.03
耐杰	0.03
瓦仑	0.03
珀思	0.03
榜上无名	0.03
克内蒂	0.03
阿米奇	0.03
普罗西汀	0.03
源水	0.03
敬苏	0.03
毒腺	0.03
炼油	0.03
让维廉姆斯	0.03
爱丽丝·法比安	0.03
金罗米	0.03
佩潘格河	0.03
克尔普	0.03
钢牙	0.03
修史	0.03
辛格顿	0.03
布拉德·威尔金斯	0.03
绎	0.03
森三佐	0.03
托西雅	0.03
鄂木斯克	0.03
光辐射	0.03
贾马特·阿尔·富格拉	0.03
雷诺斯	0.03
汤姆·克罗宁	0.03
彿	0.03
柯姆比	0.03
汤金	0.03
件数	0.03
小木舟	0.03
克里斯蒂·麦修森	0.03
雪伦卫	0.03
麦克斯维尔	0.03
亨利·约翰逊	0.03
提斯特	0.03
哈桑不肯	0.03
马伦	0.03
萨玛塔	0.03
兰斯考苏	0.03
土地税	0.03
秉赋	0.03
舍身取义	0.03
特拉克	0.03
洪顺	0.03
雷诺拉	0.03
和佐智	0.03
曼切丽	0.03
杜宾	0.03
雅顿	0.03
四千零二	0.03
奇洛洛	0.03
卡迪夫城	0.03
赁	0.03
斯通·菲利普斯	0.03
雨景	0.03
崔弗那	0.03
瑞西达	0.03
颧	0.03
卡里古拉	0.03
弗拉多	0.03
鲁索鲁索	0.03
侯桑	0.03
正华	0.03
之树	0.03
陆奥	0.03
捞取	0.03
查理·巴特里	0.03
四十八分	0.03
苏珊·弗	0.03
柯卓	0.03
山缪杰克森	0.03
古威利	0.03
阿尔·马利特	0.03
吉宗公	0.03
安娜·博林	0.03
洪美珠	0.03
弗拉塞	0.03
拉娜·图纳	0.03
齐伯林	0.03
许莱姆	0.03
伊魁	0.03
梅科斯	0.03
柯伊伯	0.03
勃良地	0.03
史密斯维森	0.03
戴维丝	0.03
如来佛	0.03
杜夫	0.03
小汤	0.03
鹅蛋	0.03
是薇	0.03
杜奇	0.03
布鲁氏	0.03
华尔斯坦	0.03
葛提斯堡	0.03
加色罗	0.03
家具城	0.03
波洛特	0.03
添加物	0.03
自治体	0.03
朗布依埃	0.03
殖民主义者	0.03
奥利佛伍德	0.03
韦及维	0.03
沃尔科茨	0.03
沉香	0.03
斯坦莎	0.03
一百六十八	0.03
杜姆	0.03
牛黄	0.03
圣奥斯丁	0.03
也门人	0.03
李贤美	0.03
伍登·提丝	0.03
克利森	0.03
迪奥奈西斯	0.03
自旋	0.03
特拉萨斯	0.03
哈拉维	0.03
沃克尔	0.03
反革命	0.03
杰克·布莱曼	0.03
希克勒	0.03
定形	0.03
玛兰达	0.03
定影	0.03
纲纪	0.03
诃	0.03
拉迪亚德·基普林	0.03
恩·特洛特	0.03
卫罗斯里斯	0.03
修地	0.03
耳垢	0.03
马西莫·科特利让内	0.03
乌德琴	0.03
结案率	0.03
佛雷迪	0.03
沃乌卡	0.03
莫德斯托市	0.03
威尔特·查普林	0.03
选第	0.03
史蒂夫旺达	0.03
铁板一块	0.03
姜敏	0.03
汤米·戈门	0.03
雅胡	0.03
雅能	0.03
斯坦·英德斯基	0.03
餐饮店	0.03
篮球架	0.03
伊蚊	0.03
克拉里奇	0.03
克市	0.03
休眠期	0.03
查克·罗宾斯	0.03
莎贝·埃文	0.03
叔祖母	0.03
柯丽	0.03
埃奇韦尔	0.03
科西嘉岛	0.03
儒因	0.03
和银圣	0.03
市话	0.03
多纳森	0.03
纳西斯	0.03
无以言状	0.03
纽的道儿	0.03
会大得	0.03
非独	0.03
珍妮弗·康奈利	0.03
多纳根	0.03
彼得让	0.03
玛洛伊	0.03
操纵台	0.03
姬丽安	0.03
柯亨	0.03
卡斯蒂戎	0.03
裕善	0.03
维沃德松	0.03
凯特琳提	0.03
马劳克斯	0.03
卡斯特拉夫堡	0.03
莎拉布莱曼	0.03
奥兰多迪士尼	0.03
艾理逊	0.03
戴尔玛	0.03
奥克莱湖	0.03
金常	0.03
包姆	0.03
霍恩里岑	0.03
托里托	0.03
控制棒	0.03
金帕	0.03
名护	0.03
酒药	0.03
兰普来	0.03
圣·克里斯宾	0.03
豪普曼	0.03
哥尔	0.03
麦克西姆	0.03
白伦查	0.03
狄普斯	0.03
鹰之岩	0.03
羊水来	0.03
丙烯画	0.03
死板板	0.03
猜奥尼尔	0.03
西鲁茨	0.03
谢尔比那	0.03
朴知真	0.03
六百七十五万	0.03
萨琳娜	0.03
维拉德	0.03
席琳·蒂昂	0.03
格勒克	0.03
禽鸟	0.03
比尼阿克	0.03
丹尼斯·阿姆斯特朗	0.03
格温迪马科	0.03
统揽全局	0.03
倬	0.03
各派	0.03
潘多拉顿	0.03
朴米勇	0.03
麦克·杜	0.03
凯文欧尼尔	0.03
埃德·苏立文	0.03
阎	0.03
让莫里斯	0.03
吉米·蒂尔尼	0.03
麦可特	0.03
迪沃斯	0.03
克莉奥帕特拉	0.03
珍霍华卡林顿	0.03
誓愿	0.03
桑吉·罗伊	0.03
艾斯特拉	0.03
马基尔	0.03
佳雷特	0.03
邪心	0.03
希莫斯	0.03
切身利益	0.03
蒂亚刚	0.03
嗐	0.03
约翰·亨利·路易丝	0.03
后轴	0.03
兰达尔	0.03
贝特阿图	0.03
奥雷利	0.03
达斯刚	0.03
阿尔杰布拉	0.03
举报信	0.03
苏·坎	0.03
锐意进取	0.03
班尼古德曼	0.03
猜奎恩	0.03
韦斯特伍德	0.03
萨金特·汤普森	0.03
巴克斯特·布鲁德	0.03
克莱格·克	0.03
查理·杜明格斯	0.03
威廉·海德	0.03
叛匪	0.03
莎郎	0.03
格瑞法恩	0.03
镯	0.03
金尚虎	0.03
特顿市	0.03
伊芜	0.03
蜜桔	0.03
之焰	0.03
凯尼尔沃思	0.03
自缢	0.03
艾德·高尔	0.03
各款	0.03
柬埔寨人	0.03
铃木庆一	0.03
缡	0.03
华伦比提	0.03
半仙	0.03
马尔德因科	0.03
他奇威	0.03
鹜	0.03
伯克威	0.03
陈世美	0.03
场址	0.03
塞洛威德	0.03
脾胃	0.03
西卡柯	0.03
汪才真	0.03
哈里斯干	0.03
伊舍	0.03
自筹	0.03
金宗	0.03
罗伯特·威廉姆斯	0.03
马克斯·普朗克	0.03
迪厄丝	0.03
乔汉森	0.03
莫尔达年	0.03
金宇	0.03
丹尼·格洛弗	0.03
以小见大	0.03
查尔斯·格拉迪	0.03
常衡	0.03
迪通那	0.03
布伦特伍德镇	0.03
史都华·史考特	0.03
吉姆·法雷尔	0.03
吉姆芬宁	0.03
波群	0.03
曼尼托	0.03
金娴	0.03
文迪特	0.03
吉尔·帕默	0.03
树挂	0.03
卡迈勒·阿德万	0.03
朱莉安	0.03
管达莉	0.03
约翰·魏恩科	0.03
法弗	0.03
判案	0.03
包工	0.03
咸鸭蛋	0.03
迈尔比	0.03
酒精灯	0.03
河明国	0.03
高压泵	0.03
杨西	0.03
索妮娅阿姆斯特朗	0.03
松户健二	0.03
肉丁	0.03
司炉	0.03
爱波康比	0.03
普里森	0.03
和永南	0.03
二十二万九千	0.03
金承来	0.03
齐利之	0.03
帕恩姆	0.03
巴克·康拉德	0.03
史沃茨	0.03
格莱格·米洛斯维克	0.03
乌鱼	0.03
加利布	0.03
百慕达	0.03
不忠之	0.03
克劳蒂亚·玛利亚·维亚斯盖兹·德玛科	0.03
圣史帝	0.03
亚瑟·亨利·哈勒姆	0.03
肢势	0.03
道恩·福克尔	0.03
波拉柴克	0.03
尼帕哈	0.03
二维	0.03
友村	0.03
约翰·阿什克罗夫特	0.03
气浪	0.03
阿玛特	0.03
诺弗斯	0.03
迈尔森	0.03
康妮耶	0.03
罗伯史达林	0.03
名落孙山	0.03
法洛克威	0.03
牧犬	0.03
潘德拉	0.03
工艺美术	0.03
蕴藏量	0.03
汝应	0.03
金奴	0.03
辘轳	0.03
何锡有	0.03
桑尼威尔	0.03
精制品	0.03
苏克博	0.03
车组	0.03
金奈	0.03
奥莉维亚·牛顿	0.03
狡狯	0.03
布鲁基	0.03
真国玺	0.03
习文	0.03
缱	0.03
艾萨克·约翰逊	0.03
理查德·莱斯特	0.03
依莱西亚	0.03
林加延	0.03
理查德·波特	0.03
托里斯	0.03
贵榴	0.03
冈山	0.03
拉格菲尔德	0.03
于蓝	0.03
宽绰	0.03
比迪克	0.03
临河	0.03
常设	0.03
赫斯利	0.03
简奈特	0.03
尼尔·西蒙	0.03
清水澄	0.03
二三百	0.03
丹古·莱姆	0.03
肥瘦	0.03
曼尼思	0.03
前藩	0.03
决赛圈	0.03
阿莫科	0.03
索劳	0.03
克奇	0.03
比杰克	0.03
雷蒙德·伯克	0.03
王丽娜	0.03
爱尔米塔什	0.03
和大	0.03
戴维·丹纳	0.03
托马斯·赫曼	0.03
佛汉姆	0.03
阿舍丽	0.03
珍妮特·康特威	0.03
汤姆·帕克	0.03
路德维希·蒙茨	0.03
列奥纳德·哈伯德	0.03
摹写	0.03
斯皮维	0.03
安勃度	0.03
紧迫性	0.03
巴特菲尔	0.03
让塔莎娜	0.03
帕克斯维尔	0.03
威姆斯	0.03
朴东豪	0.03
有线电	0.03
幺多	0.03
高二生	0.03
鲍特	0.03
于言	0.03
山西省	0.03
杜佑	0.03
白英媛	0.03
汉娜刚	0.03
雅非	0.03
金坤	0.03
处理品	0.03
戴尔·莱杰伍德	0.03
金块	0.03
吉维尼	0.03
詹姆斯·雷·沃德	0.03
威利福斯特	0.03
从赞岐	0.03
班尼狄克	0.03
一本刚	0.03
阿尔伯特·施佩尔	0.03
博克曼	0.03
乔伊·特伦特	0.03
申成禄	0.03
儒希	0.03
砂浆	0.03
乔哈恩·迪特	0.03
李茂英	0.03
约翰尼·沃克	0.03
清水恭	0.03
马托博的艾德蒙苏瓦尼	0.03
雅韵	0.03
索拉纳	0.03
小西蒙	0.03
为圣	0.03
遗教	0.03
贝丝·福斯特	0.03
讧	0.03
拉马尔	0.03
贺斯曼	0.03
米尔恩	0.03
精密性	0.03
金器	0.03
司粉	0.03
拉里·阿明	0.03
前话	0.03
戴维奇	0.03
马克思·宗科维茨	0.03
哈里·费拉	0.03
海伦·莫娜	0.03
拉卡里塔	0.03
安娃哈图	0.03
安迪·鲍尔温	0.03
金图	0.03
泰迪·利普斯科姆	0.03
罗布·赖纳	0.03
费耶德市	0.03
亚的斯亚贝巴	0.03
疾恶如仇	0.03
舒书和	0.03
葛楚	0.03
斯图亚特·兹莫门	0.03
敷衍塞责	0.03
巴克力	0.03
鬼语器	0.03
博克斯	0.03
雷蒙德·伯尔	0.03
为君	0.03
撿	0.03
圣扎迦利	0.03
玛珠里奥	0.03
庞贝人	0.03
克拉玛托	0.03
沃利·维沃	0.03
泰德·弗列多	0.03
本尼迪克特·阿诺	0.03
帕拉蒂诺	0.03
雷诺瓦	0.03
百分之五十五	0.03
司罗	0.03
布林克曼	0.03
独尊	0.03
雪盲	0.03
贷款额	0.03
汤尼泰格路奇	0.03
哈拉欣	0.03
发克	0.03
维姆·文德斯	0.03
威廉沃卡	0.03
吉姆莫瑞森	0.03
赫斯帝	0.03
克基	0.03
过超人	0.03
金吉	0.03
演奏员	0.03
短见	0.03
信中	0.03
索尼·吉姆	0.03
加斯比	0.03
信东	0.03
混双	0.03
九连胜	0.03
独幕	0.03
包卡	0.03
信从	0.03
葛森	0.03
主战场	0.03
兇	0.03
阴乐	0.03
劳伦廷	0.03
伊赖	0.03
癸亥	0.03
福兰普顿	0.03
一亿九千五百万	0.03
道瑞希	0.03
埃文·罗斯	0.03
琼·哈劳	0.03
包贵得	0.03
古拉格里	0.03
西依拉	0.03
金光燮	0.03
哑然失笑	0.03
费利西蒂·汉姆	0.03
洁西卡·林奇	0.03
罗拉赫斯特	0.03
一点两点	0.03
自治州	0.03
巴乔夫	0.03
欧江洙	0.03
直男	0.03
毛里塔尼亚人	0.03
矿床	0.03
普卡拉	0.03
洋货	0.03
脊鳍	0.03
范德堡	0.03
波切斯特	0.03
衡平法	0.03
卡洛斯·迪叶特里奇	0.03
比莫里斯	0.03
字贴	0.03
詹姆士·英格曼	0.03
夙	0.03
蹉跎岁月	0.03
阿美里卡纳巴	0.03
汤米佩莱格里诺	0.03
但特里萨	0.03
瓦朗坦	0.03
贝斯·伍兹	0.03
威廉泰尔	0.03
四合院	0.03
克力斯	0.03
师敬道	0.03
油豆腐	0.03
和县	0.03
巴罗士	0.03
克里斯多夫·兰伯特	0.03
埃斯特拉达·帕尔马	0.03
刘彩英	0.03
海伦·朗	0.03
非贸易	0.03
官事	0.03
曼弗雷德·达吉斯	0.03
正常化	0.03
安会军	0.03
雨真	0.03
敬银	0.03
约瑟芬·博阿尔内	0.03
恩菲尔	0.03
尤瑟福	0.03
在礼成	0.03
金勒	0.03
李智秀	0.03
美人蕉	0.03
伊蒂丝·沃顿	0.03
崂	0.03
洋车	0.03
愚勇	0.03
范拉兹奎兹	0.03
艾文那	0.03
埃米利·希金斯	0.03
让赛迪·伯克	0.03
斯文斯加	0.03
玛丝敦	0.03
葛洛	0.03
崔松嘉	0.03
插班生	0.03
唐纳文	0.03
篙	0.03
金公	0.03
阿利坎特	0.03
裕子	0.03
布伦顿	0.03
金克	0.03
若龙帝	0.03
金冠	0.03
德妮丝·高森	0.03
艾弗灵	0.03
金军	0.03
阶级性	0.03
查尔斯·德雷福斯	0.03
比格霍恩	0.03
制动闸	0.03
威利·比查姆	0.03
一亿六百万	0.03
绿光亮	0.03
力气活	0.03
元月	0.03
株系	0.03
马科斯·图里亚斯·西赛罗	0.03
弦乐器	0.03
伯洛克希	0.03
和冰	0.03
古麦斯	0.03
理克·詹姆斯	0.03
赫伯·克拉特	0.03
附加税	0.03
多纳查	0.03
克兹	0.03
梅丽莎·布斯提	0.03
递回	0.03
亨利·沃尔	0.03
工本	0.03
阿马宗人	0.03
圣梅尔	0.03
惠子之	0.03
石和池	0.03
格雷姆·鲍尔	0.03
哥勃	0.03
内置式	0.03
约瑟芬·贝克	0.03
初评	0.03
郑智宇	0.03
七福	0.03
昆塔娜	0.03
让温布尔	0.03
弗兰克利	0.03
管路	0.03
苏达非	0.03
霍尔顿	0.03
杰西卡·莱	0.03
加斯潘	0.03
奥托·范·沃登堡	0.03
断根	0.03
哈尼·迪莱特	0.03
劳伦放	0.03
拉后腿	0.03
马里耶	0.03
安·康明斯	0.03
首季	0.03
隘路	0.03
洁莉卡	0.03
第七八	0.03
但卡尔	0.03
亚伯拉罕生	0.03
载弹量	0.03
维茨莱	0.03
裕敏	0.03
宫里来	0.03
一点一点一点一点一点一	0.03
迪姆霍特	0.03
劳拉·哈琳	0.03
玛格丽塔维尔	0.03
浅绿	0.03
比达西	0.03
格雷特尔	0.03
梅洛尼	0.03
名匠	0.03
各显其能	0.03
小桥流水	0.03
哈瑞拉克斯	0.03
戴维·帕默尔查	0.03
阿契伯	0.03
首家	0.03
德斯蒙德·穆托姆博	0.03
一百四十三	0.03
沃尔格林	0.03
达芬	0.03
西恩潘	0.03
提莉桑姆	0.03
鲳	0.03
色差	0.03
马蒂·沃克	0.03
乔·蒙塔纳	0.03
匡明肃	0.03
斯丁莫	0.03
豪情壮志	0.03
草野	0.03
布布布	0.03
瑟斯顿·豪尔	0.03
结出	0.03
不太爱	0.03
布恩诺	0.03
阿鲁提克	0.03
比奥德尔	0.03
杜蒙特	0.03
风神	0.03
艾斯特凡	0.03
衣钩	0.03
达姆热	0.03
铁甲舰	0.03
草酸	0.03
盖伊科伊尔	0.03
乌冬派	0.03
丁肯斯	0.03
约翰·斯通	0.03
威廉·斯塔福德	0.03
埃尔维斯·普莱斯利	0.03
杜甘	0.03
录像片	0.03
第七十	0.03
技术装备	0.03
姆·阿比	0.03
尼可泰帕·帕利斯	0.03
良玉	0.03
金洙	0.03
希多尔	0.03
肉票	0.03
梅伯尔	0.03
釉子	0.03
剑是龙	0.03
尼拔·金	0.03
八分之二	0.03
京士路	0.03
奇里·帕默尔马	0.03
西那特拉	0.03
回正途	0.03
葛儿	0.03
组织化	0.03
申讨	0.03
梦娜	0.03
集贸市场	0.03
玛伊芙	0.03
网校	0.03
彩蝴蝶	0.03
大卫·布拉德古德	0.03
潘托莱蒙	0.03
乐丝芬	0.03
达斯提	0.03
罗伯有	0.03
马斯克斯	0.03
亚卢卡拉	0.03
雪真	0.03
八分之三	0.03
罗伯来	0.03
西卡克	0.03
埃利奥特·摩尔	0.03
官瘾	0.03
郑美兰	0.03
米尔拉	0.03
波塞顿	0.03
艾滋也	0.03
但伯克	0.03
爱汉克	0.03
小巴比	0.03
艾伦·史密斯	0.03
希摩尔	0.03
罗德·爱伦	0.03
丹普西	0.03
奥克莱尔	0.03
加奈卡雷德瑞尔	0.03
马丽安东尼	0.03
塔尼娅·墨菲	0.03
爱恩斯	0.03
和津	0.03
妖风	0.03
南奥兰治	0.03
丹皮尔	0.03
克里费尔德	0.03
卡布列特	0.03
赤道几内亚	0.03
奈维培尔	0.03
元容	0.03
宗科维茨	0.03
联系卡	0.03
信盛	0.03
金泳	0.03
海伦·佛里曼	0.03
金泽	0.03
吴克群	0.03
儒教	0.03
石川君	0.03
下萨克森州	0.03
断口	0.03
名城	0.03
皋	0.03
巴尔吉	0.03
默西迪	0.03
包沃	0.03
比让海伦	0.03
鹼	0.03
丝卡有锁	0.03
亨里埃塔	0.03
自供	0.03
贵宝	0.03
奈杰尔·博斯韦尔	0.03
比茅利塔尼亚	0.03
路西华	0.03
那帕特	0.03
双钩	0.03
马克今	0.03
万米尔	0.03
赵仁哲	0.03
电子云	0.03
邦博顿	0.03
弗朗西斯卡·范高	0.03
西格洛瑞娜	0.03
杜尔伯特	0.03
乔许·吉布森	0.03
官位	0.03
伊夫·威尔逊	0.03
拉帮结伙	0.03
拙笨	0.03
从楠山	0.03
职分	0.03
凡诺依	0.03
芚	0.03
埃里斯特	0.03
艾捷尔	0.03
爱格曼	0.03
杜兰杜兰德	0.03
格兰·里奇	0.03
露西尔·拜尔	0.03
韌	0.03
哈林郡	0.03
安德生	0.03
强尼·迪普	0.03
南卡罗莱娜	0.03
过瑞秋	0.03
兰娜安贝克	0.03
宋韩娜	0.03
拉赫曼尼诺	0.03
阿库拉	0.03
骓	0.03
雷·斯蒂姆	0.03
卫队长	0.03
周贤载	0.03
黄俊锡	0.03
亚日·德米特里奥斯	0.03
达伦·麦卡锡	0.03
凯利艾尔斯	0.03
但莱尼	0.03
库弗峰	0.03
铺砌	0.03
约翰·内文斯	0.03
斯格雷	0.03
威拉德·斯科特	0.03
阿米瑞	0.03
安卓来	0.03
网民	0.03
鸣啭	0.03
埃比尼泽·斯克罗吉	0.03
哈比真	0.03
让莱斯恩	0.03
罗安妮	0.03
布兰恩	0.03
德怀恩·汤普金斯	0.03
爱德·索罗	0.03
余希苏	0.03
庄繁长	0.03
西恩富戈斯	0.03
安德烈·康查洛夫斯基	0.03
唐格拉	0.03
布利吉	0.03
泰坦瑞	0.03
贝基乔治	0.03
拉科他	0.03
扼制	0.03
遗存	0.03
穆灵	0.03
丹尼·格洛沃	0.03
顿·赖恩	0.03
詹姆斯·霍伊特	0.03
马丁路德·金	0.03
金桢	0.03
拜仁	0.03
木山市	0.03
永东桥	0.03
卡赛尔	0.03
梅里雅达克	0.03
科考队	0.03
四天海	0.03
阿拉贡的菲力浦	0.03
正秀	0.03
法尔培	0.03
一幢幢	0.03
精密度	0.03
五六百万	0.03
和格温	0.03
拉马拉	0.03
惨杀	0.03
满洲里	0.03
杰斐逊·卡佛	0.03
若田部	0.03
斯契克托	0.03
达诺	0.03
苏齐松	0.03
蒙诺洛伊	0.03
梅黛森	0.03
弗兰克斯	0.03
闻时才	0.03
金杯	0.03
纳威隆巴顿	0.03
伦索尔	0.03
十一点四十五	0.03
高尔加	0.03
日尔戈维亚	0.03
普罗塔哥拉	0.03
帏	0.03
路易斯·勒·格朗	0.03
油地毡	0.03
伍德兰	0.03
七二	0.03
阿奇伯尔德·维特维奇	0.03
烈炎	0.03
柯盖	0.03
海海	0.03
卓梦	0.03
阿兰·墨菲	0.03
松永俊夫	0.03
比尔科迪	0.03
大卫·鲍维	0.03
比尔·塞克斯	0.03
教练机	0.03
蒂朵	0.03
巴尼曼尼罗	0.03
圣依纳	0.03
伏牛	0.03
克莉奥佩特拉·菲洛帕特	0.03
斯托洛普	0.03
杰夫·康特	0.03
杜比会	0.03
露菲	0.03
农民工	0.03
奥斯里克	0.03
娜塔丽莎	0.03
威尔史密斯	0.03
金毛儿	0.03
弗朗辛·波马特	0.03
凡·戴克	0.03
埃迪·贝尔	0.03
大批量	0.03
瓦玛拉拉	0.03
锁器	0.03
红方京	0.03
德本汉姆	0.03
嘉士伯	0.03
何塞·玛丽亚·阿斯纳尔	0.03
金曼	0.03
和杰	0.03
伍德利	0.03
该店	0.03
命官	0.03
国见升	0.03
史菊儿	0.03
赵千都	0.03
雅克·米列	0.03
英普	0.03
哈马尔·格林伍德	0.03
罗曼·艾伯特	0.03
恩迪	0.03
卡德马斯	0.03
毛玻璃	0.03
法布里吉欧	0.03
韩春金	0.03
好俊	0.03
比罗马	0.03
彼得·盖格	0.03
盛器	0.03
伊利莎	0.03
亨佛利鲍嘉	0.03
之佑	0.03
静勋焕	0.03
破落户	0.03
布莱克斯通	0.03
莱布尼兹	0.03
连维京	0.03
金斯	0.03
犯嘀咕	0.03
汽油机	0.03
罗伯特·惠勒	0.03
奥里维·涅古	0.03
金日	0.03
洁洙	0.03
布列格斯	0.03
离愁别绪	0.03
皮洛市	0.03
瓦丽丝	0.03
哥林	0.03
金娜莲	0.03
四分之	0.03
田虎三	0.03
妖道	0.03
柯甫	0.03
阿提拉王	0.03
幽思	0.03
韩美贤	0.03
巴治·米高森	0.03
菲利普·史密斯	0.03
吉柯	0.03
贵君	0.03
带笑	0.03
司人	0.03
侯东	0.03
欧斯瑞·哈巴德	0.03
首倡	0.03
万马	0.03
瑪	0.03
窦道里	0.03
贝鲁西	0.03
约翰·德拉帕	0.03
军体	0.03
特·罗德里杰思	0.03
玛莉·威廉斯	0.03
菲格牛顿	0.03
为新	0.03
显隐	0.03
马克·麦卡锡	0.03
官署	0.03
将军肚	0.03
慇	0.03
奔头	0.03
鸿雁传书	0.03
百分之四十一	0.03
之介	0.03
新景观	0.03
繹	0.03
匙石	0.03
卢克·杰斯普	0.03
梅伯利	0.03
珍妮阿姆斯	0.03
陆尉	0.03
方斯瓦	0.03
米莉·哈瑞斯	0.03
汤姆多	0.03
戴尔他	0.03
达迪	0.03
布雷德	0.03
黄天	0.03
刺激素	0.03
马基拉	0.03
计划委员会	0.03
一项项	0.03
埃尔迈拉的厄尼·戴维斯	0.03
乔治娅·博	0.03
贬抑	0.03
艾米·洛克	0.03
科劳尔	0.03
吉恩道格拉斯	0.03
海因兹·欧比	0.03
彼得·塞德斯基	0.03
李秀燕	0.03
剑练	0.03
和我	0.03
蔡斯会	0.03
吉斯利	0.03
大卫佛林顿	0.03
萨米·詹克斯	0.03
迁移性	0.03
和华娟	0.03
斯诺夫	0.03
米卡丽	0.03
丘墓	0.03
小标题	0.03
金提	0.03
葛德	0.03
柒	0.03
兰达才	0.03
包君	0.03
网架	0.03
布林克利	0.03
吉米卡茨	0.03
莱纳·斯威尼	0.03
高尔基	0.03
米歇尔·德·威尔斯	0.03
手谕	0.03
提斯卡	0.03
杰克·亨斯利	0.03
杰福尔	0.03
哈克萨斯坦	0.03
葛布	0.03
比芝	0.03
崔少云	0.03
冒天下之大不韪	0.03
衣帽架	0.03
查姆巴克	0.03
纽斯·阿格里帕	0.03
格洛丽亚·缪内斯	0.03
后来人	0.03
唐尼·威尔士	0.03
弗雷迪·弗罗比舍	0.03
朱蒂·威尔森	0.03
圣巴特里克	0.03
马特林·诺里斯	0.03
拉约拉	0.03
一班人	0.03
费厄泼赖	0.03
三又二分之一	0.03
冈村	0.03
屋梁	0.03
乔路易士	0.03
様	0.03
戴尔托	0.03
哈拉尔	0.03
马琳·麦金农	0.03
赫伯塔克利	0.03
吉杨	0.03
卡莉·福尼亚	0.03
恩赛斯·卡勒比斯	0.03
和惠	0.03
一混混	0.03
林登·约翰逊	0.03
伯特·罗伯森	0.03
巴克曼	0.03
年产量	0.03
和性	0.03
毕文斯	0.03
苏菲·索罗	0.03
华·卡斯特纳	0.03
马普托	0.03
揭破	0.03
锁具	0.03
英雄豪杰	0.03
届满	0.03
小说集	0.03
沙溪	0.03
萨尔瓦托·马洛尼	0.03
梅里森·斯威特	0.03
守陵	0.03
黑黑云	0.03
博克兰	0.03
猜达什	0.03
断壁	0.03
麦荻	0.03
长木路	0.03
亚历山大·朵	0.03
平放	0.03
大小写	0.03
艾莉·黑德鲁	0.03
荷亚	0.03
糍	0.03
艾彼斯	0.03
七龙珠	0.03
亨利·道斯	0.03
贝利斯雅湖	0.03
约瑟芬·伯恩斯	0.03
花开花	0.03
艾塞克斯镇	0.03
隆波克	0.03
数词	0.03
唐·卡塔诺	0.03
凯诺赛比	0.03
迈尔克	0.03
席斯特	0.03
卡塔连纳	0.03
尼古拉斯·凯	0.03
麦莫	0.03
马德林·舒尔	0.03
两百万亿	0.03
爱德华诺顿	0.03
元基	0.03
吴汪	0.03
哥力欧	0.03
席尼布朗	0.03
和纯	0.03
弗里德里克	0.03
关临	0.03
南塔基特镇	0.03
修桥	0.03
迈尔他	0.03
威辛格	0.03
匙水	0.03
尼菲尔	0.03
雷诺市	0.03
罗斯博格	0.03
苏珊·戴	0.03
源地	0.03
莫海德	0.03
麦琪·罗斯	0.03
非分	0.03
曲韵高	0.03
钢丝锯	0.03
哈蒙尼	0.03
纳马思	0.03
森次胜	0.03
反比	0.03
兰纳特	0.03
康赤塔	0.03
爱民如子	0.03
洪美佳	0.03
他弗洛伊	0.03
阿莫德	0.03
斯卓港	0.03
罗比威廉斯	0.03
弗斯特伯格	0.03
征兵制	0.03
史雷特	0.03
卿雅	0.03
歹心	0.03
吉思乐	0.03
空谈家	0.03
伊利亚斯	0.03
邓布劳斯基	0.03
于亚历基	0.03
杰瑞米·诺森	0.03
艾米·布朗斯基	0.03
汤姆·加弗尼	0.03
区西罗	0.03
罗伯史尼	0.03
东玖会	0.03
坎通纳	0.03
一亿零一	0.03
马蒂·曼宁	0.03
方琢	0.03
迪普瑞	0.03
管中窥豹	0.03
君萨林·辛	0.03
汤姆·欧莱利	0.03
玛玛·多	0.03
休闲地	0.03
贝斯·撒	0.03
瑞奇·斯宾塞	0.03
皮可里菲拉市	0.03
信本	0.03
女宾来	0.03
爱憎分明	0.03
伏击战	0.03
野火烧不尽	0.03
定我	0.03
奥黛丽·赫本	0.03
那塔里	0.03
良田	0.03
威勒戴尔	0.03
志大才疏	0.03
鲍士	0.03
两课	0.03
小达马斯	0.03
正泰	0.03
他科林	0.03
特鲁希略	0.03
龙伯罗	0.03
葫芦巴	0.03
罗·卡尔森	0.03
阳子都	0.03
迪兹·艾玛南	0.03
荷华	0.03
言无不尽	0.03
之城	0.03
汉弗莱·阿博加特	0.03
迈克尔·帕德	0.03
库提	0.03
从灵生	0.03
圣依撒	0.03
眷念	0.03
斥骂	0.03
斯托布罗	0.03
阿尼莎·比姆	0.03
约瑟夫·萨	0.03
朴大勇	0.03
克里弗兰	0.03
赫伍森	0.03
斯巴齐	0.03
奥兹瓦尔多·桑切斯	0.03
赎款	0.03
康维尔	0.03
查理狄龙	0.03
柏蒂雅基	0.03
肉样	0.03
麦克斯韦·斯塔福德	0.03
圃	0.03
维吉尼·查尔特	0.03
迪亚哥卫嘉	0.03
希拉里当	0.03
真可真	0.03
脱水机	0.03
查塔姆市	0.03
汉克·马杜卡斯	0.03
让戈尔巴乔	0.03
弗农山	0.03
希尔顿·海德	0.03
十分之七	0.03
米卡朗基罗	0.03
炼化	0.03
溧	0.03
小张	0.03
乔·特维尼	0.03
舍伍德的玛丽恩	0.03
莫希干	0.03
厄普顿	0.03
迪凡尼	0.03
佛克兰	0.03
走街串巷	0.03
雨帽	0.03
伯林娜	0.03
卡科日亚文里	0.03
春光明媚	0.03
自得	0.03
查中基	0.03
首例	0.03
致智妮	0.03
米尔沃基他	0.03
雨幕	0.03
显见	0.03
炼制	0.03
边寨	0.03
拜特尔	0.03
和熙珠	0.03
曲孟特	0.03
劳伦·托卡	0.03
史丹·卡特	0.03
乔治·塞特	0.03
伍尔弗里克·布赖恩·邓布利多	0.03
金穗	0.03
简·麦斯德森	0.03
戳记	0.03
春宫图	0.03
布洛德曼	0.03
裴普·波兹	0.03
守贞	0.03
斮	0.03
马尔科姆·特纳	0.03
禅园	0.03
加娅	0.03
波瑞加	0.03
纽马克	0.03
麦香	0.03
贾马尔·希尔	0.03
三千一百万	0.03
瑙格	0.03
沃克曼	0.03
麦驰	0.03
查理·怀特霍尔	0.03
皮拉摩斯	0.03
米莱	0.03
罗恩·杰里米	0.03
二星级	0.03
铗	0.03
华金	0.03
弗罗斯	0.03
桑莫维尔市	0.03
潦	0.03
劳伦·瑞德	0.03
益斯	0.03
梅根·福克斯	0.03
十一点五十	0.03
哈伍德	0.03
韦士·曼	0.03
景虎军	0.03
弗农多	0.03
范多华尼	0.03
斗龙	0.03
沃克斯	0.03
罗婷	0.03
金科	0.03
雪片	0.03
菲利普·卡斯特罗	0.03
和僚	0.03
特劳德尔·洪普斯	0.03
门源	0.03
无私无畏	0.03
杰夫里	0.03
米芝	0.03
至戈登	0.03
鸣禽	0.03
理查葛芬斯	0.03
罗波安	0.03
单宁酸	0.03
商学	0.03
翘尾巴	0.03
张美兰	0.03
芭芭拉·斯坦维克	0.03
安德烈斯	0.03
鲍曼让	0.03
金硕	0.03
挂面	0.03
维爱琳·普林顿	0.03
吉姆·史密斯	0.03
包罗	0.03
斯诺特	0.03
伊丽莎白·华伦	0.03
禁忌症	0.03
荷嘉	0.03
儿童文学家	0.03
雪莉·利西斯	0.03
克秀	0.03
洪正基	0.03
车飚	0.03
富兰克林·哈里斯	0.03
托尼格莱格里	0.03
茫茫然	0.03
工厂化	0.03
村寨	0.03
特布他林	0.03
厄尔他	0.03
鲍尔萨泽	0.03
金真	0.03
斯宾斯	0.03
朱尼镇	0.03
鲍利	0.03
和马克斯	0.03
春醒中	0.03
荷姆	0.03
饕餮之徒	0.03
帕索斯	0.03
特拉斯	0.03
厄利康	0.03
席德·鲍尔森	0.03
鸡毛掸子	0.03
抑郁寡欢	0.03
更上层楼	0.03
瑞福德	0.03
易丝·加兹达	0.03
让佩蒂	0.03
美奂时	0.03
弗兰·库罗克	0.03
亚伯·格鲁辛斯基	0.03
大帕基布拉夫	0.03
克拉姆	0.03
沟鼠	0.03
鎇	0.03
严静雅	0.03
旺兹沃思	0.03
迪凡克	0.03
凯利·约翰逊	0.03
拉利弗尔	0.03
正木	0.03
阿伯科恩	0.03
凯瑟琳·弗洛	0.03
莲叶	0.03
尼福尔	0.03
包里塞	0.03
頁	0.03
映珠	0.03
刘才胜	0.03
索那维奇	0.03
哈廷顿	0.03
奥林帕斯山	0.03
乌姆布	0.03
埃利奥特·内斯	0.03
布鲁安	0.03
德丝达	0.03
佐吉	0.03
伊莫比卢斯	0.03
徐京花	0.03
青蒜	0.03
贝尼斯	0.03
金盈	0.03
金甲	0.03
和斯特拉	0.03
泰迪夫莱兹	0.03
约翰·斯诺	0.03
夏普勒	0.03
狼毒	0.03
零八年	0.03
健胃	0.03
帕特里斯·安	0.03
罢官	0.03
诗薇	0.03
约翰·嘉菲尔	0.03
拉格纳·斯托森	0.03
穆洛	0.03
丘丘	0.03
舒沙娜·考克斯	0.03
零二十五	0.03
哈比比	0.03
奥斯瓦尔德	0.03
鴅	0.03
自决	0.03
为数不少	0.03
近赞	0.03
西开普	0.03
一天会	0.03
菲伊·雷	0.03
维达布鲁	0.03
拉科卡	0.03
吉尔伯托·吉尔	0.03
夏普利	0.03
弟恭	0.03
赫波根	0.03
克秋	0.03
脱脂棉	0.03
弗兰克·唐斯	0.03
安提贝	0.03
艾兹拉·庞德	0.03
天鹰座	0.03
哥登	0.03
肖费尔德	0.03
沃普	0.03
伊丽莎	0.03
康纳得·瑞西凯	0.03
埃默森	0.03
布鲁多	0.03
五点三	0.03
李昂德	0.03
小德鲁	0.03
正放	0.03
埃尔玛	0.03
储油区	0.03
德雷贝特	0.03
八千亿	0.03
伯尼曼	0.03
他加菲	0.03
杜沛	0.03
放之四海而皆准	0.03
派生词	0.03
弗雷德瓦特	0.03
哲米尔	0.03
生员	0.03
雨具	0.03
阿那罗马	0.03
当权派	0.03
贝瑟市	0.03
伊多拉斯堡	0.03
艾伯塔	0.03
雪城	0.03
史蒂文华德	0.03
达诺哈伦	0.03
暧	0.03
耨	0.03
马里列本	0.03
钱连本	0.03
马蒂尔达	0.03
葛伦	0.03
塞夫勒	0.03
穆比	0.03
桑弗特	0.03
斯利兰卡	0.03
司奇	0.03
罗南一	0.03
特戈	0.03
西尔韦斯特·史泰龙	0.03
戴牙托	0.03
盜	0.03
皮特·道金斯	0.03
戴尔干	0.03
弗尼亚	0.03
草之海	0.03
严紧	0.03
民女	0.03
戴伦·麦克安德鲁斯	0.03
七子	0.03
皮特比尔特	0.03
和格瓦	0.03
艾兰洲	0.03
贝比罗斯	0.03
显耀	0.03
房真	0.03
名产	0.03
斯鲁本	0.03
布鲁克纳	0.03
卡柳梅特城	0.03
达默	0.03
金牙	0.03
韩语中	0.03
和珉	0.03
雪光	0.03
托比·库伯	0.03
马特达蒙	0.03
海森伯	0.03
高·马修	0.03
青翠欲滴	0.03
兰斯华	0.03
瞩望	0.03
贝嘉兰	0.03
达尼拉·伯格	0.03
摄影集	0.03
荷尔	0.03
儒夫	0.03
诗艺	0.03
一千五百八十三万	0.03
相位差	0.03
潘娜普斯摩本	0.03
汝生	0.03
菲罗鲍斯基	0.03
特批	0.03
基拉·维尼	0.03
汝用	0.03
大东尼	0.03
成萨拉迈	0.03
车真	0.03
洛希·奥当诺	0.03
波比·布朗	0.03
泄水道	0.03
圣多明戈	0.03
罗·汉弥尔顿	0.03
像章	0.03
斗非	0.03
软设备	0.03
让巴克斯特	0.03
邦妮·克拉特	0.03
之孙	0.03
哥勒	0.03
老年学	0.03
耐劳	0.03
达奈尔·杰克逊	0.03
祝非	0.03
让·马克	0.03
马来人	0.03
李贤俊	0.03
丽莎维尔德	0.03
一九九二年	0.03
佳肴珍馐	0.03
大卫城	0.03
凯文·菲尔德	0.03
叶芝也	0.03
焦化	0.03
萨利斯堡	0.03
约瑟夫·凡尚	0.03
米卡尔	0.03
随意性	0.03
伯斯王	0.03
巴伯霍金斯	0.03
二三年	0.03
达鲁	0.03
板床	0.03
保罗·洛佩斯	0.03
让加尔维斯	0.03
克利奇	0.03
贷方	0.03
朵丽	0.03
陈婉	0.03
迈克尔他	0.03
花荷西	0.03
车在	0.03
酱黄瓜	0.03
罗尔斯	0.03
容错	0.03
边克	0.03
卡敏斯	0.03
利加	0.03
修果	0.03
八股文	0.03
诺亚·丹尼尔	0.03
国事访问	0.03
布罗迪·米奇	0.03
低幼	0.03
帕萨迪纳城	0.03
泰依迪格斯	0.03
克温	0.03
贪污腐化	0.03
乔安·贝茨	0.03
宝珠	0.03
康耐	0.03
三国演义	0.03
逗闷子	0.03
罗杰·麦克曼	0.03
塔斯克	0.03
威里·弗雷西	0.03
松野明	0.03
卡达姆	0.03
莎比斯娜	0.03
和汉纳	0.03
春喜正	0.03
龙虎	0.03
鼻儿	0.03
和西蒙	0.03
春子壮	0.03
野菊花	0.03
科尔塔纳	0.03
母国	0.03
格顿·瑞纳	0.03
阿奎丹	0.03
华塞·卡里罗	0.03
菲尔丁·巴恩斯	0.03
经纬线	0.03
打防	0.03
米特京	0.03
經	0.03
消耗热	0.03
奥利弗·桑斯维特	0.03
变则通	0.03
淑姬	0.03
罗伊·威尔金	0.03
劳伦特·查尔特	0.03
云奈卡特湖	0.03
万灵丹	0.03
扎克·克雷顿	0.03
珍尼特	0.03
安菊	0.03
肯·考德维尔	0.03
杜格雷	0.03
崇音	0.03
项宁	0.03
霍伯肯	0.03
胡比来	0.03
埃莉诺·普拉蒂斯·肖	0.03
麦克亨利堡	0.03
图纳	0.03
齐格	0.03
费尔南·莱热	0.03
骝	0.03
别太	0.03
拉弗森	0.03
向德彪	0.03
一亿五千万	0.03
艾克·特纳	0.03
倌	0.03
洋洋洒洒	0.03
绒毯	0.03
格雷戈里·皮特	0.03
復	0.03
法兰克·瓦林	0.03
奎三连	0.03
幼虎	0.03
丘伯家	0.03
阿尔戈纳克	0.03
埃吉武塔	0.03
泽塔·菲茨杰拉德	0.03
窑洞	0.03
凯西·琼斯	0.03
核武库	0.03
半大	0.03
椴树	0.03
乔治·贝索	0.03
拉勒米堡	0.03
维拉·巴特尔	0.03
让德鲁	0.03
贝赛克	0.03
费奥娜	0.03
抽噎	0.03
五点十	0.03
莱多	0.03
斯塔格利	0.03
打闪	0.03
电文	0.03
尹德	0.03
塞雷卡	0.03
成妮可·基德曼	0.03
亚特布雷基	0.03
龙葵	0.03
圣马库斯	0.03
巴比布朗	0.03
弗兰希	0.03
地图集	0.03
比勒士达	0.03
欧辛	0.03
帅成	0.03
韩基哲	0.03
爱克蕾	0.03
玛亚	0.03
艾拉来	0.03
道格·罗斯	0.03
庸庸	0.03
达利尔	0.03
萨科福马	0.03
唐纳德·培生	0.03
迪芬	0.03
拉斯普汀	0.03
打钟	0.03
悬梯	0.03
谱系	0.03
生耶西	0.03
珠恩	0.03
罗伯特·唐涅格	0.03
康莱	0.03
科鲁尼亚	0.03
拉佛萨	0.03
德里克·派克	0.03
棲	0.03
鲍勃多	0.03
丹布里	0.03
莎·维尔德	0.03
林期	0.03
貛	0.03
哈丽特·塔布曼	0.03
全金发	0.03
百家姓	0.03
提案人	0.03
红小豆	0.03
加蒂	0.03
尼巴	0.03
乔治·亚维拉	0.03
数得着	0.03
达特桑	0.03
拉斯顿	0.03
三千七百八十万	0.03
科特柯本	0.03
简图	0.03
弗来德科万	0.03
西克维里	0.03
罗肯科马	0.03
帕米拉	0.03
里格斯	0.03
三三九	0.03
弗利西亚·艾尔	0.03
卡扎菲	0.03
罗翰定	0.03
凯蒂让	0.03
伊希曼	0.03
齐派	0.03
巴勒克	0.03
康蒂	0.03
填筑	0.03
电控	0.03
奥诺拉托	0.03
德尔菲尼乌斯	0.03
乔治菲利普敦	0.03
茨麦吉	0.03
朱蒂·格兰德	0.03
安东尼奥班德拉斯	0.03
薄皮	0.03
阿萨依	0.03
半年	0.03
宗瑜	0.03
玛勒格	0.03
海力特	0.03
朴胜文	0.03
图稿	0.03
报知	0.03
菲利普·德·谢瑞希	0.03
葛卢伯家	0.03
圣昆廷	0.03
奥勒斯	0.03
林晨	0.03
连裆裤	0.03
但提摩西	0.03
鲨干	0.03
鲍勃霍普	0.03
黑咕隆咚	0.03
阿朗松	0.03
一百九十	0.03
胡耐让	0.03
熊变来	0.03
艾迪吉博	0.03
微机室	0.03
迪蒂	0.03
连忙	0.03
新大新	0.03
大市	0.03
那人云	0.03
海瑟·法索罗	0.03
山姆·戴维斯	0.03
爱克莱	0.03
仙豆	0.03
百分之一百万	0.03
比凯伦	0.03
弗瑞琪多	0.03
布兰琪巴洛	0.03
药液	0.03
古切蒂	0.03
玛莉莎布莱克	0.03
宾艾弗力	0.03
堂叔	0.03
伦斯·艾利奥特·威尔顿	0.03
南班得	0.03
查特斯	0.03
铷	0.03
八宝菜	0.03
百分之一百五	0.03
伊瑟尔	0.03
让法布丽姬	0.03
多米尼克·卡塔诺	0.03
瓦尔纳斯	0.03
立意	0.03
电视报	0.03
大伟耶尔	0.03
韦尔奈	0.03
尼克·塔	0.03
佩鲁索	0.03
尹宰	0.03
盘山	0.03
马廷尼	0.03
药浴	0.03
冰火城	0.03
富兰克林·查奇	0.03
在那	0.03
芭芭拉·布什	0.03
欧训	0.03
果胶	0.03
冷若冰	0.03
袋泡茶	0.03
哈阿里	0.03
艾佛拉特	0.03
让丹维尔	0.03
史丹利·蒂蒙斯	0.03
图帕奇	0.03
伊琳娜·克里夫特	0.03
籥	0.03
渎职罪	0.03
壮阔	0.03
詞	0.03
罗斯玛丽·里芬斯塔尔	0.03
烽火连天	0.03
延绵	0.03
大卡门	0.03
该厂	0.03
弗朗明戈	0.03
吉姆来	0.03
别彪	0.03
威士科	0.03
璞石	0.03
鹿中央	0.03
尼布	0.03
希尔利	0.03
别开	0.03
泰勒格拉夫	0.03
至科罗莱德	0.03
苏尔美	0.03
蕴育	0.03
群言	0.03
宝拉·理查德	0.03
米丽亚姆	0.03
杰克·亨利	0.03
卡托沃基	0.03
厄文	0.03
埃德加·威廉·雅	0.03
格尼	0.03
指示剂	0.03
卡拉里帕亚	0.03
汪德	0.03
威尼弗雷德	0.03
济念君	0.03
贝琪·麦尔基	0.03
莱斯利·卡宾森	0.03
低回	0.03
黄赤河	0.03
成大川	0.03
鲍勃刚	0.03
延熙	0.03
新鲜度	0.03
凯尔文·泰勒	0.03
均值	0.03
玛丽·卡弗瑞蒂	0.03
纳扎·戴提亚	0.03
白香宾	0.03
铁子	0.03
经援	0.03
八千八百万	0.03
行劫	0.03
考特基	0.03
格雷西·博文	0.03
雄苏	0.03
贝里布里奇	0.03
奥斯塔夫	0.03
让戴维	0.03
圣詹纳斯	0.03
食道炎	0.03
堂尼	0.03
优尼亚	0.03
桂河大桥	0.03
巴拉卡尔	0.03
阿拉尼亚艾特	0.03
肖崇元	0.03
李克斯	0.03
凯尔安卓斯	0.03
摆轮	0.03
尼古	0.03
哈鲁夫	0.03
莎兹比他	0.03
迪夫索	0.03
萨姆·希尔	0.03
加克比	0.03
凯文·菲尔	0.03
钔	0.03
莫理逊	0.03
顿堡	0.03
巴扬纳	0.03
辛一家	0.03
法拉城	0.03
纽米尼	0.03
潘素珍	0.03
立浦	0.03
圣马格丽特	0.03
哈里逊勒夫	0.03
让盖文	0.03
阿纳萨奇	0.03
石铁	0.03
科拉士	0.03
群蛇	0.03
但斯通	0.03
齐拉	0.03
伊莎贝尔·沃恩	0.03
欧洲式	0.03
塞丽娜·道伊斯	0.03
埃尔米塔	0.03
姜慧贞	0.03
那小杰	0.03
李阔来	0.03
酒糟	0.03
青燕	0.03
威尔·达西	0.03
费泽帕特里克	0.03
玛丽·泰勒·摩尔	0.03
遽	0.03
拉纳	0.03
薛里夫	0.03
剑生	0.03
海月	0.03
猜莫丽沙	0.03
席恩	0.03
国交	0.03
舒特曼	0.03
艾德·米尔斯	0.03
彼得路维林戴维斯	0.03
罗伯特亚科特	0.03
母婴	0.03
玛莎拉	0.03
李美英	0.03
李柏瑞	0.03
赛勒	0.03
戏班	0.03
亚哈斯生	0.03
铁床	0.03
帕帕尼尔	0.03
诺加利斯	0.03
伊利诺	0.03
浦东	0.03
一苹	0.03
十字线	0.03
静若处子	0.03
让拉菲克	0.03
阿布索卢卡	0.03
乙未	0.03
住友	0.03
起早摸黑	0.03
金佑美	0.03
扎格斯拉夫·博格达诺维奇	0.03
特卡镇	0.03
见高低	0.03
阿福雷	0.03
特里·乔治	0.03
泰昌	0.03
薯干	0.03
琼·费利普	0.03
道恩·威廉斯	0.03
阿基·考里斯马基	0.03
亚历克斯·拉克	0.03
弗里兹	0.03
大卫·惠勒	0.03
尼哈	0.03
阿尔瓦拉多	0.03
尼·哈里代	0.03
卡迈尔·法尔肯	0.03
范豪辛	0.03
路瑟·格雷夫	0.03
群聚	0.03
阿提米	0.03
艾克利的艾瑞丝	0.03
平行面	0.03
临城	0.03
贝尔·维廉姆斯	0.03
那克莱恩斯	0.03
竺	0.03
起伏跌宕	0.03
文明礼貌	0.03
去粗取精	0.03
小辛顿	0.03
别因	0.03
金俊兴	0.03
希尔宾	0.03
费朗	0.03
博福特	0.03
特林顿	0.03
关系史	0.03
草绿色	0.03
沙凡	0.03
凯蒂·瓦赛尔	0.03
町村	0.03
威林顿	0.03
鬼东西	0.03
桑浩熊	0.03
奥普拉因	0.03
简娜特比	0.03
形似	0.03
感受力	0.03
朱丽娅	0.03
亨利·马蒂斯	0.03
泰德·撒	0.03
李干	0.03
兕	0.03
博尚全	0.03
拉杜克	0.03
蒂灵格	0.03
胡耐能	0.03
廖迪	0.03
查克儿	0.03
一纸空文	0.03
裘莉	0.03
累及	0.03
欧莱	0.03
同音字	0.03
苏珊·卢奇	0.03
赛克	0.03
玛丽托安	0.03
刻毒	0.03
郑旭	0.03
欧莎	0.03
别管贝	0.03
塔伯特	0.03
范迪克	0.03
西伯来	0.03
福坦维京	0.03
亚历克斯·克莱米	0.03
弗里卡	0.03
什让	0.03
康特雷拉斯	0.03
康迪	0.03
吉姆·奥希尔	0.03
约翰·埃尔	0.03
康达	0.03
弗罗伦斯	0.03
考特兰	0.03
铁工	0.03
谢顿·斯特	0.03
艾德丽安·坎贝尔	0.03
精兵强将	0.03
仙马	0.03
阿斯潘	0.03
格里戈尔	0.03
柯特·奇林	0.03
伊斯塔帕	0.03
罗翰会	0.03
祈使句	0.03
奥德	0.03
导磁率	0.03
皮特·汉森	0.03
苏默维尔	0.03
比波比	0.03
崔时元	0.03
齐祖	0.03
皮尔伯格	0.03
玛拉尼	0.03
爱克雷	0.03
米施金	0.03
小努比	0.03
乔丹·林德尔	0.03
费耶特维尔市	0.03
莫琳·杜德	0.03
随风	0.03
奥弗	0.03
儀	0.03
圣菲利普	0.03
经管	0.03
解囊相助	0.03
提贝里亚斯	0.03
骆礼	0.03
柴可	0.03
麦克·史密斯	0.03
据守	0.03
艾拉生	0.03
加维兰	0.03
打虫	0.03
伊莎美腊达	0.03
赛伦	0.03
保罗德恩	0.03
布雷克蒙	0.03
罗恩真	0.03
珍妮的歌	0.03
克罗斯提尼	0.03
曼尼托巴	0.03
师妹	0.03
茂锡	0.03
云高	0.03
安拉斯加	0.03
麦克尔逊	0.03
哈克·芬	0.03
师姐	0.03
赓	0.03
含水量	0.03
何博·克博	0.03
从智恩	0.03
大卫·达尼尔斯	0.03
迪郡	0.03
帕明特瑞	0.03
果阿	0.03
奥帕	0.03
海琳才	0.03
挨整	0.03
杰克·博	0.03
騰	0.03
比德尔	0.03
茂雄	0.03
琳达·琼斯	0.03
龙飞凤舞	0.03
杰克米	0.03
贝特曼·冯·布劳恩	0.03
咨询点	0.03
刃儿	0.03
穆罕默德·沙尔阿拉胡·阿拉希·瓦·撒	0.03
法加娜	0.03
戴维·罗斯	0.03
珠光白	0.03
苏珊娜·斯米特	0.03
让勒菲	0.03
让怀特	0.03
阿·沃克	0.03
卡勒汉	0.03
特德·霍维斯	0.03
礼成	0.03
豪斯德	0.03
瓦尔尼	0.03
泔	0.03
挨斗	0.03
查理·舍尔曼	0.03
险峰	0.03
云顿	0.03
因德	0.03
但埃迪	0.03
肇事人	0.03
从重	0.03
德斯·维尔密斯	0.03
石头块	0.03
塞瓦赖德	0.03
图斯托	0.03
毕佛	0.03
同业	0.03
林火	0.03
阿萨姆	0.03
拉菲特	0.03
斯莫维尔镇	0.03
奥特洛夫斯基	0.03
达葛·哈德森	0.03
洛伊丝·莱恩	0.03
三十二万	0.03
帕思勒	0.03
雅利达	0.03
阿图罗·帕德龙	0.03
画帖	0.03
布朗德比	0.03
节气	0.03
罗伯特·菲戈森	0.03
维斯帕·林德	0.03
瓦莱德	0.03
斯诺·欧	0.03
伯尼·鲁特兹	0.03
经线	0.03
二千五万亿	0.03
和密尔瓦基	0.03
莫文蔚	0.03
从雷	0.03
埃德洛	0.03
九万九	0.03
化验单	0.03
来帮贵	0.03
科茨代尔	0.03
贵尼	0.03
艾德里安·米切利	0.03
简·哈洛	0.03
乔伊·马克西姆	0.03
海克尔	0.03
斯泰尔	0.03
斯米塞克	0.03
鳏寡孤独	0.03
雪莲花	0.03
伟绩	0.03
比史蒂夫·奥斯丁	0.03
九十九万零七千分之一	0.03
文生真	0.03
大致说来	0.03
雕梁画栋	0.03
装饰音	0.03
尹如中	0.03
吉米·汉克斯	0.03
守密	0.03
薄板	0.03
帕奇曼	0.03
威廉·格瑞	0.03
阿普瑞尔	0.03
安奇奥	0.03
八百二十万	0.03
红子	0.03
沙里亚法	0.03
广闻	0.03
坦桑	0.03
组阁	0.03
史波奇	0.03
法瑞尔·马修	0.03
股骨颈	0.03
欧博娜	0.03
斯托科利·卡尔迈克	0.03
林登	0.03
于是爱	0.03
转游	0.03
阿什兰	0.03
寄宿生	0.03
尼柯森	0.03
欧韦吉莱	0.03
会期	0.03
万米尔·贡扎沃·都·山托斯	0.03
礼敬	0.03
鲁歇尔·辛克·马吉	0.03
尘暴	0.03
菲尼克	0.03
加蓬人	0.03
通灵时	0.03
安波普	0.03
哈里贝利	0.03
阿尔法卡帕	0.03
卢克·威尔森	0.03
悬索	0.03
蒙代尔	0.03
拉威兹	0.03
维安特	0.03
编组站	0.03
腊月	0.03
斯考斯基	0.03
莫丘里欧	0.03
泰德·基德尔	0.03
福雷伍德·迈克	0.03
拉贝尔	0.03
康雷	0.03
奥奈	0.03
朴善珠	0.03
约翰·韦斯特	0.03
厄尔·麦吉特	0.03
考德威尔	0.03
梅玲华	0.03
米特奇	0.03
罗拉·帕森丝	0.03
卡纳帕	0.03
维尔多德	0.03
巴布熊	0.03
比利·布鲁克	0.03
赵在景	0.03
怀亚特·博斯他	0.03
张正太	0.03
吉尔伯特·帕顿	0.03
莫托林	0.03
艾斯提尔山	0.03
林琴	0.03
箭竹	0.03
龙里	0.03
彩石	0.03
宾森	0.03
卡罗尔·沃斯勒	0.03
张娜利	0.03
巴布斯卡娅	0.03
昆尔根的贝杰根	0.03
果那	0.03
库瓦西耶	0.03
阿尔博克奇	0.03
传动带	0.03
供排水	0.03
师徒	0.03
伯切南	0.03
惯窃	0.03
师德	0.03
统共	0.03
崔戚虎	0.03
里奥·科洛夫	0.03
菲利普会来	0.03
中央委员会	0.03
吉诺西恩	0.03
模压	0.03
奈杰尔·毕格洛	0.03
莎莫·比施尔	0.03
马克·科布尔德	0.03
奥城	0.03
新教派	0.03
勒道尔	0.03
裡	0.03
迪克·盖尔斯克	0.03
卡迪罗	0.03
米醋	0.03
拉莫·卡鲁瑟	0.03
卢瑟·维尔	0.03
艾黎刚	0.03
格雷思	0.03
紧锣密鼓	0.03
佐波俊森	0.03
奥坎	0.03
路塞弗	0.03
吸收率	0.03
普拉茨堡	0.03
丹尼·德·维托	0.03
南本德	0.03
庇护权	0.03
万里长征	0.03
谱架	0.03
图林	0.03
洛西纳	0.03
雨云	0.03
冯·哈根斯	0.03
杰克真	0.03
抓差	0.03
节节胜利	0.03
艾迪森	0.03
十万百万一百万	0.03
邦迪诺夫	0.03
亚瑟·韦尔兹利	0.03
比利·格雷夫	0.03
蓝墨水	0.03
特托依	0.03
卡哈纳会让凯恩	0.03
易秋拓	0.03
患难之交	0.03
莉拉来	0.03
嘉美	0.03
鲍勃·布朗	0.03
艾米利奥·卡卜瑞拉	0.03
碗筷	0.03
亿三	0.03
麦克科瑞	0.03
师公	0.03
通讯业	0.03
鱼口	0.03
文奇肯	0.03
六零点	0.03
库尔斯	0.03
拉西福真	0.03
斯黛菲	0.03
丑男	0.03
雪莉玛莲	0.03
逐日	0.03
硬实	0.03
纪大五	0.03
让·保罗·萨特	0.03
林菲尔德	0.03
托尼阿尔梅达	0.03
梁成慈	0.03
金顺珠	0.03
幼鹰	0.03
朱利安·沙克	0.03
权格俊	0.03
中英文	0.03
供电局	0.03
吉姆·兰普利	0.03
卡罗瑟	0.03
桑尼来	0.03
纳什镇	0.03
武学中	0.03
詹姆斯·华生	0.03
英姿飒爽	0.03
毛姆	0.03
菲利普·波特尔斯	0.03
延揽	0.03
贝丝·麦肯泰尔	0.03
画坛	0.03
卓帕加的马科	0.03
高等学校	0.03
汤鼎	0.03
图斯	0.03
雷·迪	0.03
戏文	0.03
萨拉·麦克冬尔	0.03
皮尔斯的特	0.03
费思·丹尼尔斯	0.03
汇单	0.03
乔治娅·塞姬	0.03
阿默斯	0.03
前茅	0.03
曾周	0.03
曼朋斯	0.03
米歇尔·沃凯尔	0.03
购并	0.03
那聪	0.03
杰克留	0.03
努尔	0.03
哈杰·麦高万	0.03
金钟赫	0.03
锄奸	0.03
托比·凯斯	0.03
云逊	0.03
金顺熙	0.03
文·史考利	0.03
耀宗	0.03
杰泽贝尔	0.03
凯特·摩丝	0.03
敞露	0.03
瓦内萨·丹尼斯·洛维里	0.03
马布索	0.03
成万上亿	0.03
酒泉	0.03
毕夫极	0.03
堂主	0.03
鱼冻	0.03
玛蒂尔达·迪克逊	0.03
杰瑞才	0.03
斯巴达克	0.03
幼龄	0.03
跑跑跳跳	0.03
面疱	0.03
海斗	0.03
柛	0.03
汀森	0.03
马龙左路	0.03
富兰克林·卡莱尔	0.03
电笔	0.03
鑫双	0.03
格隆瓦德	0.03
林网	0.03
陨铁	0.03
衷情	0.03
礼法	0.03
小特迪·邦奇	0.03
畜养	0.03
彼得·杰克逊	0.03
奥卡	0.03
萨拉·帕尔芬	0.03
卡勒扎	0.03
阿斯提	0.03
舞客	0.03
奥南	0.03
斯德斯	0.03
杜布	0.03
阿尔特里	0.03
一天兵	0.03
打诨	0.03
菲利亚	0.03
龙马	0.03
浸蚀	0.03
那成真	0.03
石炭纪	0.03
罗伯特·劳伦扎诺	0.03
坎布顿	0.03
厄尔·威尔森	0.03
费利斯·奈尔	0.03
鲍里斯·斯帕斯基	0.03
盖特威	0.03
云际	0.03
改作	0.03
德科萨斯	0.03
尤萨里尼	0.03
费林	0.03
裘里	0.03
鱼场	0.03
卡贝拉他	0.03
拜伦·德克斯特	0.03
米德·洛夫	0.03
玛丽赛莱斯	0.03
墨斗鱼	0.03
汤米·道格拉斯	0.03
航天城	0.03
结对	0.03
宾戈	0.03
奇克伟布	0.03
邦尼梅佛	0.03
下篇	0.03
土尔其	0.03
克罗诺斯	0.03
吴达洙	0.03
猜布兰顿	0.03
梅西·特纳	0.03
攻掠	0.03
内次波利	0.03
延机	0.03
抗毒素	0.03
表现性	0.03
特林	0.03
孚日	0.03
迪马吉	0.03
安娜会让	0.03
温尼伯索基湖	0.03
弗莱尔	0.03
朱丽安娜	0.03
理查德·德莱弗斯	0.03
那薇	0.03
和艾达	0.03
木兰庭	0.03
苏格·皮特·卡宁汉姆	0.03
杰瑞来	0.03
画匠	0.03
柔斯	0.03
麦尔肯姆·菲斯特斯	0.03
师团	0.03
一丁点	0.03
喷油器	0.03
哈迪撒	0.03
伍夫兰	0.03
猜安东尼	0.03
别克斯坦	0.03
鲍勃·特劳特	0.03
德·尼罗	0.03
埃利克	0.03
比蒙娜丽莎	0.03
气度不凡	0.03
浦州	0.03
阿姆巴赫老	0.03
艾米尔·伯朗	0.03
能事	0.03
翼型	0.03
卡兰卡特	0.03
格拉古	0.03
崗	0.03
梅德维德	0.03
马诺洛	0.03
赛尔维吉	0.03
爱菲奥娜	0.03
德拉霍亚	0.03
刚果河	0.03
生态圈	0.03
胡安家里	0.03
懸	0.03
艾斯亚	0.03
米尔顿·佩尔	0.03
干儿子	0.03
画刊	0.03
阿纳托尔	0.03
巴克斯·毕特恩	0.03
阿斯彭	0.03
夏敦埃	0.03
橄榄绿	0.03
肫	0.03
新年伊始	0.03
布克里曼	0.03
卡罗乐	0.03
雪厚达	0.03
特罗布里奇	0.03
久野也	0.03
譲	0.03
南巴尤	0.03
胡伊·路易斯	0.03
马诺利	0.03
斯泰森	0.03
乔治·华盛顿·卡弗	0.03
丹尼·冈茨	0.03
珍尼特·霍卡达	0.03
大米饭	0.03
圣基茨	0.03
会刊	0.03
迪特奇	0.03
家奴	0.03
杰布洛斯克	0.03
劳勃·布莱克	0.03
千贞淑	0.03
内斯特	0.03
让尤尔根	0.03
娇兰	0.03
芭芭拉·泰勒	0.03
赛罗	0.03
艾基利斯	0.03
德·韦恩泰伯	0.03
韦尔纳	0.03
特里都	0.03
科尔顿	0.03
格雷姆	0.03
洗衣板	0.03
爱斯特芬	0.03
国策	0.03
退党	0.03
毛戈林	0.03
凯伦·科路齐	0.03
巴提斯	0.03
童养媳	0.03
奋发向上	0.03
萨缪尔·科宁	0.03
宝适	0.03
格雷夫	0.03
薄利	0.03
兰利市	0.03
退冰	0.03
英宰	0.03
汤姆麦可维奇	0.03
希尔瑞	0.03
雪太深	0.03
拉拉拉拉拉	0.03
堂瑜	0.03
海罗斯	0.03
果阿来	0.03
仁道	0.03
金卜满	0.03
报单	0.03
枕木	0.03
套汇	0.03
受病	0.03
家宣	0.03
汤米·德	0.03
尼卡路森	0.03
山姆·克拉克	0.03
家安	0.03
猶	0.03
雪莱·温特斯	0.03
和波普	0.03
杰夫·富尔曼	0.03
瓦莫诺斯	0.03
搤	0.03
牛皮菜	0.03
阿米尔·沙霍里	0.03
艾维拉·格雷	0.03
葛兰达尔	0.03
罗俊盖兹	0.03
耳提面命	0.03
戴维盖斯特	0.03
鲍德的乔伊	0.03
吉姆·柴维斯	0.03
查理·基特里奇	0.03
金格瑞	0.03
博蒙德	0.03
吴智善	0.03
卡迈卡	0.03
攻坚战	0.03
克雷特勒	0.03
延安	0.03
投其所好	0.03
珍妮·雷利	0.03
捷报	0.03
杰希会	0.03
安妮·巴克斯特	0.03
克里尼斯	0.03
霍亨索伦	0.03
亚丽珊卓布伦	0.03
汤米韦伯	0.03
南北向	0.03
史密	0.03
饶有	0.03
母畜	0.03
倘然	0.03
别胡猜	0.03
哈里·考尼克	0.03
大白菜	0.03
扎尔德斯	0.03
权洪河	0.03
霍西	0.03
钦差	0.03
乃木	0.03
孟考尔王	0.03
安贞	0.03
有口难言	0.03
白雪圣	0.03
大詹妮弗	0.03
卡洛·朗白	0.03
铁燧	0.03
斯菲尔	0.03
麦琪·詹姆斯	0.03
笔供	0.03
栅栏门	0.03
让瓦格斯韦尔	0.03
普敦郡	0.03
三十二秒	0.03
猜泰德	0.03
疡	0.03
丹尼尔史密斯	0.03
艾塞克斯的安特	0.03
让杜克	0.03
文森佐·罗卡拉·斯	0.03
美莎芬	0.03
罚没	0.03
罗伯特·欧提兹	0.03
马丁·阿什	0.03
鸡场主	0.03
劳瑞尔·皮尔森	0.03
巴斯坦	0.03
南希·赫夫	0.03
迪波尔	0.03
蚍蜉	0.03
浩渺	0.03
会器	0.03
举目四望	0.03
段杰	0.03
柴普	0.03
休斯那	0.03
亨利·摩尔	0.03
范斯哲	0.03
图宾	0.03
铁盆	0.03
格的林	0.03
利奥凡	0.03
付托	0.03
瑞德·塔文纳	0.03
烷基	0.03
费得尔	0.03
经久	0.03
阿鲁	0.03
拉莱特·杜德里	0.03
雷利夫	0.03
他维吉尔	0.03
罗素·克洛	0.03
付排	0.03
理查德·莱德奇	0.03
会震平	0.03
忽地	0.03
转年	0.03
延展	0.03
法兰克巴塞隆那	0.03
月全食	0.03
波特贝拉	0.03
卡什·汤顿	0.03
古列莫	0.03
高品良	0.03
希蒲	0.03
马西墨斯德西斯梅里	0.03
阿尔皮纳	0.03
洛伊贝利	0.03
项羽	0.03
药业	0.03
阿尔贝斯	0.03
变流器	0.03
麦缪斯	0.03
德瑞远	0.03
伟伯	0.03
剑醒来	0.03
中山门	0.03
会在	0.03
盖恩斯维尔	0.03
记步器	0.03
艾兹帕迪	0.03
铁球	0.03
艾米丽·迪肯	0.03
科比堡	0.03
谢亚姆·珀尔	0.03
小特劳德尔·亨普斯	0.03
布尔诺	0.03
叽咕	0.03
美津江	0.03
阿珍	0.03
佛东尼欧	0.03
布莱恩·盖尔福德	0.03
鱼水	0.03
胡妮斯	0.03
一万二一	0.03
世界杯赛	0.03
谨谨	0.03
新运星	0.03
惠泽	0.03
迈克·狄韦	0.03
退器	0.03
特兰米尔	0.03
拉波尼	0.03
姜世瑾	0.03
寸土寸金	0.03
卡米卡米哈	0.03
罗克兰斯	0.03
莱克桑	0.03
两百一十四万七千	0.03
倚仗	0.03
描眉	0.03
暴雪里	0.03
朱丽特	0.03
杰瑞弗	0.03
云翳	0.03
威廉姆森	0.03
付息	0.03
迈克·斯特兰克	0.03
面交	0.03
延平	0.03
卡勒姆	0.03
阿斯塔	0.03
铁甲	0.03
塔塔基利亚	0.03
钦奈	0.03
李察真	0.03
帝显临	0.03
宏达	0.03
施柏淳	0.03
保罗弗莱彻	0.03
齐云	0.03
柴斯	0.03
昭然	0.03
劳伦斯·梅迪斯	0.03
椰树	0.03
施尼茨勒	0.03
霍赫	0.03
杰里迈亚·斯基茨	0.03
东摩拉维亚	0.03
亨利·普尔	0.03
文·迪塞尔	0.03
刊发	0.03
狄昂	0.03
从梦中	0.03
乔治奥威尔	0.03
绸布	0.03
柴放	0.03
克梅	0.03
戴鹰	0.03
艾比卡尔文	0.03
詹姆斯·弗朗西斯·巴里尼	0.03
薄命	0.03
艾萨克·牛顿	0.03
盖洛普民	0.03
赖弗扎特·阿金西	0.03
叶卡特琳堡	0.03
边防站	0.03
德利达	0.03
吕宋豆	0.03
库泽	0.03
和米洛	0.03
君亚	0.03
科里·海姆	0.03
史卓加他	0.03
刘立明	0.03
嘉云	0.03
玛尔库斯·维普撒	0.03
戴里	0.03
苎麻	0.03
改稿	0.03
施瓦茨	0.03
铁线蕨	0.03
简章	0.03
宾城	0.03
杜菲·詹宁斯	0.03
姆瓦米	0.03
嘉乐	0.03
汉佛	0.03
弗吉谷	0.03
堆栈	0.03
母线	0.03
奥杰	0.03
庄稼人	0.03
臆	0.03
洛宾查普林	0.03
拜仁州	0.03
燦	0.03
怀特利夫	0.03
立佛	0.03
奥朗	0.03
贾巴尔	0.03
艾尔维斯·卡斯特罗	0.03
汤米·西福	0.03
安德烈亚斯	0.03
奥曼	0.03
费兰得	0.03
罗莎尔巴·德·卢卡	0.03
戴那	0.03
金槐	0.03
鲍比·西尔	0.03
图·玛菲娅	0.03
杰罗姆·米勒	0.03
比莱斯特	0.03
转制	0.03
苏伦·巴考尔	0.03
沃什伯恩斯	0.03
佑珍	0.03
立中	0.03
科尔邦	0.03
南夫鲁尼	0.03
班罗森	0.03
威廉贝林斯基	0.03
动轮	0.03
柄基	0.03
班西瑞	0.03
欧文·米尼	0.03
格雷克	0.03
汉克·迪菲尔德	0.03
博嘎特	0.03
十分之六	0.03
王中王	0.03
保罗·纽曼	0.03
过邦妮	0.03
见习期	0.03
德瑞莎	0.03
铁砂	0.03
赛瑟	0.03
一帧帧	0.03
史蒂芬·埃利奥特	0.03
艾尔维斯·普莱斯利	0.03
艾奇斯	0.03
拜亚	0.03
佛罗伦	0.03
庞贝古城	0.03
切维·切斯	0.03
波蒂厄斯	0.03
阿图斯	0.03
师承	0.03
赫伯根纳	0.03
门登	0.03
校歌	0.03
勤政	0.03
硬棒	0.03
比尔·葛拉汉姆	0.03
多姿多态	0.03
马克夫	0.03
艾玛·帕吉特	0.03
巨鹰	0.03
亚当·克莱恩	0.03
法兰斯蒂拉	0.03
索莫查	0.03
四又四分之三	0.03
多巴哥	0.03
沃尔波尔	0.03
史都瓦	0.03
塔尔顿	0.03
家华	0.03
诺斯特	0.03
哥迪姆	0.03
艾尔·黑格	0.03
圣路克	0.03
发送机	0.03
屈指	0.03
卡拉卡斯	0.03
圣托亚	0.03
王均爱	0.03
受粉	0.03
一卷卷	0.03
图派克·谢库尔	0.03
王子爱	0.03
斯黛法尼	0.03
威兹堡	0.03
车宪度	0.03
暖风机	0.03
罗马百夫	0.03
阿玛迪斯	0.03
赖安·亨逊	0.03
苏洛会	0.03
波拉波拉	0.03
但瑞蒙德	0.03
胡宾	0.03
宋弼俊	0.03
伽尼克	0.03
雪莉·奇斯蒙	0.03
努沃	0.03
克伦伯恩	0.03
一十分	0.03
省视	0.03
里马	0.03
六十分	0.03
詹让迪金	0.03
图卡	0.03
十一万三千	0.03
柄剑	0.03
王恩准	0.03
荣高	0.03
火熊	0.03
金桐	0.03
会庆	0.03
成查普曼	0.03
千贞慈	0.03
弗卡加	0.03
止血药	0.03
头雁	0.03
圣马提奥	0.03
多明妮克芬塞克	0.03
攻关	0.03
蒂姆·邓肯	0.03
埃斯顿	0.03
年代学	0.03
戏台	0.03
拉莉塔老	0.03
昭章	0.03
谱号	0.03
尼生	0.03
要聪明	0.03
巴洛斯	0.03
金喜畴	0.03
龙基帮	0.03
斯坦·奥布里	0.03
米尔库	0.03
英格·温斯坦	0.03
凯丽·努南	0.03
艾莉丝麦斯	0.03
吉索米亚	0.03
文选	0.03
简芳达	0.03
盖特比	0.03
麦迪·斯塔克	0.03
海福	0.03
让诺维	0.03
姜明河	0.03
科兰蒂	0.03
特洛伊镇	0.03
卡钦斯基	0.03
半百	0.03
法加斯	0.03
山货	0.03
彩印	0.03
葛锐格	0.03
四十三万五千	0.03
麦休斯	0.03
玛里琳·赫斯	0.03
库尔克	0.03
斯通克顿	0.03
季风雨	0.03
宾拉登	0.03
威廉姆·莫利斯	0.03
一一一	0.03
尼克·亚当斯	0.03
史丁纳	0.03
玛琳·安德烈	0.03
简编	0.03
珠丽	0.03
吉罕王	0.03
沙特诺	0.03
葛瑞哥来威	0.03
红烧肉	0.03
图勃	0.03
惠来	0.03
凯奇得	0.03
亚德曼	0.03
延和	0.03
卓保罗	0.03
头面	0.03
汤米提普	0.03
马拉雪	0.03
布雷尔他	0.03
威廉·拉瓦	0.03
罗比柯	0.03
柳昌夏	0.03
纳西诺克斯维尔	0.03
律诗	0.03
装机	0.03
高塔里	0.03
藝	0.03
杰瑞刘易斯	0.03
杰霍克	0.03
宛顺	0.03
硬水	0.03
文森佐	0.03
和安定	0.03
瓦莱拉	0.03
默克	0.03
比基顿	0.03
埃德蒙·卡尔顿	0.03
盖瑞·欧文	0.03
劳菲	0.03
哈里让谭雅	0.03
协议价	0.03
艾拉·梅	0.03
达林顿·比奇	0.03
排头兵	0.03
爱迪克	0.03
伊莉莎白·泰勒	0.03
马立安	0.03
匙百利灵	0.03
水俣病	0.03
挈	0.03
纳森尼尔·霍桑	0.03
铁素	0.03
肯尼·拉德福德	0.03
让戈斯	0.03
格鲁门	0.03
活食	0.03
帕特·凯利	0.03
奥路易斯	0.03
艾玛汉弥尔顿	0.03
安东尼奥刚	0.03
核桃树	0.03
大天鹅	0.03
梧桐树	0.03
三千八	0.03
枰	0.03
鲍勃留	0.03
唐纳德·丘	0.03
仁淑之	0.03
郑恩秀	0.03
林肯·詹姆士	0.03
逐句	0.03
冲锋号	0.03
勘探队	0.03
妮玉	0.03
和贝蒂	0.03
费卢贾·哈比比	0.03
迎候	0.03
阿尔伯特芬尼	0.03
盖里·米切尔	0.03
银质奖	0.03
四千五百	0.03
特洛伊城	0.03
基尔默	0.03
母星	0.03
约翰·佩斯基	0.03
三千二	0.03
布伦瓦尔德	0.03
丹·拉泽戴	0.03
恩格奇	0.03
倘或	0.03
莫伊舍	0.03
马可士梅杜	0.03
苏珊·德拉库特	0.03
霍尔斯多姆	0.03
于是圣	0.03
斯潘塞比	0.03
第三十一	0.03
昭显	0.03
奶羊	0.03
里瑟达那	0.03
一十二	0.03
格斯顿	0.03
航天站	0.03
才分	0.03
西格马	0.03
催讨	0.03
叠嶂	0.03
戈翼尔	0.03
阿什琳	0.03
古特雷兹	0.03
温可定	0.03
乔治·华盛顿·卡佛	0.03
安德烈·斯莱斯柯	0.03
雅巴塔巴多	0.03
埃里温	0.03
法拉汉	0.03
弗兰克·达利	0.03
尼梅	0.03
高精尖	0.03
福特迈尔	0.03
宣起	0.03
切里·乔	0.03
瓜拉尼	0.03
卢灵镇	0.03
贾迪希	0.03
卡罗瑟的拉吉	0.03
朴惠媛	0.03
图们	0.03
肯帕森内特	0.03
别楞	0.03
波迪埃	0.03
格林斯伍德	0.03
卡曼达	0.03
阿族	0.03
污泥浊水	0.03
冬泳	0.03
保护金	0.03
百分之六百	0.03
金伊永	0.03
硬玉	0.03
伊班尼兹	0.03
贝克施密	0.03
希拉里·罗德汉姆·克林顿	0.03
朱茂叔	0.03
向东浩	0.03
科兰顿	0.03
尊爵	0.03
因红	0.03
那方舟	0.03
玛丽·麦佳维	0.03
唄	0.03
奈勒	0.03
蛟	0.03
猜明卡亚尼	0.03
那栋超	0.03
爱德斯迪恩	0.03
韦翰比达西	0.03
狂呼	0.03
个人所得税	0.03
莱奥尼多	0.03
文身	0.03
亨佛莱鲍嘉	0.03
松野君	0.03
佛莱艾尔卡密诺	0.03
拉菲卡	0.03
卡莉·戴维森	0.03
瞎闯	0.03
西河桥	0.03
勇镇	0.03
皮斯卡德罗	0.03
让卡米	0.03
改悔	0.03
诺拉·琼斯	0.03
斯特拉迪瓦里	0.03
皮袋	0.03
六百一十五	0.03
电告	0.03
里蕾	0.03
團	0.03
马士康巴	0.03
约翰特雷诺	0.03
寝具	0.03
尼可罗·帕格尼尼	0.03
河恩	0.03
莱昂纳多·克拉克	0.03
特尔奇	0.03
芬维	0.03
文辞	0.03
巴迪·斯塔福德	0.03
杰奎琳·昂弗雷	0.03
七千四百	0.03
从霞之	0.03
石山镇	0.03
尉官	0.03
和昱	0.03
爱德丽	0.03
冀望	0.03
莠	0.03
爱德万	0.03
落叶松	0.03
吴章烈	0.03
比盖西	0.03
曼施塔特	0.03
埃尔韦拉	0.03
咸乎乎	0.03
泰迪·邦迪	0.03
师范学校	0.03
塞其	0.03
安妮丝宁	0.03
崔江姬	0.03
群太远	0.03
嘉勉	0.03
亦师亦友	0.03
松尼·波诺	0.03
巴切克	0.03
柩车	0.03
霍黑	0.03
費	0.03
乔治布希	0.03
电化	0.03
约翰·凯西	0.03
亚历斯多德	0.03
威廉莫里斯	0.03
卢尚	0.03
让爱德华	0.03
史提文森	0.03
海伦·瑞迪	0.03
蠓	0.03
霭	0.03
西蒙福斯特	0.03
日内维利尔	0.03
笑吟吟	0.03
立升	0.03
塔纳克	0.03
伟干	0.03
阿波雷德利	0.03
布拉西	0.03
九十五	0.03
传为美谈	0.03
索菲克勒斯	0.03
大卫·托什	0.03
小吃摊	0.03
琼妮	0.03
六六三十六	0.03
沙瓦纳	0.03
铁杉	0.03
查尔斯·韦恩	0.03
里茨	0.03
凯瑟琳·安德鲁斯	0.03
斯塔克豪斯	0.03
铁束	0.03
格鲁达	0.03
白净净	0.03
书信体	0.03
三级跳	0.03
黛比拉	0.03
黛瑞·汉娜	0.03
省道	0.03
涂士	0.03
财长	0.03
大路货	0.03
钠灯	0.03
卡洛琳·墨菲	0.03
连恩淑	0.03
张韩一	0.03
进口量	0.03
罗切尔	0.03
林园	0.03
曼蒂逊	0.03
铁柱	0.03
南太洋	0.03
两百四	0.03
巴托洛卡斯提	0.03
春宝	0.03
伊索尔	0.03
和波特	0.03
荷姆斯特	0.03
博诺	0.03
战中	0.03
捷普科马	0.03
蒂莫西·威斯特博	0.03
山陵	0.03
苏琪	0.03
伊萨克·罗森伯格	0.03
威尔汉·莱克	0.03
唐·佩德罗	0.03
路道中	0.03
米罗夫	0.03
杰斯厄	0.03
瑞丝·瑞福德	0.03
罗丝雅	0.03
塔纳卡	0.03
回传乔	0.03
巴恩达	0.03
福里克	0.03
海格尔尼克	0.03
海克约	0.03
裴寒南	0.03
斯旺森	0.03
艾丽斯·迈克尔怀特	0.03
路德维希·维特根斯坦	0.03
李吉英	0.03
古庞贝城	0.03
于斯曼	0.03
约翰·詹姆斯·普莱斯顿	0.03
布莱尼克	0.03
崔晶恩	0.03
再其次	0.03
形相	0.03
六零年	0.03
南布鲁克斯	0.03
段瑜	0.03
赛吉·亚历山大·波宾斯基	0.03
诺拉·克拉克	0.03
兰德斯坦	0.03
韩沃特	0.03
贝利·各雷姆	0.03
里奇登斯坦	0.03
飞花	0.03
安东尼·斯盖拉	0.03
钜	0.03
雅基	0.03
戴特维勒	0.03
熟石膏	0.03
绒帽	0.03
波利尼	0.03
擢	0.03
怀恩威尔的诺斯	0.03
罗布·洛	0.03
游子	0.03
铁模	0.03
炉门	0.03
马克·罗森萨尔	0.03
伊瑟拉	0.03
孟甘穆	0.03
二零零	0.03
光阳	0.03
李基·明布克斯	0.03
一定在	0.03
麦克斯韦·坎皮农	0.03
多义词	0.03
瓦尔登	0.03
圣·玛丽·纳·莫登恩	0.03
波格	0.03
纹饰	0.03
锁在	0.03
佑我	0.03
鱼狗	0.03
零一分	0.03
比尔·雷德蒙	0.03
沦亡	0.03
驗	0.03
班加	0.03
李阔君	0.03
叫号	0.03
东言西	0.03
四千三百三十五	0.03
林威	0.03
剑可真	0.03
石版画	0.03
亚历克斯·奥康纳	0.03
奥勒姆	0.03
倒爷	0.03
金雷维尔	0.03
佐之助	0.03
吉勒斯比	0.03
铁武	0.03
安公	0.03
内斯比	0.03
莫林·格鲁德	0.03
孟京喜	0.03
德里克·史文顿	0.03
钟时会	0.03
约翰·迈克·法利	0.03
麦多斯山	0.03
伊德丝	0.03
雷蒙德·贝克	0.03
奥利埃纳	0.03
雷蒙德·豪威尔	0.03
雷吉斯·德布雷	0.03
斯科赛斯	0.03
阿德曼	0.03
齿音	0.03
比尔·科迪	0.03
季米特里	0.03
西本修平	0.03
乔安娜·安德森	0.03
玛哈扎亚	0.03
畳	0.03
术来	0.03
吐鲁番	0.03
米歇尔·福斯特	0.03
尹松	0.03
南希·纳戈尔	0.03
锡克尔	0.03
艾雷	0.03
帕尔斯泰勒	0.03
吉莫尔	0.03
罗丝博格	0.03
里谷	0.03
比卡勃	0.03
一米米	0.03
萨尔马提亚	0.03
理查德·阿滕伯勒	0.03
范约翰	0.03
嘉山	0.03
亨里克森	0.03
哈里里	0.03
塔纳弗	0.03
基皮通	0.03
萨奇斯	0.03
大卫·海德	0.03
拉马斯	0.03
老花眼	0.03
依波森麦茨	0.03
狄莱拉	0.03
史考里亚	0.03
尔文叔	0.03
传中球	0.03
肯·安德森	0.03
添丁	0.03
林塞	0.03
纳西尔	0.03
尼娜·西蒙	0.03
海选起	0.03
里贝	0.03
阿尔·卡	0.03
合二	0.03
康士坦茨·安吉尔	0.03
李昆保	0.03
催肥	0.03
泽拉来	0.03
脚面	0.03
古特维	0.03
二一零点五	0.03
伯奈特	0.03
一抢而空	0.03
史都华梅登	0.03
沙伦劳	0.03
李阔在	0.03
顶门	0.03
因着	0.03
下情	0.03
常用来	0.03
奥理	0.03
查理·韦曼	0.03
朴世东	0.03
斯克莱布诺	0.03
杰克刚	0.03
安德伍德	0.03
布费特	0.03
小大卫	0.03
赛扬	0.03
波西尔	0.03
奥玛	0.03
布拉迪斯拉法	0.03
阿诗利·兰斯勒	0.03
罗丝鲁	0.03
斯嘉丽·奥凯弗	0.03
亨斯维尔	0.03
贝克特尔	0.03
西拉斯维加斯	0.03
七百零七千	0.03
元晓大	0.03
钟海明	0.03
马克·安东尼奥·萨拉曼卡	0.03
崔贤宇	0.03
玛尔特	0.03
詹姆斯·弗格森	0.03
虧	0.03
头虱	0.03
和克蕾	0.03
珍尼丝	0.03
黛安娜·威斯特	0.03
戴蒂	0.03
亨浩	0.03
乔·伊格尔	0.03
阿基米德湖	0.03
威廉麦佛莱	0.03
斯劳斯	0.03
大卫·斯特雷泽恩	0.03
戴蓝	0.03
一摊摊	0.03
尹白春	0.03
布雷利	0.03
别让弗兰克	0.03
惯偷	0.03
彭普	0.03
胍	0.03
计划经济	0.03
电视电话会议	0.03
巴拉特·萨格迪耶夫	0.03
通灵之	0.03
科里斯	0.03
民治	0.03
沃特·戴维斯	0.03
比尔·埃文斯	0.03
克莉莫丝琼斯	0.03
玛卡雷娜	0.03
筋络	0.03
唐·普莱斯	0.03
面告	0.03
飞乐斯	0.03
舍莫尔	0.03
沃伦特	0.03
佩托罗	0.03
朴次茅斯	0.03
和右旋	0.03
宫治典	0.03
马克斯托	0.03
金敬	0.03
莫内特	0.03
盖勒特	0.03
骨骼肌	0.03
名角	0.03
宪制	0.03
赛思	0.03
平基·斯坦	0.03
拉朗	0.03
马蒂·巴拉斯科	0.03
宏隆	0.03
闵泰坤	0.03
购货单	0.03
本·科诺比	0.03
夏子和	0.03
海纳	0.03
旽	0.03
阿里·哈桑·萨	0.03
郁秀	0.03
蒙布尔	0.03
礼中	0.03
贾尼杰克逊	0.03
李格利	0.03
穆索	0.03
埃姆·埃里克·麦考马克	0.03
兰纳德·托斯	0.03
拉斯登堡	0.03
特雷沃·夏贝尔	0.03
俾路支	0.03
礼乐	0.03
立奎	0.03
飞语	0.03
格拉赫	0.03
师真	0.03
大伟黑特尔	0.03
出项	0.03
排名表	0.03
退伙	0.03
詹肯斯	0.03
哥布林	0.03
美林	0.03
布劳纳	0.03
约翰·爱德华兹	0.03
米高·芬利	0.03
多博尔斯克	0.03
瓦夫·克热明斯基	0.03
希纳特拉	0.03
斯多基	0.03
辛那查	0.03
苏斯金德	0.03
一丁儿	0.03
经售	0.03
卡姆利亚	0.03
关系户	0.03
杰琪·玛丽森	0.03
法迪尔	0.03
弗兰克来	0.03
玄白	0.03
爱丽斯·霍宾	0.03
别松	0.03
乙吉	0.03
多梅尼科	0.03
刘翔	0.03
查理·凯尔塞	0.03
六百四十亿	0.03
考利哲	0.03
靛	0.03
比尔德	0.03
归整	0.03
坎普·佩里	0.03
亚弗列多·亚	0.03
奥士丁	0.03
煤场	0.03
克撒	0.03
克里斯比	0.03
万妮莎	0.03
萨姆纳	0.03
哲思	0.03
农农	0.03
在高河	0.03
汤姆·康拉德	0.03
利奥·布鲁姆	0.03
别让迪安	0.03
审校	0.03
埃斯科皮	0.03
哈洛威	0.03
戴维·马内博	0.03
阿杜	0.03
西米尔福德	0.03
阿卡狄亚	0.03
国脚	0.03
布劳沃德	0.03
人民法院	0.03
克劳蒂斯	0.03
圆木	0.03
南济豪	0.03
阿权	0.03
伍迪·海耶斯	0.03
通式	0.03
他瓦特	0.03
希翼	0.03
爱肖恩	0.03
审案	0.03
尼克塔	0.03
克力普斯坦	0.03
米奇·曼	0.03
道格·诺亚	0.03
和西奥多	0.03
阿勒莱因	0.03
削平	0.03
米盖艾考夫	0.03
涛黎会	0.03
丹尼·马修	0.03
陪读	0.03
达尔马提亚	0.03
马连胜	0.03
坎普顿	0.03
汤森德	0.03
马永植	0.03
徐敏珠	0.03
杰森·格纳·艾姆斯	0.03
爱丽丝·玛丽·克莱顿	0.03
钎	0.03
安怀之	0.03
奥特兰·芬尼斯	0.03
普斯里	0.03
罗布·佐姆比	0.03
杰克戈登	0.03
勇楚	0.03
弗拉迪米尔	0.03
米斯托弗里斯	0.03
车艺莲	0.03
格罗敦	0.03
通州	0.03
辛迪·尼戈尔	0.03
艾玛·韦斯特布鲁克	0.03
卡扎因斯基	0.03
阿伦·布伦特	0.03
宋宰	0.03
伊尔库茨克	0.03
但莱兹	0.03
让杰瑞	0.03
鲁泰克	0.03
二世祖	0.03
吉恩·哈克曼	0.03
齐普里亚尼	0.03
晨安	0.03
盖尔特	0.03
圣埃德蒙	0.03
十四秒	0.03
卡拉尔	0.03
卡拉巴	0.03
维斯特利	0.03
埃里特	0.03
艾利哈尼	0.03
生雷吉娜·史塔克	0.03
挂架	0.03
西蒙舒斯特	0.03
体长	0.03
流体力学	0.03
希米	0.03
阿瑟·阿什	0.03
沙士比亚	0.03
婦	0.03
平声	0.03
阿尔塔米拉	0.03
荣日	0.03
他史杜	0.03
莎·卡本特	0.03
斯伯林格斯	0.03
库布·里克	0.03
伊斯帕尼奥	0.03
国色	0.03
一来二去	0.03
狗真	0.03
库斯托	0.03
奥斯卡摩根施坦恩	0.03
迈坎尼	0.03
沙瑞西治	0.03
天丽	0.03
纳奈特	0.03
纱笼	0.03
巴达人	0.03
柏木雪	0.03
巴尔山	0.03
华思坦	0.03
和瑞本	0.03
十点四十五	0.03
博然苏丹	0.03
通宁	0.03
特里斯塔兰·佩纳	0.03
飓	0.03
城东区	0.03
克莱森	0.03
思恋	0.03
择业	0.03
莱斯利·高尔	0.03
福滋熊	0.03
长政	0.03
挂怀	0.03
英皇	0.03
热乔治亚	0.03
施丽姆	0.03
让齐利	0.03
埃弗雷	0.03
狗灵	0.03
过新生	0.03
乔许·奥克马恩	0.03
克戴维斯	0.03
合金球	0.03
腻虫	0.03
丹尼生	0.03
施术	0.03
纽尔	0.03
长效	0.03
伊迪丝·柯瑞松	0.03
开堂	0.03
威金	0.03
杜查理	0.03
矢量积	0.03
查尔斯·洛克	0.03
菲里罗	0.03
艾尔伯特·爱因斯坦	0.03
路维尔	0.03
比肯达尔	0.03
艾塞克斯的安特文	0.03
莱曼干	0.03
佐鲁	0.03
亚斯坦	0.03
泰史特	0.03
棰	0.03
中堂	0.03
艾尼	0.03
宋尤	0.03
游乐区	0.03
提姆·布鲁菲	0.03
卡罗尔·德克斯特	0.03
迪乔奇	0.03
马克西亚诺	0.03
维尔斯康纳	0.03
普伦茨劳堡	0.03
汉斯索德	0.03
阿俊·玛莎	0.03
劳伦斯·法默	0.03
伯希图	0.03
暫	0.03
平川	0.03
蒙提切罗	0.03
玄进	0.03
茅庐	0.03
金照熙	0.03
斯格梅特	0.03
埃玛那	0.03
阴兴阳	0.03
玛丽·卡罗莱纳	0.03
基基利	0.03
卡拉塔	0.03
查理让	0.03
豪绅	0.03
连洪奎	0.03
库切芙	0.03
银贞	0.03
格罗恩	0.03
禁赌	0.03
爱丽逊·奥尔森	0.03
徑	0.03
尤宁敦	0.03
科特兰	0.03
沙塔	0.03
吉里米·格雷	0.03
丹·汤普森	0.03
阿特·贝尔	0.03
有的放矢	0.03
克莱比	0.03
弗朗索瓦·杜瓦利埃	0.03
洗漱间	0.03
路安	0.03
塔·维德	0.03
白川河	0.03
王子秀	0.03
海姆特	0.03
哲柏	0.03
大卫·柯林斯	0.03
巴瑞尼可夫	0.03
摩若卡	0.03
金玉彬	0.03
何陵	0.03
平展	0.03
朱丁加	0.03
李永一	0.03
阿历克斯·费德里克斯	0.03
内森·贾德纳	0.03
路得维西托马	0.03
那阿强	0.03
斜体字	0.03
冷海	0.03
普斯顿	0.03
玛丽亚·凯利	0.03
沃雪	0.03
克里斯提	0.03
弗拉明戈	0.03
里克·萨维奇	0.03
吉米·麦克加利	0.03
佐野	0.03
哲树	0.03
爱特德	0.03
杰希卡辛普森	0.03
让珍妮	0.03
自习课	0.03
约翰·沃洛普	0.03
但蒂娜	0.03
地址码	0.03
深挚	0.03
维克多·肖	0.03
拉乌尔·鲁兹	0.03
卡尔顿·菲斯克	0.03
多瓦勒	0.03
普丽丝·兰德	0.03
肯永勒尼斯	0.03
泣诉	0.03
戴夫·乔丹	0.03
但琳达	0.03
马滋达	0.03
牛肉面	0.03
糸	0.03
美洛斯	0.03
平卧	0.03
羊脂	0.03
赋值	0.03
第四十五	0.03
新钞	0.03
夏夏	0.03
公营	0.03
威尔逊·彼特森	0.03
张申勇	0.03
莫瑞·尤曼斯	0.03
尼克·盖博	0.03
德·拉·琼斯	0.03
康第德	0.03
第四十一	0.03
金玉其	0.03
沙纳汉	0.03
欢蹦乱跳	0.03
特洛特	0.03
里波瓦	0.03
丹尼斯·卡雷丁	0.03
德米特利·德米特利奇·古罗夫	0.03
殁	0.03
谄	0.03
莱因霍尔德	0.03
武僧	0.03
阿淳	0.03
孟德伯姆	0.03
查克·托兰	0.03
孟格利	0.03
夏娣	0.03
澳门特别行政区	0.03
吴钱悦	0.03
帕福	0.03
金秀路	0.03
百惠家	0.03
后庭	0.03
副刊	0.03
华森	0.03
王大流	0.03
试制品	0.03
摇蚊	0.03
彼得·克兰茨	0.03
农学	0.03
盖瑞森	0.03
棒头	0.03
强纳森威廉斯	0.03
格温·史蒂芬尼	0.03
平克	0.03
维多·科莱昂	0.03
仪仗	0.03
率先垂范	0.03
范得比尔	0.03
维勒斯	0.03
简·萨帕斯坦	0.03
格兰拉比市	0.03
伪政府	0.03
葱茏	0.03
冧	0.03
讲排场	0.03
煤尘	0.03
佛雷德利克	0.03
路坎	0.03
莱奇曼	0.03
三伏天	0.03
毡房	0.03
惠特尼双	0.03
常赫来	0.03
爱尔兰岛	0.03
沙巴利镇	0.03
贵友	0.03
君士坦丁	0.03
克莱本	0.03
克利奥尔	0.03
曼凯维奇	0.03
马拉克斯	0.03
切丝	0.03
艾迪索特	0.03
祝贺信	0.03
梅根·斯达克	0.03
迈克·克拉克	0.03
泰斯蒂诺	0.03
圣彼德	0.03
肯尼德莫吉	0.03
奥格拉拉	0.03
美兰妮	0.03
埃德·默罗	0.03
体膨胀	0.03
顶角	0.03
韩杨苏	0.03
一栋	0.03
炉条	0.03
通史	0.03
归心似箭	0.03
艾利特	0.03
斯塔·维	0.03
哲民	0.03
鱼丸子	0.03
克兰顿	0.03
红红火火	0.03
葱葱	0.03
乔治·克莉斯蒂	0.03
摩洛卡伊	0.03
苏美人	0.03
国货	0.03
急难	0.03
加加布莉娜	0.03
默哈穆德	0.03
大卫·柯南伯格	0.03
英格伍德	0.03
罗西·奥唐纳	0.03
威顿	0.03
史纳皮干	0.03
戈尔韦	0.03
市北区	0.03
会员制	0.03
伯恩格	0.03
阿欧	0.03
基弗·克洛克	0.03
奥普利	0.03
迈克尔·约克	0.03
衬纸	0.03
维亚多勒罗沙	0.03
死心眼儿	0.03
欣悦	0.03
宋哲	0.03
圣劳伦斯	0.03
列宁主义	0.03
养殖业	0.03
平四	0.03
钟无艳	0.03
哲洛	0.03
咸海	0.03
李锡俊	0.03
卡伊曼斯	0.03
明申	0.03
弗恩·沃森	0.03
纸厂	0.03
圣佩特罗	0.03
卡莱里	0.03
米莉·林奇·布朗	0.03
巴芒	0.03
通则	0.03
马房里	0.03
骨肉相连	0.03
筱竹	0.03
照静马	0.03
国色天香	0.03
毁弃	0.03
农忙	0.03
夏干	0.03
希伯曼	0.03
夙怨	0.03
郎格利	0.03
笳	0.03
潘高中	0.03
并联	0.03
菜苗	0.03
加拉格尔	0.03
汤姆才	0.03
开卷	0.03
又进	0.03
海丘哥	0.03
玛丽安东妮	0.03
钻井队	0.03
布兰迪·罗斯	0.03
乔斯不肯	0.03
苦心孤诣	0.03
柆	0.03
艾地	0.03
机工	0.03
帕姆·奥登	0.03
史莱沃	0.03
瑞·安伯雷	0.03
马迪·沃特斯	0.03
贾德森	0.03
克隆人	0.03
瓦齐里斯坦	0.03
阿森	0.03
吒	0.03
皮埃尔安德鲁	0.03
斯科瑞夫	0.03
安全期	0.03
邓斯坦·索朗	0.03
马克斯·斯特恩	0.03
卡尔斯多姆	0.03
海沃斯	0.03
丹费尔	0.03
圣埃米里	0.03
马克普罗斯	0.03
圆树	0.03
三文五	0.03
安全柜	0.03
老葛	0.03
耀一耀	0.03
长清	0.03
阿桂	0.03
艾莉·布利莱德	0.03
阿根	0.03
切·米沃什	0.03
夏德	0.03
施瓦次辛格	0.03
奥克西登塔尔	0.03
迈尔斯·戴维斯	0.03
淬	0.03
马琳·斯威芙	0.03
野长都	0.03
托妮·莫里森	0.03
鲍比抛	0.03
天娜	0.03
伯图	0.03
通例	0.03
珀西·阿勒莱	0.03
和迈尔斯	0.03
银圣来	0.03
佪	0.03
斯皮特菲尔兹	0.03
特·帕科曼	0.03
明根	0.03
通体	0.03
格诺拉	0.03
数百亿	0.03
博比·米勒	0.03
姜守芝	0.03
布莱德利·格兰特	0.03
麦卡利斯	0.03
西斯塔	0.03
配电站	0.03
布鲁伦	0.03
神恩	0.03
秘使	0.03
霍舍姆	0.03
秘事	0.03
娃哈哈	0.03
保罗·麦克里	0.03
夙缘	0.03
圣·塔拉比	0.03
绿茵场	0.03
温菲尔德	0.03
刀权	0.03
沙市	0.03
霍华德迪	0.03
仓惶	0.03
塞林格	0.03
丹·德雷伯格	0.03
万马齐喑	0.03
欺上瞒下	0.03
埃斯梅拉达	0.03
纵横驰骋	0.03
阿亚特	0.03
维那斯	0.03
舒戈	0.03
丹尼·拉迪·格林伍德	0.03
莫不是	0.03
罗格·纳	0.03
华灯	0.03
欣羡	0.03
采掘	0.03
布琼布拉	0.03
库斯玛	0.03
天堑	0.03
伯哥	0.03
提莫西	0.03
起首	0.03
弗兰·德雷谢尔	0.03
戴尔福尼克斯	0.03
崔永佩	0.03
盖亚纳	0.03
安德内蒂	0.03
弗兰克·西纳特拉	0.03
大意失荆州	0.03
船闸	0.03
施煦	0.03
约翰·亨利	0.03
邓德里	0.03
沟纹	0.03
朱尔斯·希尔伯特	0.03
安居工程	0.03
佛朱迪	0.03
托利多	0.03
无土栽培	0.03
以逸待劳	0.03
菜鹅	0.03
狗是	0.03
应届	0.03
威立会	0.03
阿拉福拉	0.03
斯巴罗	0.03
罗布特·弗洛斯特	0.03
斯皮茨	0.03
林戈·斯塔尔	0.03
克苏洛	0.03
米歇尔都	0.03
葛莱姆	0.03
多·提阿莫·桑切斯特·莫阿里斯	0.03
周永平	0.03
阿姆波	0.03
他斯奎伯	0.03
达·帕克	0.03
抱屈	0.03
凡顿·哈玛玛	0.03
劳伦斯·马克斯	0.03
开仓	0.03
马伦丁	0.03
奥斯丁来	0.03
阿思托	0.03
长牙	0.03
質	0.03
卡那申	0.03
金惠秀	0.03
玛丽亚·凯丽	0.03
乔舒华	0.03
戴名表	0.03
帕柳	0.03
阿布克苏	0.03
杰克·康纳斯	0.03
夏洛特·约克	0.03
塔斯基吉	0.03
拉图斯	0.03
自动铅笔	0.03
阿玲	0.03
帕林	0.03
斯维特兰娜·利文科	0.03
罗纳德·科尔	0.03
长田	0.03
威廉姆·赫	0.03
乔治·艾利特	0.03
采收	0.03
锡沃	0.03
瞒骗	0.03
罗恩才	0.03
李红云	0.03
戈尔迪	0.03
锡泰	0.03
德布立特	0.03
二项式	0.03
塞斯·莫萨克斯基	0.03
约翰·凯斯特	0.03
加斯波利特	0.03
荒疏	0.03
芝多士	0.03
脉脉含情	0.03
诗恩真	0.03
月偏食	0.03
埃德华兹	0.03
地光	0.03
拉法叶特	0.03
安塞尔·亚当	0.03
量力	0.03
手枪套	0.03
霍华德卓肖	0.03
和安得烈	0.03
朱利安·埃尔斯沃思	0.03
格鲁萨克逊	0.03
玛丽娜·戴尔	0.03
于用法	0.03
科泰罗	0.03
利福顿	0.03
史塔门斯	0.03
帕特里克·布莱登	0.03
忠狗	0.03
帕克·鲍尔斯	0.03
忧色	0.03
口腹	0.03
闪击战	0.03
维苏威山	0.03
霍伯曼	0.03
明洁	0.03
丹尼摩	0.03
奥士宾	0.03
丁斯曼	0.03
黄赫石	0.03
皮尔马森斯	0.03
滞销货	0.03
上几十万	0.03
弗林克	0.03
林德·巴里	0.03
施拉夫	0.03
猜布里克	0.03
乔·拜恩斯	0.03
思爱	0.03
舒文	0.03
迈克·罗纳	0.03
阿尔得安斯	0.03
南泽西	0.03
托鲁加湖	0.03
爱乔治	0.03
格拉斯高	0.03
布莱克·索特	0.03
冻雨	0.03
方寸之地	0.03
乔·德沃拉	0.03
二子干	0.03
特蕾西·埃特伍德	0.03
罗德林根	0.03
纽丽	0.03
小茴香	0.03
量具	0.03
查菲·巴克诺	0.03
和亚当斯	0.03
舒敏	0.03
盖威克	0.03
法萨尔	0.03
詹姆斯奥尔森	0.03
佐治亚本宁堡	0.03
林格·斯塔刚	0.03
安东尼·曼森	0.03
诺亚·克	0.03
易容成	0.03
忠烈	0.03
國	0.03
费尼克	0.03
尼·彼特罗	0.03
葛罗利塔	0.03
小洛奇	0.03
泽尔丁	0.03
科里克	0.03
德拉古尼斯	0.03
郁金	0.03
宗教观	0.03
拉·图尔诺	0.03
顿·巴格尔	0.03
阿尔帕西诺	0.03
大尼基	0.03
国香	0.03
摩根·巴托斯基	0.03
羊道	0.03
库斯科	0.03
火炎花	0.03
天前	0.03
科尔索	0.03
振臂一呼	0.03
克洛蒂尔德	0.03
爱丝·切曼	0.03
多玛格丽塔	0.03
送人情	0.03
和小恒	0.03
拉塞尔·米勒	0.03
王子曾	0.03
史蒂芬·德尔	0.03
世易	0.03
鲍伯·克拉克	0.03
坎迪格拉姆	0.03
量度	0.03
泉谷	0.03
牛顿·贝克尔	0.03
卖报	0.03
实纪都	0.03
玛萨·斯蒂沃特	0.03
遗训	0.03
阿海伯	0.03
戊戌年	0.03
凯瑟琳·雷吉娜·法雷尔	0.03
郑英美	0.03
天南星	0.03
松永富雄	0.03
皮西特	0.03
饱经沧桑	0.03
鲍伯·琼斯	0.03
那术士	0.03
冲积	0.03
鼓励性	0.03
汉娜·波特洛夫斯基	0.03
安德鲁沃夫	0.03
朴俊明	0.03
里奥纳多·普拉格	0.03
舒曼·约斯特	0.03
五朔	0.03
马克兰	0.03
氹	0.03
煤井	0.03
玛丽·琼斯	0.03
城西区	0.03
天台	0.03
希曼	0.03
麦克达	0.03
蒂凡内	0.03
海洛皮里	0.03
梅米让查利	0.03
雷恩会	0.03
菌种	0.03
让安娜	0.03
厄卡尔	0.03
吉鲁斯	0.03
瑞蒙德他	0.03
格劳曼	0.03
瑟隆尼斯	0.03
革命派	0.03
安·格兰特	0.03
冷缩	0.03
爱尔·迪巴吉	0.03
艾米莉·狄金森比	0.03
哈罗尔德	0.03
冲程	0.03
卡萨多比	0.03
乔治·帕塔基	0.03
乔万娜	0.03
阿紫	0.03
米歇尔斯果	0.03
救险	0.03
马尔温	0.03
旁落	0.03
丁字镐	0.03
安东尼·卡特	0.03
约翰尼·墨塞	0.03
国魂	0.03
黄牌警告	0.03
塞巴斯蒂安·巴赫	0.03
格罗米	0.03
罗里·布朗	0.03
洛丽镇	0.03
他詹米	0.03
曼尼科蒂	0.03
梅耶拉	0.03
钟明实	0.03
玛格丽特·盖妮	0.03
天光	0.03
玛尔维娜	0.03
敬艾罗	0.03
行色	0.03
图维德	0.03
柯克都	0.03
若范妮莎	0.03
恒量	0.03
刘健明	0.03
皮艾尔	0.03
行船	0.03
阿久津撒	0.03
进水口	0.03
别发大	0.03
西奎斯	0.03
孔炯	0.03
格拉斯通	0.03
脊索动物	0.03
麼	0.03
杰艾米	0.03
杰克·麦吉尔	0.03
郑亚京	0.03
岱兰	0.03
贬谪	0.03
买布兰	0.03
拉里·莫法因	0.03
大卫·丹尼	0.03
华约	0.03
军制	0.03
弗洛伊德干	0.03
波亚提	0.03
鲍勃·亚瑟	0.03
两百二一	0.03
亚罕·阿拉里	0.03
斯科提	0.03
丹佐华盛顿	0.03
柯恰邦巴	0.03
杜·波依斯	0.03
阿章	0.03
巴海哥	0.03
迪克维奇	0.03
贝林维尔	0.03
圣都斯	0.03
应召	0.03
泰德·卡泽斯基	0.03
让哈曼	0.03
李承铭	0.03
杰克·皮诺	0.03
托布鲁克	0.03
圣达斯基	0.03
炉盘	0.03
牙牌	0.03
詹妮弗·杜根	0.03
莫兰才	0.03
桖	0.03
行营	0.03
光夏路	0.03
红伶	0.03
爱威尔逊	0.03
广域网	0.03
贺夏·费	0.03
隔音室	0.03
格雷格·希尔	0.03
吴相弼	0.03
憋闷	0.03
脏乎乎	0.03
小拉瑞	0.03
索马利亚	0.03
熊和礼	0.03
娟秀	0.03
虚像	0.03
物料	0.03
忠秀	0.03
罗洛蒂克斯	0.03
瑞维斯	0.03
和奥利弗	0.03
头羊	0.03
夏令	0.03
安纳托利	0.03
布鲁诺·费	0.03
威廉·马勒	0.03
爱莲娜·瓦西亚	0.03
顾镜	0.03
加布瑞拉	0.03
朱尼查理	0.03
罗伯·德·勒沙	0.03
世态	0.03
凯米丽	0.03
克莱特	0.03
华尼托	0.03
容乃大	0.03
爷儿俩	0.03
巴利维	0.03
波西他诺	0.03
玛丽·史蒂夫·洛佩兹	0.03
史蒂夫·彭特罗达吉斯	0.03
但凯特	0.03
克莱玛	0.03
罗尼·杜波蒂	0.03
哈茨戴尔	0.03
摩苏尔	0.03
安杜波夫	0.03
巴兹洛	0.03
安葬费	0.03
玄雨	0.03
达克萨斯	0.03
吊嗓子	0.03
萨卡吉维亚可真	0.03
安玛丽·莫甘扎	0.03
桑葚	0.03
肯尼·凯	0.03
国鸟	0.03
爱娃·卡斯蒂	0.03
伊曼努尔·康德	0.03
梅布尔·卡鲁瑟·埃尔	0.03
皮特干	0.03
爷儿们	0.03
菲里斯	0.03
西那拉	0.03
施迪文	0.03
苏珊·凯西	0.03
艾秋	0.03
省悟	0.03
一千七百三十四万	0.03
朴政俊	0.03
铣	0.03
罗德尼他	0.03
七十八	0.03
崔圭植	0.03
生元熙	0.03
迦佛	0.03
桑德拉凯提普顿	0.03
至菲利普	0.03
阿塞拉井里	0.03
伯普	0.03
克莱顿·波斯	0.03
一宿才	0.03
拉塞尔·克罗	0.03
琳达·泰勒	0.03
量杯	0.03
巴福罗米欧	0.03
哈理·波特	0.03
夏炎	0.03
威廉库伦拜恩特	0.03
伊丽莎白·阿布库	0.03
安可曲	0.03
爱松露	0.03
丹尼儿	0.03
玛吉·亨德莉克丝	0.03
舒加	0.03
民盟	0.03
帕瓦洛蒂	0.03
洛奇·玛丽斯	0.03
汉妮	0.03
雷德利克	0.03
玛莉萨	0.03
天正	0.03
勘误	0.03
赫拉让	0.03
韩昌镐	0.03
菲利宾	0.03
载重量	0.03
卡拉罗	0.03
敌酋	0.03
年年岁岁	0.03
鬼鬼崇崇	0.03
霉菌病	0.03
别在娴	0.03
神兆	0.03
罗伯特·查尔斯·赖安	0.03
奥普拉·温弗瑞	0.03
六八点	0.03
五岳	0.03
柯拉	0.03
普利顿	0.03
克莱亨	0.03
卡斯帕·提斯	0.03
拟声	0.03
卡尔·斯特恩	0.03
瓜鲁斯特	0.03
迈克尔·约翰	0.03
新邮	0.03
酸碱度	0.03
脚踏船	0.03
世局	0.03
阿布诺	0.03
马科斯·温特斯	0.03
海之剑	0.03
海伦会让	0.03
金艾丽	0.03
秀忠	0.03
丹尼卡	0.03
五小	0.03
博南萨	0.03
西达文波特	0.03
马内利·刘易斯	0.03
仓单	0.03
斯文·莱纳特	0.03
塔比·泰勒	0.03
二七点	0.03
亚摩利	0.03
献计献策	0.03
兹尔	0.03
凯思·帕	0.03
什里夫波特普	0.03
三千四百万	0.03
乔斯维登	0.03
泼墨	0.03
金水安	0.03
车娴晶	0.03
阿波加思他	0.03
西·阿姆斯特朗	0.03
艾克塞尔·罗斯	0.03
盖尔·盖瑞	0.03
梅格提根	0.03
萨义德科拉比	0.03
查尔顿·赫斯	0.03
谢巴克斯特	0.03
马丘斯	0.03
日格托尼	0.03
群众运动	0.03
誉满全球	0.03
让杰西·詹姆斯	0.03
样稿	0.03
克莱佛	0.03
爱摩西	0.03
史提夫多	0.03
园内	0.03
和昌培	0.03
朴俊宇	0.03
比贝克汉姆	0.03
霍伯坎	0.03
弗莱蒙	0.03
盲干	0.03
祖产	0.03
刀利	0.03
丝绸之路	0.03
伊莱特拉	0.03
玛莉莲曼森	0.03
加布·格林	0.03
山姆·詹姆斯·维特维奇	0.03
典娜	0.03
哈洛维	0.03
席多艾伦	0.03
布鲁克斯通	0.03
林尼·马西斯	0.03
希安	0.03
往时	0.03
彦山	0.03
基莎·泰勒	0.03
斯迪西	0.03
克里斯·里斯	0.03
施密特斯坦	0.03
體	0.03
玛丽来	0.03
鍥	0.03
伯克郡	0.03
西斯汀	0.03
采煤机	0.03
更高	0.03
克劳福特	0.03
斯蒂芬·桑德海姆	0.03
基奥姆	0.03
建镇	0.03
才建州	0.03
守恒定律	0.03
安迪·沃霍	0.03
莱文斯基	0.03
遇强	0.03
世宗	0.03
西里西亚	0.03
古赫蒙	0.03
纳妾	0.03
卡森市	0.03
沃托·埃歇尔	0.03
马修·克拉克逊	0.03
杰若琳	0.03
马尔兹	0.03
阿尔马	0.03
敬本郡	0.03
初诊	0.03
单声汉	0.03
美保子	0.03
希夫	0.03
圣克里斯托	0.03
帕特里奇	0.03
乔艾生	0.03
机甲	0.03
格菲干	0.03
玛丽斯	0.03
达·贝勒	0.03
让英普斯	0.03
昂利史蒂文	0.03
杜塞尔多	0.03
朴炳一	0.03
纳撒尼尔·班克斯	0.03
秕	0.03
布雷格斯	0.03
天池	0.03
下泄	0.03
凯恩的凯恩	0.03
卡丽·费希尔	0.03
尼可·亚当姆	0.03
葛拉汉	0.03
希妮	0.03
通票	0.03
斯福特	0.03
世堂	0.03
普兰特	0.03
罗林中	0.03
狗刚	0.03
小尼尔森	0.03
惊喜交集	0.03
文本文件	0.03
杰瑞·塞姆斯	0.03
阿基海德	0.03
施拉格	0.03
支前	0.03
詹妮·麦考兰	0.03
天津	0.03
亚马哈	0.03
移师	0.03
珍麦凯仁	0.03
煤火	0.03
天海	0.03
刀兵	0.03
弭尼	0.03
胞兄弟	0.03
软骨素	0.03
斯科奇	0.03
国际裁判	0.03
克罗里	0.03
阿尔加	0.03
五好	0.03
隐衷	0.03
灿浩	0.03
马默杜克	0.03
尼克罗	0.03
隐血	0.03
勇佩	0.03
农科	0.03
霍汉	0.03
唐纳德·蒂尔森	0.03
雷切尔干	0.03
卡瑟琳·瓦查	0.03
三点十九	0.03
古根汗姆	0.03
忠信	0.03
忠修	0.03
比利鲍勃	0.03
玛丽比	0.03
会帮雷	0.03
埃内斯托·马伊穆拉	0.03
弯度	0.03
谢尔多·盖斯弗	0.03
木茂	0.03
催吐剂	0.03
伯克特兰德尔	0.03
比史奇	0.03
战连胜	0.03
萧长	0.03
亚马孙	0.03
马里那切留	0.03
法兰克夫斯基	0.03
兰肯	0.03
闾	0.03
佛来明哥	0.03
唯物主义者	0.03
女足	0.03
拍案而起	0.03
莎拉·默菲	0.03
德高	0.03
劳埃德·狄克逊	0.03
阿仁	0.03
秀后	0.03
查理·阿塔蒙	0.03
劳埃德·斯普	0.03
开瑜	0.03
纳舒厄城	0.03
别扎堆	0.03
卡那尼亚	0.03
理查德·贝克因塞尔	0.03
马拴好	0.03
哈利斯	0.03
白云石	0.03
莱斯莉·唐尼	0.03
夏种	0.03
克斯格鲁夫	0.03
挂号费	0.03
舒婷	0.03
大卫·杜林科	0.03
杜恩·哈	0.03
平版	0.03
科罗莱德	0.03
格罗亚	0.03
埃尔蒙特	0.03
艾席克	0.03
鰤	0.03
民政局	0.03
卢武铉	0.03
乔丹河	0.03
格姆林	0.03
肖尔	0.03
思义	0.03
王子吻	0.03
阿波加思	0.03
格雷琴·莫雷	0.03
陡直	0.03
牝	0.03
希善	0.03
思亲	0.03
巴拉圭人	0.03
德·哈维伦	0.03
梅尔文·托森	0.03
奥格登	0.03
北阿绥荫	0.03
机种	0.03
罗希·欧东尼	0.03
甘兰豆	0.03
斯尔乔·曼德斯	0.03
思仪	0.03
猜泰迪	0.03
皮特瑞丝	0.03
年关	0.03
衬套	0.03
奥德米尔	0.03
锁业	0.03
索尼·拉维尔	0.03
普卢塔科·伊达尔戈	0.03
李奥纳德	0.03
和安迪	0.03
罗西·奥唐奈	0.03
化学工业	0.03
木耳	0.03
明古	0.03
兰茜	0.03
山木	0.03
提里恩	0.03
乔斯林·科雷霍夫	0.03
朴茂锡	0.03
助战	0.03
希巴·哈特	0.03
愠色	0.03
加盖井	0.03
单行本	0.03
泰德汉	0.03
伯洋	0.03
考麦克	0.03
康·斯奈	0.03
车运来	0.03
灯火辉煌	0.03
鲁斯·温尔顿	0.03
八百四十	0.03
玛莉·爱琳·凯瑟洛帝	0.03
斯科勒	0.03
秀光	0.03
哈里伯顿	0.03
晓朴	0.03
戈登·詹宁斯	0.03
夏米	0.03
五百二十万	0.03
肥胖病	0.03
托莱多的克里夫兰	0.03
复员证	0.03
路易威尔	0.03
菲布力斯	0.03
明哥	0.03
天普	0.03
调谐	0.03
休利特	0.03
百香果	0.03
帕尔·马尔	0.03
帕彻	0.03
艾尔·伽托	0.03
艾伦哈特·冯·古鲁芬·蒙特	0.03
玉米油	0.03
马尔沙姆	0.03
次重音	0.03
温森特	0.03
垒球棒	0.03
天木	0.03
天本	0.03
包翰卡特	0.03
格拉西亚诺	0.03
池锡有	0.03
天南地北	0.03
车秀妍	0.03
艾利卡	0.03
言行一致	0.03
华伟	0.03
克里斯托夫·蒙塔格	0.03
罗伯特·弗朗西斯·肯尼迪	0.03
狗奎	0.03
艾比·科曼	0.03
鈕	0.03
马尔奇	0.03
杰基科顿	0.03
唐纳德·特隆普	0.03
华侨	0.03
奥西卡西	0.03
卡伦·奥康诺	0.03
马尔夫	0.03
安迪·鲁尼	0.03
星战中	0.03
斯维佳斯	0.03
考狄利娅	0.03
施万	0.03
拉图尔	0.03
约塞特	0.03
戴里太戈	0.03
神府	0.03
路易莎·慕斯洛	0.03
拉斯提摩	0.03
慷慨陈辞	0.03
弗立山	0.03
咸丰	0.03
山蒂·布拉德	0.03
伯森	0.03
别让卡尔	0.03
黛比都	0.03
歌拉迪	0.03
佩蒂·卫罗	0.03
疏浚	0.03
明园	0.03
迈克尔·罗杰斯	0.03
莫里斯来	0.03
斯蒂文·埃普森	0.03
和莉莎罗宾森	0.03
慧生	0.03
波亚克	0.03
释汝	0.03
蒂莫西·道尔顿	0.03
夏绿	0.03
祢申	0.03
威克菲尔	0.03
庄尼	0.03
希农	0.03
杰蒙	0.03
结转	0.03
唐·卡罗	0.03
夏纳	0.03
米耶萨	0.03
维罗尼卡盖琳	0.03
纸烟	0.03
丹尼瓦克斯	0.03
长亲	0.03
凯恩派	0.03
奇努克	0.03
西斯林	0.03
雷登人	0.03
麦先锋	0.03
约翰·盖丁斯	0.03
慧琳	0.03
加德·艾尔马莱	0.03
卓普林	0.03
明基	0.03
鹦哥	0.03
玛派尔	0.03
莱莱	0.03
埃尔·戴尔	0.03
盖尔德	0.03
菲茨帕特里克	0.03
狗子	0.03
调运	0.03
舒尔	0.03
格雷科斯	0.03
依塔斯卡湖	0.03
拉尔夫·瓦尔多·爱默生	0.03
长上	0.03
托德·巴克尔	0.03
菲尔·伯顿	0.03
约沙法生	0.03
普拉莫德·朱塔沙	0.03
希伦	0.03
圣多米尼克	0.03
泰丝曼	0.03
阿尔迪	0.03
茅棚	0.03
伯恩哈	0.03
克里奥帕特拉	0.03
沃比那	0.03
门童	0.03
杰米·汤顿	0.03
冒顶	0.03
玛丽珍	0.03
斯托利	0.03
忠培	0.03
王子丰	0.03
芭芭拉·林奇	0.03
礼仪之邦	0.03
汉斯卡尔·班德尔	0.03
捕蝇器	0.03
北京鸭	0.03
五两	0.03
卡西克	0.03
王子从	0.03
五世	0.03
伯登	0.03
五三	0.03
海盐	0.03
雷克思	0.03
世东	0.03
滴水穿石	0.03
赛斯得	0.03
哈特金	0.03
豪菲尔	0.03
史蒂夫·马鲁	0.03
忠坚	0.03
普兰斯	0.03
开氏	0.03
锘	0.03
拉莉萨·斯塔	0.03
戈登·特纳	0.03
问候声	0.03
帮衬	0.03
锾	0.03
艾梅	0.03
中医师	0.03
铭言	0.03
希京	0.03
西莉娅	0.03
讥嘲	0.03
卡瑟姆	0.03
穷山恶水	0.03
宫保	0.03
五佰	0.03
莫兰一	0.03
莫菲特	0.03
家乐福	0.03
尼尔·佩尔特	0.03
伏加特	0.03
霍姆·迪波特	0.03
紧巴巴	0.03
梅丽莎·贝德洛克斯	0.03
玛丽特	0.03
沃特·什洛亚	0.03
秋毫无犯	0.03
杰克·麦克克莱迪	0.03
詹尼芙·艾文	0.03
单行线	0.03
铅笔画	0.03
比史达魏德	0.03
末梢神经	0.03
黄春丽	0.03
凡尔登的兰伯特	0.03
和瑞儿	0.03
田园诗	0.03
东耶路撒冷	0.03
韦兰尤坦尼	0.03
保罗·博德曼	0.03
朗费罗才	0.03
泰德留	0.03
蒂丽雅	0.03
皮斯克尔	0.03
河源	0.03
蒋英寿	0.03
马修让	0.03
拉欧才	0.03
维吉塔	0.03
亿亿万年	0.03
瓤子	0.03
批次	0.03
丹尼·戴利	0.03
茨茅斯	0.03
伊登·麦克凯恩	0.03
弗莱里默	0.03
华兆	0.03
秀万	0.03
孔德	0.03
罗恩来	0.03
一千四百四十	0.03
沃里斯	0.03
彼得·劳瑞	0.03
詹妮弗·洛	0.03
伴读	0.03
迪叶特里	0.03
楚曼	0.03
孔径	0.03
伊丽莎白·奥利维亚·奥戴尔	0.03
塔里夫	0.03
信春	0.03
康乔武	0.03
弗里克·弗莱菲·苏基	0.03
一千六百二十万	0.03
西可巴比	0.03
共振器	0.03
呈示	0.03
维斯特拉	0.03
蒂娜·罗宾斯	0.03
致胜	0.03
艾米丽亚	0.03
康贝·威尔逊	0.03
让格雷西	0.03
朴政宇	0.03
墳	0.03
本斯特	0.03
南西·朱	0.03
伏见之	0.03
玛格莉	0.03
尼克泰	0.03
纳维亚超	0.03
肯道·沃伦斯	0.03
路桥	0.03
康乔治	0.03
多明尼	0.03
格莱里	0.03
裴德	0.03
阿卡	0.03
孔塞	0.03
阿华	0.03
和达西	0.03
尼娜·琳恩·洛克维恩	0.03
珍妮·琼斯	0.03
路检	0.03
克里欧	0.03
让科纳德	0.03
花期	0.03
环城路	0.03
美拉沙	0.03
拉不拉多	0.03
陆军军	0.03
江牧之	0.03
丙丁	0.03
河海	0.03
莎朗·莉尔	0.03
夏敏	0.03
川端君	0.03
泰拉斯	0.03
卡拉比	0.03
普罗塞特甘彭杰	0.03
五又二分之一	0.03
盐田	0.03
伯王	0.03
阿劳	0.03
言之成理	0.03
一百二十万零七百	0.03
菲利佩	0.03
艾沙	0.03
阿力	0.03
忠勇	0.03
藤田也	0.03
米兰达·库普	0.03
金正镐	0.03
韦科城	0.03
皮艾特	0.03
威廉姆·德克勒	0.03
汤巴里	0.03
崔莎	0.03
卡桑达拉	0.03
玛尔库斯·维普萨	0.03
夏斯	0.03
营寨	0.03
平湖	0.03
冷傲	0.03
亨利·梅尔维尔	0.03
鲁克达德·卡曼勒佳	0.03
夏文	0.03
收文	0.03
伊恩不让	0.03
审度	0.03
罗门诺夫	0.03
机收	0.03
阿凡	0.03
安东尼奥·班得拉斯	0.03
维吉尼	0.03
阿兹	0.03
玛莎·斯图亚特	0.03
普拉蒂尼	0.03
宾西法利	0.03
勒萨德	0.03
阿克	0.03
马丁西科塞斯	0.03
杰鲁	0.03
平浪	0.03
多快好省	0.03
佩尔特	0.03
斯图沃夫他	0.03
志贺	0.03
柳敏善	0.03
提姆·莫兰	0.03
七喜	0.03
鲍比·格鲁辛斯基	0.03
乔治安娜·达西	0.03
荣兴	0.03
阿肯萨斯	0.03
深岩	0.03
安格斯·迪顿	0.03
维吉尼亚市	0.03
释疑	0.03
克里欧帕特拉	0.03
小乔希	0.03
马歇尔狄龙	0.03
哲圭	0.03
韩文和	0.03
哈姆博特	0.03
僧兵	0.03
长嘴	0.03
本·萨缪尔斯	0.03
大吉岭	0.03
格兰马撒拉	0.03
伯克莱	0.03
学时	0.03
小泉也	0.03
精工细作	0.03
奥斯曼帝国	0.03
维西	0.03
斯蒂芬·科瓦楚克	0.03
圣克里斯多夫	0.03
明佳	0.03
山海经	0.03
让吉姆威尔金森	0.03
艾丽丝约克	0.03
卫利	0.03
奥格拉夫	0.03
兰道	0.03
李·阿达玛	0.03
银圣会	0.03
石之剑	0.03
哲·帕泰尔	0.03
施密	0.03
拉里·卡迈克	0.03
一封封	0.03
阿滋海	0.03
杰亚内蒂	0.03
天牛	0.03
高敏佳	0.03
华威	0.03
猜兰道尔	0.03
扎尔库克迪	0.03
萨罗姆	0.03
归州	0.03
风泵	0.03
宾西法尼	0.03
姆什卡	0.03
德美罗	0.03
戒急用忍	0.03
纳什维尔的卡尔·佩金斯	0.03
韩石奎	0.03
皮尔斯布洛斯南	0.03
見	0.03
穆特·威德林	0.03
安娜·佩兹	0.03
帚	0.03
志英	0.03
张荣熙	0.03
当归	0.03
平野家	0.03
欧卡拉斯雷培洛	0.03
兰金	0.03
帕斯特让帕特里克多	0.03
伊安·埃斯	0.03
本季让	0.03
曼狄逊	0.03
路斯	0.03
威博隽	0.03
拉蒂摩尔	0.03
嫂	0.03
斯郡城	0.03
崔迪	0.03
量子场论	0.03
祖卡	0.03
戴斯马尼亚	0.03
永硕	0.03
查克·赞帕	0.03
弗洛拉·黑丝汀	0.03
拉特里斯特	0.03
荣山	0.03
罗德艾伦	0.03
弗雷格尔	0.03
博妮塔	0.03
坎卢普斯	0.03
天火	0.03
罗柏特	0.03
路普	0.03
零七分	0.03
雷吉杰克森	0.03
艾比戈儿	0.03
苏菲·塔克	0.03
曼蒂·布罗科	0.03
乌央乌央	0.03
佛拉卡	0.03
灿灿	0.03
尼姑庵	0.03
尼克托	0.03
小杰西	0.03
尼克才	0.03
梅尔茨	0.03
贾布尔	0.03
艾泰亚	0.03
坎伯尔	0.03
牙哥	0.03
尼古拉斯萨维奇	0.03
斯兰克顿	0.03
管见	0.03
哈尔佩	0.03
扦	0.03
尼克提	0.03
黄士里	0.03
批捕	0.03
梅尔芬	0.03
灿然	0.03
天璇星	0.03
耶尔皮	0.03
克拉克夫市	0.03
三民主义	0.03
汤姆阿诺	0.03
摄谱仪	0.03
维多利	0.03
杰夫·奥尼尔	0.03
华年	0.03
霍斯基爱斯基摩	0.03
马察达	0.03
夏江	0.03
哈莱姆的罗宾汉	0.03
卡拉拉	0.03
桑迪格莱美	0.03
至圣	0.03
布兰德利	0.03
施德	0.03
和伯纳德	0.03
癞皮狗	0.03
蒙提·派森	0.03
零配件	0.03
佩塔斯基	0.03
圣盖博	0.03
阿实	0.03
韦科市	0.03
阿宏	0.03
特雷霍特	0.03
卓尔不群	0.03
池汉泽	0.03
喷喷香	0.03
卡普提诺	0.03
曲直	0.03
钱修路	0.03
斯帕兹	0.03
圆子	0.03
光谱线	0.03
房是甲	0.03
阿尔茨	0.03
凯尔·皮尔森	0.03
托希若	0.03
丹顶鹤	0.03
飞禽走兽	0.03
楹	0.03
样张	0.03
凯勒·凯斯特	0.03
斯坦利·普	0.03
杰非	0.03
兰镇	0.03
莱里	0.03
璐璐	0.03
斯巴克	0.03
明枪暗箭	0.03
麦贝琪比他	0.03
特丽爱斯	0.03
韦斯利·金	0.03
阿基里德	0.03
詹娜	0.03
那剑圣	0.03
一千两百三十亿	0.03
卡尔门	0.03
凯利根	0.03
圣巴茨	0.03
贝斯达	0.03
芦川光明	0.03
李万德	0.03
盖罗德	0.03
曲高和寡	0.03
笔记簿	0.03
量程	0.03
布雷格堡	0.03
劳瑞来	0.03
按扣	0.03
帕丽	0.03
斯莫尔尼	0.03
藐	0.03
龙慕雄	0.03
爱云奇利斯夫	0.03
舒乐	0.03
一溜儿	0.03
建超	0.03
矽	0.03
科来沃	0.03
埃克普	0.03
一一分	0.03
初速	0.03
从宙焕	0.03
莫林·德斯	0.03
猢狲	0.03
华山	0.03
冈野健夫	0.03
华屋	0.03
泰利蒙	0.03
长得	0.03
圣奥古斯	0.03
但列尼	0.03
平斯	0.03
斯蒂尔金	0.03
阿妹	0.03
戴安德尔	0.03
牙冠	0.03
卡怀特	0.03
阿妈	0.03
杰尼格	0.03
那罗宾汉	0.03
采伐	0.03
宋贤珠	0.03
伊文斯顿	0.03
板锯	0.03
哈达萨	0.03
峻岭	0.03
马文道夫	0.03
冷寂	0.03
克丽斯·马西森	0.03
冷宫	0.03
乔治·阿姆斯	0.03
诺瓦切克	0.03
阿奇巴尔德·维奇提	0.03
阿尔西特	0.03
唐·胡安·乌比拉	0.03
磁能	0.03
克莱丽娜	0.03
丹尼他	0.03
七十七	0.03
拉科特·姆拉迪奇	0.03
沃尔夫拉姆·冯·里希特霍芬	0.03
乌兹别克	0.03
勞	0.03
查理·奥登	0.03
七十两	0.03
荣太	0.03
七十九	0.03
加利弗尼亚	0.03
圣莫丽斯	0.03
切尼不得	0.03
路捷	0.03
纽杰	0.03
纳尚	0.03
东莫村	0.03
十一点四十	0.03
神位	0.03
采买	0.03
卡皮卡皮	0.03
艾昆	0.03
宫友	0.03
洛宾汉	0.03
麦克·斯图	0.03
宾汉姆比	0.03
特格	0.03
媒质	0.03
西蒙·帕特	0.03
切夫·瓦胡·麦克丹尼尔	0.03
三周	0.03
谷城	0.03
克帕斯	0.03
布洛斯基	0.03
赫奇森	0.03
钱全花	0.03
加尔菲尔德	0.03
赭色	0.03
和鲍勃	0.03
切夫	0.03
李星朴	0.03
乌龙	0.03
水俞里	0.03
库申尼科夫	0.03
汤那	0.03
铁比金	0.03
金嘉云	0.03
摩奇	0.03
赛诺弗莱克斯里	0.03
阿虎真	0.03
比利·阿维里	0.03
北行	0.03
蒙蒂普尔	0.03
快运	0.03
谷地	0.03
马撒詹森	0.03
务卿	0.03
戈巴契夫	0.03
艾莉安·赛德雷克	0.03
吉冈也	0.03
云际里	0.03
哈里斯·亚	0.03
切妮	0.03
比尔·斯伯丁	0.03
论说文	0.03
银驹	0.03
普拉迪亚·欧提兹	0.03
萨利·安·米德尔顿	0.03
数千亿	0.03
皮花	0.03
陈冲	0.03
遍地开花	0.03
贝基·罗伯茨	0.03
陶伯帮	0.03
函购	0.03
墓坑	0.03
全厂	0.03
阿勃度	0.03
威廉·巴特姆	0.03
帕默尔刚	0.03
马林迪	0.03
莎拉·利安得	0.03
蒙福	0.03
高肯尼	0.03
马吉萨	0.03
艾琳达	0.03
犯罪感	0.03
弗朗西斯·威尔德	0.03
残毒	0.03
阿伦敦	0.03
戴克尔	0.03
法沃	0.03
第聂伯河	0.03
维尔德帕克	0.03
塔里克·杰克森	0.03
贝克纳	0.03
玛利亚·阿斯特维兹	0.03
航空界	0.03
彼德达林	0.03
格·哈里斯	0.03
圣罗依斯	0.03
让斯巴达	0.03
玛丽·托德·林肯	0.03
正殿	0.03
朴贞希	0.03
瓦尔瓦西亚	0.03
鞣	0.03
海迪·德利	0.03
收揽	0.03
心腹之患	0.03
杰克逊霍尔	0.03
海棠	0.03
伯尔山口	0.03
全党	0.03
海棉	0.03
韩语	0.03
拉曼特瑞	0.03
夏延语	0.03
汤姆·威廉姆斯	0.03
比利戴维森	0.03
阿洛斯	0.03
小彭妮	0.03
别开生面	0.03
咋咋呼呼	0.03
成千百万	0.03
李查·基尔	0.03
莉丽长	0.03
温达真	0.03
加特勒	0.03
巧语猛	0.03
导航台	0.03
火之谷	0.03
格兰斯沃	0.03
奥辛威斯	0.03
特比	0.03
彼得赫	0.03
奇特的奇	0.03
南极光	0.03
戴维·约瑟夫·马内博	0.03
加拉帕格斯	0.03
芭比城	0.03
阿察什维罗什	0.03
沈城	0.03
戴利市	0.03
戈顿	0.03
惊悸	0.03
萨克拉门托的舍伍德	0.03
让丹尼斯	0.03
哈里·杜鲁门	0.03
乔依时	0.03
曾在藩	0.03
北谷	0.03
游思福	0.03
主谓	0.03
原诗中	0.03
克拉斯顿	0.03
交通车	0.03
翠花	0.03
路齐平	0.03
英方	0.03
朴常秀	0.03
戴安·布鲁姆	0.03
近现代史	0.03
霍莉·戈莱特利	0.03
乌瑟拉	0.03
科瓦迪	0.03
阿得勒	0.03
丹尼尔·贝克	0.03
古德里奇	0.03
提戈	0.03
歌玛	0.03
韦恩·多尔南	0.03
贝西·罗斯	0.03
泰潘	0.03
特鲁迪·范·乌登	0.03
绝响	0.03
逮捕权	0.03
约翰·德雷克	0.03
海渊	0.03
爱德华·罗伦兹	0.03
吴路毕	0.03
易水	0.03
良性瘤	0.03
峦	0.03
詹姆斯·汀	0.03
詹姆士伟士佛	0.03
莱德维特	0.03
垂柳	0.03
凯勒·特林顿	0.03
莫玲	0.03
海涅	0.03
莎拉才	0.03
拉琴	0.03
海涛	0.03
俊满	0.03
泰沙	0.03
比斯蒂芬	0.03
神佑之	0.03
南极区	0.03
玛塞勒	0.03
蒙克里夫	0.03
塞勒斯·威尔金森	0.03
乌普斯	0.03
吉姆欧斯	0.03
海洛	0.03
瓦内萨·万德贝克	0.03
凯西娅	0.03
鲍伯霍	0.03
费恩斯坦	0.03
罗拉·昆西	0.03
一批批	0.03
一抓抓	0.03
拉瓦	0.03
泰淑	0.03
古德菲尔德	0.03
拉不拉	0.03
鈎	0.03
海沃	0.03
工效	0.03
菲尔·斯通	0.03
书亚之	0.03
施维德斯	0.03
郎义光	0.03
巴尼凯迪拉克	0.03
施圭乐	0.03
邦·阿	0.03
布儿	0.03
马提诺夫	0.03
古斯汀	0.03
艾儿刚	0.03
隶	0.03
金孝善	0.03
劳斯莱	0.03
怯阵	0.03
御赐	0.03
卢尔西亚	0.03
郭明地	0.03
摩帕	0.03
英来	0.03
大卫·约翰逊	0.03
布真	0.03
手工业	0.03
謂	0.03
芙薇	0.03
泰拳	0.03
哈马德	0.03
查理·切斯特	0.03
迪安提	0.03
蒂姆布克图	0.03
布市	0.03
塞斯莫尔	0.03
泰德·摩尔	0.03
梵蒂	0.03
马文吉尔	0.03
和约瑟芬	0.03
平克佛洛伊德	0.03
帕尔森	0.03
莱法第	0.03
安东里尼	0.03
卡罗斯·德	0.03
吴恩实	0.03
菲利普·迪克	0.03
艾得耐	0.03
汉布瑞	0.03
亨利·克雷格	0.03
雷蒙德·波特	0.03
沙吉奴会	0.03
名目繁多	0.03
露妮·基特里奇	0.03
克拉丽丝	0.03
必泽	0.03
马蒂他	0.03
威廉华勒士	0.03
香薰	0.03
苗家	0.03
震感	0.03
第一百五十七	0.03
威廉莎士比亚	0.03
那瓦尔纳	0.03
朱利安·摩尔	0.03
莱拉·贝拉	0.03
清人	0.03
響	0.03
南飞	0.03
维思通	0.03
维奥莱特·伯里格	0.03
比重计	0.03
克沃基恩	0.03
昌隆	0.03
工段	0.03
汤姆·塞勒克	0.03
红岸	0.03
钢瓶	0.03
清丽	0.03
德库拉	0.03
桑尼·里斯顿	0.03
卡登姆	0.03
小凯尔	0.03
米奥兹因斯基	0.03
迪里奥	0.03
比华利	0.03
蛇根草	0.03
拼写法	0.03
厄尔文·迈克格雷	0.03
哈里·波洛特	0.03
朗丘	0.03
德布斯切尔	0.03
别尼芙	0.03
赫菲斯	0.03
伯尼斯	0.03
毛真	0.03
科尼利厄斯·奥拉斯科	0.03
三百二十	0.03
小白菜	0.03
拉磨	0.03
信手	0.03
斯皮尔博格	0.03
提尔堡	0.03
洁米玛	0.03
电影机	0.03
安德	0.03
斯蒂芬霍金	0.03
铕	0.03
阿里安	0.03
乌格哈文里	0.03
佛罗依德	0.03
萨格迪耶夫	0.03
埃莉诺·菲·巴托斯基	0.03
红布	0.03
北菲	0.03
四面体	0.03
里诺城	0.03
瑞克·撒	0.03
艾美会	0.03
雷蒙德·洛克威尔	0.03
达里欧	0.03
美玉	0.03
拉科	0.03
常会聚	0.03
万隆	0.03
剑牙	0.03
玛格丽特·撒切尔	0.03
杰·雷诺	0.03
林高·斯塔尔	0.03
普罗温斯敦	0.03
巴里切罗	0.03
河网	0.03
在革	0.03
潘萨	0.03
德士波特	0.03
伍正禧	0.03
肯塞德·安	0.03
珍妮都忙	0.03
综观	0.03
金银花	0.03
贝奥武甫雄武	0.03
吉斯多	0.03
亨利比米克	0.03
山齐士	0.03
汉娜·盖托曼	0.03
罗斯·达·西尔瓦	0.03
比奇洛	0.03
四五百万	0.03
艾卡艾娜	0.03
温达确	0.03
克贝尔	0.03
残敌	0.03
爿	0.03
比尔史金利	0.03
斯文桑斯	0.03
叶来我	0.03
泰昆	0.03
拉特兰	0.03
崔仲男	0.03
卢卡斯·杜邦	0.03
合围	0.03
卡梅隆来	0.03
马内博	0.03
三千八百二十一	0.03
达智阿那罗马	0.03
拉沙列兹	0.03
李佑赫	0.03
飞沙走石	0.03
泰柏	0.03
卡林顿	0.03
微型车	0.03
小卡尔	0.03
雷·利奥塔	0.03
比利·鲍勃·桑顿	0.03
赛德·查理斯	0.03
慰唁	0.03
山科	0.03
楚斯基	0.03
别望来	0.03
克里斯托夫·哈特	0.03
塞萨利王	0.03
吉姆他	0.03
玛丽·哈特	0.03
瑞奇·马汀	0.03
狗狗真	0.03
好大喜功	0.03
张飞	0.03
艾什莉辛普森	0.03
布宁	0.03
石溪栋	0.03
坎帕尼亚	0.03
其普诺顿	0.03
特里·布拉德	0.03
丹尼尔·阿瓦雷兹	0.03
全心	0.03
切块	0.03
系谱	0.03
滨河	0.03
翻斗车	0.03
樘	0.03
泛音	0.03
纺纱机	0.03
内阁总理	0.03
摩城	0.03
卡瑟琳南的韦伯斯特	0.03
詹姆斯·柯	0.03
开庆生	0.03
荞	0.03
亨塞尔	0.03
布堡	0.03
玛帝斯	0.03
成人节	0.03
塞斯摩尔	0.03
桑福德·莱尔	0.03
朱利叶斯·罗森堡	0.03
侄女婿	0.03
鲁本·德·拉·罗萨	0.03
哈兰德	0.03
朱利安·威尔逊	0.03
巧匠	0.03
卡米尔·阿勃第	0.03
鲍勃·诺德	0.03
校运会	0.03
缺医少药	0.03
提尔尼	0.03
保罗·伍德曼	0.03
玛莉金	0.03
沃尔特·佩特	0.03
免验	0.03
罗曼斯特	0.03
王国正	0.03
蒙哥马利郡	0.03
火泉	0.03
朱利欧·伊格雷西亚斯	0.03
簇簇	0.03
参观票	0.03
卨	0.03
努纳瓦特	0.03
诺娃斯基	0.03
沃斯堡	0.03
宫川	0.03
银铃	0.03
卡士达	0.03
理查尼克森	0.03
里·马林尼	0.03
称帝	0.03
博斯利里	0.03
真有才	0.03
造林	0.03
实非	0.03
唐娜玛丽亚塔皮亚	0.03
黑棋	0.03
布兰斯科	0.03
门西尼	0.03
韦德·史密斯	0.03
专版	0.03
但维克	0.03
锡达拉皮兹的亚瑟·赫金斯	0.03
东向西	0.03
潘顿	0.03
勉力	0.03
瓦德	0.03
朗吉	0.03
奈克	0.03
艾米·梅尔	0.03
漕	0.03
比尔·杰克逊	0.03
曼米欧干	0.03
出错率	0.03
皮斯托尔	0.03
迈克哈尔	0.03
赫梅特	0.03
乔恩·阿布库	0.03
史官	0.03
佛基尼亚	0.03
史宾	0.03
向维伦	0.03
脂肪酶	0.03
克莉奥帕特	0.03
沼气池	0.03
特德·丹松	0.03
西柏利亚	0.03
那史陶	0.03
强尼·沃恩	0.03
石质	0.03
伟斯伯	0.03
万豪	0.03
削发	0.03
马修·菲德里克·莫里斯	0.03
瑞吉尔	0.03
台座	0.03
凯鲁亚克	0.03
爱非	0.03
罗马耶	0.03
玛西莫·卡那尔	0.03
哈利·詹姆·波特	0.03
约翰吉尔古德	0.03
拉希德·萨利米	0.03
罗尼·桑普森	0.03
波特儿	0.03
那赫德森	0.03
江江	0.03
杰瑞吉斯	0.03
马慕德·阿麦德	0.03
本杰明森	0.03
朗基奴斯	0.03
阿德雷德市	0.03
杰冲我	0.03
灯油	0.03
佩里·蒙塔格·梅森	0.03
多美尼加	0.03
玉簪	0.03
满山遍野	0.03
比查尔斯·洛根	0.03
拉特伯	0.03
伊森霍克	0.03
阿拉阿	0.03
浩江	0.03
杰里迈亚·伯吉斯	0.03
山姆干	0.03
蹓	0.03
霍里肖	0.03
瓦工	0.03
迪米特·奥斯特罗	0.03
沃特·厄普斯	0.03
琼安生	0.03
津子	0.03
欧韩珠	0.03
范加勒派	0.03
波莫纳市	0.03
泰科	0.03
普瑞纳	0.03
伍德罗·威尔逊	0.03
葛斯卡	0.03
卡伯瓦玛格丽塔	0.03
火炭	0.03
贝森多	0.03
哈提斯堡	0.03
王国真	0.03
克瑞斯塔·科帕斯基	0.03
虎威	0.03
季崇	0.03
雷波特	0.03
郑瑞敬	0.03
樑	0.03
深绿	0.03
阿尔蒂尔·兰波	0.03
兰玛达	0.03
奥皮迪奥	0.03
导轨	0.03
银装	0.03
莎伦·多布斯	0.03
拉契谢城	0.03
露西莫德	0.03
和秀铉	0.03
奈利	0.03
米尼提	0.03
伯特朗	0.03
黏度	0.03
白砂糖	0.03
勒·洛斯顿	0.03
乌诺	0.03
骟	0.03
侨胞	0.03
杰克·斯诺	0.03
叶门	0.03
阿美利加	0.03
吉拉·弗莱茨	0.03
伯西比	0.03
巴尤那	0.03
华特·斯派洛	0.03
杜鲁斯	0.03
而蕾	0.03
铥	0.03
堂娜·伯顿	0.03
布赖恩·赖利	0.03
巴塞罗纳	0.03
米兰达·库尔普	0.03
瓦宾	0.03
居乔治亚	0.03
约翰·格里逊	0.03
上账	0.03
火眼	0.03
西斯科·彼萨罗	0.03
卡利斯托	0.03
斯拉维	0.03
史麦戈照	0.03
歌戈	0.03
微电脑	0.03
龙帝之	0.03
塔科狗	0.03
黑忽忽	0.03
赫克里斯	0.03
杰夫·里格	0.03
吉柯德	0.03
廉价部	0.03
剑沉	0.03
玛丽·斯莱斯特	0.03
罗尼·贝克莱	0.03
卫道	0.03
爱莫莱	0.03
拉杂	0.03
蛋彩画	0.03
清助	0.03
圣·瑞吉斯	0.03
任一方	0.03
蝴蝶斑	0.03
北野	0.03
虎将	0.03
凯利刚	0.03
欧帕·伦帕	0.03
华勒斯	0.03
福沃斯	0.03
朗克	0.03
大静脉	0.03
让贝斯	0.03
伊迪·埃森丝	0.03
阿拉帕霍湖	0.03
育智	0.03
蒙特雷杰克	0.03
玉希苏	0.03
静雅	0.03
北麓	0.03
伊莲·古黛尔	0.03
玛劳瑞	0.03
疆界	0.03
莫法因	0.03
汉普斯特	0.03
基范	0.03
厄弗因	0.03
索菲·绍尔	0.03
丹尼欧布里恩	0.03
塔·拉布西尼	0.03
法兰尼	0.03
火生	0.03
姆基瓦	0.03
考察团	0.03
马蒂兹	0.03
艾比·威敏斯特	0.03
菲茨邦	0.03
斯多吉	0.03
特维	0.03
摩伦	0.03
人造棉	0.03
考尔德伍德	0.03
泰恩布鲁	0.03
唐弄来	0.03
在超	0.03
迟滞	0.03
邸第	0.03
维苏维	0.03
玛德琳娜	0.03
虎年	0.03
约西亚生	0.03
烟柱	0.03
厄纳	0.03
切丁	0.03
警语	0.03
史尼	0.03
切丽	0.03
迪侯	0.03
亚当·肯辛顿	0.03
谢默斯麦佛莱	0.03
朱丽斯凯萨	0.03
鉴别力	0.03
散货	0.03
维亚纳	0.03
恥	0.03
诨	0.03
蒂夫尼	0.03
小蒂米	0.03
道格拉斯·坦姆林	0.03
平衡杆	0.03
克里洛	0.03
万选之	0.03
黄汤里	0.03
专稿	0.03
马诺罗·布兰科	0.03
佩金斯	0.03
春满宽	0.03
奈凯琳	0.03
诺弗莱克斯	0.03
瓦块	0.03
海珍	0.03
海珊	0.03
衣裙	0.03
金德英	0.03
班布	0.03
西尔维娅·阿维拉	0.03
弗兰克·吉福德	0.03
戈蒂	0.03
圣克罗伊	0.03
沃斯伯	0.03
雪阻	0.03
林奇·米莉	0.03
崔钟万	0.03
静修堂	0.03
强尼卡森	0.03
乔关进	0.03
莫逆之交	0.03
张超	0.03
但特德	0.03
防蛀	0.03
约稿	0.03
瓦城	0.03
费斯克	0.03
基础教育	0.03
塔斯肯	0.03
哈罗德·斯派克	0.03
沃斯亭	0.03
绍氏	0.03
烧心	0.03
克里汀	0.03
谈何容易	0.03
连海选	0.03
卡奈基	0.03
让安妮特	0.03
英秋	0.03
贝基来	0.03
圣佐治	0.03
工笔	0.03
军军	0.03
哈马丹	0.03
鲍里斯·卡洛夫	0.03
海因兹·林奇	0.03
边尼斯	0.03
吉姆·格朗丹	0.03
棶	0.03
比尔·维伯特	0.03
彼得·霍尔	0.03
李泰恩	0.03
南希·德鲁	0.03
东德鲍岑	0.03
鯁	0.03
罗马诺	0.03
吉冈哲	0.03
杰克·安德鲁斯	0.03
拉夫·普恩特	0.03
柯瑞坦·麦克丹尼尔	0.03
爱莎莎	0.03
丹尼尔·克里弗	0.03
高岭石	0.03
简·莱蒙	0.03
于青萍	0.03
阿里克斯·迪米	0.03
艾伯斯汀	0.03
英吉拉	0.03
源平	0.03
卫嘉	0.03
曼波乐	0.03
牙买卡	0.03
静马	0.03
春江	0.03
巴卡纳	0.03
伊安·克拉伯金	0.03
希乐莉	0.03
挥师	0.03
切卡西	0.03
贝克曼	0.03
映现	0.03
马邦秋	0.03
提米	0.03
考维特	0.03
卫利他	0.03
杰克罗宾森	0.03
德柯	0.03
欧芬斯坦	0.03
泰姆勃兰	0.03
罗根谷	0.03
韦斯特·罗森	0.03
观光团	0.03
卫城	0.03
银耳	0.03
让阿萨德	0.03
蝉翼	0.03
休伯特·施特劳斯	0.03
谢帕诺	0.03
交通量	0.03
荷塔	0.03
史戴茜	0.03
查尔顿赫斯顿	0.03
法兰兹	0.03
贝克柏	0.03
奈威	0.03
维尔纳	0.03
胡基	0.03
菲特纳	0.03
凯琛	0.03
李锦记	0.03
那彼得森	0.03
汉弗莱马	0.03
贝尼亚米诺	0.03
勒德洛	0.03
剑斗	0.03
狄武	0.03
塔智阿	0.03
大卫·林奇	0.03
竹芝	0.03
格里林	0.03
塞凡提斯	0.03
李泰星	0.03
亚瑟·杰森	0.03
凯莫尔	0.03
乌莉	0.03
让格伦	0.03
汉克·艾美思	0.03
图维	0.03
各色人等	0.03
法理学	0.03
剑放	0.03
向剑	0.03
马克斯·洛马克斯	0.03
而超	0.03
帕特利科	0.03
郑在荣	0.03
库蒂亚	0.03
科科·多明戈斯	0.03
客流	0.03
你追我赶	0.03
海真	0.03
路易斯堡	0.03
巴特利萨	0.03
亚历山大的鲍特萨	0.03
依山傍水	0.03
周一会	0.03
手球场	0.03
上蕾	0.03
过天域	0.03
朱蒂·尼西	0.03
帕尔米	0.03
宗克来	0.03
布莱森·布鲁克	0.03
特瓦纳	0.03
卡尔斯霍尔斯	0.03
费洛伊德	0.03
姃	0.03
二亿四千七百万	0.03
大卫科普	0.03
法兰基	0.03
埃里克·吉里兰	0.03
史嘉	0.03
柔真	0.03
斯贵吉	0.03
西奥多·霍华德·邦奇	0.03
瓦加	0.03
唛	0.03
德林	0.03
多迪·费亚	0.03
罗马利亚	0.03
竹茅	0.03
玛比尼奥	0.03
伊斯马	0.03
弗兰克·卡普拉	0.03
绍森	0.03
奈尔	0.03
肯塔奇	0.03
拉雷尔	0.03
孝希	0.03
杂牌军	0.03
卡迪纳斯	0.03
奥拉若	0.03
安纳伯格	0.03
巴特里克	0.03
乔沃尔	0.03
马林逊	0.03
厄科尔	0.03
瓦兹	0.03
斯考特·马迪尼	0.03
十七万五仟	0.03
那凯莎	0.03
北雷	0.03
剑柄	0.03
瓦克	0.03
小卡佛	0.03
威尔顿·马歇尔	0.03
垆	0.03
卡里萨山	0.03
比尔兹利当	0.03
马蒂奥	0.03
烧塌	0.03
凯文·贝克	0.03
北陆	0.03
登山鞋	0.03
罗赛尔	0.03
多诺汉	0.03
寂寂	0.03
弗兰克·卡斯	0.03
在薇	0.03
铁矿石	0.03
邓波尔	0.03
皮斯利	0.03
曼多西诺	0.03
科依利·科登诺斯基	0.03
戴维·莫里森	0.03
二万七千	0.03
玉照	0.03
史奴比·道格·希弗	0.03
蒙戈马瑞克利夫	0.03
史吉	0.03
卡尔伯特	0.03
李昌秀	0.03
肯琼森	0.03
哈米什	0.03
摩佳道斯	0.03
弗兰克·纳克尔斯	0.03
汤达	0.03
等距	0.03
肖和桑	0.03
河泥	0.03
李顺臣	0.03
外族人	0.03
凯斯·切格文	0.03
威登巴赫	0.03
河沿	0.03
阿哈伯	0.03
朴玉顺	0.03
凯利来	0.03
沃德·亨特	0.03
龕	0.03
胡安·特里普	0.03
拄杖	0.03
延申	0.03
多莉斯	0.03
李绮勋	0.03
江夏丰	0.03
炳武真	0.03
塔兰图	0.03
强尼·彼特罗	0.03
绝然	0.03
导航灯	0.03
亚卡利湖	0.03
班布里奇	0.03
伊南生	0.03
西中佐中佐	0.03
清松	0.03
少奶奶	0.03
杰克·梅西	0.03
麦格鲁	0.03
西蒙·斯泰	0.03
回锡安	0.03
维拉德米亚·格拉芬诺	0.03
史派西·迈吉	0.03
克里吉	0.03
粘结	0.03
保罗罗德曼	0.03
古登博格	0.03
伊萨贝拉	0.03
斯特普尔	0.03
安妮莎利文	0.03
马特·约翰逊	0.03
等角	0.03
艾伯斯坦	0.03
成上百	0.03
哈里特·塔布曼	0.03
百鸟之王	0.03
班柯	0.03
奥斯卡秀	0.03
拉卡	0.03
李钟慧	0.03
马拉多纳	0.03
南风	0.03
蒙娜	0.03
烟具	0.03
金曲中	0.03
弗兰肯	0.03
绝热	0.03
小波比	0.03
兴利除弊	0.03
乔治·格什温	0.03
菲尔·希姆斯	0.03
丹妮尔刚	0.03
梅尔茨·冯·基尔海姆	0.03
索默塞城	0.03
航空器	0.03
索霍	0.03
格林维奇镇	0.03
凡罗恩	0.03
贝希尔	0.03
过正宇	0.03
白头鹰	0.03
弗兰茨	0.03
基恩·麦克劳夫伦	0.03
卡珀恩	0.03
温图拉	0.03
鬼笑	0.03
南希·里根	0.03
母虎	0.03
朴贞美	0.03
奥斯古菲尔丁	0.03
里奥格兰德	0.03
暗花	0.03
会少林	0.03
比尔·布利斯	0.03
镐头	0.03
川军	0.03
库尔特·范德盖特	0.03
埃沃·莫拉莱斯	0.03
谷拉恭	0.03
本·弗莱肯	0.03
反贪	0.03
安德鲁·布恩	0.03
乾雯	0.03
凡顿	0.03
住宿生	0.03
宝永	0.03
潘尼洛普	0.03
季洪	0.03
终夜	0.03
奇奇科鲁科	0.03
梅维斯邦	0.03
入市	0.03
偶人	0.03
艾玛·弗里泽	0.03
管钳子	0.03
卡曼费康尼	0.03
正向东	0.03
李敏圭	0.03
连龙	0.03
台江	0.03
二世会	0.03
马克斯威儿	0.03
沃利·维勒	0.03
因斯达克	0.03
比杰西多	0.03
多诺克	0.03
国债券	0.03
吉巴娜	0.03
艾瑞娜	0.03
盖拉格	0.03
爱德华特	0.03
田螺	0.03
佩尼克	0.03
泰德·桑德斯	0.03
杰萨普	0.03
产业工人	0.03
莫雷诺	0.03
小莎乐美	0.03
小凯特	0.03
班戈	0.03
蒙弟	0.03
安纳·琼斯	0.03
美智子	0.03
吉米乔治	0.03
菲尔·塔克	0.03
伍德豪斯	0.03
布莱恩·劳	0.03
郡骏	0.03
卫东路	0.03
五十六又三分之一	0.03
雨儿	0.03
高伦雅芙	0.03
迎新	0.03
马里奥·安德雷	0.03
砾	0.03
多夫钱科	0.03
基丰能	0.03
金璧	0.03
康迈里	0.03
麦丽素	0.03
提姆·戴根	0.03
弗里德里希·弗洛姆	0.03
威廉沙特	0.03
艺坛	0.03
纯音	0.03
巴柏伍	0.03
布佛里尼	0.03
伊欧蒙德	0.03
捯	0.03
切罗	0.03
斯镇	0.03
艾米莉·查尔顿	0.03
贝克威	0.03
正如亚	0.03
终局	0.03
艺品	0.03
百分之八五十	0.03
道格·斯庞德	0.03
安娜苏	0.03
南智贤	0.03
科奈普	0.03
斯锐	0.03
标语牌	0.03
英曼正	0.03
拜别	0.03
认知科学	0.03
布里吉塔	0.03
芳汀	0.03
艺员	0.03
头车恩贞	0.03
克拉丽思	0.03
俊一	0.03
德里克·三德森	0.03
麦克泰森	0.03
珍妮弗·杰克逊	0.03
哈利库	0.03
格拉摩根	0.03
蒙哥墨利	0.03
乔治·迈克	0.03
向洋红	0.03
曼波王	0.03
通古斯	0.03
王石路	0.03
让玛格	0.03
擭	0.03
阿奇·莫尔	0.03
裹进	0.03
莎拉佩林	0.03
爱因庭	0.03
路瑟·葛雷	0.03
山岩	0.03
让贝基	0.03
达之弟	0.03
但维曼	0.03
辛贝德	0.03
南仁树	0.03
马里那·阿维丁	0.03
聂鲁达	0.03
哈沃福德	0.03
波特杰	0.03
红狗	0.03
红狐	0.03
蒙尼	0.03
史波	0.03
襄助	0.03
戴夫·沃尔夫	0.03
嗌	0.03
威廉·安洛斯	0.03
加思奥尔加	0.03
浩太	0.03
南麓	0.03
康特拉科斯塔	0.03
阿玛丽亚	0.03
拉西亚的爱德华	0.03
现士	0.03
果珍粉	0.03
吉娜·雷德里	0.03
马克思·科莱曼	0.03
刀斧手	0.03
射精管	0.03
柏瑞邦	0.03
纳兹福德	0.03
艾伦·威尔逊	0.03
保罗麦卡特尼	0.03
阿德瑞·瑞恩斯	0.03
歌庄	0.03
洪胜	0.03
季星	0.03
明成高	0.03
诺克斯特	0.03
杰弗逊·凯伊	0.03
麦克格罗	0.03
罗塞蒂	0.03
健美裤	0.03
卢道福	0.03
戈弗雷	0.03
一张艳照	0.03
法德里克	0.03
卡莫洛	0.03
马科福林	0.03
东莞	0.03
闻闻树	0.03
连铉	0.03
麦克纳马拉	0.03
拉哈	0.03
艾迪付	0.03
本季超	0.03
布纳	0.03
向明	0.03
鲍德山	0.03
紫晶珠	0.03
冤仇	0.03
奈森	0.03
一群飚	0.03
克里尼	0.03
捷姆他	0.03
朱伯曼	0.03
拉子	0.03
吴承贤	0.03
八点十五	0.03
但马尔科姆	0.03
赫特·格林	0.03
上万百	0.03
东航	0.03
杭成辉	0.03
江城	0.03
保罗·约瑟夫·戈培尔	0.03
摔打	0.03
契克托	0.03
桑尼亚	0.03
罗伯特·弗莱斯科	0.03
積	0.03
法方	0.03
斯波凯市	0.03
不得劲	0.03
奈格	0.03
大兴土木	0.03
福米加	0.03
睿	0.03
康宗泰	0.03
查理·哈伯	0.03
查克·约翰逊	0.03
罗宾逊封盖约翰逊	0.03
但兰斯	0.03
特·卡内菲克	0.03
特伦	0.03
莫杜拉	0.03
贝比·鲁夫	0.03
瑞扎尔	0.03
三万三千	0.03
鱼鼓	0.03
班氏	0.03
厄特冈	0.03
蚁巢	0.03
伯蒂刚	0.03
瓦文	0.03
葛才士	0.03
郑九昌	0.03
淚	0.03
一世真	0.03
摩提斯	0.03
赛亚里	0.03
孙晶宇	0.03
阿波麦托克斯	0.03
河塘	0.03
郑日成	0.03
莫雷蒂	0.03
马章俊	0.03
版本号	0.03
艾赛克斯的萨森德	0.03
苏·霍奇	0.03
躬逢其盛	0.03
拉特万斯基	0.03
南禅寺	0.03
向斐	0.03
歌特·里夫斯	0.03
赛达	0.03
寿卡沃	0.03
唐纳德·普莱森斯	0.03
红绸	0.03
儿非	0.03
哈得斯佩斯	0.03
马纳古莫	0.03
军控	0.03
全福	0.03
高斗邦	0.03
金贞耀	0.03
切特·克罗格	0.03
安纳佛	0.03
准谱	0.03
英君有同	0.03
约翰·伯特	0.03
克劳斯·巴克曼	0.03
和埃尔维斯	0.03
田边	0.03
谐调	0.03
但布鲁斯	0.03
蒙城	0.03
萨莎·基恩	0.03
罗伯特生	0.03
真灼人	0.03
卡西奇·帕尔马斯	0.03
阿斯佩拉格斯	0.03
航模	0.03
猜约瑟夫	0.03
艾索尔·摩曼	0.03
脱稿	0.03
彼得同城	0.03
中原区	0.03
摩德尔	0.03
阅卷	0.03
雷盖乐	0.03
格哈德	0.03
工交	0.03
墨查德	0.03
亚加薇	0.03
斯龙	0.03
卡蒂那斯	0.03
苴	0.03
一百分之一	0.03
沙查姆	0.03
江华	0.03
约阿基姆	0.03
汇款单	0.03
多明格拉斯	0.03
氟里昂	0.03
瓦戈	0.03
谷的斯巴鲁	0.03
閻	0.03
木板床	0.03
迈克罗纳	0.03
伊拉斯提斯·富罗	0.03
灯台	0.03
珍妮佛凯莉	0.03
艾萨山	0.03
莎拉·辛	0.03
杰克·安格	0.03
红磷	0.03
凯文留	0.03
亚利马	0.03
贾尔斯	0.03
清水洋一	0.03
曼努埃尔·德·奥里维拉	0.03
歌子	0.03
功利性	0.03
鼻癌	0.03
水杨	0.03
汤姆汤姆	0.03
洛克乔镇	0.03
让高德博格	0.03
于公元	0.03
鲁钝	0.03
婆媳	0.03
切斯·柯林斯	0.03
吉姆·普里杜	0.03
迈肯	0.03
瓦拉	0.03
避孕片	0.03
比克蒙	0.03
耶茨	0.03
狄奇	0.03
拉尔	0.03
朴杨苏	0.03
鲁非	0.03
凯特·斯宾塞	0.03
杰夫·瓦拉格	0.03
达尔马特	0.03
達	0.03
龙胆紫	0.03
玛丽·康明斯	0.03
拌匀	0.03
因斯布鲁克	0.03
拘留证	0.03
斯塔基	0.03
称羡	0.03
汉斯·克里斯蒂昂·安徒生	0.03
廿八万四千六百	0.03
马勒古	0.03
莫宁塞	0.03
乌龙球	0.03
合璧	0.03
锛子	0.03
贝克勒	0.03
野田毅	0.03
机器人学	0.03
汉米敦	0.03
弗罗伊德	0.03
德雷曼第	0.03
来福叔	0.03
铼	0.03
吉蒂·费恩	0.03
波导	0.03
圣鲁普	0.03
接办	0.03
戏曲	0.03
达瑟斯	0.03
蒙哄	0.03
一具具	0.03
海内外	0.03
他弗雷迪	0.03
三万一	0.03
三万两	0.03
田镇高	0.03
玫瑰露	0.03
耶苏	0.03
清样	0.03
贝丝·沃斯	0.03
哈姆斯德	0.03
吃哑巴亏	0.03
米歇尔·菲佛	0.03
人造丝	0.03
纯色	0.03
珍妮弗·洛芙	0.03
厄姆	0.03
但摩西	0.03
埃伯特·罗伯森	0.03
切妮·胡德森	0.03
瓦罗	0.03
工分	0.03
谷林	0.03
普里姆	0.03
游莲美	0.03
萨沃纳罗拉	0.03
台网	0.03
格雷迪·里特尔	0.03
赤子情	0.03
过新城	0.03
丹尼斯·菲利皮	0.03
罗伯特·普林斯	0.03
甚者	0.03
王国和	0.03
团练	0.03
克斯特	0.03
火印	0.03
马洛夫	0.03
鲍勃·西蒙斯	0.03
三万八	0.03
象富	0.03
露西恩	0.03
计划生育委员会	0.03
比克顿	0.03
艾柏能	0.03
范德比尔特	0.03
巴巴拉·斯坦威克	0.03
马蒂·福克斯	0.03
委任书	0.03
特多	0.03
大卫·多诺万	0.03
伍斯特马	0.03
安娜尼热	0.03
艾迪三	0.03
伊莎贝尔·赫波特	0.03
居大熊	0.03
唐德·乔纳森	0.03
宋康昊	0.03
艾滋才	0.03
海娜	0.03
雪兰思定	0.03
俞日奈	0.03
伊奈莎·卡巴列夫斯基	0.03
玉律	0.03
斯坦利·洪贝克	0.03
洛尼·科滕鲍姆	0.03
特委	0.03
罗勃丝	0.03
娜塔莉·波特曼	0.03
图拉姆	0.03
玉山	0.03
允雅	0.03
秋雨	0.03
购买欲	0.03
寒蝉	0.03
割麦	0.03
读者部	0.03
瑟斯肯斯	0.03
坎普·弗兰克	0.03
泰塔	0.03
朴忠培	0.03
克瑞宁格的克瑞	0.03
丰谷	0.03
唐·阿玛多	0.03
蒙得维的亚	0.03
反托拉斯法	0.03
史班兰特	0.03
凯莉·克莱森	0.03
玛丽可都	0.03
爱杰利	0.03
约翰·迪恩	0.03
米雷勒	0.03
四三点	0.03
海士	0.03
八点二十五	0.03
海部	0.03
斯耐	0.03
连轴	0.03
泰奇	0.03
玛莉亚高	0.03
黑盟	0.03
柯林特·伊丝伍德	0.03
奥马苏勒斯	0.03
加莱特·奥德	0.03
工农	0.03
李泰久	0.03
麦克那提	0.03
麦克·索波塔	0.03
终久	0.03
提单	0.03
法兰多拉	0.03
张大点	0.03
汉兰达	0.03
皮雅	0.03
当地化	0.03
五十亿零五十三	0.03
高度表	0.03
露斯·马莉	0.03
厄巴	0.03
皮雷	0.03
喜人	0.03
比威利	0.03
福尔摩斯查	0.03
索贝尔	0.03
百分之三百	0.03
华兰来	0.03
德怀特·艾森豪威尔	0.03
克里斯狄昂	0.03
温尼波沙奇	0.03
皮陈	0.03
让格林	0.03
戴夫·艾格斯	0.03
孝真	0.03
盖世之	0.03
不甚了了	0.03
买客	0.03
和星洪	0.03
查理·埃萨克森	0.03
麦克尔·贝克	0.03
颉	0.03
麦乌厄斯	0.03
所提	0.03
卡尔·格里森	0.03
连襟	0.03
老病号	0.03
蒙代	0.03
奎鲁	0.03
科斯莫	0.03
成瑞德	0.03
申义财	0.03
蒙东	0.03
鲍比才	0.03
帕斯马克	0.03
郑俊浩	0.03
索伦森	0.03
杜拉克的兰巴迪	0.03
答礼	0.03
爱泼斯坦	0.03
儃	0.03
福兰森	0.03
迪伯斯	0.03
维特里	0.03
迪安布	0.03
米尼列克	0.03
路易萨	0.03
奥黛丽比	0.03
泰伦斯·布切尔	0.03
军事家	0.03
罗谢尔·巴拉德	0.03
阿莱西亚	0.03
西向东	0.03
南日哥	0.03
布莱恩米汉	0.03
弗兰基·韦尔德	0.03
夹道	0.03
伊蒂丝·杜巴里	0.03
丰裕	0.03
杰瑞·布莱克海默	0.03
雅格布	0.03
梅森·汉姆林	0.03
詹姆斯·萨克斯顿	0.03
维佳斯	0.03
杏奈	0.03
尚加	0.03
卡纳	0.03
南迁	0.03
南汉河	0.03
加特林	0.03
筑路	0.03
扎克·马泽斯基	0.03
克·阿本	0.03
拉佛吉	0.03
塞缪尔·莱特	0.03
雷佛格	0.03
汤米·怀特	0.03
汉娜·莱奇	0.03
军统	0.03
正如平	0.03
布拉瑟斯	0.03
南达	0.03
直飞	0.03
斯库希·杜波蒂	0.03
强那森	0.03
美泰	0.03
阿拉贝斯特	0.03
斯塔什	0.03
小格蕾	0.03
比尔亚尼	0.03
洪帝栋	0.03
坎诺比	0.03
第五千	0.03
伏都术士	0.03
奴才相	0.03
剑举	0.03
安鹤燮	0.03
佩内洛普·克雷顿·沃	0.03
失音	0.03
预处理	0.03
托马斯·金凯德	0.03
霍比斯	0.03
二世子	0.03
金熙	0.03
伯特·雷诺兹	0.03
五十万亿	0.03
斯特奇斯	0.03
小波特	0.03
迈克尔·佩纳	0.03
转换开关	0.03
斯拉格伍德	0.03
玉器	0.03
班组	0.03
卡鲁塞斯	0.03
阿尔吉尔	0.03
海可	0.03
脉膊	0.03
费卡姆	0.03
马有权	0.03
阿伽利	0.03
航空信	0.03
阿里桑	0.03
陈案	0.03
残兵	0.03
波矛斯	0.03
路易西	0.03
麦克盖瑞	0.03
席地	0.03
京野	0.03
布列塔	0.03
吉莱恩	0.03
歌丽	0.03
名扬四海	0.03
宋恩智	0.03
海南	0.03
丹·波义耳	0.03
吉斯汗	0.03
法兰王	0.03
史特	0.03
李梦中	0.03
特兰	0.03
尼科莱特	0.03
犒	0.03
季真	0.03
鲁耶	0.03
瓜多湖	0.03
和超模	0.03
洁菊姐	0.03
摩恩	0.03
杰斯恩	0.03
俊光	0.03
帕尔多	0.03
召来	0.03
比里德尔	0.03
哈米森	0.03
金明浩	0.03
语气词	0.03
弗雷迪干	0.03
溪河镇	0.03
索贝克	0.03
驼色	0.03
瓦男	0.03
约翰会留	0.03
皮领	0.03
布汝	0.03
松郡	0.03
布汗	0.03
歌录	0.03
心脑血管	0.03
乾达	0.03
琴姐	0.03
德尔米尔	0.03
保罗·桑迪	0.03
皮塔干	0.03
皮特·惠特曼	0.03
切提	0.03
他沃恩	0.03
韩甫瑞	0.03
高岭土	0.03
何华州	0.03
喀拉克堡	0.03
海兽	0.03
甲霜灵	0.03
霍维尔	0.03
蒂姆·罗宾斯	0.03
悲喜剧	0.03
卡培拉	0.03
怀明顿	0.03
冇	0.03
巧曾	0.03
弗洛伦斯·斯通	0.03
查皮斯	0.03
尼尔·丹尼尔斯	0.03
提尼	0.03
麦考同基	0.03
提尔	0.03
特博	0.03
马弗斯	0.03
和蒂娜	0.03
泰允	0.03
丽莎·明娜利	0.03
麦克莱尔	0.03
迈雅	0.03
罗库斯·米希	0.03
卫斯理安	0.03
三国陆	0.03
东郭	0.03
纳威·隆巴顿	0.03
克里他	0.03
索贿	0.03
埃德加胡夫	0.03
耐震	0.03
史密德	0.03
文桥	0.03
奥蒂斯·堆	0.03
菲尔费克斯	0.03
卡布其诺加	0.03
佘莎娜	0.03
特命	0.03
心神不安	0.03
赛西丽娅	0.03
报章杂志	0.03
让克拉迪	0.03
尼基·巴恩斯	0.03
嬅	0.03
下年	0.03
乔许·哈奈特	0.03
诺曼·罗克韦尔	0.03
东进发	0.03
边熙成	0.03
布莱思比	0.03
倩姐	0.03
科罗斯	0.03
朴玉蕾	0.03
向珠	0.03
奎西	0.03
索诺	0.03
阿道夫·格林堡	0.03
业务费	0.03
指纹图	0.03
让丹尼尔	0.03
凯特丽奥娜	0.03
珍琴斯	0.03
摩特莫丝	0.03
红标	0.03
全潜	0.03
红树	0.03
巴德特	0.03
奥格尔索普	0.03
李威安	0.03
卡沃纳	0.03
沈清	0.03
保罗·弗格尔	0.03
南来北往	0.03
澡票	0.03
狗狗才艺	0.03
拉伯克	0.03
代表会	0.03
汉姆德	0.03
等长	0.03
巧思	0.03
筯	0.03
初高中	0.03
普西佛	0.03
奇斯理查	0.03
洪普斯	0.03
葛列特·霍尔	0.03
莱恩娜拉	0.03
玛卡莲娜	0.03
清福	0.03
烧碱	0.03
理查得·科林	0.03
伊迪·埃森斯	0.03
让贝丝	0.03
布根	0.03
埃利斯·勒夫	0.03
斯图狄欧市	0.03
迈德林	0.03
底泥	0.03
小甘博尔	0.03
琼·里弗斯	0.03
冯塞克	0.03
布德卡斯	0.03
宫泽	0.03
欧纳布特拉	0.03
希格诺山	0.03
繫	0.03
迪克·克拉克	0.03
全洁	0.03
宾士维力	0.03
沙拉拉	0.03
贾登之	0.03
利文沃斯	0.03
拉斯维加斯的柯林斯	0.03
拉波特	0.03
卡罗琳·彬莱格	0.03
裥	0.03
设计院	0.03
贝奈斯	0.03
艾德·阿斯纳	0.03
紫貂	0.03
直道	0.03
乳名	0.03
三十七万五千	0.03
尼科尔拉思伯根	0.03
斯坦达斯	0.03
强尼·德普	0.03
虹口	0.03
狞	0.03
但培根	0.03
一亿零一百万	0.03
吉姆·威尔逊	0.03
福勒才	0.03
咯吱吱	0.03
鬼灵军	0.03
红键	0.03
马基雅维里	0.03
哈吉斯	0.03
金利克	0.03
清洌	0.03
强尼·罗塞利	0.03
布雅	0.03
明信中	0.03
卡内基·梅隆	0.03
灾荒	0.03
娜塔莉·科特斯	0.03
赛卡利斯	0.03
罗马兹	0.03
布隆	0.03
开倒车	0.03
迈·韦尔斯	0.03
闵炳镐	0.03
快信	0.03
遥遥相对	0.03
舍里	0.03
玛特·肖	0.03
改弦易辙	0.03
安·艾丽特	0.03
火之仆	0.03
布革	0.03
奇特·克雷恩	0.03
核工程	0.03
加尔维斯顿	0.03
黛布·法斯特布斯	0.03
戴维·德莫里	0.03
银环蛇	0.03
诺尔玛	0.03
龙湾	0.03
基哥	0.03
翔子会	0.03
唐格里诺	0.03
安娜卡列琳娜	0.03
麦可艾勒	0.03
佳善有	0.03
凯文·博科夫	0.03
费蒂斯镇	0.03
比利·莱昂斯	0.03
米莉贝	0.03
神态自若	0.03
豪伊·朗	0.03
贝蒂·彼得森	0.03
史戴奇	0.03
花柳病	0.03
自产自销	0.03
费兰迪	0.03
卡密罗	0.03
纯玲	0.03
直渡	0.03
韩龙大	0.03
上官	0.03
耶西·布拉德福	0.03
艾滋里	0.03
赤焰	0.03
马丁·麦佛莱	0.03
朴诚赫	0.03
振声	0.03
超低空	0.03
杰里·麦哲	0.03
韩承景	0.03
迪洛史卓特	0.03
克里斯·库克	0.03
让雅登	0.03
泰巴尔迪	0.03
互访	0.03
安捷思	0.03
凯茜·萨德里克	0.03
格林美	0.03
会传召	0.03
卡帕拉	0.03
宾利里	0.03
杂牌货	0.03
现名	0.03
承白	0.03
轻工业部	0.03
爱德华·奥利里	0.03
于朝妍	0.03
转化率	0.03
让马卡内	0.03
欧文斯科宁	0.03
谐振	0.03
比维可丁	0.03
竭泽而渔	0.03
雪跃山	0.03
汤博	0.03
振奎	0.03
斯特奇金	0.03
和伯吉斯	0.03
迈尔斯史密斯	0.03
短统袜	0.03
一橡	0.03
胡伯斯	0.03
东森	0.03
巴亚莫城	0.03
赤烈	0.03
多维尔兹	0.03
内德·凯纳斯顿	0.03
格瑞尔·松顿	0.03
盖端生	0.03
阿里斯塔克	0.03
阿苏山壁	0.03
德根	0.03
额马	0.03
费德里科·费里尼	0.03
至希德尼	0.03
尼尔·戴尔蒙德	0.03
全院	0.03
白星贤	0.03
凯文贝肯	0.03
马丁·乌瑞德	0.03
查克·萨姆	0.03
不畏强暴	0.03
恩·毕奇利	0.03
侵华	0.03
达佩斯	0.03
斯朗波	0.03
卖出价	0.03
史迪	0.03
田村	0.03
微升	0.03
路易斯·德·贡戈亚	0.03
合照	0.03
沙查德	0.03
格林科	0.03
莫斯卡雅	0.03
肯奇	0.03
谭克	0.03
清苦	0.03
聚沙成塔	0.03
斯登	0.03
年老体弱	0.03
玛尔霍特	0.03
辛斯基	0.03
芬马赤	0.03
波洛高夫	0.03
上峰	0.03
艾瑞卡·泰西	0.03
艾奇维拉	0.03
格温迪马克	0.03
肖斯科姆	0.03
拉罗谢尔	0.03
凡红	0.03
裴尔	0.03
总教头	0.03
凯伦·海斯	0.03
斯帕斯	0.03
奥拉夫	0.03
亚玛利雅生	0.03
汤米·卡麦乔	0.03
伍省	0.03
理查哈理斯	0.03
闭门思过	0.03
丰碑	0.03
巴德费得赖克	0.03
波托马克	0.03
潘东	0.03
克里斯特森	0.03
奥斯坦	0.03
卡尔真	0.03
染液	0.03
克莉奥佩特拉同凯撒	0.03
凯里·莱曼	0.03
艾比斯多力	0.03
害鸟	0.03
阿瑟丽亚	0.03
主产	0.03
瓦卢亚	0.03
园林局	0.03
达尔文梅佛	0.03
芝威	0.03
欧文·布鲁斯特	0.03
驼绒	0.03
万寿	0.03
起承转合	0.03
南翼	0.03
银川	0.03
克利伦克	0.03
旂	0.03
伍琪	0.03
齑	0.03
续航力	0.03
管乐	0.03
欧博穆勒	0.03
莱斯特来	0.03
东江	0.03
马莎拉	0.03
称雄	0.03
安吉琳娜	0.03
皮特·琼斯	0.03
道格拉斯·卡林	0.03
戈顿·琼斯	0.03
考妮奥·毕斯兰德	0.03
斯理	0.03
万娜	0.03
波莉·费弗	0.03
圣阿西莫	0.03
生长期	0.03
塞莫波莱	0.03
魨	0.03
贝拉吉尔	0.03
麦迪克	0.03
润发露	0.03
克里廷顿	0.03
白沃·米尔斯	0.03
格朗尼克	0.03
一两百万	0.03
吉布西	0.03
硬通货	0.03
全秃	0.03
鲁纳	0.03
慧知之	0.03
明月来	0.03
企业化	0.03
乌基	0.03
清运	0.03
在南	0.03
摩里	0.03
麦格瑞	0.03
姆巴莱	0.03
斯帕尼提	0.03
丰盈	0.03
布莱恩·迪盖普西	0.03
坚贞不渝	0.03
精金	0.03
谭尼	0.03
誌	0.03
约瑟夫·古德万	0.03
耶斯	0.03
陈顺	0.03
史菲	0.03
达克·怀特	0.03
二亿九千九百	0.03
上半夜	0.03
卞相浩	0.03
巴姆洛克	0.03
鲍伯太	0.03
迈斯	0.03
芝喜	0.03
席琳·迪温	0.03
滦河	0.03
弗兰根	0.03
五千五	0.03
罗纳德·菲尔	0.03
连男	0.03
江苏省	0.03
吁请	0.03
何塞·马蒂	0.03
斯特兰克	0.03
罗伯特·莱伊	0.03
张灯结彩	0.03
威尔真	0.03
德性真	0.03
裁判长	0.03
盖德利	0.03
哈金斯	0.03
平直球	0.03
桌灯	0.03
高头大马	0.03
约翰·克劳福特	0.03
在勋	0.03
并行不悖	0.03
秋海	0.03
两两一	0.03
路易·阿加西	0.03
班轮	0.03
衿	0.03
屹	0.03
艾莉·迈耶斯	0.03
西奥多·纽曼	0.03
威格纳	0.03
史博尔根	0.03
陈仁锡	0.03
威尔瑟	0.03
戴安·卡罗尔	0.03
军船	0.03
邦妮·沃克	0.03
脲	0.03
金素音	0.03
拉斯维拉斯	0.03
谋略家	0.03
黏胶	0.03
入学率	0.03
蜂窝煤	0.03
朱里奥·奎恩塔纳	0.03
而安	0.03
小皮特	0.03
谭燕玉	0.03
吉伯特·比库	0.03
亚帝山	0.03
思麦利	0.03
帕雷诺	0.03
金官琦	0.03
拉西姆	0.03
两百六十四	0.03
纯碱	0.03
科普特	0.03
阿布·祖贝达	0.03
南洋杉	0.03
波特诺	0.03
蘇	0.03
莎拉·佩林	0.03
和乔安妮	0.03
孔雀绿	0.03
亚马孙河	0.03
麦拉·莫克	0.03
汤姆迪拉尼	0.03
哈里他	0.03
朗迪	0.03
基帝	0.03
盖奇·惠特尼帕斯	0.03
格兰力威	0.03
哈特耐	0.03
和邓巴	0.03
田栋	0.03
貂羚	0.03
清谈	0.03
史杜克	0.03
阿浩来	0.03
巩俐	0.03
米奇·盖尔斯	0.03
卢卡斯·巴赛罗	0.03
佐治亚的梅肯	0.03
尚托斯	0.03
基底	0.03
泰得·威廉姆斯	0.03
秋潜	0.03
戴菲	0.03
马丁尼克	0.03
斯罗	0.03
维瓦尔弟	0.03
现实感	0.03
东条	0.03
阿曼德·佩西	0.03
斯缇	0.03
艾森豪	0.03
思来想去	0.03
受制于人	0.03
拉特里	0.03
束光	0.03
詹森林	0.03
奇奇科鲁阿	0.03
振器	0.03
直捷	0.03
马奇奥	0.03
白话文	0.03
催产药	0.03
海因茨·德拉赫	0.03
赵天秀	0.03
内蒙古	0.03
海瑞塔	0.03
万冰	0.03
斯克提·汤玛斯·麦克格拉夫	0.03
拉兹罗·马诺斯基	0.03
闵贞秀	0.03
波尼·克拉特	0.03
玛德琳老	0.03
现实性	0.03
荷莫辛普森	0.03
邦妮·卡尔顿	0.03
鲁瑟	0.03
法尼基	0.03
贝丝·杜鲁门	0.03
克拉克斯	0.03
伯瑞亚	0.03
沈默	0.03
乌加	0.03
马杜克斯	0.03
大卫·卡拉丁	0.03
考茨洛斯基	0.03
赤红	0.03
科珀尔	0.03
连熊	0.03
独具特色	0.03
特德·威廉姆斯	0.03
田渊	0.03
约翰·格林	0.03
鲁瓦	0.03
莫雷洛斯	0.03
乌利	0.03
之桑榆	0.03
斯瓦布尔	0.03
阿克洛德	0.03
圣佛朗西斯	0.03
德巴特斯	0.03
罗克西·赖安	0.03
合音	0.03
清规	0.03
霍尼彻	0.03
闭关锁国	0.03
卡尔·伯恩斯坦	0.03
安维尔斯	0.03
狄恩会	0.03
一群群	0.03
卡巴罗	0.03
瓦房	0.03
黑石洞	0.03
连片	0.03
奈达	0.03
佛琴娜	0.03
泰吉玛	0.03
雷默德	0.03
夹棍	0.03
向北飞	0.03
乌克	0.03
微电子	0.03
贝勒斯莫	0.03
阿·凯福	0.03
侵夺	0.03
迈克尔·曼	0.03
张守	0.03
基宇	0.03
故交	0.03
军政	0.03
威奇·麦克唐纳	0.03
本·米勒	0.03
麦特放	0.03
姜允美	0.03
勤俭持家	0.03
熔铸	0.03
山姆菲	0.03
几何体	0.03
除虫菊	0.03
上图	0.03
但维维安	0.03
珍妮佛·希尔	0.03
福克斯·科顿	0.03
东顺水	0.03
迈克尔·约翰逊	0.03
麦多纳多	0.03
克罗伊茨费尔特雅各布	0.03
李维拉	0.03
鲍比惠特曼	0.03
三十七万五	0.03
幼儿期	0.03
利利山	0.03
塞缪尔柯尔特	0.03
乔有染	0.03
答茬	0.03
拉里·摩斯	0.03
合闸	0.03
伊塞尔·默曼	0.03
马罗尔	0.03
阿特拉斯山脉	0.03
卡门·吉亚	0.03
水烟袋	0.03
黑色金属	0.03
沈莉	0.03
攀缘	0.03
波利·夏恩	0.03
亨利·凯恩	0.03
挢	0.03
特里林顿	0.03
哈德伍德	0.03
张开来	0.03
一百一十一	0.03
蒂莫西·利里	0.03
唐纳克斯	0.03
太克	0.03
多克·兰姆	0.03
竹下	0.03
兴叹	0.03
多金斯	0.03
保温层	0.03
全英	0.03
克洛茨布茨	0.03
允瑞	0.03
彵	0.03
别太亮	0.03
波特金	0.03
皮玛	0.03
金洪依	0.03
潘太	0.03
比昂卡·希尔曼	0.03
充溢	0.03
心有志	0.03
奥提茨	0.03
噚	0.03
本杰明克雷默	0.03
香吻中	0.03
班霍	0.03
史高	0.03
完稿	0.03
凯利·斯雷特	0.03
普里诺·卡那拉	0.03
若大伟	0.03
钟万好	0.03
瑞格丽多	0.03
重阳节	0.03
兴办	0.03
比利·乔·罗伊	0.03
弗林顿	0.03
霍华·菲利普·洛夫克莱夫特	0.03
法可斯	0.03
致北野	0.03
普恩	0.03
彭妮关在	0.03
九百九十	0.03
丹尼·瓦塞尔	0.03
万佑	0.03
比席琳	0.03
迪马吉欧	0.03
汉森纳那	0.03
两百六十万	0.03
拉特辛	0.03
钱而生	0.03
二十一万六千	0.03
巧辩	0.03
沙尔曼	0.03
新松岭	0.03
包伯·成	0.03
潘婷	0.03
劣质品	0.03
连源	0.03
阿斯彭市	0.03
罗伦来	0.03
克伯恩	0.03
乌宝会	0.03
沃登堡	0.03
让巴普蒂斯塔	0.03
萨瓦尔多	0.03
帕特丽·夏哈斯特	0.03
基思他	0.03
开场戏	0.03
梵希	0.03
门开成	0.03
阿尔塔利	0.03
列昂卡瓦洛	0.03
马娜诺	0.03
南段	0.03
老骥伏枥	0.03
縞	0.03
和秀吉	0.03
粤菜	0.03
丰润	0.03
戈伦	0.03
万世	0.03
帕特里克·特瑞	0.03
析出	0.03
索斯	0.03
歐	0.03
科斯蒂略	0.03
路德维	0.03
弹丸之地	0.03
丽巴	0.03
马克温德默	0.03
弗罗伦丝	0.03
礼玉	0.03
製	0.03
逸夫	0.03
芝会	0.03
艾默特	0.03
述职	0.03
辛苦费	0.03
万代	0.03
刑事犯	0.03
隆志	0.03
巨山	0.03
潘密	0.03
凡·帕兰德特	0.03
奎林	0.03
小斯潘塞	0.03
卡解锁	0.03
拘于	0.03
亚历克斯·金	0.03
乔治·迈克尔	0.03
居安思危	0.03
比兰尼	0.03
匪盗	0.03
罗恩和	0.03
塔帕努里	0.03
晌	0.03
鲁洛	0.03
莫利来	0.03
承惠	0.03
捧杯	0.03
茶泡饭	0.03
液状	0.03
金德万	0.03
杰克·范伦提	0.03
辛迪亚·查普曼	0.03
汤米·毛拉基	0.03
柏克德	0.03
塔尔努夫	0.03
鲁深	0.03
直笛	0.03
丹·福斯特	0.03
伯肯黑德	0.03
斯果	0.03
朗道	0.03
班内克	0.03
和秀台	0.03
妞妈	0.03
仁哥	0.03
比约·博格	0.03
卓恩星	0.03
圣艾莫	0.03
让蒂娜	0.03
练兵	0.03
阿瑞提乌姆	0.03
班尼特·伊齐基尔·马高	0.03
马赫表	0.03
租价	0.03
魏吉尔·汤姆森	0.03
波特门	0.03
隆大	0.03
杰克·罗尼克	0.03
在丰	0.03
朗里	0.03
门德尔松	0.03
矿车	0.03
曼德士	0.03
约瑟夫沃若	0.03
曲线美	0.03
龙之心	0.03
仁善	0.03
埃尼威尔	0.03
斯里兰卡人	0.03
鲁法	0.03
史杜伊	0.03
倍特	0.03
罗瑞安	0.03
扫雷艇	0.03
斯坦格尔	0.03
布菲	0.03
让约瑟	0.03
圣艾芙	0.03
加索夫	0.03
芙安	0.03
倒计时钟	0.03
斯坦格德	0.03
潘希	0.03
鲨塔	0.03
争论点	0.03
雅蒙娜	0.03
帕拉第	0.03
五百万万亿	0.03
彼得当	0.03
邱迪	0.03
李察基尔	0.03
格温·斯蒂法妮	0.03
囫	0.03
科佛罗瑞斯	0.03
失盗	0.03
夏琪娜	0.03
课目	0.03
艾辛诺	0.03
罗伯特·凯斯	0.03
岩山	0.03
迪路斯	0.03
威廉·斯塔克	0.03
回力球	0.03
菌丝	0.03
评点	0.03
爱莎伦	0.03
主帅	0.03
交通岛	0.03
细发	0.03
罗伯特·莱克	0.03
巴兹尔登	0.03
猜盖茨	0.03
红艳	0.03
毛团摇	0.03
香客	0.03
香宾	0.03
奥尔布赖特	0.03
戴亚斯	0.03
唐山	0.03
艾力欧	0.03
兵卒	0.03
拉姆西斯	0.03
莫尼卡·贝鲁奇	0.03
哈姆利克	0.03
塔尼尔	0.03
劳立塔	0.03
丹尼·苏利文	0.03
格温娜维尔	0.03
奥比昂	0.03
坎布里亚	0.03
上代	0.03
金罗斯	0.03
特里雅斯特	0.03
子一聚	0.03
马哈里科	0.03
隆安	0.03
谢那	0.03
布莱思肯	0.03
史班奇	0.03
氽	0.03
潘德	0.03
那飞	0.03
搞关系	0.03
保险号	0.03
阿格利亚	0.03
奥利凡德	0.03
阎罗王	0.03
美乃滋	0.03
波诺他	0.03
吉姆摩里森	0.03
斯奇勒斯	0.03
亚历山大王	0.03
波可诺	0.03
暖气团	0.03
让古斯	0.03
麦肯纳斯	0.03
财年	0.03
弗兰福	0.03
尚元	0.03
弗雷迪让杰森	0.03
约雷	0.03
凡提	0.03
烧鹅	0.03
布弄醒	0.03
貸	0.03
威尔曼	0.03
陈若杉	0.03
象牙之塔	0.03
迪·福斯特	0.03
德莱斯古	0.03
睑	0.03
姜昌振	0.03
坦尼娅·格林	0.03
海格立斯	0.03
卡特利娜	0.03
李宝来	0.03
巴旺巴	0.03
德·碧儿	0.03
帕拉奇奥	0.03
斯莫勒白	0.03
连放	0.03
伊克甘米杰克	0.03
鲁西亚	0.03
马拉扬克	0.03
摩斯·汉密尔顿	0.03
杠杠	0.03
荷莉来	0.03
温尼贝戈	0.03
史蒂芬·克雷默	0.03
斯宁尼	0.03
乐开花	0.03
准线	0.03
大卫·卡拉威	0.03
汤尼克	0.03
一千两百五	0.03
二万一千	0.03
田端	0.03
本杰莱尔	0.03
红方金	0.03
布连	0.03
翠希	0.03
爽心	0.03
沃尔特·柯林斯	0.03
人均收入	0.03
吴嵩巍	0.03
巴特西	0.03
百亿亿分之一	0.03
皮策	0.03
军里	0.03
凯伦埃森	0.03
穆罕默德·奇亚·哈克	0.03
马林城	0.03
布达	0.03
増	0.03
胡安·桑切斯	0.03
马吉尔	0.03
贝尔顿	0.03
卡莫龙	0.03
克里夫兰布朗	0.03
本尼狄克	0.03
史密斯菲尔德	0.03
库帕斯	0.03
玛里琳·琼斯	0.03
摩莉	0.03
让约瑟夫	0.03
索沙	0.03
史金	0.03
比博普	0.03
张俊	0.03
米亚拉斯	0.03
玛司亚斯	0.03
阿兰狄龙	0.03
一摞摞	0.03
隆回	0.03
谭亚	0.03
巴特里	0.03
百万亿年	0.03
伊斯马尔	0.03
髑髅	0.03
严福东	0.03
暗笑	0.03
理查·史坦	0.03
特德·肯尼迪	0.03
亚森·格雷戈维奇	0.03
那查理·卓别林	0.03
汉森那	0.03
失笑	0.03
卡劳德	0.03
格洛丽亚·斯泰纳姆	0.03
哈瑞怀特	0.03
泥腿子	0.03
旺达多	0.03
未老先衰	0.03
管匡	0.03
静子	0.03
阿米莉娅·埃尔哈特	0.03
卡士宾	0.03
罗杰干	0.03
迪·格斯里	0.03
高纬度	0.03
度量衡	0.03
切芙	0.03
阿格里奇	0.03
卡明翰	0.03
几万亿	0.03
于纳尔逊	0.03
赛摩菲	0.03
西莉亚·桑切斯	0.03
怀特宁	0.03
皮约	0.03
艳情	0.03
赤潮	0.03
但凯瑟琳	0.03
五又四分之一	0.03
托马斯·梅森	0.03
维森特	0.03
连恩	0.03
皮绳	0.03
戴米·摩尔	0.03
理查德·比科维斯基	0.03
刀光血影	0.03
几万万	0.03
塔尔穆德	0.03
汤姆·韦伦	0.03
迢	0.03
路易斯顿	0.03
极右翼	0.03
驻足不前	0.03
鲁阿	0.03
安娜确	0.03
仰天长叹	0.03
迈克尔·麦当娜	0.03
公海之	0.03
连意	0.03
愣劲	0.03
库里查	0.03
财宣	0.03
兹威尔市	0.03
金甲洙	0.03
系统化	0.03
革兰	0.03
朱尔会	0.03
迪恩·卡塔里	0.03
锛	0.03
求伊莲娜	0.03
梅可威兹	0.03
济恩和	0.03
米莉宝	0.03
拉西亚	0.03
塞皮恩	0.03
老鲍	0.03
梅尔沃斯	0.03
克劳德·雷恩斯	0.03
耶烈	0.03
烈士陵园	0.03
要发飚	0.03
称谢	0.03
沙兹曼	0.03
化合价	0.03
连战	0.03
思木西	0.03
连成	0.03
全谷	0.03
哲梦好	0.03
布里奇斯	0.03
管园	0.03
裏	0.03
斯洛	0.03
争持	0.03
实处	0.03
皮糖	0.03
让约翰	0.03
艾默特·蒂尔	0.03
永妮·卡特菲尔	0.03
合葬	0.03
莫伊拉	0.03
鲁柏	0.03
尼科尔·桑德斯	0.03
小媳妇	0.03
暗红	0.03
杜斯托	0.03
纯波	0.03
有雄	0.03
隆加	0.03
弗莱德曼	0.03
里奇·塔尔	0.03
鲍伯会	0.03
凡斯	0.03
坦尼	0.03
汉诺德	0.03
伯克富·莫罗·克莱因	0.03
割爱	0.03
伊丽莎白·安·肖	0.03
汉克·柯尔	0.03
瓦里	0.03
萨克斯顿	0.03
而丽	0.03
欧西里斯	0.03
陈迹	0.03
德治	0.03
鲁普	0.03
壅	0.03
塔斯库勒姆	0.03
克莱莫	0.03
和艾森豪威尔	0.03
底账	0.03
道格卓辛	0.03
米达奇	0.03
猜格菲	0.03
小凯西	0.03
伊斯塔	0.03
吝	0.03
卡特法克斯	0.03
季里	0.03
郭光吾	0.03
鲍伯一	0.03
黑热病	0.03
史钊	0.03
伊莎贝拉·斯旺	0.03
蒙古包	0.03
奥林来	0.03
斯博	0.03
菲勒斯	0.03
罗伯·罗伊	0.03
磅礴	0.03
雅迪斯	0.03
凯利切克	0.03
基男	0.03
迪马吉奥	0.03
海诺	0.03
纯利	0.03
诺斯福克的欧文	0.03
南姆	0.03
瑟勒斯	0.03
过汉娜	0.03
承启	0.03
任丁丁	0.03
亨尼卡塔	0.03
白萝卜	0.03
负值	0.03
付钱买春	0.03
主格	0.03
扎卡泽斯卡	0.03
丰年	0.03
磅秤	0.03
他奈德	0.03
杰西卡辛普森	0.03
诲	0.03
财星	0.03
曾拉斯维加斯	0.03
乌维	0.03
南塔	0.03
阿拉文	0.03
约翰·贝克	0.03
科斯基	0.03
马吉来	0.03
花田	0.03
李孝利	0.03
斯刚	0.03
细文	0.03
西蒙·瑞德	0.03
巴罗阿图	0.03
斯利	0.03
移花接木	0.03
玛莉马龙	0.03
阿那士	0.03
赖安·怀特	0.03
布依诺	0.03
玛丽·迪尔茨	0.03
凯文克莱	0.03
一百六	0.03
伍千	0.03
颠扑不破	0.03
商战	0.03
尼科斯	0.03
白利	0.03
香浓	0.03
阴毛起	0.03
蒙马	0.03
斯加	0.03
凯瑟琳·韦德	0.03
实数	0.03
威廉·莱斯	0.03
一八五零年	0.03
英英	0.03
阿拉曼	0.03
玛瑞拉	0.03
丽莎·明妮莉	0.03
手工费	0.03
阿那卡斯蒂亚	0.03
查尔斯·奥哈拉·桑托琼斯	0.03
照见	0.03
米查尔克里克顿	0.03
电功率	0.03
丽碧五	0.03
弗拉门科	0.03
埃尔维亚	0.03
韦伯马	0.03
罗温达	0.03
威廉·亚历克斯	0.03
镜业	0.03
朴杨俊	0.03
力瓦·华特森	0.03
才松	0.03
法兰克巴塞隆	0.03
巴布罗纳	0.03
一股脑儿	0.03
艾克西斯	0.03
镜中	0.03
灰鹤	0.03
主殿	0.03
新人新事	0.03
负号	0.03
夜阑人静	0.03
多克西林	0.03
达瑞欧	0.03
克理斯	0.03
何良法	0.03
帕加马	0.03
查尔斯·布考斯基	0.03
巴赫杜	0.03
人望	0.03
劳福·米克	0.03
奥波斯	0.03
伊·卢卡斯	0.03
埸	0.03
阿拉来	0.03
老来福	0.03
马贝塔	0.03
葛兰莱斯	0.03
麦克河	0.03
弗吉·胡吉斯蒂格	0.03
委以重任	0.03
斯托达德	0.03
北河	0.03
登时	0.03
杰尔米	0.03
泰妮·达里	0.03
千姿百态	0.03
菌落	0.03
范阿达	0.03
省级	0.03
任贞贤	0.03
川恭子	0.03
素旺里	0.03
杰克·莱安	0.03
美组秀	0.03
让比尔	0.03
格里森·威尔斯	0.03
焦特布尔	0.03
瓜达卢佩	0.03
残货	0.03
演出队	0.03
亨里克	0.03
埃尔伯特	0.03
蒙齐	0.03
陶伦斯	0.03
内聚力	0.03
金相勋	0.03
张开双	0.03
伊恩·华生	0.03
杰克·拉皮得斯	0.03
乔让布拉克	0.03
史蒂夫·文德	0.03
克宾莎	0.03
李丙夏	0.03
乔史岱	0.03
伊斯拉	0.03
乔伊马古奇	0.03
鲁山	0.03
浅黄	0.03
让理查兹	0.03
埃斯帕派	0.03
易爆物	0.03
斯莫	0.03
育雏	0.03
雄鹿地	0.03
凯西·麦克劳夫伦	0.03
苍凉	0.03
连妈	0.03
恳谈	0.03
德玉	0.03
厄尔文·泽斯曼	0.03
那利阿斯	0.03
昆丁塔伦提诺	0.03
抬肩	0.03
爱杰蒙	0.03
马克·法奥斯	0.03
艾迪莎	0.03
索博	0.03
罗杰思	0.03
潇	0.03
喀里多尼亚	0.03
路易吉	0.03
唐涅格派	0.03
竹签	0.03
让格瑞格	0.03
猜普拉	0.03
照安	0.03
提伯欧	0.03
承元	0.03
南岸	0.03
比赖安	0.03
隋	0.03
兵戎	0.03
残迹	0.03
劳拉布什	0.03
圣玛拉奇	0.03
唐洛	0.03
温德斯	0.03
负四	0.03
上翔	0.03
四五六	0.03
奥玛尼	0.03
洪真哲	0.03
莉斯约	0.03
海货	0.03
辛西娅·沃格尔	0.03
锍	0.03
河间	0.03
亚利克	0.03
赛门斯	0.03
一份份	0.03
诺·范	0.03
见义勇为者	0.03
让保罗	0.03
沃特·迪斯尼	0.03
瑞奇尼尔逊	0.03
鲁德	0.03
亨利·蒂尔尼	0.03
鲍里斯·谭玻尔	0.03
凯文史密斯	0.03
帕特·罗伯特森	0.03
马克·安东尼·考普兰	0.03
苏东坡	0.03
威尔夏	0.03
嘤嘤	0.03
静枝	0.03
四脚蛇	0.03
标值	0.03
线手套	0.03
巨根	0.03
十万三千	0.03
布德维	0.03
那锡安	0.03
西泰人	0.03
墙根	0.03
让路克	0.03
利波顿	0.03
翠思	0.03
微火	0.03
弗莱德里希	0.03
承华	0.03
章子怡	0.03
奈杰尔·德·哈维伦	0.03
拜格雷	0.03
尼贝利	0.03
丹尼斯·佛洛依德	0.03
妇孺皆知	0.03
戈瑞	0.03
阿拉法	0.03
弥塞雅	0.03
斯普戈曼	0.03
潘恩	0.03
特聘	0.03
劳拉·丹纳	0.03
贝林翰	0.03
细胞体	0.03
赤子	0.03
剑士学	0.03
约翰迪道尔	0.03
伸冤	0.03
汤米·科斯提根	0.03
金相庆	0.03
楚元	0.03
卡托乔	0.03
赤宇	0.03
托尼·霍克	0.03
神子会	0.03
犯不上	0.03
南在根	0.03
海荣	0.03
唐提	0.03
海草	0.03
斯家	0.03
线板	0.03
金在民	0.03
桑德福镇	0.03
江青	0.03
艾尔阿托市	0.03
阿尔莱特	0.03
伊利诺斯奥罗拉	0.03
百花齐放	0.03
斯婷	0.03
一古脑儿	0.03
微细	0.03
拉夫茨舒尔兹	0.03
别理罗莎莉	0.03
海英	0.03
杰克·惠特曼	0.03
托路斯彻	0.03
星历表	0.03
相映成趣	0.03
哈特拉格	0.03
昂海力	0.03
海航	0.03
自主经营	0.03
波纳罗	0.03
残联	0.03
帕特莎	0.03
专论	0.03
火之星	0.03
纳十桥	0.03
贪婪无厌	0.03
威尔明顿	0.03
垂询	0.03
托克维尔	0.03
巴迪他	0.03
乔治·拜恩	0.03
南华	0.03
实测	0.03
列阿·托洛茨基	0.03
克莱普斯	0.03
凡克	0.03
马琳·黛德丽	0.03
吉公	0.03
艾利欧·戴蒙	0.03
埃约布	0.03
欧内斯特·切·格瓦拉	0.03
一群宁	0.03
马修·阿诺德	0.03
威克森	0.03
费斯福	0.03
过梁	0.03
庆庆	0.03
势不可当	0.03
克劳夫	0.03
奥·蒙塔纳罗	0.03
生不逢时	0.03
切里海德	0.03
丘奇格特	0.03
特莱弗斯	0.03
维尔达	0.03
科玛西	0.03
南县	0.03
维特伯	0.03
张有桥	0.03
室内乐	0.03
麹	0.03
卐	0.03
兴标	0.03
王之星	0.03
凯迪考瑞克	0.03
普罗敦诺娃	0.03
阿古什尼	0.03
巴卡迪	0.03
圣·格雷戈里	0.03
特莉	0.03
云谷	0.03
泰腾	0.03
洪珍妮	0.03
欧罗玛	0.03
蒙特塞罗镇	0.03
德克斯特镇	0.03
遵法	0.03
伍夫	0.03
捧红	0.03
路易威	0.03
朴敏知	0.03
巴赤盖	0.03
忸	0.03
特萨	0.03
那警亭	0.03
五子棋	0.03
小路易	0.03
导热	0.03
二千伍佰	0.03
金在植	0.03
他佐罗	0.03
科尔文	0.03
科利奥里	0.03
谢丽尔·兰格丝特	0.03
两百三十万	0.03
让翰莫森	0.03
柯里纳斯	0.03
霍华·菲利普·洛夫	0.03
雷切尔·坦森斯	0.03
复制件	0.03
库尔特·怀格	0.03
马基顿	0.03
玛莉莎贝纳	0.03
海蟹	0.03
瑞德波拉	0.03
汉克刚	0.03
刚果民主共和国	0.03
唐纳德·哈登	0.03
田信	0.03
锭子	0.03
克里斯托夫·斯托尔	0.03
剑锷	0.03
麦克·哈克比	0.03
强艾卡	0.03
威尔勒	0.03
波丽	0.03
上田	0.03
特妮卡	0.03
米开朗其罗	0.03
翔子才	0.03
免票	0.03
阿拉桑	0.03
特曼库拉	0.03
赤心	0.03
独具一格	0.03
阿华州	0.03
弗雷迪福特	0.03
英超	0.03
奎奴	0.03
阿梅克	0.03
阿特斯坦王	0.03
龙心能	0.03
麦克唐纳德	0.03
佛莱斯勒	0.03
麦康纳	0.03
宝典里	0.03
安博尔	0.03
诺尔德	0.03
亚历克·鲍德温	0.03
葛玛斯	0.03
朱丽安·华莱士	0.03
奇特拉	0.03
费尔德布鲁克	0.03
让哈维	0.03
承天	0.03
凡图	0.03
黛米	0.03
厄萨	0.03
巴莱利	0.03
利斯·波尔顿	0.03
劳伦·詹姆士	0.03
杰夫·斯伯德	0.03
卢西塔尼亚	0.03
田乐	0.03
罗登能	0.03
夏碧洛	0.03
主政	0.03
李顺珠	0.03
罗伯卡林顿	0.03
罗国来	0.03
渔轮	0.03
安灵曲	0.03
班尼多	0.03
比斯提	0.03
鲁斯·米勒德	0.03
铲刀	0.03
埃德加阿兰波依	0.03
卡尔·卡塞尔	0.03
提西	0.03
坷	0.03
彼得来	0.03
充军	0.03
記	0.03
柯南·道尔	0.03
威廉·佩里	0.03
吕素刚	0.03
海姆	0.03
亚索尔	0.03
吉米·胡佛	0.03
哈雷慧星	0.03
但约瑟夫	0.03
埃利奥特·古尔德	0.03
快慰	0.03
玉胜	0.03
陶德人	0.03
一路风尘	0.03
马贝勒	0.03
马群里	0.03
静湖	0.03
萨莫亚	0.03
真亮	0.03
唁	0.03
李晶贤	0.03
南基	0.03
伯尔伯克	0.03
戴尔·卡内基	0.03
海姆达尔	0.03
米莉森	0.03
鲜水	0.03
主星	0.03
传为佳话	0.03
八点九	0.03
李顺烈	0.03
阿丰斯	0.03
卡森·朱尔	0.03
科瓦斯	0.03
亚美利加	0.03
猜本杰明	0.03
棅	0.03
迪奇·康利	0.03
专责	0.03
约翰史密斯	0.03
那三栋	0.03
骨节	0.03
汤米·林恩·巴克斯特	0.03
庆家	0.03
钟万来	0.03
琴谱	0.03
麦可乔丹	0.03
兴波	0.03
失修	0.03
霍马斯	0.03
拉什罗普	0.03
北村	0.03
利娅可真	0.03
威尔农	0.03
孔隙	0.03
投资方	0.03
老街坊	0.03
布鲁斯廷	0.03
罗塞尔	0.03
田原	0.03
丄	0.03
莫尔特干	0.03
丰产	0.03
丹尼埃拉	0.03
劳斯瑞	0.03
设计奖	0.03
齊	0.03
漆布	0.03
奥利弗·诺斯	0.03
海选正	0.03
郡主	0.03
端端正正	0.03
天权星	0.03
毕兹马奇	0.03
施瓦兹瓦	0.03
磷灰石	0.03
爽直	0.03
奥斯特多尔	0.03
让杜宾斯	0.03
拉芒	0.03
线绳	0.03
迪比	0.03
巴尼的莱克	0.03
朗道那	0.03
尼可拉·特斯拉	0.03
若热·马提	0.03
佛莱彻	0.03
康爱迪生	0.03
郡人	0.03
赫伯特·穆罕默德	0.03
威克特	0.03
基文	0.03
维艾德	0.03
东宫	0.03
凯文·康纳威	0.03
海瑞斯	0.03
乔·威廉姆斯	0.03
元熙醒	0.03
玛莉亚塔	0.03
寄存处	0.03
育苗	0.03
本杰明让	0.03
迈尼	0.03
威尔默特	0.03
皮古	0.03
简桑德斯	0.03
塞尔吉·布达诺夫	0.03
亚历山大娜	0.03
皮博	0.03
潘科	0.03
江达	0.03
江边	0.03
本蒙特	0.03
本·埃尔顿	0.03
莫尔黑德	0.03
李昌钰	0.03
动脉弓	0.03
鲁西斯	0.03
萨曼撒	0.03
奥尔芬	0.03
泰勒·凯奇	0.03
戈温	0.03
酸辣汤	0.03
普莱维里	0.03
浅见	0.03
阿蒂拉	0.03
唐基可	0.03
威尔德米尔	0.03
汤托	0.03
宾阿尔利	0.03
同伟科	0.03
巴格里湖	0.03
布莱恩提	0.03
尼·格林	0.03
葛洛琳	0.03
猜吉尼·林斯珍	0.03
基柱	0.03
布线图	0.03
上款	0.03
设计家	0.03
史宾东	0.03
格雷茨	0.03
儿丽	0.03
民主革命	0.03
德米尔	0.03
松奈奈	0.03
蒙西	0.03
三千三百	0.03
楽	0.03
囊胚	0.03
清显真	0.03
郝丽斯	0.03
埃思里奇	0.03
爱德华·金	0.03
叶慈	0.03
保尔·拉特万斯基	0.03
休斯克里克	0.03
拉苏尼	0.03
连作	0.03
阿萨德才	0.03
东堂	0.03
乔治·斯迈莱	0.03
银根	0.03
韩魏相	0.03
温内特卡	0.03
贝尼托·墨索	0.03
参考系	0.03
死顽固	0.03
雷迪新	0.03
貪	0.03
勒杜斯	0.03
古米熊	0.03
爱默尔·拉加西	0.03
主笔	0.03
买路易	0.03
圣玛丽亚市	0.03
金在焕	0.03
乔伊·布塔佛格	0.03
两万一千	0.03
洛阳纸贵	0.03
卡贝罗	0.03
打卡机	0.03
赛因	0.03
埃玛·格贝	0.03
莫塔克	0.03
安那科斯	0.03
战争狂	0.03
安东尼·道森	0.03
黑石土	0.03
爱玛丽	0.03
辛普森才	0.03
洁力特	0.03
璀	0.03
海角天涯	0.03
上诉书	0.03
肯森	0.03
保罗·班扬	0.03
特鲁	0.03
凡俗	0.03
德米娅	0.03
莎拉那	0.03
碧迪美	0.03
拉德·舍博	0.03
欧鲁克	0.03
回祖儿	0.03
上浆	0.03
艾须利	0.03
导标	0.03
皮里莫	0.03
布雷斯特	0.03
霍布纳尔	0.03
秋冬	0.03
钟放	0.03
比菲洛	0.03
肯·帕特森	0.03
塞莱拉	0.03
亚科斯塔	0.03
德米安	0.03
劳勃哈德逊威克菲尔	0.03
米里奥	0.03
旅游局	0.03
马丁·艾克曼	0.03
艾奇维利	0.03
伊恩·福隆	0.03
夏洛特·布朗特	0.03
嫩黄色	0.03
老三样	0.03
银滩	0.03
索蕾	0.03
事权	0.03
温妮佛	0.03
里奇里奇	0.03
迈拉·莫瓦克	0.03
贻	0.03
莫雷娜	0.03
梾	0.03
约翰·韦恩·盖西	0.03
亚历山大帝	0.03
西洋景	0.03
亚历山大市	0.03
和富兰克林	0.03
马寿东	0.03
赭石	0.03
利福尼亚	0.03
阿博加特	0.03
库勒克	0.03
汤普	0.03
灯笼椒	0.03
去病	0.03
阿道夫希特勒	0.03
阿瓦拉	0.03
蓝碧恩	0.03
安迪·罗森伯格	0.03
暗器	0.03
而材	0.03
弗朗辛·普洛斯	0.03
木庭子	0.03
呼哧	0.03
麦克麦德	0.03
朋朋	0.03
呼哨	0.03
沙夫克	0.03
约翰尼·尤尼塔斯	0.03
佛瑞德阿姆斯特丁	0.03
温扎克	0.03
火镰	0.03
瑞克·瓦拉塔	0.03
阿梅达	0.03
第八二	0.03
薪饷	0.03
埃迪·麦克莱斯特	0.03
波德·莫斯沃特	0.03
剑身	0.03
夹具	0.03
而明	0.03
圣加布里埃尔山	0.03
敬桑敏	0.03
瑞利波	0.03
经济基础	0.03
唐米	0.03
圣得西	0.03
马克·姆林	0.03
伊莲·古黛尔·伊斯特曼	0.03
美法仑	0.03
蜷伏	0.03
北翼	0.03
哈洛·梅特	0.03
潘美	0.03
南仁	0.03
饱暖	0.03
准假	0.03
在波	0.03
主罪	0.03
范伦铁诺	0.03
儿新人	0.03
安杰伊·瓦依达	0.03
伊·海金	0.03
米里安	0.03
弗雷德里克那	0.03
谢尔盖·弗罗诺夫	0.03
竹楼	0.03
阴毛全	0.03
卡泽斯坦	0.03
培根香	0.03
持重	0.03
东升	0.03
姜圣泰	0.03
森·帕基	0.03
瑞·高	0.03
暗堡	0.03
维特尔	0.03
田宫	0.03
贝克萨	0.03
戴韦斯	0.03
许俊浩	0.03
赛地	0.03
姆·克拉克	0.03
维尔克	0.03
奥利弗奥勒德	0.03
那凯斯	0.03
皮威	0.03
小特纳	0.03
赭黄色	0.03
金兰	0.03
别无礼	0.03
奥大维	0.03
乌杜	0.03
小市民	0.03
李泰英	0.03
火魔	0.03
郎长真	0.03
阿拉米	0.03
文瑟森	0.03
怀特罗	0.03
威廉·莱纳	0.03
工程化	0.03
埃克苏佩里	0.03
力哈维	0.03
河东路	0.03
农畜	0.03
连壁花	0.03
疏理	0.03
公文袋	0.03
导数	0.03
拉·曼恰镇	0.03
基泽	0.03
费史克	0.03
丁道尔	0.03
亚曼尼	0.03
实绩	0.03
曼德琳	0.03
玛林	0.03
颤颤悠悠	0.03
褂子	0.03
竹板	0.03
圣塔里塔	0.03
左路猛超	0.03
纳桑波	0.03
鲍伯比	0.03
雨果·格里菲斯	0.03
乌瑞德	0.03
东光	0.03
微涨	0.03
河西	0.03
东关	0.03
伊西利恩	0.03
雷纳特	0.03
比哈伦	0.03
暗娼	0.03
格拉布	0.03
奥尔托纳	0.03
和法裔	0.03
卡特兰奇	0.03
广西	0.03
皈	0.03
李泰胜	0.03
别让杰克	0.03
朱利叶斯·恺撒	0.03
承业	0.03
拉斯柯尔尼科夫	0.03
马狄克	0.03
班乔	0.03
洪川郡	0.03
谢文斯	0.03
炮筒子	0.03
皮塔	0.03
反哺	0.03
汲水	0.03
管片	0.03
纳帕的肯·纳罗	0.03
贝舍普威尔	0.03
承久	0.03
胡安尼特	0.03
歌路	0.03
齐亚德	0.03
拉西格	0.03
警枪	0.03
发憷	0.03
托尼·罗宾斯	0.03
尼科罗	0.03
卡佛尔	0.03
安妮玛利马	0.03
京剧	0.03
承俊	0.03
北极海	0.03
轸	0.03
别有洞天	0.03
贼眼	0.03
酱油瓶	0.03
民泰贤	0.03
尹道希	0.03
瑞克多	0.03
习习	0.03
比利·马赫	0.03
达维亚	0.03
玛莉安·凯利	0.03
松元	0.03
汤尼布士托	0.03
格利佛	0.03
和解书	0.03
玛莉拉	0.03
德米勒	0.03
泰雅	0.03
人来开	0.03
在材	0.03
高飞远	0.03
东坡	0.03
普·韦兰德	0.03
粗茶淡饭	0.03
谢尔比维尔	0.03
利特尔	0.03
查理·汉密尔顿	0.03
上旬	0.03
君卜他	0.03
弗兰克·亨利	0.03
伍亚	0.03
反劫	0.03
迈克尔·阿卜杜勒	0.03
托弗	0.03
皮帕	0.03
兰谢克	0.03
玛丽琳·鲍尔	0.03
在某	0.03
布玛留	0.03
费南德兹	0.03
翠笛	0.03
权海甲	0.03
汤泽	0.03
在枢	0.03
瑞其蒙德	0.03
财税	0.03
伍三	0.03
松嘉	0.03
皮干	0.03
罗维斯	0.03
史戴斯	0.03
普兰迪埃	0.03
亲日派	0.03
费什伯恩	0.03
雅各布·卡奇斯	0.03
氮化物	0.03
圣海伦	0.03
由浅入深	0.03
哈麦丹风	0.03
斯万	0.03
朱厄尔	0.03
林泰勋	0.03
河顺流	0.03
在明	0.03
拉车	0.03
拉辛	0.03
瑟其	0.03
海阳	0.03
铅玻璃	0.03
卡奇米	0.03
汤玛斯·勒弗罗伊	0.03
开发署	0.03
伍伦	0.03
睇	0.03
伍伯	0.03
彼得·斯维希	0.03
斯帕盖提	0.03
兵种	0.03
陝	0.03
杰夫·戴利	0.03
桑达斯基	0.03
格温·迈尔斯	0.03
京哲	0.03
佩妮·平顿	0.03
知难而进	0.03
上林	0.03
电饭锅	0.03
豪罗曼	0.03
冰琪琳	0.03
巴迪得瑞	0.03
回春佛	0.03
圣贝纳迪诺市	0.03
苏珊·阿格瑞兹	0.03
巨熊	0.03
于景虎	0.03
三千二百	0.03
宪二真	0.03
导报	0.03
鸡杂	0.03
纽马克特	0.03
马里斯·琼斯	0.03
瑞芙莲	0.03
克雷蒙森	0.03
罗伯特·雷顿	0.03
梅森·皮尔森	0.03
东开来	0.03
一九四一年	0.03
练笔	0.03
震雷	0.03
弗兰德	0.03
天梯	0.03
皮尺	0.03
玛丽·苏拉特	0.03
普西迪	0.03
雷迪森	0.03
华莱士·塞巴斯蒂安·布劳恩特	0.03
古茨·古茨	0.03
一百两	0.03
镜台	0.03
艾迪飞	0.03
一百三	0.03
上杭	0.03
查兹·麦克尔	0.03
一百七	0.03
肖恩·波特	0.03
残雪	0.03
廷中	0.03
卡雷丁	0.03
四百万分之一	0.03
米瓦基市	0.03
潘真	0.03
特需	0.03
威廉·汤米尔森	0.03
罗勃茨	0.03
震震	0.03
值日表	0.03
现职	0.03
卡加艾拉	0.03
一分之	0.03
碱度	0.03
叫苦不迭	0.03
查理·贝茨	0.03
小天鹅	0.03
仁美	0.03
丽莎·梅尔维尔	0.03
约翰·霍利斯特	0.03
迪娜才	0.03
爱维罗尼卡	0.03
高施达施迪达赫	0.03
巨灵	0.03
残阳	0.03
伊塔洛·卡尔维诺	0.03
大卫·格拉汉姆	0.03
细胞壁	0.03
加布里埃尔·勒·克莱尔	0.03
电话间	0.03
赛尔戈	0.03
詹格尔	0.03
但吉姆	0.03
张全帆	0.03
六两	0.03
钣	0.03
佛罗尼达	0.03
乔治·波琳	0.03
塞莱斯蒂娜	0.03
帕帕顿	0.03
肥壮	0.03
莱诺克斯	0.03
奥韦尔	0.03
罗兹诺	0.03
副食	0.03
分散剂	0.03
月华	0.03
特瓦尔斯	0.03
六九	0.03
丝芙兰	0.03
让尤金斯基	0.03
家天威	0.03
古阿拉米	0.03
詹·邦	0.03
金容吉	0.03
即若	0.03
格林伊斯	0.03
六五	0.03
金正恩	0.03
大卫·莱斯	0.03
桑妮·梅瑟	0.03
格雷斯汀	0.03
何关	0.03
皮特·卡尔文	0.03
中篇	0.03
戴瑞·汉娜	0.03
扁鲨	0.03
格雷夫森德	0.03
卡巴赤乌	0.03
博克诺斯	0.03
过德川	0.03
饴	0.03
利伯特山	0.03
拉里·莫辛特	0.03
亚伯拉罕·戴尔	0.03
查克·詹森	0.03
拉希穆尔	0.03
阿维尼翁市	0.03
阿奎来斯	0.03
哈维·尼克	0.03
亚瑟他	0.03
茨洛斯基	0.03
尼克斯市	0.03
科索沃省	0.03
西维基	0.03
斯达顿	0.03
一误再误	0.03
拉奥尔	0.03
菲奇	0.03
杜丽斯	0.03
柳正雨	0.03
布拉瓦茨基	0.03
帕米尔	0.03
胡利奥	0.03
塞尔维亚密	0.03
第七十六	0.03
迈克·斯耐	0.03
杰格	0.03
哈奇林	0.03
专用线	0.03
恺撒他	0.03
第谷	0.03
格雷西拉·佛南德兹	0.03
路德维希·冯·沃尔夫豪森	0.03
约菲拉比	0.03
夏洛特留	0.03
公例	0.03
里维齐	0.03
让吉特	0.03
麦西亚	0.03
择西	0.03
阿莫斯·吉塔伊	0.03
东奥兰治	0.03
十七亿	0.03
瑞登巴克	0.03
简单易行	0.03
玛多纳	0.03
瑞森胡伯	0.03
侄孙女	0.03
暖乎乎	0.03
原平	0.03
戴安·索亚	0.03
让艾米莉	0.03
木栅	0.03
圣迪马斯	0.03
查理代	0.03
板栗	0.03
罗伯特·加尔维斯的斯塔克伍德	0.03
成数百	0.03
木梳	0.03
霍金森	0.03
杰奇他	0.03
乔治·波什亚	0.03
阿马索	0.03
备要	0.03
张贤成	0.03
晨高	0.03
比安卡多	0.03
抱谦	0.03
维可劳尼	0.03
商学和	0.03
阿塔土克	0.03
农闲	0.03
韦其伍德	0.03
熹	0.03
熙琼	0.03
克丽琳	0.03
但丽兹	0.03
戈登·卡姆罗斯	0.03
九点三	0.03
考文拉斯	0.03
开馆	0.03
麦唐纳	0.03
霍华德道尔	0.03
霍华德·格拉斯曼	0.03
麦克汤玛斯	0.03
眼疾	0.03
邦皮	0.03
菲德	0.03
艾滋时	0.03
安沃特	0.03
加尔达湖	0.03
切尔卡瑟	0.03
佩勒	0.03
考伯·瓦伯	0.03
蒂埃里·亨利	0.03
艾维士的山姆菲力普	0.03
莫里斯·奥布莱恩	0.03
九柱	0.03
雪莉坦普尔	0.03
他格特	0.03
顿·斯图尔特·诺斯考特	0.03
应试	0.03
布拉德·普林斯	0.03
应诉	0.03
雷克斯雷克斯拉夫道尔	0.03
达纳来	0.03
献辞	0.03
慧黠	0.03
雷吉会	0.03
焊锡	0.03
子同光	0.03
缺斤少两	0.03
尼诺·瓦尔德斯	0.03
姜永勤	0.03
佐尔	0.03
佛瑞吉	0.03
赛尔查	0.03
曲边	0.03
威尔·罗杰斯	0.03
宋和安	0.03
一点百	0.03
杰汉	0.03
科塞斯	0.03
镢	0.03
乔丹能	0.03
威势	0.03
麦克国	0.03
胡尔斯	0.03
来莉丽	0.03
冬不拉	0.03
进修班	0.03
十二生肖	0.03
乔治卡兰	0.03
贝吉	0.03
兰德马克	0.03
软骨鱼	0.03
乔尔布伦	0.03
柏木君	0.03
盛意	0.03
爱森斯坦	0.03
轱	0.03
格劳乔·马克斯	0.03
夜战	0.03
二子连	0.03
玛丽蒂	0.03
板油	0.03
波莉远	0.03
杰海	0.03
周复一	0.03
盛惠	0.03
杰洛	0.03
中继线	0.03
腾普	0.03
信息学	0.03
马年生	0.03
皮奇夫特镇	0.03
赛尔斯	0.03
阿齐森	0.03
施华洛维奇	0.03
加尼福尼亚的奥申维尔	0.03
巴达赫	0.03
哈奇拉	0.03
黑墨水	0.03
那穹	0.03
锚地	0.03
二百六十七	0.03
开锁	0.03
米耶拉	0.03
宗派主义	0.03
凯尔特镇	0.03
尼克那	0.03
格兰拉比	0.03
桑敏比	0.03
麦克布鲁姆	0.03
爱卡伯	0.03
爱德华·贝耳·威尔逊	0.03
弗兰克林·郝顿	0.03
天良	0.03
小家电	0.03
费莉沙	0.03
低碳钢	0.03
丽瑟尔	0.03
月季	0.03
椁	0.03
波峰浪谷	0.03
罗斯托弗	0.03
克莱瑞斯	0.03
泰尔	0.03
塑化	0.03
保罗让	0.03
威山	0.03
过法兰	0.03
尼克逊	0.03
邦立	0.03
通霄	0.03
波比波比	0.03
子金	0.03
比安卡刚	0.03
比诺曼	0.03
杰拉尔多	0.03
黛比·南森	0.03
板报	0.03
巴姆斯特	0.03
套色版	0.03
沃基	0.03
席麦尔林	0.03
路得氏	0.03
支雏菊	0.03
保罗·埃博斯	0.03
让萨沙	0.03
老人斑	0.03
让萨曼莎留	0.03
九段	0.03
阿布思	0.03
博斯科	0.03
杰·霍华德·史蒂文斯	0.03
船东	0.03
欧索里奥	0.03
格里西拉	0.03
金秀东	0.03
绒衣	0.03
迷魂汤	0.03
鈞	0.03
盖泽·哈兹堡	0.03
卢卡斯·尼克	0.03
芭蒂	0.03
艾泽·克沃顿	0.03
姬伊	0.03
菲力	0.03
杭特	0.03
贡戈亚	0.03
莱诺·切特温	0.03
磊落	0.03
詭	0.03
贾斯丁·雷德顿	0.03
普雷沃斯	0.03
密密实实	0.03
尼克泰托·帕勒斯	0.03
贝茨空	0.03
卢瑟夫	0.03
操作性	0.03
菲克	0.03
杰伯·格	0.03
洛斯费里兹	0.03
民俗学	0.03
斯蒂尔斯	0.03
拜伦他	0.03
中资企业	0.03
席德贝克	0.03
卡伊德	0.03
布法蒂	0.03
尼哈生	0.03
秘闻	0.03
权基玉	0.03
致红	0.03
乔·维托里奥	0.03
艾斯纳	0.03
阿诺奇	0.03
李安妮	0.03
泰纳克	0.03
杰西卡·奥尔	0.03
阿图卡	0.03
玛迪逊	0.03
杜布切克	0.03
圣·德维提	0.03
罗伯特·乌立希	0.03
布露可	0.03
行包	0.03
嫉贤妒能	0.03
阿诺夫	0.03
一封沙丁	0.03
史蒂夫·马卡斯	0.03
坦波提	0.03
开阳	0.03
四百二十万	0.03
大卫·迪克汉姆	0.03
脸相	0.03
李奥纳多·迪卡普里奥	0.03
雷诺克斯	0.03
顶事	0.03
脸盘	0.03
廹	0.03
莱杜	0.03
柏丽	0.03
吉米·迈尔斯	0.03
莱杰	0.03
约翰·詹姆斯	0.03
阿尔瑞	0.03
贺特普	0.03
王超	0.03
莫斯比	0.03
法默莱蒂	0.03
朗·伍德	0.03
波波比尔	0.03
初时	0.03
吉阿尼·契里尼	0.03
马特·雷纳特	0.03
清炖	0.03
薛华	0.03
志石	0.03
爱琳·瑞普	0.03
萨伊德	0.03
安娜贝拉	0.03
祝平安	0.03
千尚	0.03
卞之琳	0.03
阿尔特	0.03
西卡瑟琳	0.03
丹尼·费舍尔	0.03
别让波特	0.03
温希普本	0.03
霍华德刚	0.03
艾镇	0.03
斯黛拉·格兰特	0.03
斯根宝	0.03
卢修斯·马尔福	0.03
韩国全	0.03
挑夫	0.03
板材	0.03
调治	0.03
桑多士	0.03
弗兰克·邱吉尔	0.03
儿玉兵	0.03
有碍于	0.03
康大海	0.03
但丽塔	0.03
辛蒂·拉姆森	0.03
克兰奇	0.03
蒂·维敏娜·琼斯	0.03
达伦罗斯克	0.03
塔克马	0.03
凝成	0.03
兹华斯	0.03
春美	0.03
大局观	0.03
疤瘌	0.03
体察	0.03
亚斯奎斯	0.03
朗姆莫希	0.03
哈奇森	0.03
汉密斯	0.03
温特史特恩	0.03
恩德培	0.03
曼丽·班纳特	0.03
笔划	0.03
比尔布坎南	0.03
金智浩	0.03
盖丘亚人	0.03
葛拉蒂	0.03
卢·安德鲁	0.03
涼	0.03
达摩克利斯	0.03
二十八日	0.03
平锋	0.03
罗斯托夫	0.03
爱波拉	0.03
树碑立传	0.03
爱兰·范·沃登堡	0.03
何异	0.03
达文·斯蒂芬	0.03
卡尔普	0.03
艾露	0.03
别拉他	0.03
体壮	0.03
曼兹尼	0.03
伯克立	0.03
威娜	0.03
贝蒂·哈迪	0.03
矍铄	0.03
卡赛提	0.03
莱提	0.03
绳锁	0.03
伊利莎白·麦肯麦尔	0.03
那小旗	0.03
爱米丽·罗丝生	0.03
维迪格亚	0.03
瑟希利亚	0.03
温怀特镇	0.03
大莱蒙果	0.03
米歇尔·爱玛	0.03
迪菲尔	0.03
赫拉斯	0.03
福卡利亚	0.03
圣塔斯西亚	0.03
鲍比·杰伊·布里斯	0.03
格伦达	0.03
马里奥·洛佩兹	0.03
準	0.03
威孚	0.03
国东	0.03
一二月	0.03
两千五百零二	0.03
七点十	0.03
何幸	0.03
何年	0.03
别传中	0.03
赖兹	0.03
拉克利	0.03
约翰·鲍曼	0.03
郑州	0.03
大卫·塞尔兹尼克	0.03
小诺米	0.03
唐纳德·麦克法兰德	0.03
女步	0.03
斯坦·科夫曼	0.03
暏	0.03
吉姆·多德	0.03
宫延里	0.03
罗伯特·勃朗宁	0.03
狄兰·托马斯	0.03
莫莉会	0.03
格吕德尤斯	0.03
筘	0.03
陪嫁	0.03
船埠	0.03
毕宿五	0.03
麦克·华莱士	0.03
玛格丽特·卡门·凯西诺	0.03
沃乐	0.03
比尔·理查逊	0.03
李察哈里斯	0.03
桂楠才	0.03
雅克·库斯托	0.03
欧美人	0.03
白石	0.03
爱因斯万	0.03
约翰·沃特斯	0.03
埃米纳姆	0.03
崔朝	0.03
普瑞尼斯	0.03
黛绿	0.03
拉祖帕	0.03
丹尼卡·泰勒斯	0.03
赫摩劳斯	0.03
叱咤风云	0.03
谢列梅捷沃	0.03
翟	0.03
威尔谢尔	0.03
沿海地区	0.03
卡尔科	0.03
斯图加	0.03
致敏	0.03
崔果	0.03
塞里夫	0.03
斯宾塞山	0.03
斯托莫布里	0.03
哈利卡纳萨斯	0.03
伯霍	0.03
哈立德	0.03
宝斯歌	0.03
乔恩·高曼	0.03
霍华德·塞尔缪斯	0.03
迈克尔·马提诺	0.03
洛达托	0.03
乔治·史蒂文森	0.03
贝桑松	0.03
叁万两千	0.03
博比·林恩·德克斯特	0.03
国号	0.03
福齐谷	0.03
基恩博格	0.03
道华	0.03
仪陇	0.03
让劳伦斯	0.03
晨训	0.03
遭逢	0.03
翠玉	0.03
声色犬马	0.03
彭伯里	0.03
祖库·瑟坦博	0.03
托马斯·摩根	0.03
格拉格斯	0.03
塞维洛	0.03
猪倌	0.03
保障金	0.03
西尔富	0.03
艾德勒	0.03
崔放	0.03
查理干	0.03
阿巴克	0.03
训令	0.03
积欠	0.03
夏茨	0.03
千百亿万	0.03
奥古斯堡	0.03
升幅	0.03
多伯纳	0.03
原义	0.03
皮姆·斯库特尼	0.03
艾德华	0.03
布拉德莱	0.03
欧莱亚	0.03
丁字尺	0.03
公廉	0.03
丽兹·布鲁克斯	0.03
国别	0.03
原人	0.03
女眷	0.03
亚当·肯	0.03
关心材	0.03
林达·威廉斯	0.03
善灵	0.03
杜克奥斯诺	0.03
克利比恩	0.03
顾念	0.03
菲佛	0.03
两千七百	0.03
克雷格·默顿	0.03
安东尼亚尼	0.03
阿马德·拉沙德	0.03
结构力学	0.03
圣巴巴拉市	0.03
利奥纳	0.03
查理亨特	0.03
盖斯弗	0.03
丝兰	0.03
井队	0.03
常波吻	0.03
金崇翰	0.03
麦尼	0.03
帮海	0.03
金玉谦	0.03
君星	0.03
安德鲁·詹姆斯·利	0.03
倭瓜	0.03
都飚	0.03
迪扎	0.03
醮	0.03
果蔓红	0.03
祥都	0.03
社会意识	0.03
克里斯蒂纳·威廉·佩克	0.03
迎清子	0.03
杰纳	0.03
格拉多斯	0.03
灰扑扑	0.03
多一事不如少一事	0.03
阿里斯托	0.03
欧贝维森贝格	0.03
玛丽雅	0.03
盖斯帕	0.03
六子	0.03
兰索	0.03
凯瑟·曼	0.03
七四	0.03
数量化	0.03
直露	0.03
木绵	0.03
梅丽莎·凯利	0.03
达福顿镇	0.03
特奎拉	0.03
亨切尔	0.03
科瓦尔兹	0.03
迪亚吉列夫	0.03
船务	0.03
高路洁	0.03
弗洛诺	0.03
建新	0.03
佛图	0.03
邦枝	0.03
徐伟强	0.03
捻线	0.03
多南菲尔德他	0.03
卡门德阿里哥	0.03
圣亚格尼斯	0.03
鲁道夫·赫斯	0.03
崔思	0.03
文彦	0.03
奥普拉·温弗莉	0.03
打工妹	0.03
西尔弗	0.03
信夫郡	0.03
柯法兰	0.03
船儿	0.03
高木博史	0.03
林赛都	0.03
佐依	0.03
钱存起	0.03
爱卡农	0.03
赞扬声	0.03
甘道	0.03
关心我	0.03
佐佑	0.03
噬菌体	0.03
普拉提斯	0.03
贝尔·恩德	0.03
甘之如饴	0.03
华特吉布	0.03
玄彬	0.03
朗达·兰贝克	0.03
杰·麦克伦尼	0.03
大卫布拉尼	0.03
朗道夫	0.03
杨友尚	0.03
普利斯顿伯格	0.03
佛利普	0.03
建来	0.03
席腊赫	0.03
小亚伯拉罕	0.03
满堂喝彩	0.03
六大	0.03
松隆子	0.03
奥克·米·菲·特克	0.03
贝尔斐戈	0.03
国国	0.03
凯斯·厄本	0.03
电磁锁	0.03
针叶林	0.03
菲立克	0.03
让本·坎贝尔	0.03
盐霜	0.03
多斯多	0.03
搾	0.03
皮埃尔卡塞尔	0.03
总面积	0.03
詹姆斯·诺克斯	0.03
普兰茨	0.03
科莱霍恩	0.03
二千七百	0.03
龙子里	0.03
哈利库拉尼	0.03
朴在容	0.03
帕力力	0.03
圣海伦山	0.03
一七	0.03
建桥	0.03
连红梅	0.03
爱特迪	0.03
那小狗	0.03
马琳·迪特茨	0.03
杰特	0.03
诺拉·菲奈莉	0.03
费莉西娅	0.03
布鲁斯·伟恩	0.03
办税	0.03
皮兹曼	0.03
諷	0.03
阿尔杰	0.03
迟迟疑疑	0.03
贝瑞·邦兹	0.03
盖斯召	0.03
二分法	0.03
德比·菲利普	0.03
过佑莉	0.03
米奇拉	0.03
母士	0.03
蹺	0.03
朴恩英	0.03
三百二十五	0.03
万变不离其宗	0.03
爱斯宾塞	0.03
三十一亿六百七十八万六千零五	0.03
暖洋洋	0.03
兵库县	0.03
狗狗太郎	0.03
德史来福	0.03
爱得	0.03
艾德·萨莉	0.03
乔希亚	0.03
张申英	0.03
巴瑟斯特	0.03
艾丽干	0.03
查理吉	0.03
瑛娥	0.03
轮作	0.03
伽师	0.03
利奥猜	0.03
杰珂	0.03
盖斯勒	0.03
乔·史密斯	0.03
绪川	0.03
贝克萨诺	0.03
瑞德·喜	0.03
没顶	0.03
多利斯	0.03
康迪赖斯	0.03
梦环	0.03
玛丽马	0.03
开蓬	0.03
隐疾	0.03
塞缪尔·莫斯	0.03
国定	0.03
路虎	0.03
木然	0.03
阿尔斯	0.03
南诺龙	0.03
戴维尔	0.03
琳达·墨菲	0.03
名物	0.03
杰米森	0.03
天那	0.03
道教徒	0.03
亚里山	0.03
赫布里底群岛	0.03
国学	0.03
玛格洛	0.03
杰斐逊·戴维斯·霍格	0.03
盛素	0.03
那圣恩	0.03
祖柏连	0.03
玛马汉	0.03
卡美隆	0.03
洛莲班恩斯	0.03
佛特南	0.03
马沙叔会	0.03
亚历克西	0.03
横蛮	0.03
凯特莉斯	0.03
查克·伊格尔	0.03
助威声	0.03
哈尔布莱特	0.03
暴力化	0.03
帮才	0.03
贝永清	0.03
纽佛克	0.03
埃德加·特伦斯	0.03
那群	0.03
锡拉丘兹市	0.03
依依惜别	0.03
托玛斯·牛顿	0.03
责任事故	0.03
帮扶	0.03
吉尔伯恩	0.03
利亚·富勒	0.03
毁誉	0.03
造册	0.03
雷尼尔	0.03
阿巴姆	0.03
冻害	0.03
玛丽安约	0.03
杰西卡·莱特	0.03
口传	0.03
维克多·哈拉	0.03
威伯	0.03
隐现	0.03
拉姆齐湖	0.03
国产货	0.03
弗劳格	0.03
金冬巴	0.03
玛莉亚·杜瓦	0.03
特里斯腾	0.03
奥克苏斯	0.03
夏萨蒂	0.03
克劳斯·巴比	0.03
志村	0.03
战泰森	0.03
阿菲克	0.03
限界	0.03
知识型	0.03
公函	0.03
杰瑞·泰勒	0.03
要念陶	0.03
柏格利	0.03
严智媛	0.03
那里那堆	0.03
朗姆特	0.03
于明熙	0.03
曲靖	0.03
那泰勋	0.03
麦克柏	0.03
冒用	0.03
拉利欧	0.03
道山	0.03
兰生	0.03
托伯来	0.03
第七十九	0.03
李唐熙	0.03
横肉	0.03
巴比亚	0.03
亚力山大哈特金	0.03
东飞	0.03
兜子	0.03
观测员	0.03
糜乐	0.03
艾萨	0.03
膀胱癌	0.03
鲍尔德莫特	0.03
雅俗共赏	0.03
戴特·麦卡锡	0.03
通航	0.03
克留奇科夫	0.03
斯麦蒂	0.03
金哲宇	0.03
保波克	0.03
查理斯费琪	0.03
佐藤弘	0.03
冯兹	0.03
史拉维拉斯	0.03
瑞奇马汀	0.03
杰克·比林斯	0.03
瓦姆兰	0.03
杰理	0.03
保罗·博克曼	0.03
阿加多	0.03
丹·斯坦	0.03
希尔顿·怀特	0.03
本迪克	0.03
帮果	0.03
君永	0.03
顶子	0.03
坎廷斯	0.03
海伦·斯杜勒	0.03
若不马	0.03
松井秀	0.03
普克的鲁文斯汀	0.03
公厘	0.03
斯派德尔斯派克	0.03
艾丝拉·诺娜米	0.03
兰皮	0.03
埃歇尔	0.03
梅尔本	0.03
尼尔兰德	0.03
费格罗阿	0.03
菲·费舍尔	0.03
影象里	0.03
苏修斯	0.03
关德琳	0.03
米哈伊尔·戈尔巴乔夫	0.03
十七分	0.03
铭心刻骨	0.03
崔斯高	0.03
比尔特莫	0.03
斯迪特	0.03
上压力	0.03
略逊一筹	0.03
布波	0.03
卡莱米	0.03
伽来	0.03
特里奥帕斯	0.03
刚果共和国	0.03
崔满实	0.03
罗西·德尔加多	0.03
柯西雅	0.03
迈克尔·雷蒙德·克莱顿	0.03
万婉琳	0.03
塞维德	0.03
安娜贝丝	0.03
党中央	0.03
路易斯·斯迈	0.03
泽布伦·万斯	0.03
夏洛克福尔摩斯	0.03
比尔赫伦	0.03
难解难分	0.03
绷脸	0.03
隐伏	0.03
比诺什	0.03
坎普科	0.03
蒙特克莱尔	0.03
黛伯	0.03
基尔里森	0.03
狗屎堆	0.03
商业城	0.03
莫卡特	0.03
蘚	0.03
棉田	0.03
车轱辘话	0.03
四千八百	0.03
平光镜	0.03
建党	0.03
威尔蒙	0.03
艾瑞莎·弗兰克林	0.03
马克·史蒂文斯	0.03
积奇	0.03
爱耐丝	0.03
槐树	0.03
商酌	0.03
华茂	0.03
和拉科鲁尼亚	0.03
鲍伯哈士金	0.03
维尔德	0.03
约翰·邦汉姆	0.03
艾斯提本	0.03
安全观	0.03
物像	0.03
阿卡托真	0.03
冰寒地	0.03
杰森·瓦利特克	0.03
史莱莫	0.03
华莉	0.03
博斯克	0.03
布莱切特	0.03
梅尔堡	0.03
西纳特拉	0.03
阿尔布	0.03
加泰罗尼亚	0.03
东道	0.03
帕里	0.03
柏枝	0.03
杰迪·卢克	0.03
劳埃德才	0.03
钱大福	0.03
肝胆	0.03
施罗德	0.03
本戈里恩	0.03
杰克·奥布里	0.03
建制	0.03
爱莲罗森霍	0.03
切普刚	0.03
甲丁	0.03
莱亨	0.03
包法蒂玛	0.03
马林·威尔特默	0.03
纳多莉亚	0.03
柏朋	0.03
莱纳斯·哈西	0.03
斯拉·特纳	0.03
威登	0.03
伯若莱	0.03
柯林·弗瑞斯维尔	0.03
郑多彬	0.03
挂虑	0.03
康斯且智斯	0.03
牙质	0.03
阿马尔	0.03
李炳中	0.03
金孝信	0.03
审订	0.03
锻件	0.03
格列特科夫	0.03
裤线	0.03
阿契尔	0.03
朝西尔斯	0.03
建华	0.03
爱伯克奇市	0.03
敌友	0.03
格林·博伊德	0.03
埃里奥特默特夫	0.03
邦克	0.03
金浩勇	0.03
审读	0.03
艾拉妮丝	0.03
月灵	0.03
鲍比·莫拉莱斯	0.03
马丁麦佛莱	0.03
哈考特	0.03
坦坦荡荡	0.03
邦可斯	0.03
成美圆	0.03
物理化学	0.03
阿尔尼	0.03
賊	0.03
卡尔艾亚	0.03
噶尼	0.03
施耐	0.03
姛	0.03
货币化	0.03
瘌	0.03
杰米·阿申	0.03
哪双才	0.03
欠款人	0.03
暴民才	0.03
丹尼斯奎勒	0.03
苏菲·法塔尔	0.03
波斯托伊纳	0.03
格林科特的萨	0.03
阿莱	0.03
科维奇	0.03
托卡伊	0.03
希内加	0.03
恩·克劳特	0.03
荷尔拜因	0.03
梅索镇	0.03
格林芬顿	0.03
简口斯基	0.03
埃里克来	0.03
西科维纳市	0.03
褒义词	0.03
挂职	0.03
默里市	0.03
曼佐尼	0.03
里维耶拉	0.03
圣维罗尼卡	0.03
麻浦桥	0.03
西达拉皮兹	0.03
希尔维斯特恩	0.03
杰罗比	0.03
马格斯菲特	0.03
子复活	0.03
比伊丽莎白	0.03
多诺万唐纳德	0.03
餐具柜	0.03
勇跃	0.03
盟主	0.03
米盖尔·迪亚兹	0.03
志度	0.03
阿马宗	0.03
弗劳克	0.03
詹姆士·乔伊斯	0.03
哈利·巴德	0.03
托马斯·斯图尔特	0.03
尼尔森·切尼	0.03
体环	0.03
莫莉塞特	0.03
布莱恩·迈尔	0.03
李王鹏	0.03
凯萨琳普尔	0.03
蜻	0.03
关伯兰	0.03
泰兴	0.03
肯尼斯诺依斯沃特	0.03
帕格尼尼	0.03
诺格里乔	0.03
比休斯顿	0.03
凯伦·韦提尔	0.03
金·贝辛格	0.03
达诺姆	0.03
拉瓦托夫	0.03
月田	0.03
安奎	0.03
安通纳	0.03
挂花	0.03
西·莫	0.03
高丽学	0.03
玛莎·斯图尔	0.03
品茗	0.03
王子飞	0.03
国术	0.03
歌罗西	0.03
道林	0.03
一点四	0.03
更多	0.03
现政府	0.03
埃克塞尔	0.03
国村	0.03
哈利波顿	0.03
国权	0.03
克瑞尔	0.03
乔·多曼	0.03
十亿分之	0.03
帕赫贝尔	0.03
丁字梁	0.03
工程量	0.03
当腰	0.03
忠夫	0.03
威玛	0.03
艾斯卡	0.03
若汉德森	0.03
考恩蒂	0.03
维新派	0.03
艾丽恩	0.03
都伽玛	0.03
斯泰西·安	0.03
肥缺	0.03
惠特尼休斯顿	0.03
零八十二	0.03
阿尔塔	0.03
威尔却不肯	0.03
思莫	0.03
菲利普·弗莱	0.03
塔科马市	0.03
荣膺	0.03
棕黄	0.03
施瓦本的克赖斯海姆	0.03
阿林撒	0.03
斯蒂芬·霍金	0.03
沙罗特	0.03
华薇	0.03
克劳迪亚斯·尼禄	0.03
彼德曼	0.03
常霍四年	0.03
梅丽萨	0.03
古吉拉特邦	0.03
柏润	0.03
埃贡·席勒	0.03
波哥丽亚	0.03
唐尼·迈克	0.03
物鏊	0.03
阿迈	0.03
祖芹	0.03
曼菲斯城	0.03
吃透	0.03
房地产权	0.03
金兰姆	0.03
邦威	0.03
布瑞特	0.03
狄格波尔	0.03
崔康	0.03
深茜	0.03
戴尔·韦伯斯特	0.03
里查德·普莱尔	0.03
梅尔兹	0.03
三万四千	0.03
谢弗让	0.03
奥利弗·斯通	0.03
致尔	0.03
菜摊	0.03
海兰黑茨	0.03
阿拉玛尼	0.03
蓄水库	0.03
两千两百	0.03
玄在旭	0.03
卢克兰索	0.03
阿尔图	0.03
西城区	0.03
约翰·伟恩	0.03
哈里明加	0.03
麦阿甘	0.03
罗慕兰	0.03
松木朔	0.03
克里斯芬	0.03
心贝铭	0.03
让吉姆	0.03
采风	0.03
月牙形	0.03
尤拉·英伽·汉森·本森	0.03
丹尼斯·佩隆	0.03
戴瑞克·迈尔斯	0.03
哈士奇	0.03
比里·雷	0.03
贝蒂·巴考尔	0.03
乔治·库隆尼	0.03
口紧	0.03
贝尔根	0.03
荣辱	0.03
狗泰迪	0.03
长衣	0.03
氮氧化物	0.03
长街	0.03
由芬	0.03
乔普拉	0.03
下狠心	0.03
营营	0.03
布莱肯比肯斯	0.03
佛罗拉	0.03
隆尼·布鲁斯特	0.03
切诺比	0.03
一部部	0.03
马洛里	0.03
博伊森	0.03
长诗	0.03
七点四十五	0.03
莎伦·达·西尔瓦	0.03
卫生站	0.03
石基路	0.03
塔莫南杜	0.03
比埃莉诺	0.03
棉纺	0.03
博伊根	0.03
卡米洛特	0.03
霰	0.03
小杰夫	0.03
基恩·基尔罗伊	0.03
阿贤	0.03
亚瑟斯	0.03
爱希礼	0.03
富布耐	0.03
优胜奖	0.03
拉桑德	0.03
肥牛	0.03
沃琼	0.03
钕	0.03
杰夫波贝	0.03
蒙特克莱城	0.03
懇	0.03
让菲奥娜	0.03
二十二三	0.03
拳头产品	0.03
克文化	0.03
塞尔希奥	0.03
禅丹	0.03
艾尼斯	0.03
箱体	0.03
死记硬背	0.03
保罗·戴伦	0.03
朴真雨	0.03
索纳玛	0.03
本杰明·兰德	0.03
竖线	0.03
纳奥米	0.03
那圣光	0.03
马修莫丁	0.03
齣	0.03
挂轴	0.03
宋日国	0.03
圣莫瑞兹	0.03
瞬息间	0.03
利沃夫	0.03
记录卡	0.03
卡兹奇	0.03
圣克莱蒙特	0.03
调门	0.03
小库柏	0.03
人民警察	0.03
界河	0.03
阿让	0.03
哈里森福特	0.03
普瑞蒙特瑞	0.03
崔大智	0.03
九亿	0.03
邦帝	0.03
尼基·布朗斯基	0.03
思洛克	0.03
马尔顿	0.03
满腔热忱	0.03
三五七	0.03
杰奎琳·奥拉德丝	0.03
蒙特里杰克	0.03
马提松	0.03
斯里克·威利	0.03
九七	0.03
卡丽普索	0.03
九分之三	0.03
顾曼	0.03
马前卒	0.03
倒买倒卖	0.03
达科塔·范宁	0.03
伯克夏	0.03
玛莉安伦	0.03
拟音	0.03
盖瑞欧夫曼	0.03
沃玛	0.03
李斯比	0.03
詹姆斯邦	0.03
曼菲斯	0.03
德美	0.03
卡特莲娜	0.03
安托宁·德沃夏克	0.03
纪美	0.03
建州	0.03
吱吱喳喳	0.03
不可名状	0.03
辐条	0.03
比安卡真	0.03
雷吉来	0.03
巴蒂图	0.03
艾德温	0.03
基利安	0.03
查默尼克斯	0.03
金伯利·科波格	0.03
谷什维尔	0.03
成文法	0.03
月素	0.03
雅尔塔	0.03
保罗·阿博	0.03
比伊莎贝尔	0.03
积器	0.03
林林总总	0.03
戈达市	0.03
冷语	0.03
吉吉塔	0.03
大循环	0.03
约瑟夫·帕奎特	0.03
维特·奥斯特	0.03
买格林	0.03
阿尔菲·埃尔金斯	0.03
崔士	0.03
罗奇立克斯	0.03
罗丝·帕克	0.03
袅	0.03
方有权	0.03
圣巴特比	0.03
仙风	0.03
马提撒	0.03
二马赫	0.03
伊迪布维尔·比尔	0.03
挂记	0.03
史蒂夫·旺德	0.03
芭芭拉布什	0.03
斯皮罗	0.03
油盐	0.03
切割器	0.03
比利·爱德华·兰斯	0.03
里史柯夫	0.03
姜俊泰	0.03
艾拉莲	0.03
禁放	0.03
圣佛朗西斯科	0.03
格莱斯代尔	0.03
疚	0.03
詹妮佛·洛佩兹	0.03
拉佐	0.03
小循环	0.03
雪莉·马可维兹	0.03
黄永金	0.03
班维克	0.03
公开性	0.03
跬	0.03
二百四十	0.03
沛比王	0.03
九零二六六	0.03
锻工	0.03
海国	0.03
胡克来	0.03
弗里德·杜斯特	0.03
博班克	0.03
吴彦祖	0.03
容光传	0.03
比尔卡伯特	0.03
威撒	0.03
原浆	0.03
胡利欧	0.03
结儿	0.03
埃弗拉	0.03
稳练	0.03
女同	0.03
悛	0.03
侪	0.03
违令	0.03
哥特干	0.03
亨利·凯雷利	0.03
穆特·威廉斯	0.03
六经	0.03
纽哈芬	0.03
科诺费莱	0.03
拉立库	0.03
祖马	0.03
巴高索雷	0.03
圣马特奥	0.03
圣米格尔	0.03
勘定	0.03
笔洗	0.03
奥维尔·莱特	0.03
封建王朝	0.03
罗缪勒斯·特恩布尔	0.03
巴比托	0.03
鲁斯·乔	0.03
齐达内	0.03
达里斯	0.03
冲量	0.03
丰茂	0.03
诺拉比	0.03
塔瑞丝	0.03
比安德鲁	0.03
查泽莱	0.03
瘴气	0.03
马兹富吉瓦	0.03
冬歇期	0.03
起稿	0.03
祖卡巴	0.03
提姆布可图	0.03
梦寐	0.03
阿尔乐	0.03
滥伐	0.03
布比	0.03
月报	0.03
梅茨格	0.03
凯瑟琳·泽塔琼斯	0.03
杰宁	0.03
德鲁兹	0.03
两千六百五十三	0.03
纳瓦真	0.03
煫	0.03
加瑞特	0.03
安迪·哈勃	0.03
饲料厂	0.03
卡利德·谢赫·穆罕默德	0.03
艾琳·卡拉	0.03
布瑞格	0.03
华道	0.03
混合色	0.03
结晶学	0.03
加加莱姆	0.03
月慈	0.03
那么样	0.03
琦京	0.03
藥	0.03
和乔治	0.03
典谟	0.03
法律学	0.03
冷霜	0.03
善儿	0.03
史蒂芬·诺林顿	0.03
美托洛尔	0.03
厄普代克	0.03
歹念	0.03
宙恩	0.03
赖子	0.03
阿锋	0.03
伯妮丝	0.03
至亲好友	0.03
狗狗鸣迪	0.03
适销	0.03
詹妮佛·凯莱	0.03
托尼蒙塔	0.03
盛哲	0.03
爱维吉尔	0.03
他利奥	0.03
归附	0.03
梦奇	0.03
归降	0.03
梅莱尼	0.03
莱得	0.03
萨莎·科亨	0.03
苏格拉特斯	0.03
阿奈斯·宁	0.03
依那普利	0.03
中环	0.03
威权	0.03
内韦德	0.03
莱弗	0.03
亨利·菲尔丁	0.03
柏登	0.03
雷沃斯	0.03
杰叫成	0.03
挂靠	0.03
贝尔格雷	0.03
维罗妮卡布勒	0.03
富贵病	0.03
卢什尼科	0.03
那圣井	0.03
服务所	0.03
基莫让	0.03
本杰明·杜恩	0.03
博斯曼的路德	0.03
雷吉纳	0.03
维克托佛朗哥	0.03
本杰明·布莱恩特	0.03
汉密尔	0.03
雨雪天	0.03
但西蒙	0.03
巴比松	0.03
杰克·盖恩斯	0.03
迪迈戈	0.03
帕科特	0.03
约翰·梅杰	0.03
卡比利亚	0.03
麦多纳	0.03
宋曼肃	0.03
马瓦曼森	0.03
安东尼亚	0.03
圣莫里茨	0.03
玄素	0.03
善地	0.03
维卡莱	0.03
狗老	0.03
贺特多	0.03
邓斯坦	0.03
蔫蔫	0.03
爱列娜	0.03
钢尺	0.03
道琪	0.03
月明	0.03
牙髓	0.03
朗姆宾	0.03
马来亚	0.03
米洛·兰巴迪	0.03
艾布·麦克里德	0.03
查尔逊	0.03
原案	0.03
道瑟	0.03
伊弗斯	0.03
抹灰	0.03
威尔姆森	0.03
伊扎克·帕尔曼	0.03
寿寿	0.03
和盖尔	0.03
木庭	0.03
梅利莎·埃瑟里奇	0.03
刺柏	0.03
阿杜姆	0.03
车前子	0.03
泰斯科	0.03
木床	0.03
盛利	0.03
乔·莫蒂默	0.03
他德瑞克	0.03
鲁比·基勒	0.03
积业	0.03
柘林	0.03
贝弗莉·安·克罗伊	0.03
寿堂	0.03
柯乔伊	0.03
李明熙	0.03
民在君	0.03
盗印	0.03
杜内斯波利	0.03
汤姆马	0.03
费瑟姆	0.03
图拉维斯塔	0.03
申秀峰	0.03
物超	0.03
远南	0.03
雾里看花	0.03
普里希勒·泰勒	0.03
阿根延	0.03
克吕泰涅斯特拉	0.03
四郎绳之	0.03
木山	0.03
弗兰克·辛纳特勒	0.03
贝蒂·雅布伦斯基	0.03
红沙岩	0.03
特雷西亚	0.03
玛利亚·安东尼娅	0.03
兰弟	0.03
忧患	0.03
尼·玛旺巴	0.03
马尔莫	0.03
塞琳·瓦伦	0.03
迪纳维亚	0.03
女史	0.03
艾德加·加克比	0.03
马格丽塔	0.03
柯林·法瑞尔	0.03
美器	0.03
玛萨西	0.03
乔·柯林斯	0.03
马修他	0.03
塔那摩	0.03
复合材料	0.03
衡梁	0.03
高君禾	0.03
菲沙	0.03
奥鲁罗的迪阿布拉达	0.03
淳之	0.03
阿布库	0.03
葱翠	0.03
埃弗斯	0.03
麦克尔森	0.03
木卫	0.03
金吉永	0.03
恒牙	0.03
勇邦	0.03
破产案	0.03
特拉法尔加	0.03
三两万	0.03
原故	0.03
明胶	0.03
亚瑟真	0.03
庞地	0.03
盖兹里克	0.03
鲍比·莫洛	0.03
军用车	0.03
贝尔顿市	0.03
播种机	0.03
明耀	0.03
从普渡	0.03
阿齐	0.03
雷·波特诺	0.03
马努斯·安纳森	0.03
郁结	0.03
木原	0.03
吉恩·奥特利	0.03
葛莱蒂丝	0.03
卡迈克	0.03
云开日出	0.03
娇美	0.03
兰兰	0.03
范·埃克	0.03
兰兴	0.03
办学	0.03
阿瓦雷兹	0.03
肘窝	0.03
抹粉	0.03
干劲冲天	0.03
铁铮铮	0.03
菲尔·柯林斯	0.03
和斯科特	0.03
肖连	0.03
神经原	0.03
菜田	0.03
善娥	0.03
一百八十	0.03
卢西恩特斯	0.03
羽毛未丰	0.03
德鲁奥	0.03
波奇帕可斯	0.03
卜拉	0.03
常赫问	0.03
加菲留	0.03
马尔科姆·斯维特	0.03
斯托顿	0.03
小娘子	0.03
押款	0.03
尹多熙	0.03
鄂霍次克海	0.03
殡	0.03
苏皮沙尔斯	0.03
欧吉奥斯蒙	0.03
麦克劳德	0.03
佛罗伦斯·南丁格尔	0.03
爱丽克斯	0.03
迪安·老	0.03
玛娜茜	0.03
封树信	0.03
福那多·雷	0.03
七十九万二千四百五十八	0.03
囫囵吞枣	0.03
吉列姆	0.03
善天	0.03
葛林斯丁	0.03
若福刚	0.03
鹅毛大雪	0.03
广铉	0.03
浮尘	0.03
喀里萨	0.03
阿历士阿历士	0.03
那小倩	0.03
结存	0.03
胡同口	0.03
卢西尼	0.03
拉克曼	0.03
盖迪斯	0.03
六甲	0.03
薄于云水	0.03
伯连纳	0.03
巴比桑	0.03
远君	0.03
布弗劳格	0.03
菲奈特	0.03
厄尼·罗德里格斯	0.03
国际台	0.03
德哈维兰	0.03
紧绷绷	0.03
奥内特	0.03
胡克河	0.03
他乡遇故知	0.03
晶球	0.03
一二十	0.03
达姆拜尔	0.03
拉斯提·布里吉斯	0.03
亚特兰蒂斯城	0.03
初创	0.03
秦豪会	0.03
西罗·贝斯杜斯	0.03
阿迪希尔克莱顿	0.03
筛糠	0.03
班尼迪克	0.03
当仁不让	0.03
汤姆·吉尔克里思特	0.03
圣布那的诺	0.03
弹冠相庆	0.03
亚历山大·丹尼	0.03
伯纳德·萨默维尔	0.03
孙泰我	0.03
佐拉·尼尔·赫斯顿	0.03
阿济奇威	0.03
锋锋	0.03
爱巴里	0.03
希·勃朗特	0.03
德蒙特	0.03
有机玻璃	0.03
梅瑞恩	0.03
工读生	0.03
九平	0.03
罗森博格	0.03
簪子	0.03
小森美·戴维斯	0.03
训慰	0.03
阿魁	0.03
菲林	0.03
君乃	0.03
邦交	0.03
黛比麦斯	0.03
姮	0.03
斯迪克	0.03
艾米存	0.03
顾盼	0.03
国粹	0.03
雷蒙德·普赖斯	0.03
小诺亚	0.03
昏乱	0.03
赫玛尼诺夫	0.03
亚伯拉罕·赛皮恩	0.03
扯后腿	0.03
媛中	0.03
迪丽亚	0.03
亚伯拉罕·马斯洛	0.03
睜	0.03
布莱恩特·冈贝尔	0.03
柏磊	0.03
吸奶器	0.03
勇闯	0.03
艾里森·斯考特	0.03
初原	0.03
丕平	0.03
杰·昌德雷萨克	0.03
艾利莫	0.03
俭朴	0.03
艾利莎	0.03
冷食	0.03
普亚尼	0.03
周吉木	0.03
西尔瓦	0.03
休伦湖	0.03
泰德·耐	0.03
科汉	0.03
同德山	0.03
卡斯里顿	0.03
尼塔基	0.03
建义	0.03
托托布里克	0.03
玛莎·华盛顿	0.03
伊娜瑞	0.03
乔其特	0.03
布鲁尼托	0.03
艾尔伯特·施佩尔	0.03
知识界	0.03
切罗·德马斯	0.03
和纳尔逊	0.03
马克思查瑞	0.03
莉娜刚	0.03
帕赫	0.03
托尼娅	0.03
卡迈隆·唐兹	0.03
锡腊库思	0.03
坎达哈	0.03
圣·派特	0.03
查多克	0.03
和安娜	0.03
鲁瓦拉	0.03
王珍松	0.03
提克里特	0.03
若比尔	0.03
女宾	0.03
女家	0.03
奥斯丁让	0.03
丁峰镇园	0.03
梵都山	0.03
调式	0.03
奥斯威新	0.03
调弄	0.03
惠蒂尔市	0.03
永奎	0.03
让杰西	0.03
亚嘉普科	0.03
恒生	0.03
萨尔撒	0.03
鲍勃·米尔	0.03
初六	0.03
科塞尔	0.03
舒娜	0.03
长鸣	0.03
金浩中	0.03
马克斯·冯·赛多	0.03
莨	0.03
卢西奥	0.03
黄春菊	0.03
佛洛依德	0.03
艾森伯格	0.03
洪银淑	0.03
再生产	0.03
福兰克·穆利根	0.03
忠顺	0.03
伊斯坦尔	0.03
二千四百万	0.03
志同道合者	0.03
窦性心	0.03
恺撒王	0.03
加纳人	0.03
格雷查克	0.03
崔西和	0.03
汤米·波茨	0.03
大卫·葛斯汉森	0.03
浅吟低唱	0.03
来格瑞	0.03
渗透压	0.03
玛克辛伽尼克	0.03
拉吉娜	0.03
三年	0.03
柳贞来	0.03
西蕾	0.03
强尼·麦格劳	0.03
陡然	0.03
格特鲁	0.03
邬	0.03
布伦瑞克	0.03
泰森·西姆斯	0.03
安基丰	0.03
宝拉·克劳	0.03
碧翠斯	0.03
年均	0.03
阿巴克尔	0.03
和加布里埃尔	0.03
玷	0.03
卡莉丝塔佛拉哈特	0.03
克里夫·珀尔伍兹	0.03
停当	0.03
浊气	0.03
异姓	0.03
合成橡胶	0.03
内海	0.03
培雷	0.03
格维思顿	0.03
普里西·兰德	0.03
倒装	0.03
伊特鲁利亚	0.03
窥伺	0.03
业瑜	0.03
阿德里斯	0.03
米奇·可汉	0.03
珍娜·道顿	0.03
从永敏	0.03
扎克真	0.03
科妮莉亚	0.03
康斯坦丁·维什涅夫斯基	0.03
伤残人	0.03
莫西哥	0.03
检讨书	0.03
乃雪	0.03
萨利·詹森	0.03
马嘉丽	0.03
老蓝	0.03
丹先	0.03
丹克	0.03
黄明景	0.03
欺生	0.03
让特里	0.03
欲速不达	0.03
一根	0.03
培门	0.03
永树来	0.03
和丹尼尔	0.03
查理·安德鲁斯	0.03
无声手枪	0.03
土岗	0.03
萨耐	0.03
麦罗什	0.03
小罗罗	0.03
精到	0.03
刘建明	0.03
瓦妮莎·洛克	0.03
坎哈	0.03
春夏秋	0.03
席拉德冯瑞克堡	0.03
贞慧	0.03
达库兹	0.03
回文诗	0.03
勃子	0.03
科努比	0.03
高迪维斯	0.03
奥瑞莱	0.03
伊莲恩	0.03
奥格兰德	0.03
扎克瑞	0.03
景美	0.03
捷报频传	0.03
卡迈勒·阿德	0.03
逞凶	0.03
加尔文·艾登	0.03
异客	0.03
金敏镐	0.03
劳伦·巴尔	0.03
张英俊	0.03
弗瑞斯维尔	0.03
克莱斯托	0.03
纳维	0.03
通信处	0.03
伍又一	0.03
老薛	0.03
山口幸彦	0.03
解释权	0.03
埃拉斯	0.03
契卡索	0.03
巴莱	0.03
构件	0.03
德罗普	0.03
相持	0.03
他巴博萨	0.03
卡特迈	0.03
金布尔	0.03
实地调查	0.03
枞树	0.03
蹉	0.03
齐力马扎	0.03
花氏	0.03
苗木	0.03
克罗伊·奥布莱恩	0.03
黄杉	0.03
春梦里	0.03
李继英	0.03
库尼斯	0.03
鲁德尼克德	0.03
申海宾	0.03
费乐	0.03
希拉·康提	0.03
伊斯特布洛克	0.03
皮特金	0.03
宅第	0.03
洛宁	0.03
潲	0.03
敏楚	0.03
克罗勒夫	0.03
坎姆登	0.03
负一百	0.03
胞妹	0.03
普利斯顿	0.03
荷华洲	0.03
谢贤	0.03
鲁·迪贝拉	0.03
阿姆斯特朗卡斯特	0.03
康纳德·瑞西凯	0.03
唐·拉斐尔	0.03
查尔斯·梅森	0.03
穆罕默德·西克·阿齐泽	0.03
敏根	0.03
吉姆·欧舍尔	0.03
瘢	0.03
存成	0.03
生活区	0.03
提珀普斯	0.03
转弯子	0.03
费伊	0.03
西蒙西蒙	0.03
老莫	0.03
费优	0.03
西蒙·桑切斯	0.03
克兹普林姆斯基	0.03
败诉方	0.03
三子	0.03
路密斯	0.03
伊里诺	0.03
克拉荷马的海斯曼	0.03
巴蕾	0.03
年号	0.03
奥斯丁克马田	0.03
三学	0.03
罗伯托·佩纳	0.03
探家	0.03
铃木一郎	0.03
德·拉·罗萨	0.03
科城	0.03
签字权	0.03
加登达	0.03
贞时	0.03
富乐	0.03
醉乡	0.03
国民经济	0.03
萨萨	0.03
小哈特	0.03
帕提尔	0.03
诺维本	0.03
倒运	0.03
詹姆士邦	0.03
那双宝	0.03
精囊	0.03
八三	0.03
抄送	0.03
布努诺	0.03
琳达来	0.03
韩顺工	0.03
千万分之一	0.03
子孝	0.03
阿康比斯	0.03
安塔华帕	0.03
佛赫斯特	0.03
远虑	0.03
莱切德	0.03
奥托戴	0.03
欢歌笑语	0.03
三一年	0.03
莱缪尔·万格	0.03
范戴克	0.03
普·布朗	0.03
承包制	0.03
狄妮丝	0.03
火山岛	0.03
狄威特	0.03
凯瑟琳·圣约翰	0.03
萨蔓	0.03
伯尼盖琳	0.03
木炭画	0.03
直溜	0.03
慢性子	0.03
少薰真	0.03
减压器	0.03
三好	0.03
道格拉斯·弗里曼	0.03
学武	0.03
重弼秋	0.03
阿森尼奥	0.03
安特纳姆	0.03
依琳娜	0.03
弗尔逊	0.03
史拉琴	0.03
佛洛斯帝	0.03
迪派	0.03
马丁娜	0.03
美眉	0.03
金苹果	0.03
达沃斯	0.03
喇叭口	0.03
维奥莱特·西莫	0.03
花果	0.03
费尔克劳	0.03
杰森·沃姆	0.03
奥克蒙	0.03
乔恩·邦乔维	0.03
金都布隆	0.03
有孝	0.03
蓝白光	0.03
景琳	0.03
麦克斯·科恩	0.03
卡普妮雅	0.03
丹宁	0.03
丝竹	0.03
三万一千	0.03
千真	0.03
麦克维	0.03
词缀	0.03
六四点	0.03
纱窗	0.03
爱琳妮	0.03
圣安朱	0.03
弗洛伦萨	0.03
麦克纳	0.03
崔仁浩	0.03
梅立科	0.03
老辣	0.03
丽美子	0.03
向西飞	0.03
优哉游哉	0.03
子和	0.03
雅各布·塞缪尔森	0.03
老车	0.03
冯尼格特	0.03
温台	0.03
郑京浩	0.03
赫柏	0.03
沙溪路	0.03
参会	0.03
作图	0.03
兹的培根	0.03
贝尔纳多	0.03
别理马库斯	0.03
崔容秀	0.03
法斯宾达	0.03
海瑟顿	0.03
皮特佩特利	0.03
花旦	0.03
贝罗	0.03
巴克·都博尔	0.03
罗比尼奥	0.03
亚柏特	0.03
那超赞	0.03
纺织娘	0.03
范妮尔	0.03
迪·杜迪	0.03
斯维芙丽	0.03
爱斯特·凯恩	0.03
珍尼·安德森	0.03
十二点五十	0.03
访查	0.03
亦雄	0.03
伯纳乌	0.03
成胜利	0.03
谢尔森	0.03
查尔斯·约翰森	0.03
谢茵	0.03
和大林	0.03
芬迪	0.03
美琪	0.03
美琦	0.03
卢克真	0.03
尹索利	0.03
斯米特	0.03
进步奖	0.03
查理·西恩	0.03
谷里	0.03
过从甚密	0.03
诺曼诺斯	0.03
奥吉·合恩	0.03
杰奎琳·瑞琪	0.03
桑德琳·比耶尔	0.03
老赖	0.03
奈吉尔	0.03
平克·佛洛依德	0.03
莫莫奈才	0.03
莰	0.03
彼德·哈克	0.03
棂	0.03
诺查丹玛斯	0.03
克雷查	0.03
波奇·杰克森	0.03
戈蒂新	0.03
救济品	0.03
丹增	0.03
本拉海明	0.03
皮埃尔·查尔斯·朗	0.03
有志	0.03
阿卡维拉	0.03
德克刚	0.03
威廉·萨洛扬	0.03
卡洛里	0.03
马之密	0.03
贝祖	0.03
莫拉莱士	0.03
作协	0.03
林布兰特	0.03
胞兄	0.03
冰清玉洁	0.03
但玛丽	0.03
范妮娜	0.03
程序性	0.03
布莱特·哈特	0.03
爱沃里	0.03
丹弗	0.03
栃	0.03
爱德·高尔	0.03
邓波	0.03
卡尔·路易斯	0.03
张纯如	0.03
柳正元	0.03
波比·赫利	0.03
皮影戏	0.03
钟飞	0.03
普利斯通	0.03
子儿	0.03
比飞	0.03
瑞西阿斯	0.03
凯特丽奥娜·默里	0.03
唐普莱斯	0.03
吉姆·贝克	0.03
史林德林	0.03
吉尔勒莫	0.03
远超	0.03
米娜瓦	0.03
八点七	0.03
他杰伊	0.03
拉多万	0.03
孙女婿	0.03
乔妮·米切尔	0.03
贾兹敏·内莉·梅·比尔特摩	0.03
吉瑞斯	0.03
伊恩·尼古拉斯·麦克雷利	0.03
西裔	0.03
花押	0.03
彼斯堡	0.03
形而下	0.03
形而上	0.03
萨里斯约	0.03
都非	0.03
唗	0.03
萨迪	0.03
宋·耐	0.03
破浪前进	0.03
储物	0.03
芳烃	0.03
辉石	0.03
无后	0.03
尼克来	0.03
格拉图斯	0.03
乔治·沃克·布什	0.03
巴贝	0.03
曼森波罗	0.03
去年底	0.03
约丹妮丝	0.03
恩特曼	0.03
克莱斯波	0.03
子口	0.03
学报	0.03
博克斯顿	0.03
洛莎	0.03
入秋	0.03
和佩内洛普	0.03
迪克史密夫	0.03
吉米·卡格尼	0.03
美焕	0.03
连发器	0.03
哈弗里切克	0.03
寄生蜂	0.03
至松井	0.03
帕却吉	0.03
威尔逊·哈格里夫	0.03
大卫·帕尔默	0.03
五千五百万	0.03
丹墨	0.03
六七千万	0.03
格雷·古斯	0.03
肴	0.03
一操	0.03
爱费尔米纳	0.03
那镇民	0.03
紫霞	0.03
博格帕斯	0.03
郑在英	0.03
尤里西斯·辛普森·格兰特	0.03
罗斯蒙德	0.03
诺里奇	0.03
紫雪	0.03
景珍	0.03
嘉宝娜	0.03
卡梅伦·迪亚兹	0.03
波拉科	0.03
凯普莱特	0.03
约帕特里克	0.03
浮士庞特	0.03
三元	0.03
长治久安	0.03
切尔韦泰里	0.03
品川	0.03
伍迪·格思里	0.03
格列尼尔	0.03
丁丁当当	0.03
和迈克尔	0.03
魁力	0.03
佛尼亚	0.03
净力	0.03
三仪	0.03
老雷	0.03
朱迪福斯特	0.03
贝利兹	0.03
三亚	0.03
百分之两百一	0.03
童男童女	0.03
三京	0.03
欧耶尼	0.03
卡扎齐	0.03
蒂皮特	0.03
全村人	0.03
艾吉尔	0.03
芭塔	0.03
沙斗里	0.03
辛巴才	0.03
纳卡	0.03
超模照	0.03
莎拉·巴伦泰	0.03
卡克波特	0.03
景永	0.03
书亚记	0.03
克莉丝登·麦凯伊	0.03
探井	0.03
玛佐托夫	0.03
理查·雷特	0.03
金永郡	0.03
查德克斯特	0.03
计划署	0.03
胡玛雍	0.03
伦兹利市	0.03
劳伦斯让	0.03
拉·乔拉	0.03
探伤	0.03
庞福瑞	0.03
里斯镇	0.03
凫	0.03
史默豪斯	0.03
西铎	0.03
尸蜡	0.03
和庆浩	0.03
一辆辆	0.03
包在目	0.03
亚里斯多德·奥纳西斯	0.03
景洪	0.03
芳泽	0.03
乔·比格	0.03
威廉·蒙克	0.03
钱照花	0.03
商那	0.03
佛瑟帝	0.03
亨利基辛格	0.03
赛门·罗斯	0.03
美贝莲	0.03
猜丽贝卡	0.03
迪沙	0.03
作价	0.03
景浩	0.03
文兰	0.03
赔偿案	0.03
露辛·史密森	0.03
托尼·蒙塔那	0.03
韩惠淑	0.03
埃迪·洛维利	0.03
序论	0.03
贝林	0.03
克里斯多夫哥伦布	0.03
斯文顿	0.03
劳拉·西普瑞恩	0.03
横扫千军	0.03
麦西亚的拜亚尔	0.03
瑞姆邦	0.03
阵雪	0.03
铁铁	0.03
诗里	0.03
路德维克·伯尔伯克	0.03
朱利娅·麦库勒	0.03
杜特雷蒙	0.03
食用菌	0.03
比利·艾尔	0.03
比拉德	0.03
型式	0.03
贝查	0.03
述伟	0.03
崔明珠	0.03
波卡·卡特	0.03
申贤	0.03
花糕	0.03
比尔·米勒	0.03
罗伯托·内瓦雷	0.03
史泰尔斯	0.03
埃当普市	0.03
乔治那	0.03
松索纳	0.03
磁通量	0.03
一亿四千万	0.03
詹姆士迪恩	0.03
阿普尔	0.03
钱德勒泰森	0.03
荷利耶·吐博摩	0.03
路易斯·皮克林	0.03
子书	0.03
帕瓦帝	0.03
单弄来	0.03
伯娜黛特·皮特丝	0.03
查尔斯·弗雷泽	0.03
阿梅利亚	0.03
伊甘让	0.03
美泽	0.03
奥古斯丁·比齐蒙戈	0.03
培特威	0.03
乔·鲁皮诺	0.03
卡尔·托马斯·巴恩哈特	0.03
绮罗	0.03
欠资	0.03
关小杰	0.03
里奇蒙	0.03
叅	0.03
简·布鲁伍德	0.03
圣罗萨	0.03
波尼亚托夫斯基	0.03
通信业	0.03
尼娜那	0.03
玛丽·伊萨贝尔	0.03
斯卡兰蒂诺	0.03
泰莉麦特	0.03
亚当·安特	0.03
史坦尼斯拉夫斯基	0.03
尾泽美	0.03
杰克盖	0.03
格拉茨	0.03
四亿五百万	0.03
普拉娜	0.03
中山市	0.03
热学	0.03
金秉达	0.03
芭尼	0.03
量词	0.03
瑞克·罗森	0.03
杰罗德·罗夫	0.03
洛诺克	0.03
凯文米勒	0.03
拉拉得	0.03
维尔肯斯	0.03
拨发	0.03
奥托兰·菲尼斯	0.03
特德那	0.03
魁基	0.03
丹佐·华盛顿	0.03
申恩庆	0.03
珍宇	0.03
新股	0.03
马格莉特·米德	0.03
威尔·布鲁	0.03
博顿比	0.03
入户	0.03
金素锦	0.03
金仁瑞	0.03
随君	0.03
莫妮莎	0.03
爱米利娅	0.03
让费耶德	0.03
巴雪	0.03
玛雅光	0.03
纳西·威廉斯	0.03
杰夫·普罗布斯特	0.03
克莉奥佩特拉·菲洛帕	0.03
大约翰·斯利木	0.03
詹姆士肯	0.03
一类	0.03
车永功	0.03
默瑞亚·迈克泰格	0.03
格林·霍林格	0.03
费尼	0.03
克兰斯敦	0.03
德鲁玛	0.03
预制	0.03
松岗	0.03
四千七百万	0.03
麦克斯·温伯格	0.03
张柏芝	0.03
和元熙	0.03
俞智燕	0.03
威廉班迪	0.03
地空导弹	0.03
克莱尔·巴特勒	0.03
美格	0.03
甘尼特	0.03
玛莉亚·艾弗勒斯	0.03
无云	0.03
珍奥	0.03
鵜	0.03
百加迪	0.03
普里什蒂纳	0.03
不过意	0.03
克里奥里	0.03
西比佛利山	0.03
金元秀	0.03
雅克·希拉克	0.03
贝扬	0.03
让普里西拉	0.03
张邦妮	0.03
萧萧	0.03
兰道尔干	0.03
别管杰瑞	0.03
安娜来	0.03
萨蒙托索	0.03
罗依·科雷顿	0.03
黎嘉云	0.03
帕米拉·福克尔	0.03
摸得着	0.03
洛马	0.03
让伊莫森	0.03
史蒂夫·文尼	0.03
约翰·贝舍曼	0.03
大伯子	0.03
坑骗	0.03
千春	0.03
一七三八年	0.03
参建	0.03
年下	0.03
艾伦·格林斯潘	0.03
取信于民	0.03
埃拉纳	0.03
动之以情	0.03
培特兰	0.03
麦克斯韦尔·华莱士	0.03
外延	0.03
安格马	0.03
安和佩琦	0.03
承前启后	0.03
西竹一	0.03
卡的夫	0.03
哇纳	0.03
爱德华·摩	0.03
华泽曼	0.03
他文森特	0.03
基诺沙	0.03
学瑜	0.03
花盘	0.03
艾吉才	0.03
贝氏	0.03
阿格斯	0.03
鲍里斯维昂	0.03
艾曼达·吉勒	0.03
驶近	0.03
绮特	0.03
埃罗尔·丹德里奇	0.03
提波特	0.03
佛恩	0.03
美晶	0.03
杰弗曼	0.03
猎装	0.03
斯卡斯代尔	0.03
费可	0.03
百分之一亿	0.03
萨利·文森特	0.03
赖恩夏佩尔	0.03
保健网	0.03
查理·哈维	0.03
萨姆松	0.03
达福尔	0.03
仁智生	0.03
萨曼塔·杰德	0.03
高麦斯	0.03
索克斯	0.03
富冈	0.03
钟路	0.03
儿女情长	0.03
从魁	0.03
投资额	0.03
萨顿	0.03
麦特森	0.03
墨迹未干	0.03
六子姐	0.03
爱山姆	0.03
尤里·伊万诺维奇·帕多洛夫	0.03
春野州	0.03
唐娜·谢里登	0.03
在弘	0.03
奥克伍德	0.03
真天才	0.03
詹诺斯·斯塔克	0.03
学监	0.03
西尔维娅多	0.03
天仙配	0.03
玛丽凯特	0.03
猜福勒	0.03
阿德里纳	0.03
尼格尔	0.03
卢米艾尔	0.03
不如意事常八九	0.03
祝秀恩	0.03
麦克海	0.03
成几百亿	0.03
沤	0.03
斯坦·缪西尔	0.03
克劳蒂	0.03
克利尔沃特	0.03
敏知	0.03
奇安娜	0.03
胡奇河	0.03
杰雷米亚·德·杰雷梅	0.03
人定胜天	0.03
海伦来	0.03
廚	0.03
维克贝克	0.03
萨利米	0.03
阿姆萨斯	0.03
强尼·戈	0.03
萨拉都	0.03
车轮战	0.03
路西安	0.03
珍尼丝吕宾	0.03
麦克沃	0.03
紫花	0.03
乔布拉	0.03
艾莉艾莉	0.03
玉帝用	0.03
小威廉	0.03
史迈	0.03
户口簿	0.03
零点零三	0.03
斯特鲁麦尔	0.03
追根问底	0.03
全洛城	0.03
零点零九	0.03
郡立	0.03
伊莲娜·斯科特	0.03
乔布斯	0.03
一千零二十	0.03
老高	0.03
阿涅斯托·康特拉斯	0.03
洛芬市	0.03
伯茨豪森	0.03
索尼·罗林斯	0.03
康马	0.03
疑阵	0.03
鲍勃·萨盖特	0.03
邮品	0.03
罗哈斯	0.03
喘嘘嘘	0.03
麦克正	0.03
比布莱	0.03
法斯宾德	0.03
巴夫龙	0.03
罩衣	0.03
亲代	0.03
麦克那马拉	0.03
荣锋	0.03
贝特·沃恩	0.03
高迪塔	0.03
戈卢坦	0.03
洛琳·巴克斯特	0.03
贝格	0.03
克罗伊得	0.03
贝利尔	0.03
鹤望	0.03
眼压	0.03
铜雕	0.03
路德维格·凡	0.03
菲戈拉	0.03
让托格	0.03
亚什兰	0.03
聊以自慰	0.03
士来	0.03
迈克尔约克	0.03
安蓓尔	0.03
满春我	0.03
层峦叠嶂	0.03
让斯塔克伍德	0.03
张首路	0.03
保人	0.03
东尼霍克	0.03
亨利·艾尔德里奇	0.03
库珀哈里斯	0.03
尤利塞斯	0.03
船老大	0.03
奥兰尼	0.03
博瑞狗	0.03
之博斗	0.03
杰弗里·彼朵	0.03
亚哈斯	0.03
拉斯维加斯的曼德勒	0.03
埃里克·罗斯科兰茨	0.03
储户	0.03
田亮介	0.03
圣弗朗西斯来的马尔科姆	0.03
迪沃伊达	0.03
老飞	0.03
一铲铲	0.03
别管涛	0.03
埃德蒙·伯克	0.03
费吉	0.03
纺织业	0.03
黄紫	0.03
强尼·苏利文	0.03
圣派迪	0.03
黄素	0.03
欧克博奇湖	0.03
唐纳德·尼克松	0.03
公路局	0.03
罗杰·斯达巴克	0.03
卡比托奈山	0.03
汤普森让	0.03
富国	0.03
他艾迪	0.03
棘爪	0.03
帕瓦德	0.03
多罗斯	0.03
强尼·柯	0.03
儿童团	0.03
向贵院	0.03
玛雅姆	0.03
让托比	0.03
莱温斯	0.03
杰克·鲍西	0.03
杜威比思珀琪	0.03
连礼	0.03
一千四百二十	0.03
彪炳	0.03
主营业务	0.03
安德鲁·米绍	0.03
贝特勒	0.03
一支剑兰	0.03
迈考力·考尔金	0.03
鲁米	0.03
斯拉迪巴特福斯	0.03
布洛申	0.03
巴弗洛	0.03
吉米那	0.03
丹尼·弗兰克斯	0.03
和威廉	0.03
鲁迪·瓦利	0.03
麦格尼西亚	0.03
卢塞恩	0.03
琳达丝	0.03
臃	0.03
格雷斯·凯利	0.03
普莱莫	0.03
仁瑞	0.03
卡莉基	0.03
日佩特利	0.03
马里亚娜	0.03
阿什克罗夫特	0.03
塞巴罗斯	0.03
花灯	0.03
凯特·布什	0.03
安东尼瓦克斯曼	0.03
麦克格	0.03
金桑韵	0.03
玛丽·汤普森	0.03
唐娜佛鲁兹	0.03
桑加拉的朱玛	0.03
玛雅来	0.03
约翰查尔斯巴特利	0.03
杰拉德·普雷森瑟尔	0.03
米丽娅姆	0.03
威廉·乔治·斯宾塞	0.03
吉耶摩·德尔·托罗	0.03
金世皓	0.03
九点二	0.03
镎	0.03
人迹	0.03
米丽莎	0.03
佐拉内	0.03
马法尔达·霍普柯克	0.03
安重根	0.03
爱理不理	0.03
圣彼得市	0.03
钟是林	0.03
莎拉·诺瓦克	0.03
路西恩	0.03
诺丽	0.03
黑耀石	0.03
克劳斯比	0.03
六百三十九万六千	0.03
罗森克兰茨	0.03
布赖恩让	0.03
他安祥	0.03
千张	0.03
亚里夫	0.03
埃伯特比	0.03
帕洛阿图	0.03
阿玛菲	0.03
波塞维亚	0.03
和小兵	0.03
萨莫斯	0.03
品玉	0.03
相春帮	0.03
红都	0.03
侃普	0.03
地板蜡	0.03
矛盾律	0.03
微利	0.03
费兰克林宾逊	0.03
烧荒	0.03
海勒姆	0.03
丝可	0.03
艾玛怀森	0.03
求恕	0.03
六万四千	0.03
斯穆里	0.03
让斯特平·费	0.03
但埃丝特	0.03
宣传车	0.03
国家栋梁	0.03
克利斯蒂	0.03
正郁	0.03
买桑娜德	0.03
朱莉安娜来	0.03
三百九十八万两千	0.03
费森	0.03
艾什莉·贾德	0.03
克雷亚	0.03
三类	0.03
让伯格	0.03
威廉特纳	0.03
盖文·莱尔	0.03
声谱	0.03
绨	0.03
塔格斯	0.03
无羁无束	0.03
新闻部长	0.03
戴伦斯	0.03
哥弗兰克	0.03
米丽能	0.03
伊斯尼亚	0.03
米基曼	0.03
梅克伦堡州	0.03
么斯	0.03
奥黑尔	0.03
尼格斯	0.03
罗兰士	0.03
主体性	0.03
比科伊尔	0.03
弗兰纳里·奥康纳	0.03
威阿鲁	0.03
来雪城	0.03
救济粮	0.03
卡巴·艾塔·西格玛	0.03
年尾	0.03
帕奥德	0.03
拉里沙	0.03
欧比王	0.03
帕罗奥图	0.03
珍淑	0.03
片面性	0.03
一三	0.03
一东	0.03
拉麦克斯	0.03
外路	0.03
贝儿	0.03
求晴	0.03
海勒尔	0.03
沃尔特·泰勒	0.03
陆海军	0.03
蒙特马	0.03
马克·克莱顿	0.03
一又八分之一	0.03
周之久	0.03
洪都拉斯人	0.03
贝兰	0.03
麦克斯·安德森	0.03
丹真	0.03
選	0.03
贝福德	0.03
塞尔伍德	0.03
文九洋	0.03
茶钱	0.03
一五	0.03
查尔斯拉	0.03
根香柱	0.03
班克罗夫特	0.03
麦克南	0.03
暗昧	0.03
米诺索	0.03
碧血	0.03
弗林斯顿	0.03
汤姆斯·杰佛逊	0.03
尼克·雷恩	0.03
狄加	0.03
通信网	0.03
一点零五	0.03
美娟	0.03
信廷琳	0.03
贝尔吉施	0.03
普林士顿	0.03
加奥利奥	0.03
佩伽文	0.03
哈德·施维德斯	0.03
莎拉多年	0.03
强尼戴普	0.03
帕祖祖	0.03
年猪	0.03
绮丽	0.03
呶	0.03
斯卡曼	0.03
毕普	0.03
三笙	0.03
哈里·贝利	0.03
索利安	0.03
罗赫里奥·阿萨瓦多	0.03
亚里巴	0.03
麦克刚	0.03
詹姆斯·林恩	0.03
韦恩·海斯	0.03
贝卓	0.03
班德里	0.03
詹姆士斯·布伦南	0.03
费氏	0.03
泰特斯·安	0.03
一枝独秀	0.03
祖劳斯基	0.03
羞羞答答	0.03
两万六	0.03
米苏拉市	0.03
珍尼特·雷诺	0.03
卡尔·凡·贝多芬	0.03
路易莎·布伦纳	0.03
阿诺·多诺万	0.03
勸	0.03
三秋	0.03
继发	0.03
一百七十五	0.03
墨菲斯	0.03
鲽	0.03
萨尔瓦多·桑切斯	0.03
伊丽基利安	0.03
柯林思	0.03
金容华	0.03
安诺斯	0.03
哈兹曼	0.03
斯蒂拉	0.03
木结构	0.03
德特古登	0.03
斯黛拉·布莱索	0.03
安蒂里斯	0.03
威廉姆·德克	0.03
年期	0.03
扩声器	0.03
五千六百万	0.03
一百七十万	0.03
管丁	0.03
波拉克	0.03
峒	0.03
鹿野郎	0.03
赫马尼诺夫	0.03
景子	0.03
墓道	0.03
斯蒂芬·格兰斯堡	0.03
阿玛纳	0.03
百万分之四	0.03
金卿培	0.03
宝拉·梅斯勒	0.03
支系	0.03
丹戈	0.03
二十八万五千	0.03
施瓦	0.03
冰球馆	0.03
奥希尔	0.03
麦克彬	0.03
苏菲亚当	0.03
威廉·麦坎尼	0.03
罗门	0.03
本乔治	0.03
萳	0.03
提姆·罗斯	0.03
比史密斯威森	0.03
零三秒	0.03
玛奇亚朵	0.03
辛巴威	0.03
多角度	0.03
麦罗斯	0.03
安设	0.03
朱利埃	0.03
欧瑞力	0.03
美嘉	0.03
十二点四十八	0.03
沙沙沙	0.03
勒诺尔	0.03
亨纳得	0.03
克瓦尔斯基	0.03
博耶尔	0.03
珍来	0.03
词形	0.03
舍恩	0.03
由贞	0.03
士卒	0.03
斯歇尔合	0.03
沈恩华	0.03
小扎克	0.03
下一辈	0.03
因比利	0.03
滑润	0.03
日用百货	0.03
梦方醒	0.03
信息台	0.03
里埃里克	0.03
魁武	0.03
末儿	0.03
踟蹰	0.03
子球	0.03
刀耕火种	0.03
格茨海德	0.03
他安特	0.03
捷尔任斯基	0.03
龙眼	0.03
斯改成	0.03
凯利梦美	0.03
路易安纳	0.03
冯·鲁克纳	0.03
裘德洛	0.03
售货亭	0.03
埃斯伯格	0.03
小艾伯特	0.03
生产方式	0.03
罗萨楠	0.03
醉拳	0.03
兼容并包	0.03
美喜	0.03
戴安娜·罗丝	0.03
西·欧唐诺	0.03
法斯卡	0.03
安德雷·海勒	0.03
玛丽·约翰森	0.03
都酩	0.03
阿诺帕玛	0.03
哪飚	0.03
过蕾	0.03
汤圆	0.03
令人寒心	0.03
艾士莉	0.03
塞勒他	0.03
让克莱顿	0.03
罗尼·笛福	0.03
奔突	0.03
马尔斯多夫	0.03
杰克森·波洛克	0.03
都都	0.03
作瑜	0.03
个人所得	0.03
书报摊	0.03
哈利波利菲	0.03
中西	0.03
基泽尔	0.03
征地	0.03
高德博克	0.03
特瑞真	0.03
韦博斯	0.03
胆酸	0.03
史蒂夫·潘宁	0.03
童军鹰	0.03
马斯特罗	0.03
品科	0.03
阿特佩尼	0.03
密码信	0.03
威廉·哈德利	0.03
储君	0.03
米娜利	0.03
思库萨	0.03
游艺会	0.03
芭挺	0.03
精粹	0.03
沃夫甘帕克	0.03
约翰尼·莫瑞斯	0.03
马布派	0.03
马希欧斯	0.03
波列哥	0.03
布鲁登斯·布什内尔	0.03
和基茨	0.03
和莉贾娜	0.03
永朴修	0.03
铃木真由美	0.03
成交价	0.03
来瑞迪	0.03
让博比	0.03
布希米尔	0.03
美华	0.03
杜康才	0.03
费昂	0.03
麦克定	0.03
大贝蒂	0.03
方尔格	0.03
黄俊	0.03
费曼	0.03
掺水	0.03
胸无城府	0.03
变得	0.03
格雷戈里·塔波特	0.03
弗洛蒙	0.03
马拉苏伊	0.03
如斯己	0.03
三年期	0.03
贝佛利山	0.03
里学来	0.03
巴巴拉·科沃特	0.03
玛丽亚·桑切斯	0.03
查韦利	0.03
美利	0.03
库隆尼	0.03
拉里才	0.03
佩尼亚斯科	0.03
约翰·塔克庆	0.03
奥兰治	0.03
继姐	0.03
油光光	0.03
斯派德威克	0.03
吉米·霍法	0.03
科尔·雷奴特	0.03
听装	0.03
瓦利代尔	0.03
纳撒尼尔·布劳德曼	0.03
罗逊	0.03
锡兵	0.03
莫塞克	0.03
欧佛兰	0.03
史提夫·杰拉德	0.03
申恩晶	0.03
哥汤米	0.03
帕勒斯	0.03
洛赛斯	0.03
围护	0.03
继妈	0.03
建工	0.03
那薰香	0.03
绘图板	0.03
吴淑喜	0.03
纱帐	0.03
奥格·科登诺斯基	0.03
罗那	0.03
克孜瑞	0.03
奥瑞斯提亚	0.03
贝士	0.03
埃芙琳	0.03
利的森	0.03
卡罗琳·库欣	0.03
四分之二	0.03
马卡丽娜	0.03
美典	0.03
金斯贝里	0.03
依莉莎	0.03
四万六	0.03
卡洛斯·德·阿里斯德奎·桑托斯	0.03
基勒	0.03
阿斯卡隆	0.03
贝宝	0.03
凝滞	0.03
炔	0.03
坎太博	0.03
哑炮	0.03
一千二百零一	0.03
宇宙站	0.03
科尔博不让	0.03
杰米·麦克唐纳	0.03
塔兰图拉镇	0.03
麦克多	0.03
斯蒂芬·葛伦	0.03
品系	0.03
苏禄人	0.03
嘱托	0.03
厚非	0.03
父母官	0.03
威尔博·福瑞理	0.03
钽	0.03
珍慧	0.03
萨班	0.03
法斯图	0.03
荷华的达文波特	0.03
米歇尔·迪布瓦	0.03
煅烧	0.03
斯塔斯基	0.03
克丽奥	0.03
比墨索里尼	0.03
于真	0.03
寨主	0.03
超模之	0.03
尼·皮特	0.03
蒙特里	0.03
百万分之六	0.03
文化教育	0.03
唐娜·海德	0.03
笋瓜	0.03
帕穆戴尔	0.03
达德利·穆尔	0.03
温饱线	0.03
超模中	0.03
巴沙迪	0.03
过聪	0.03
黄华	0.03
玛莎斯蒂沃特	0.03
清迈	0.03
艾米莉·狄金森	0.03
霍塔	0.03
摩奇多	0.03
马丁才	0.03
朱莉安娜留	0.03
比斯坦·罗斯	0.03
百万分之五	0.03
阿拉贡来的凯瑟琳	0.03
萨姆他	0.03
连发梦	0.03
奥卡斯	0.03
珍纳	0.03
沙克尔顿比	0.03
琼·麦克拉肯	0.03
霍兹曼	0.03
杰瑞特	0.03
古邦汉	0.03
六点零七	0.03
阿尔布斯特	0.03
和诺克	0.03
克莱伯恩	0.03
贝特朗·塔韦尼埃	0.03
吉姆会因	0.03
四万三	0.03
子波	0.03
巴格莱	0.03
小史达琳	0.03
迎贵	0.03
熊名	0.03
热吉娜	0.03
缴租	0.03
拾金不昧	0.03
桁架	0.03
威贺普镇	0.03
奥利弗·娃兹瓦斯	0.03
马丁艾默	0.03
爬山虎	0.03
上百上千	0.03
果戈里	0.03
阿戈诺	0.03
戴夫·威廉斯	0.03
洛里埃	0.03
鸵鸟政策	0.03
珍美	0.03
報	0.03
本杰明·卡巴内	0.03
接生员	0.03
科特斯·斯塔尔	0.03
麦肯麦纳斯	0.03
挤奶机	0.03
彼德威勒	0.03
阿莉莎	0.03
柏金斯	0.03
凯特琳·考辛	0.03
西蒙那里	0.03
切弗·查	0.03
高伯元	0.03
十点零二	0.03
史图·克莱明史凯	0.03
金满修	0.03
波戴利斯	0.03
斯密兹	0.03
景仁	0.03
卡甘代	0.03
科斯特罗马	0.03
茶艺	0.03
甘长舒	0.03
絮状	0.03
藏夫	0.03
费亚得	0.03
氯霉素	0.03
威廉·蒙塔格	0.03
丽芙·泰勒约	0.03
迪兰亨特	0.03
利托那韦	0.03
曹恩智	0.03
铄	0.03
路芙根市	0.03
大悲大喜	0.03
度度	0.03
一千三百零三点五	0.03
施瓦德斯	0.03
一声	0.03
斯达内斯	0.03
乔治·洛克哈姆	0.03
蓝博特	0.03
琼斯维尔	0.03
嫚	0.03
和瓦伦丁	0.03
安东尼·斯盖	0.03
纯华	0.03
詹姆斯·麦克劳夫林	0.03
半推半就	0.03
圣马克斯市	0.03
秋叶雅惠	0.03
尼·戴普	0.03
弗赖辛格	0.03
帕贵	0.03
伯格多夫	0.03
福塞斯	0.03
科苏梅尔	0.03
黑进显	0.03
银号	0.03
乘隙	0.03
波杜坎	0.03
罗赛恩	0.03
桃花源	0.03
魏亚伯	0.03
炯异	0.03
托索夫	0.03
布洛妮	0.03
发阿基	0.03
异步	0.03
成金达莱	0.03
劳拉·舒梅克	0.03
萨缪尔·埃尔	0.03
救济款	0.03
贞基	0.03
小野寺俊夫	0.03
艾德·桑德斯	0.03
芬丘吉	0.03
巴兹因斯卡	0.03
尼乌斯·阿格里帕	0.03
尤道弗	0.03
洗雪	0.03
一年	0.03
圣安娜	0.03
谢赫·萨布	0.03
景信	0.03
李·斯考比	0.03
洛斯·泰勒	0.03
鲁特格胡尔	0.03
埃拉刚	0.03
四川省	0.03
亚比书	0.03
艾芙琳·福摩宁	0.03
生存率	0.03
大波贝蒂	0.03
柳贞勋	0.03
让特迪	0.03
劳伦斯·格博	0.03
贰仟	0.03
学姐	0.03
一彪	0.03
阿夫理特	0.03
李冬冬	0.03
夕照	0.03
山楂果	0.03
阿普立	0.03
山姆·道格拉斯	0.03
达沃塞	0.03
三步	0.03
阿瑞斯塔瑞卡	0.03
尼克·凯奇	0.03
埃尔西加多	0.03
和海珠	0.03
米赛欧	0.03
相范	0.03
帕拉赞	0.03
索罗姆·哈里	0.03
皮波·布莱申	0.03
五千亿	0.03
欧斯提安	0.03
几许	0.03
霍华德格林	0.03
伊莎贝尔·丽迪亚	0.03
找还	0.03
德希·潘	0.03
降水量	0.03
运行图	0.03
蓝翼和	0.03
贝拉·威尔逊	0.03
布洛尔	0.03
谢尔登·费舍	0.03
阿莉萨	0.03
约翰·曲孟	0.03
恩·安德森	0.03
迪齐	0.03
斯卡赖特	0.03
塞克多斯	0.03
德帕拉	0.03
法兰克汉莫	0.03
赫顿	0.03
汤米·麦克拉肯	0.03
邓乌迪	0.03
罗诺	0.03
丹斯	0.03
奇谈怪论	0.03
家居服	0.03
拉丝普提亚	0.03
一千六百万	0.03
昆西塔加特	0.03
李强植	0.03
麦兰	0.03
万一两	0.03
连用	0.03
过弘科	0.03
萨德尔	0.03
万一一	0.03
纳斯木	0.03
品貌	0.03
约瑟夫库可斯维奇	0.03
马文恩特迈尔	0.03
奉万王	0.03
十八九	0.03
剮	0.03
儿化音	0.03
吴金南	0.03
荣誉室	0.03
中控室	0.03
塔兹克	0.03
蠕	0.03
迈克尔·伯奈特	0.03
汉斯·汉斯	0.03
本尼·麦卡比	0.03
尼布加尼撒	0.03
卅九	0.03
肖恩·柯林斯	0.03
普洛萨克	0.03
但舍伍德	0.03
约翰·斯蒂梅尔	0.03
萨拉门戈	0.03
帕曼尼迪思	0.03
艾琳娜贝比	0.03
庄一郎	0.03
词串	0.03
花城	0.03
丹·顿奇沃斯基	0.03
麦丁利	0.03
何塞·瑟兰诺	0.03
韩松易	0.03
乔泽克	0.03
罗蔓	0.03
饮食起居	0.03
摩狄凯·巴鲁·那雅	0.03
阿特金	0.03
唐那凯伦	0.03
绯	0.03
皇子	0.03
斯卡伯勒	0.03
别猜来猜	0.03
玛丽亚·埃琳娜	0.03
猜卡尔	0.03
第六十	0.03
韩索罗	0.03
丹比	0.03
巫尔有	0.03
卡可因	0.03
金仁庆	0.03
德罗巴	0.03
伊斯亭	0.03
麦克会	0.03
三昧	0.03
威廉·亨利	0.03
约翰·福斯特·杜勒斯	0.03
艾瑞卡·凯	0.03
和密文	0.03
纳舒厄	0.03
弗兰克·朗福	0.03
拉·苏克拉·阿尔希巴	0.03
科尔托纳	0.03
禅静之	0.03
贤景	0.03
文玩	0.03
玛提	0.03
米卢都	0.03
肯瑟斯市	0.03
吉米·惠特曼	0.03
迈克·维特尔	0.03
伊利里亚里	0.03
群斯塔克伍德	0.03
薦	0.03
纳·豪斯	0.03
神山清	0.03
比瑞吉	0.03
弗洛里	0.03
真冰冰	0.03
麦克之	0.03
费珍	0.03
十万零五千	0.03
帕皮特	0.03
三期	0.03
哈利·温士顿	0.03
费玲	0.03
内里斯	0.03
卡尔·格德勒	0.03
诸君	0.03
内文斯	0.03
萨德勒	0.03
宾语	0.03
莱昂纳尔·里奇	0.03
赖夫	0.03
真至诚	0.03
皮欧	0.03
拉尔金	0.03
黄夏	0.03
梅伦格	0.03
拉尔夫·伊格纳托斯基	0.03
威廉他	0.03
德瑞帕	0.03
唇吻	0.03
盖特堡	0.03
爱贝丝	0.03
利齐	0.03
席德西奈	0.03
波波里	0.03
乔治·杰佛逊	0.03
大卫·哈兹	0.03
帕特里斯	0.03
唵	0.03
五雷轰顶	0.03
精饲料	0.03
柏纳丝	0.03
蒙德西	0.03
马克韦伯	0.03
韦恩·林克	0.03
皇天	0.03
阿尔佛雷德·伯特伦·高思里	0.03
淳厚	0.03
乔治约克	0.03
黄秋葵	0.03
奈特克莱格	0.03
侠苏洛	0.03
三文	0.03
帕斯洛	0.03
允浩	0.03
珍留	0.03
李文森	0.03
纳沙布	0.03
普韦布	0.03
费伦比尔	0.03
迪莉娅·詹森	0.03
巴鲁巴	0.03
尤尔·伯连纳	0.03
刀剑声	0.03
涓	0.03
路西	0.03
倪翠萍	0.03
业业	0.03
六万两千五百八十一	0.03
成基永	0.03
和丹尼斯	0.03
子星	0.03
一万五一	0.03
和咏华	0.03
任其自然	0.03
加伯	0.03
毛毛熊	0.03
塞拉·克拉波	0.03
由上至下	0.03
奥菲娜根	0.03
约翰·比彻	0.03
淳子	0.03
帕多美	0.03
斯特林·拉什	0.03
皇徽	0.03
奈托	0.03
阿布拉克萨斯	0.03
于雷文伍德	0.03
托马斯·格拉维森	0.03
瑞奇·库塞克	0.03
豁朗	0.03
托马斯他	0.03
克罗伊登	0.03
铁大仁	0.03
敏军	0.03
贞弘	0.03
诺桑觉比	0.03
丘陵区	0.03
熊周	0.03
瑞尔·布里格迪尔·扎普·布兰尼根	0.03
布莱奥尼	0.03
小查克	0.03
佛林顿	0.03
式芝	0.03
戈卢坦苏丹	0.03
崖壁	0.03
麦泰勒	0.03
马克·库	0.03
梅勒尼	0.03
范纳依斯	0.03
克雷儿	0.03
达福	0.03
富甲	0.03
十六分之五	0.03
普罗科菲耶夫	0.03
格温·安德逊	0.03
艾尔洪塔	0.03
奥布里恩	0.03
克诺·帕克	0.03
花剑	0.03
马克·帝	0.03
伟鹰	0.03
爱利克	0.03
罗伯特·的尼罗	0.03
肯奇塔	0.03
如寒冰	0.03
萨拉·赫斯特	0.03
格雷本	0.03
迪亚戈	0.03
沙特菲尔	0.03
洛里塔	0.03
一吉	0.03
一名	0.03
吉丝莉	0.03
哈克贝里·费恩	0.03
脸谱化	0.03
瑞秋真	0.03
访华	0.03
费瑟	0.03
费瑞	0.03
阿拉什	0.03
贝妮塔	0.03
悲欢离合	0.03
圣朱利安	0.03
奎因先	0.03
丹洞	0.03
上几百万	0.03
安提耶坦	0.03
爱雷切尔	0.03
一弘	0.03
冶金	0.03
和华布鲁克	0.03
掾	0.03
阿法如斯	0.03
六千一	0.03
模非	0.03
八十九	0.03
史格林	0.03
安齐奥	0.03
听骨	0.03
罗艳	0.03
吉米·佩吉	0.03
八十一	0.03
郭郎	0.03
佛罗连·奇波莱森	0.03
游艺室	0.03
起点站	0.03
阿蒙都因	0.03
梅特洛	0.03
法布奇诺	0.03
埃拉妮	0.03
五千三百零二	0.03
鲁伯特·里德	0.03
史丹利威斯基	0.03
佩雷滋	0.03
丹波	0.03
基洛伊	0.03
瞳仁	0.03
奥洛夫·帕尔梅	0.03
德伦·克拉克	0.03
小玛格丽特	0.03
乔治·鲁斯	0.03
克莱特斯	0.03
三愿	0.03
五千三百零一	0.03
李景	0.03
科洛诺斯	0.03
李智	0.03
查理·桑尼·利斯顿	0.03
哈汀	0.03
玛莉西拉	0.03
七十四万	0.03
会为	0.03
韦特	0.03
整机	0.03
盖哈德	0.03
弗兰克·卡迪尔	0.03
李晟	0.03
都宣	0.03
维罗尼卡·洛克菲勒	0.03
生亚兰	0.03
次氯酸钠	0.03
日高	0.03
哈波	0.03
威德林	0.03
波碧·摩尔	0.03
桑武	0.03
拉娜·特	0.03
马岛	0.03
蓝德	0.03
等比级数	0.03
达志	0.03
安吉·狄根森	0.03
温城	0.03
西塔·拉拉·波西塔	0.03
乐韵	0.03
什维尔	0.03
谈虎色变	0.03
温泉镇	0.03
乐韦	0.03
本原	0.03
汉弗莱·博加	0.03
告饶	0.03
路易斯·卡罗尔	0.03
石琦	0.03
碳酰基	0.03
库雷热	0.03
孙文	0.03
蓝布	0.03
莫赛亚	0.03
麦科斯·高登	0.03
希拉·利马	0.03
尼古拉斯·罗格	0.03
威明顿市	0.03
贺福斯	0.03
贝佛顿	0.03
唐克斯	0.03
书面语	0.03
上亿万	0.03
最得利	0.03
斯洛得马克	0.03
塔里木	0.03
克里斯·肯尼	0.03
机器声	0.03
爱欧文	0.03
六一三	0.03
十三时	0.03
比尔·斯特朗	0.03
沙漠地	0.03
六千三百	0.03
雹子	0.03
斯坦·香	0.03
奋笔疾书	0.03
瓦拉乍诺	0.03
居高不下	0.03
德卜茨	0.03
杰拉德·鲁特	0.03
马年	0.03
马干	0.03
苏沙	0.03
頼	0.03
马师	0.03
克丽思塔·玛利亚	0.03
稀稀拉拉	0.03
比尧	0.03
丽贝卡·阿什尔	0.03
马帝	0.03
马帮	0.03
贝蒂拉贝尔	0.03
罗宾·杰弗斯	0.03
吴智英	0.03
斯哥特	0.03
金红顺	0.03
雷害	0.03
悄然无声	0.03
阿尔布克	0.03
歌剧团	0.03
五角形	0.03
伦达克	0.03
哈韦尔	0.03
萨其马	0.03
寇克	0.03
科拉菲尔德	0.03
槲	0.03
多尼塔	0.03
瘈	0.03
皮埃尔居里	0.03
米鲁里	0.03
贾许·特	0.03
玛尔戈·索内斯	0.03
伍德兰镇	0.03
毛都笑秃	0.03
十七万五千	0.03
人伦	0.03
巴哈马人	0.03
杰西·科斯提根	0.03
培迪塔	0.03
而娟	0.03
阿提克	0.03
成元	0.03
飕飕	0.03
光夏	0.03
散石	0.03
桑树	0.03
古鲁玛莎夏维	0.03
帕纳克	0.03
针砭	0.03
孙杰	0.03
本克	0.03
元良慈	0.03
哄动	0.03
回高中	0.03
偏旁	0.03
李文	0.03
向井敏	0.03
生鲜	0.03
偏房	0.03
詹尼尔	0.03
贝赛斯达	0.03
芝城	0.03
水龙卷	0.03
罗贝塔·米切尔	0.03
次大陆	0.03
电势差	0.03
营业厅	0.03
丹敦	0.03
温南	0.03
蓬莱	0.03
波托特	0.03
托德·西格尔	0.03
莱昂纳多·达·芬奇	0.03
里德·波洛克	0.03
海泽会	0.03
格多	0.03
格雷格·路加尼斯	0.03
蓝宝	0.03
让摩根	0.03
紧身服	0.03
杰伊考根	0.03
佩蒂伯恩	0.03
汉茨维尔	0.03
莫亨	0.03
兰岱尔	0.03
解放思想	0.03
圣玛莉亚	0.03
卡普列提	0.03
举人	0.03
温利	0.03
赛布莉亚	0.03
万一伍	0.03
塞拉诺	0.03
马备	0.03
滴溜溜	0.03
马大	0.03
出海口	0.03
马天	0.03
本基	0.03
宋宗喜	0.03
乌尔·维·扎克耶	0.03
综合楼	0.03
史多摩	0.03
脚踏式	0.03
亚历克斯·瓦斯	0.03
埃里·奥德	0.03
反间计	0.03
大卫史贝德	0.03
欧坦顿	0.03
光强	0.03
马姬	0.03
窪	0.03
填鸭	0.03
高加索山脉	0.03
成基	0.03
代夫切克	0.03
珍纳维	0.03
沙漠化	0.03
德内塞王	0.03
霍华德迪道尔	0.03
擂主	0.03
凯文马修斯	0.03
艾什丽	0.03
吉尔丽	0.03
但特洛依	0.03
吉米·康纳斯	0.03
真喜兴	0.03
表意	0.03
向守卫	0.03
桑加拉城	0.03
提姆·麦弗雷	0.03
易燃易爆	0.03
弗再夫	0.03
求重生	0.03
格兰朝·马克思	0.03
小福克	0.03
阿尔·塔哈林	0.03
罗莎莉奥	0.03
大卫艾森	0.03
玛丽亚·伊莎贝尔	0.03
海伦·彭斯	0.03
佛兰克瓦利	0.03
沃洛尼卡	0.03
和吉历	0.03
克雷·瑞福德	0.03
发财梦	0.03
孙成	0.03
弗洛斯基	0.03
成亚力	0.03
本周	0.03
加凡·戴克	0.03
布莱森	0.03
泰勒·齐墨曼	0.03
雷布	0.03
吉米留肖恩	0.03
威尔丽塔	0.03
米拉姆	0.03
荷兰盾	0.03
斯塔普斯	0.03
桑波	0.03
雷干	0.03
姑妄听之	0.03
但华伦	0.03
亚历山德罗	0.03
拉邦	0.03
布莱斯·拉金	0.03
珍长得	0.03
索尔曼	0.03
美轮	0.03
查理·派克	0.03
阿米莉娅·米格雷特·勒姆奥普丽丝·雷纳尔迪	0.03
郑原俊	0.03
阿勒亚	0.03
加利·格里	0.03
安博·费娜特	0.03
爱莱拉	0.03
月亮神	0.03
向英	0.03
连瑞秋	0.03
迪拉德	0.03
艾罗迪	0.03
刘健	0.03
哈塞尔霍夫	0.03
蓝坡	0.03
海城	0.03
加法器	0.03
芭芭拉刚	0.03
别买马	0.03
舜臣	0.03
金雷丝	0.03
京恩姐	0.03
贝利怀特	0.03
四侠	0.03
伍十分	0.03
米特萨尔	0.03
被里	0.03
瓦茨	0.03
垫付	0.03
和凯丽	0.03
莫洛河	0.03
纳特里	0.03
科诺利	0.03
塔杉	0.03
生造	0.03
有神论	0.03
巴廷王	0.03
弗尔布	0.03
花露水	0.03
苜	0.03
金柱春	0.03
山姆·维	0.03
郑贤姬	0.03
欲姬	0.03
弗朗西斯·惠特曼	0.03
本宁	0.03
僻壤	0.03
比汉江	0.03
瓦里克	0.03
麦克道尔	0.03
萨卡拉	0.03
圣彼德罗	0.03
和吉尔	0.03
二八年	0.03
迈克尔·德维尔	0.03
配种站	0.03
麦格罗·希尔	0.03
赫卡尼亚海的亚历山大城	0.03
拉希德·穆罕穆德	0.03
乔安妮·切尔斯	0.03
凯蒂·科文·麦克格里门	0.03
有机酸	0.03
风雪交加	0.03
特利·提特	0.03
塞尔查	0.03
复用	0.03
四三	0.03
四中	0.03
考德隆	0.03
朱娜斯	0.03
维安	0.03
价款	0.03
托马斯·诺瓦切克	0.03
瑞芮	0.03
鲁伯海格	0.03
野熊	0.03
胡搅	0.03
罗比·卡拉克	0.03
传信	0.03
乔治蒂莎	0.03
旷古	0.03
法利塞	0.03
和吉忠	0.03
奥斯特贝克	0.03
功夫不负有心人	0.03
黑美人	0.03
斯卡斯迪尔	0.03
列夫坚	0.03
格里高·萨姆	0.03
塔肯纳达	0.03
比昂丝	0.03
温州	0.03
丹·埃文斯	0.03
戎马一生	0.03
希尔维多拉	0.03
菲利普·阿吉	0.03
格雷格·安东斯基	0.03
艾琳·麦克维利	0.03
麦墨菲	0.03
马丁·凯尔	0.03
温尼	0.03
安格拉治	0.03
法格勒	0.03
一群子民	0.03
艾德姆·山德勒	0.03
马坡	0.03
库什金	0.03
杰克贝克	0.03
雷刚	0.03
三四千	0.03
三四十	0.03
传中	0.03
雁南	0.03
葛拉思哥	0.03
布达勒斯特	0.03
罗斯盖勒	0.03
传代	0.03
磷肥	0.03
别拉别拉	0.03
斯蒂格勒	0.03
光儿	0.03
范努斯	0.03
乔甘恩	0.03
埃斯克里特	0.03
敖敖	0.03
成姬	0.03
稻本	0.03
县府	0.03
计划处	0.03
本应	0.03
狗阿非	0.03
和琳达	0.03
布里塔斯	0.03
丹尼丝·弗兰克尔	0.03
韩军	0.03
妄语	0.03
石炭酸	0.03
阿扎尼亚	0.03
壬辰	0.03
玛雅文里	0.03
格凌	0.03
和吉姆	0.03
成庶	0.03
小奈德他	0.03
圣特巴巴拉	0.03
辉铜矿	0.03
比勒	0.03
出借	0.03
菲尔曼	0.03
知名演员	0.03
圣·格雷	0.03
杰克·乔丹	0.03
苏托	0.03
佚名	0.03
奥蒂斯·雷丁	0.03
博斯韦尔	0.03
施乌	0.03
招展	0.03
圣耶德	0.03
本德	0.03
马关	0.03
努斯王	0.03
大后方	0.03
布斯特拉普	0.03
法利得	0.03
温布尔登里	0.03
鲍伯·霍普	0.03
后防线	0.03
积分学	0.03
石碓	0.03
巴德谢尔顿	0.03
科科长野村	0.03
乔巴达	0.03
塔托	0.03
艾瑞莎富兰克林	0.03
马内	0.03
本当	0.03
卢西亚诺·瑞	0.03
拉尼诺·阿克	0.03
桑普	0.03
瑞特	0.03
圣费尔南多	0.03
瑞熙	0.03
鲍伯·迪伦	0.03
莫瑞丘	0.03
康科德城	0.03
成尼	0.03
石笋	0.03
埃皮克提	0.03
米高克里顿	0.03
尤拉伦	0.03
克里斯·加尔多茨基	0.03
欧内斯丁	0.03
两千四百六十四万	0.03
生亚当	0.03
埃希	0.03
光吉	0.03
哈拉	0.03
南瑞	0.03
金南臣	0.03
僵死	0.03
齐鸣	0.03
事务部长	0.03
马南	0.03
蒙蒂·沃莱	0.03
麦·安捷拉	0.03
寒武纪	0.03
比儿	0.03
巴丝金	0.03
佐伊·卡德威尔	0.03
杰米·亨德利克斯	0.03
格勒	0.03
腰眼	0.03
维克特·克利德	0.03
格哈德·里希	0.03
曼尼·玛尔霍特拉	0.03
法兰克斯杜瓦	0.03
库尔库	0.03
约瑟夫·黑伍德	0.03
南迪托	0.03
格列	0.03
米娜丽	0.03
韩纳东	0.03
输球	0.03
温弗瑞	0.03
秦某	0.03
爱尔顿	0.03
剪不断理还乱	0.03
贾马尔·纳沙瓦	0.03
法雅	0.03
科特布斯	0.03
偏瘫	0.03
郑承和	0.03
教育学家	0.03
埃文·阿伦	0.03
买曲奇	0.03
流动车	0.03
论坛会	0.03
维特苏卡斯	0.03
苏绮	0.03
法西	0.03
水溶液	0.03
和惠特尼	0.03
四十万零一千	0.03
钱柏林	0.03
萨柯	0.03
罗德里戈·波拉斯·德·马代拉	0.03
史蒂夫·多诺万	0.03
基卡普镇	0.03
被覆	0.03
纺车	0.03
马修·威廉姆斯	0.03
索尔熊	0.03
冰爽	0.03
费尽周	0.03
俪	0.03
藏历	0.03
古力浦	0.03
躂	0.03
插班	0.03
莫孟	0.03
约翰保罗琼斯	0.03
威莉·史高	0.03
忍痛割爱	0.03
塔拉迪	0.03
生角	0.03
比尔派斯顿	0.03
胡明志	0.03
莫瑞克	0.03
布莱纳	0.03
长佑	0.03
佐清干	0.03
洗发膏	0.03
丹尼尔·海耶斯	0.03
烦劳	0.03
怀基基	0.03
皮雄·拉朗伯	0.03
基斯·罗宾逊	0.03
曼格拉	0.03
克伦·沃森	0.03
迦特	0.03
兹劳伊	0.03
科比·布莱恩特	0.03
费伦泽	0.03
艾丽·贝金	0.03
汝至吾	0.03
布兰德福特	0.03
狗狗向前	0.03
代尔	0.03
赫梅	0.03
万能胶	0.03
眼目	0.03
童女	0.03
毕祖也	0.03
蓬门	0.03
欧玻亚	0.03
七弦琴	0.03
帕特·墨菲	0.03
保罗·布克曼	0.03
费修利	0.03
图威桑特	0.03
特鲁丝	0.03
马中	0.03
史丹顿	0.03
力壮	0.03
白塞氏	0.03
銀	0.03
诺曼斯	0.03
杰克汤尼	0.03
阿瑟米勒	0.03
二人转	0.03
法诺	0.03
迪西科	0.03
豸	0.03
罗培兹	0.03
罗布·斯特朗	0.03
中秋节	0.03
硕士生	0.03
沃基·罗恩	0.03
阿祖丽	0.03
英格烈	0.03
百姓家	0.03
加斯维加斯	0.03
留言栏	0.03
威尔玛	0.03
霍奇金	0.03
海拉山	0.03
菲尔德南	0.03
安比亚	0.03
鑚	0.03
乐薇	0.03
米尔德里德·汤普森	0.03
六年来	0.03
格丽	0.03
童声	0.03
经年累月	0.03
沃尔兹利	0.03
罗斯·印	0.03
萨尔巴	0.03
瑞江	0.03
舜君	0.03
近似值	0.03
苏珊·莱特	0.03
塔桑纳市	0.03
他卡西莫多	0.03
金赛拉	0.03
玛哥堡	0.03
哈达拉	0.03
安提戈涅	0.03
郑宇星	0.03
私有制	0.03
逃遁	0.03
龙虎榜	0.03
塔丝丽玛·贾汗吉	0.03
让戈尔德	0.03
亚普顿·辛克莱	0.03
法贝	0.03
瓦克斯	0.03
吉姆·普利杜克斯	0.03
葛罗斯	0.03
尚美	0.03
柯林斯皮	0.03
米契尔	0.03
内达华	0.03
雅库茨克	0.03
斯特拉福来	0.03
朴重义	0.03
里夫	0.03
弗洛伊德·提尔门	0.03
万国表	0.03
维拉鲁伯斯	0.03
光一	0.03
凯莉本	0.03
十三点	0.03
查尔斯·塞德里	0.03
诗友	0.03
布拉德皮	0.03
罗斯·吉	0.03
伍十五	0.03
凯莉来	0.03
尼基亚	0.03
鸡圈	0.03
罪魁	0.03
凯玛特	0.03
马马	0.03
百分数	0.03
朴智彬	0.03
玛丽·塔尼	0.03
保尔森	0.03
摩托船	0.03
汤米马	0.03
玛玛米娅	0.03
安塔斯	0.03
佩克汉姆	0.03
大檐帽	0.03
卫戍区	0.03
李珉	0.03
亨力莫菲	0.03
板刷	0.03
拆迁房	0.03
贾斯布鲁克	0.03
基特洛娃	0.03
约妮	0.03
光佳	0.03
高坡	0.03
阳离子	0.03
惠明顿	0.03
三四一	0.03
弗朗西斯·海斯	0.03
黄曲霉菌	0.03
柏克利	0.03
阿美娅	0.03
乔治·莱福特	0.03
芬迪湾	0.03
却步	0.03
约瑟夫·汉拉提	0.03
西莫·科特利让内	0.03
麦克唐诺	0.03
郊县	0.03
满清	0.03
唐·约翰	0.03
汤米玛伦	0.03
一弗蕾	0.03
萨拉·塔特	0.03
哈站	0.03
李烈	0.03
教育处	0.03
克雷利托	0.03
胡吉	0.03
罗曼斯	0.03
自选市场	0.03
法迪	0.03
伯奇·斯朗波	0.03
歩	0.03
柏尔人	0.03
威廉姆·卡格	0.03
罗士柴尔德	0.03
金贤洁	0.03
常凌常	0.03
尼姆佐	0.03
九十八万七千	0.03
长得俊	0.03
雷东	0.03
阿克伦城	0.03
超帅	0.03
雷·怀亚特	0.03
埃纳斯特·约翰逊	0.03
查弗克斯	0.03
萎蔫	0.03
谗	0.03
理化	0.03
哈钦森	0.03
雷福德	0.03
丹尼·容克	0.03
卡斯门	0.03
瑞根	0.03
东西部	0.03
辛吉忠	0.03
斯维默	0.03
郎非	0.03
马哈拉施特拉邦	0.03
价目	0.03
洛夫奎特	0.03
理华	0.03
特维尔	0.03
查尔斯·西恩	0.03
帕切贝尔	0.03
拉拉杂杂	0.03
霍华·怀兹曼	0.03
江民秀	0.03
伯纳德·福克尔	0.03
费贺名	0.03
马默德	0.03
赫拉	0.03
生胶	0.03
汤姆·汉密尔顿	0.03
约合	0.03
罗多尼亚	0.03
伊娃·希门尼斯	0.03
莫勒	0.03
赫成	0.03
谷川俊太郎	0.03
提摩太	0.03
明哲保生	0.03
德鲁特伊	0.03
奁	0.03
彼奇·豪兹·拉马特	0.03
水荒	0.03
莫力	0.03
李纳	0.03
托兰德	0.03
覆没	0.03
瑞来	0.03
超假	0.03
邦乔都	0.03
六一四	0.03
帕蒂·哈斯特	0.03
集团化	0.03
讲论	0.03
加利福立亚	0.03
林真澄	0.03
爱秀贤	0.03
姣美	0.03
克里斯·奥唐纳	0.03
星虫	0.03
古装戏	0.03
瓦丁·内兹辛斯基	0.03
弗兰克·里卡德	0.03
奥尼达	0.03
普罗蒙	0.03
水墨画	0.03
狗尾续貂	0.03
四平	0.03
埃克斯特萨	0.03
乔伊·加泽尔	0.03
帕迪尤卡	0.03
石泉	0.03
玛卢拉	0.03
夏聪明	0.03
玛雅·苏妮	0.03
直辖市	0.03
瑞普	0.03
吉尔利	0.03
伍登斯	0.03
间苗	0.03
韦格	0.03
哈登	0.03
罗伯·格鲁辛斯基	0.03
亚加布尔科	0.03
康科	0.03
三条	0.03
暑天	0.03
安德鲁马	0.03
比兹华夫	0.03
鲍勃·舍曼	0.03
天顺	0.03
巴梅斯特拉	0.03
卡布琳	0.03
基里巴斯	0.03
赫思	0.03
语音课	0.03
柳德	0.03
和凯尔	0.03
艾尔卡利贝	0.03
尼尔森·瑞	0.03
苏瑾	0.03
超厚	0.03
韦森	0.03
賤	0.03
少年老成	0.03
赫恩	0.03
基尼亚	0.03
苏瑟	0.03
朗讯	0.03
尚然	0.03
约翰·佩利	0.03
约坦	0.03
维塔尔	0.03
罗伯特·西蒙斯	0.03
丽萨·梅兹格	0.03
莫拜耳	0.03
太性	0.03
雷克斯堡	0.03
挖沙	0.03
拉文纳	0.03
中腹	0.03
瓦尔帕莱索	0.03
山蒂	0.03
藿	0.03
哇夫费	0.03
布万纳·奥维	0.03
表演性	0.03
顿·伯金斯	0.03
布莱瑞	0.03
昂格	0.03
爱菲比	0.03
秦王	0.03
劳动党	0.03
皮诺尔市	0.03
布莱琳	0.03
弥雷	0.03
布拉德福	0.03
生药	0.03
韦恩堡	0.03
生荣	0.03
十一万八千	0.03
阿塔纳西奥	0.03
和桃	0.03
贝丝安	0.03
卫雪尔	0.03
克诺斯卡	0.03
巴摩	0.03
柳奉	0.03
大卫·埃尔南德斯	0.03
酞	0.03
特洛丝琪雅	0.03
巴雷什尼科夫	0.03
薄地	0.03
让科莱	0.03
德维托	0.03
他艾比·赛皮恩	0.03
弗拉米尼亚斯	0.03
波尔尼奇	0.03
尚真	0.03
石边	0.03
锦素	0.03
罗森布伦	0.03
本乡	0.03
伊里多斯	0.03
高平	0.03
札达	0.03
克波利玛	0.03
畏怯	0.03
福朗斯·斯托奇	0.03
黑文会	0.03
斯特斯	0.03
和罗斯	0.03
水蚤	0.03
宾·塞拉斯	0.03
马西里亚	0.03
胡猜	0.03
收订	0.03
奥托·根舍来	0.03
和阿笙	0.03
高弗	0.03
痰桶	0.03
心宿二	0.03
十点十五	0.03
里德维尔	0.03
电动船	0.03
保罗麦卡尼	0.03
奥斯坦德	0.03
多特尼希	0.03
由婕婕	0.03
本位	0.03
六一分	0.03
韦乐帆	0.03
水溶性	0.03
沃尔特·乌尔	0.03
宋原朝	0.03
马修·温特	0.03
皇妃	0.03
阿尔杰·希斯	0.03
季诺·罗梅罗	0.03
卡勒根	0.03
大卫·肯里克	0.03
玛丽·安东尼特	0.03
萨曼莎·格林	0.03
维迪尔	0.03
施坦因伯格	0.03
李硕	0.03
史华思	0.03
理查德·登特	0.03
吉尔·雅各布	0.03
吾祖	0.03
枸杞	0.03
汤之山	0.03
自负盈亏	0.03
何为非	0.03
但杜威	0.03
库尔特·库	0.03
赵民浩	0.03
高居	0.03
小曲奇	0.03
沃斯顿	0.03
哈斯坎	0.03
吉娜·克里弗	0.03
洁西卡艾尔巴	0.03
露兹·格莱斯	0.03
卡特拉斯	0.03
韦克斯	0.03
熊派	0.03
本·克辛	0.03
植发	0.03
内梅西奥	0.03
水蓝	0.03
贝蒂·伊斯贝	0.03
山米特	0.03
欲之	0.03
南希·伍德斯	0.03
艾克·曲瓦	0.03
满期	0.03
斯特维特	0.03
高崎	0.03
瑞思	0.03
柏克家	0.03
尤婷	0.03
李秀	0.03
德怀特·埃文斯	0.03
巴维尔·维特洛夫斯基	0.03
真阿文	0.03
和罗杰	0.03
芝士青	0.03
久玛丽	0.03
诺曼地	0.03
同贵	0.03
浇地	0.03
小索菲	0.03
巴伯考特	0.03
象声词	0.03
清显君	0.03
佛瑞	0.03
鼓锤	0.03
和琼斯	0.03
埃热	0.03
证券业	0.03
雷祖	0.03
史崔克会	0.03
埃迪·拉姆	0.03
过昭子	0.03
接运	0.03
阿佳妮	0.03
霞光	0.03
少陪	0.03
索普威斯	0.03
苏三	0.03
苏丁	0.03
苏丝	0.03
伯尔顿	0.03
阿马多伊斯	0.03
格丽丝	0.03
阿尔尼诺	0.03
杰伯迪	0.03
约兰	0.03
斯坦斯维克	0.03
希塔努	0.03
奥纳海姆	0.03
费密子	0.03
尤勒斯	0.03
邬娜	0.03
齐刷刷	0.03
咹	0.03
特·拉什	0.03
比昂斯	0.03
在楠山	0.03
卡特里娜·沃尔夫	0.03
默音	0.03
布科·克来伯	0.03
托尼·泰勒	0.03
迈洛·兰巴迪	0.03
接踵	0.03
埃斯特利奇	0.03
亚斯特林姆斯基	0.03
塔乐	0.03
丹福思	0.03
摩根斯坦利	0.03
史卓加	0.03
索内班德	0.03
格米	0.03
昆塔·金特	0.03
四星	0.03
德·朗巴勒	0.03
伊拉娜·玛瑟	0.03
鲁伯罗萨	0.03
斯特奇	0.03
王老	0.03
展会	0.03
木塔法	0.03
布兹恩	0.03
哈乐	0.03
病退	0.03
病逝	0.03
哈特兰帝	0.03
殉葬	0.03
史普林	0.03
复庭	0.03
奥嘎斯	0.03
史多斯基	0.03
阿姆斯特朗刚	0.03
蓝紫	0.03
和明卡亚尼	0.03
史蒂芬·莫利	0.03
爱菲	0.03
李俊虎	0.03
罗杰摩尔	0.03
约翰·斯塔摩斯	0.03
蒙提祖玛	0.03
奥哈利	0.03
爱莉	0.03
埃迪·古德曼	0.03
台笔	0.03
格罗	0.03
埃特	0.03
白皮·詹森	0.03
塔克贝尔	0.03
十一月份	0.03
哥多林	0.03
棚车	0.03
弗利尔	0.03
安松	0.03
投敌	0.03
瑞新城	0.03
小哈里	0.03
特德·邦迪	0.03
选辑	0.03
栀子	0.03
海伦真	0.03
光秀	0.03
伏贴	0.03
铬钢	0.03
弗迪	0.03
一百二十四	0.03
简奈特·赫金斯	0.03
通格比	0.03
监狱法	0.03
劳杰夫	0.03
詹尼弗·琼斯	0.03
费不拉斯	0.03
唐·菲伯	0.03
爱英	0.03
圣塔安娜	0.03
克里奥帕特	0.03
肯·克利福德	0.03
久信幸	0.03
马翰	0.03
德尔罗	0.03
坎坷不平	0.03
石本一	0.03
竦	0.03
诰	0.03
艾摩麦奎伊	0.03
萨姆纳·雷德斯通	0.03
艾西莫夫	0.03
借重	0.03
乌格瑞德	0.03
爱蕾	0.03
摩根·福里曼	0.03
莫莉·约翰逊	0.03
西斯伍德	0.03
艄	0.03
纳贝	0.03
约格	0.03
风平	0.03
小沃伦娜	0.03
吻亭	0.03
巴哈伯	0.03
纳贿	0.03
布里兰	0.03
九三年	0.03
西弗兰克林	0.03
罗纳·泰勒	0.03
丹尼·格林伍德	0.03
朴智源	0.03
让贝德温	0.03
米爱瑞	0.03
家徽	0.03
伊波拉	0.03
一百二十六	0.03
蒂普曼	0.03
简·沃尔夫豪森	0.03
姜智媛	0.03
查得·派	0.03
腥臊	0.03
西冈宏	0.03
沙隆	0.03
尼克拉克	0.03
文斯的鲁本	0.03
金达寿	0.03
厄尔文留	0.03
加布莉娜·蒙特兹	0.03
赫德	0.03
卡律布迪斯	0.03
体检表	0.03
皮克邦迪	0.03
曼尼雷比拉	0.03
感谢状	0.03
教辅	0.03
秃毛	0.03
伯利市	0.03
土音	0.03
龙中龙	0.03
论文集	0.03
伊丽莎白·本内特	0.03
马斯蒂克	0.03
高顿	0.03
艾利莎·费尔查德	0.03
安来	0.03
吴东洙	0.03
杏花	0.03
斯马思	0.03
玛尔蒂	0.03
格雷里亚	0.03
高杜	0.03
浮生	0.03
乌斯特	0.03
哈斯汀	0.03
格温·泰勒	0.03
比利·杰克	0.03
野公马	0.03
杏脯	0.03
米德尔城	0.03
学法	0.03
欧拉马斯凯罗尼	0.03
艾多鲁	0.03
杰克·尼科尔森	0.03
六年制	0.03
奥利弗约	0.03
瑞妮	0.03
克伦斯庭	0.03
任人唯贤	0.03
壁挂式	0.03
东方集团	0.03
韦斯特尔	0.03
成瑛	0.03
汉密尔弗伯	0.03
翻浆	0.03
心坚	0.03
气乎乎	0.03
李凡秀	0.03
格莱梅西	0.03
贝内迪克·德·威尔斯	0.03
亚历克希斯	0.03
扒拉	0.03
卡尔·弗朗西斯	0.03
瓦里纳	0.03
娘子军	0.03
鲍比·欧提兹	0.03
维克多·克伦佩尔	0.03
他博比	0.03
痢	0.03
宇津津	0.03
越多	0.03
罗伯特·帕尔	0.03
维莱利亚	0.03
石刻	0.03
英格史密斯	0.03
高新	0.03
卡格林威尔	0.03
廿万	0.03
姜柱永	0.03
莫洛	0.03
复宁	0.03
瓦希塔	0.03
圣·托马斯·阿奎奈	0.03
七点三十	0.03
本生	0.03
皮斯特诺米	0.03
露西·布卢姆	0.03
弗罗门特	0.03
谷苍	0.03
南联盟	0.03
波托克	0.03
凯文来	0.03
阿罕曼德	0.03
托尼奥兰多	0.03
阿伯格林	0.03
铁璧	0.03
梅乐迪	0.03
昆特斯·维拉里斯·庞贝	0.03
约摸	0.03
胶靴	0.03
传海	0.03
泡桐树	0.03
莫托	0.03
弗蒙	0.03
雷维斯	0.03
曼海恩	0.03
偏下	0.03
安沙波	0.03
散居	0.03
廿九	0.03
休息厅	0.03
雷蒙德·沙维尔·克莱顿	0.03
秩	0.03
举一反三	0.03
针叶	0.03
丁提	0.03
欧利加	0.03
巴基特	0.03
阿贾克斯山	0.03
皮克福德	0.03
诺曼得	0.03
希尔斯盖	0.03
李京	0.03
古根汉	0.03
打吊针	0.03
大卫·帕斯	0.03
斯戴	0.03
莫瑞森	0.03
塔巴吉拉斯	0.03
算卦	0.03
特维南	0.03
杰克逊市	0.03
乳酸菌	0.03
埃尔塞贡多	0.03
阿尔弗·梅森	0.03
阿内塔	0.03
油压表	0.03
雷火	0.03
格瓦	0.03
罗腾	0.03
马蹄形	0.03
莫特利格鲁	0.03
涂香	0.03
李俊	0.03
石岩	0.03
杜维尔	0.03
普瑞瑟斯	0.03
辛诺拉	0.03
包身工	0.03
二百八十四	0.03
坝上	0.03
黄和红	0.03
柯文纳斯	0.03
痛责	0.03
金大卫	0.03
石弓	0.03
吉列之孙	0.03
贵格	0.03
玛丽·迈特·马科尔	0.03
招我来	0.03
容情	0.03
斯图尔特·古德曼	0.03
特拉法加	0.03
拉勃拉	0.03
理逊福	0.03
腰刀	0.03
罗斯玛丽·麦克劳德	0.03
哄笑	0.03
孢子植物	0.03
埃斯克雷德	0.03
石影	0.03
徐正婉	0.03
朱莉安·摩尔	0.03
马盖	0.03
卡菲·施勒克里	0.03
萨姆·米拉克	0.03
科洛拉	0.03
威林希尔	0.03
卡萨诺瓦春	0.03
雷蒂库勒斯	0.03
雹灾	0.03
蜂拥而上	0.03
克里斯·达·西尔瓦	0.03
雅各布他	0.03
洛斯阿拉摩	0.03
扎克·泰克	0.03
专有权	0.03
蓝泉镇	0.03
特维兹	0.03
零十一	0.03
约翰克里斯	0.03
囟门	0.03
比画	0.03
克兰顿市	0.03
纳奥菲·拉比·拉布西尼	0.03
安娜·凯塞林·福斯特	0.03
鲍勃不忙	0.03
光燮	0.03
各尽所能	0.03
冯·特辛	0.03
埃舍尔	0.03
定时钟	0.03
本社	0.03
史塔索夫	0.03
瓜亚卢比来	0.03
劳森·史密斯	0.03
弗拉德米尔	0.03
嗔	0.03
巧可会	0.03
布来恩·牛顿	0.03
鲁斯福特	0.03
正南飞	0.03
兰伯纳莉	0.03
杰米·林恩·斯皮尔斯	0.03
乔许寄来	0.03
唐纳·谢里登	0.03
马灿	0.03
让莫霍	0.03
吉尔摩	0.03
张贤宇	0.03
越前	0.03
塔里亚	0.03
淡茶	0.03
奈斯镇	0.03
弗利卡	0.03
裴特拉·冯·康特	0.03
石女	0.03
詹姆斯·范德比克	0.03
抵扣	0.03
封信来	0.03
劳军	0.03
乔·格林	0.03
瑞林	0.03
成约	0.03
理格	0.03
萨科拉曼	0.03
锣鼓	0.03
埃苏卡撒	0.03
畑	0.03
丹尼尔苏利文	0.03
山都斯市	0.03
里史科娃	0.03
利奈真	0.03
小提米	0.03
让葛斯	0.03
哈基特	0.03
相公	0.03
韦弗	0.03
光电管	0.03
运河区	0.03
奥本尼	0.03
尴	0.03
瑞勒	0.03
散失	0.03
越升	0.03
吉米·凯利	0.03
索尔福德	0.03
武重	0.03
奇险	0.03
科仁·尼欧	0.03
海尔飞	0.03
徐泰中	0.03
丹·威尔	0.03
特维基	0.03
王豆	0.03
詹姆士·隆·丹	0.03
百分之七十五	0.03
窦初开	0.03
瑞冈	0.03
乡音	0.03
小伍兹	0.03
土鲁	0.03
拉维勒	0.03
微服私访	0.03
瘢痕	0.03
雷真	0.03
高河	0.03
吉米·凯兹	0.03
圣彼德堡	0.03
阿呈尔	0.03
土鳖	0.03
范·伯恩	0.03
酸值	0.03
萨利姆·巴哈里	0.03
维杰罗市	0.03
赫吉	0.03
满园	0.03
爱远	0.03
实效性	0.03
多级火箭	0.03
帕维兹	0.03
保护地	0.03
丹尼斯霍普	0.03
巴朗	0.03
史都·加曼	0.03
雅克布·普罗达沙	0.03
海选里	0.03
玛胜	0.03
吉尔曼	0.03
虛	0.03
格里沙姆	0.03
坎萨斯	0.03
有苦难言	0.03
条头	0.03
理查德威德马克	0.03
扎马	0.03
樊戈村	0.03
查塔	0.03
虎狼	0.03
火卢鲁鲁	0.03
奥利维拉	0.03
奥蒂斯·雷汀	0.03
亚历柯西斯·贾勒特	0.03
斯隆镇	0.03
香酥鸡	0.03
苏维阿	0.03
徐允浩	0.03
二万二千五百	0.03
约瑟才	0.03
会重聚	0.03
一亿两千万	0.03
艾萨克·麦肯	0.03
橘红	0.03
米舍尔	0.03
越冬	0.03
使用费	0.03
散客	0.03
潘普洛纳	0.03
格特	0.03
巴沙迪那市	0.03
克里津斯基	0.03
镧	0.03
罗伯特·沙皮诺	0.03
添补	0.03
唐克吻	0.03
威尔斯利	0.03
布莱德雷	0.03
喷饭	0.03
查尔斯·米其姆	0.03
怪论	0.03
本拉	0.03
格温·斯塔西	0.03
马尔克斯	0.03
电位	0.03
帕特利克·瓦兹	0.03
高卢国	0.03
格洛	0.03
他桑嘎	0.03
塞西尔·奥斯本	0.03
别理巴克斯特	0.03
乔治·斯科尔	0.03
皇庭	0.03
霍华德·琼斯	0.03
沙荣	0.03
高特	0.03
马迪阿斯	0.03
布拉德力	0.03
比阿姆斯	0.03
林格郡	0.03
垄沟	0.03
古奉基	0.03
孟曼书	0.03
圣·卢伊斯	0.03
余香	0.03
埃迪·比格	0.03
卡瑞尔	0.03
赴席	0.03
胎膜	0.03
苟且独生	0.03
培训部	0.03
卢卡斯他	0.03
克利德	0.03
海水浴	0.03
萨利·索洛维奇	0.03
朱玛真	0.03
二百八十五	0.03
旧城区	0.03
申正焕	0.03
戴德·罗申博来德	0.03
飆	0.03
华兹华斯	0.03
格伦·克洛斯	0.03
布莱希	0.03
层报	0.03
威尔森·迪泰	0.03
菲尔宾	0.03
爀	0.03
他特利佛	0.03
但比利	0.03
庞贝让	0.03
格罗伊斯	0.03
子铁	0.03
马渊	0.03
杰希·杜克	0.03
语气助词	0.03
汪格瑞	0.03
浮报	0.03
马里森	0.03
桑姆	0.03
含油	0.03
米高·西米诺	0.03
挺括	0.03
普罗提亚	0.03
克曼奇	0.03
温斯	0.03
让埃里克	0.03
因吉霍兰德	0.03
报载	0.03
层次感	0.03
本恩	0.03
瑟罗·里东多	0.03
复信	0.03
卡瑞干	0.03
乔治·凯南	0.03
贝恩的凯利·贝克	0.03
阵法	0.03
格列塞梅瑞	0.03
选龙	0.03
索莫斯	0.03
混合泳	0.03
蒂叶文	0.03
投生	0.03
赫拉·冯·辛娜	0.03
包菲利浦	0.03
成慈	0.03
安迪·杰姬	0.03
藤伯	0.03
圣约斯	0.03
维克多·格里高里	0.03
盘账	0.03
费利西亚的比利	0.03
肖恩都	0.03
供油	0.03
埃东多	0.03
利雅	0.03
李亨洙	0.03
波海姆	0.03
拉斯普金	0.03
老子非	0.03
朱莉·莱文森	0.03
星野家	0.03
黄柏木	0.03
仁至善	0.03
阿蒙德·德加斯	0.03
半圆形	0.03
卡瑞多	0.03
杰克恩贝	0.03
蓝欣	0.03
马格	0.03
塔朗泰	0.03
池川秀夫	0.03
让波比	0.03
拉耶佛	0.03
奇达	0.03
掣肘	0.03
访谈录	0.03
艾维士普里斯	0.03
保罗·德罗谢尔	0.03
木勺	0.03
发热量	0.03
和凯特	0.03
詹姆斯·约翰斯顿	0.03
莫纳	0.03
焖牛肉	0.03
帕特立克	0.03
李午	0.03
雷氏	0.03
瓦姆博格	0.03
威斯特	0.03
斯图阿特	0.03
阿道夫·科比	0.03
格森	0.03
周一郎	0.03
威塞特	0.03
杰夫·拉斯凯	0.03
阿西蕾	0.03
沙勒姆	0.03
传热	0.03
两点十五	0.03
表功	0.03
德拉考特	0.03
桑布	0.03
溶洞	0.03
洛佩茨	0.03
奥利弗·丹尼森	0.03
阿兹塔克	0.03
覆盖率	0.03
凯蒂·马丁	0.03
或然性	0.03
巴米布尔	0.03
奥斯本斯卡	0.03
麦戴伦	0.03
郑爱兰	0.03
孙儿	0.03
谨启	0.03
车承宰	0.03
迈维	0.03
罗夫勒	0.03
斯蒂芬·普莱斯	0.03
泰莉亚·威廉斯	0.03
范凯特	0.03
凯蒂·佩里	0.03
苏士	0.03
六万八千	0.03
格兰斯里克	0.03
超编	0.03
爱威尔	0.03
满上	0.03
玛顿	0.03
塞尔塔	0.03
谢莉来	0.03
大后年	0.03
胡士	0.03
阿辛格	0.03
比森	0.03
卡布·卡洛维	0.03
汉米顿	0.03
牧铭	0.03
梅莉莎·缪勒	0.03
普莱斯曼	0.03
吾军	0.03
安迪·高曼	0.03
金相日	0.03
洛塔尔·冯·里希特霍芬	0.03
克劳斯·范德海登	0.03
小先生	0.03
阿尔福莱德	0.03
沃特惠特曼	0.03
橘柑	0.03
九年前	0.03
少者	0.03
王雯	0.03
靳力万	0.03
六点五	0.03
理查德·琼斯	0.03
布莱德里	0.03
艾尔的卜基	0.03
杰斯洛·惠勒	0.03
和韩一	0.03
本斯	0.03
本方	0.03
苏姬	0.03
一九七四年	0.03
胡夫	0.03
蓝标	0.03
太上皇	0.03
偏光	0.03
法利斯	0.03
道格拉斯·佩里	0.03
达克马克	0.03
招商	0.03
光洙	0.03
托玛斯·杰弗逊	0.03
马比	0.03
稻子	0.03
塔塔	0.03
分子筛	0.03
胡士托	0.03
法兰克林	0.03
交活	0.03
斯马特	0.03
浮木	0.03
赧	0.03
格施	0.03
葛路德	0.03
李广	0.03
凯蒂·库里克	0.03
蓝松	0.03
塔城	0.03
高立	0.03
延续性	0.03
宫津来	0.03
希拉里·斯万克	0.03
高端	0.03
托洛	0.03
五四三二一	0.03
鲍勃·马雷	0.03
蒂莉	0.03
君和民	0.03
帕韦尔	0.03
戈利亚德	0.03
克里夫·摩根	0.03
南浦	0.03
萨缪尔·法兰克	0.03
李庸	0.03
尼科米底	0.03
凯特·泰顿	0.03
芙妮	0.03
布兰戴斯	0.03
卡内基梅隆	0.03
德尔斐	0.03
朴斗满	0.03
尚勇	0.03
李彤	0.03
杰基·穆恩封盖	0.03
让波普	0.03
爱顺	0.03
超灵	0.03
大卫·肖恩	0.03
杂项	0.03
范莫宁·希尔斯	0.03
如泣如诉	0.03
武藤	0.03
超强度	0.03
皮斯里	0.03
美琳达·盖茨	0.03
奇艺	0.03
唐娜·史密斯	0.03
阿尼·罗斯	0.03
福拉泽	0.03
肯丁顿	0.03
斯朋	0.03
孵化期	0.03
箬	0.03
迈克尔·斯特萨克	0.03
艾德汤普森	0.03
布兰达马丁	0.03
自由放任	0.03
汤姆罗德	0.03
本正	0.03
杏黄	0.03
约翰·沃尔夫豪森	0.03
乔瓦尼	0.03
拉纳克普尔	0.03
特鲁普	0.03
在传	0.03
连桃	0.03
海姆利希法	0.03
伊尔库克	0.03
祖训	0.03
立业	0.03
阿不思·珀西瓦尔	0.03
巴特斯菲尔德	0.03
泰德·伯曼	0.03
城门失火殃及池鱼	0.03
七百零	0.03
约什·霍伊尔	0.03
辛吉狗	0.03
温润	0.03
泰·班迪	0.03
拉齐奥	0.03
美梦中	0.03
皇太后	0.03
猫腰	0.03
郑斗洪	0.03
柯林斯堡	0.03
克洛柴斯基	0.03
蓝光圆	0.03
桅灯	0.03
本桥	0.03
光电池	0.03
刨床	0.03
爱伦·多兰	0.03
农家肥	0.03
菲尔克	0.03
阿道夫·格林	0.03
穆萨拉夫	0.03
格雷格·斯蒂尔金	0.03
卡默洛特的亚瑟	0.03
海加赫	0.03
温迪希勒	0.03
凯特来	0.03
爱马	0.03
但富勒	0.03
格曲	0.03
艾力森	0.03
威利·道曼	0.03
阿托罗	0.03
八十七	0.03
西山君	0.03
周莉比	0.03
石井	0.03
丹尼马可士	0.03
弗兰克·帕肯汉	0.03
莎莉拉宾	0.03
省里	0.03
背风	0.03
一百二十七	0.03
劳拉·坎贝尔	0.03
贾维尔·佩德拉萨	0.03
鲁蒙德	0.03
稻场	0.03
比奥登	0.03
卡萨诺瓦真	0.03
博比·德威	0.03
杰克克劳福	0.03
门英格	0.03
和路易	0.03
马恩	0.03
基弗·萨瑟兰	0.03
比尔·科斯比	0.03
教育班	0.03
平铺直叙	0.03
爱雅各布	0.03
简·菲尔费克斯	0.03
斋藤道三	0.03
韩爱丽	0.03
上下半场	0.03
埃波	0.03
比我	0.03
卡布勒	0.03
高维	0.03
多兰巴迪	0.03
坝子	0.03
选道	0.03
那布兰	0.03
塔博	0.03
桑亚真	0.03
史卡戴尔的罗特	0.03
吾宁	0.03
洪东熙	0.03
范博格	0.03
达尔比村	0.03
一家棣	0.03
车承元	0.03
熊仲	0.03
达纳·布朗	0.03
马里林	0.03
唐·霍兰奇	0.03
塔勒	0.03
爱大卫	0.03
四一二	0.03
绿光	0.03
光柏	0.03
阿兰·拉德	0.03
塔加	0.03
韦佛	0.03
卡布基诺	0.03
罗摩叶	0.03
敖包	0.03
梭利	0.03
高缇	0.03
选配	0.03
谬以千里	0.03
李兴镇	0.03
海格里斯	0.03
斯莱特利	0.03
乔尔·弗雷姆	0.03
港币	0.03
和阿孝	0.03
翻盖	0.03
比切罗基·可苏	0.03
表嫂	0.03
光来	0.03
克里普顿	0.03
简方达	0.03
埃米利得	0.03
比恩	0.03
烘干器	0.03
赛文·福斯特	0.03
安妮·奥德拉	0.03
比尔盖兹	0.03
查尔斯·麦克尔·麦克尔斯	0.03
豌	0.03
丹泽·厄尔文	0.03
弗雷德阿斯泰尔	0.03
本法	0.03
马战	0.03
格提	0.03
拉尔夫·格拉	0.03
子才	0.03
米兹堡	0.03
帕特·基尔布莱德	0.03
马拴	0.03
米尔瓦基	0.03
凯尔西	0.03
沃德尔·布鲁克	0.03
寇尔演	0.03
雷柏	0.03
哈劳	0.03
煤坑	0.03
科特·卡宾	0.03
埃文·莫克	0.03
光斗	0.03
哈华	0.03
葵方	0.03
偏失	0.03
哈卡	0.03
一亿五千	0.03
完全性	0.03
雷马克	0.03
林肯盖茨堡	0.03
龙必会	0.03
柏伊森	0.03
巴基斯	0.03
孙宪	0.03
阴离子	0.03
汉雷	0.03
多斯加特	0.03
奇葩	0.03
爱默	0.03
真抱谦	0.03
土货	0.03
太阳鸟	0.03
车承刚	0.03
剂型	0.03
弗朗哥	0.03
苏兵	0.03
成淑	0.03
李妍	0.03
坝堤	0.03
和平鸽	0.03
万塔纳比	0.03
莫纳罗	0.03
威林伯格	0.03
罗恩·帕克思顿	0.03
约沙王	0.03
斯克玛	0.03
爱慈	0.03
吴泰君	0.03
艾尔德里奇·克里弗	0.03
有鉴于	0.03
西菲里	0.03
欧士纳	0.03
丰富多采	0.03
子而信	0.03
被头	0.03
奇克刚	0.03
金基焕	0.03
金·诺维克	0.03
强宾	0.03
杰里克	0.03
布赖恩·罗斯	0.03
茨城	0.03
杏林	0.03
代购	0.03
崔恩英	0.03
术业	0.03
斯诺马斯	0.03
让弗里达	0.03
塞莉娜	0.03
光驱	0.03
高莉	0.03
钟孙华	0.03
华斯历	0.03
福赛斯	0.03
易学	0.03
直木	0.03
多明妮克都庞	0.03
蓝鹰	0.03
人安生	0.03
哈拉德利姆	0.03
知惠也	0.03
双休日	0.03
洁西卡沃里斯	0.03
尔特	0.03
达米阿那	0.03
米尔顿伯格	0.03
雷顿	0.03
杰米逊·弥尔顿·杰克逊	0.03
纳格	0.03
哈德瓦	0.03
童言	0.03
负上万	0.03
但洛根	0.03
罗新王	0.03
伊沙克·帕尔曼	0.03
日寇	0.03
阿提克斯·诺伊尔	0.03
太平梯	0.03
彩甲	0.03
阿布·贾拉尔	0.03
王总	0.03
克罗尼	0.03
柯斯奥夫	0.03
麦基卡姆	0.03
汤姆·莱诺克斯	0.03
温雅	0.03
大姆哥	0.03
吉拉河	0.03
帕蒂·史密斯	0.03
爱帕特洛克罗斯	0.03
菲欧娜·爱博	0.03
拉扎勒斯他	0.03
泰德·班迪	0.03
土炮	0.03
强强联合	0.03
艾弗格	0.03
金俊焕	0.03
格克曼	0.03
鲍勃哈里斯	0.03
南希·克	0.03
约翰·维勒	0.03
玛汀	0.03
初级中学	0.03
干才	0.03
马默	0.03
南昊贞	0.03
要进球	0.03
怀特霍斯	0.03
华特赖利	0.03
塞兹	0.03
艾弗森	0.03
玛泽	0.03
塔摩洛镇	0.03
日增	0.03
加莱姆	0.03
奥伯林	0.03
汉武	0.03
惠特里	0.03
西乃山	0.03
吉姆·佳	0.03
和仙妮	0.03
格兰特得封盖	0.03
南希·霍迪吉斯	0.03
甲格	0.03
埃米尔·詹宁斯	0.03
生客	0.03
蟃	0.03
观瞻	0.03
从山笛	0.03
爱拉	0.03
曾任教	0.03
莱比耶纳斯	0.03
淡泊	0.03
布伦南·赫夫	0.03
要力挺	0.03
一百零五	0.03
接气	0.03
克里普斯	0.03
文化史	0.03
抽风机	0.03
皮内阳秋	0.03
小小球	0.03
徇私舞弊	0.03
绉纱	0.03
斯蓬勒	0.03
门阵列	0.03
普罗菲尔	0.03
泰勒梅	0.03
盖尔阿尔特加	0.03
罗伯特·艾佛森	0.03
山姆曼莎	0.03
包衣	0.03
十二时	0.03
网络化	0.03
厄洛斯	0.03
塞莱斯特	0.03
马顺	0.03
太阳日	0.03
亨特米卡弗里	0.03
痛悔	0.03
理查德·范霍恩	0.03
达斯·西迪厄斯	0.03
盖乌斯·凯撒	0.03
弗森	0.03
痛悼	0.03
乙荃	0.03
晒斑	0.03
资源法	0.03
凤尾	0.03
露易丝提	0.03
理查德·拉斯科·摩尔	0.03
杰克·塔里安	0.03
海伦都	0.03
詹姆逊	0.03
屯粮	0.03
玛尔文	0.03
科恰班巴市	0.03
格拉佩格	0.03
艾尔文的艾尔	0.03
芬塞克	0.03
艾芙琳	0.03
珍妮佛·琼斯	0.03
葫	0.03
选样	0.03
老马识途	0.03
默特	0.03
彽	0.03
吉培瓦	0.03
基蒂·迪安	0.03
翔来	0.03
凯茜·贝茨	0.03
索波塔	0.03
李银珠	0.03
莱菲力	0.03
马克默	0.03
恩善	0.03
查理拉塞尔	0.03
普罗塞	0.03
特西斯	0.03
梁上君子	0.03
本·弗兰克林	0.03
本韦	0.03
塔文纳	0.03
杜勒丽	0.03
续篇	0.03
兰加斯德	0.03
报头	0.03
让班纳迪克	0.03
代行	0.03
日心	0.03
蒂纳	0.03
强斯顿	0.03
爱撒	0.03
索诺玛	0.03
曼哈坦	0.03
贝赛斯达城	0.03
埃镑	0.03
政者	0.03
爱伦坡	0.03
拉帕斯	0.03
米切尔·富兰克林	0.03
埃隆	0.03
凯色琳	0.03
爱杰	0.03
图佩克	0.03
刘玉玲	0.03
欧雷利	0.03
德利西斯	0.03
水川	0.03
雷吉娜·杰克逊	0.03
沃勒斯	0.03
克罗宁	0.03
雅戈	0.03
艾万德·霍利菲尔德	0.03
气哼哼	0.03
背时	0.03
蠟	0.03
乔米	0.03
豆腐渣	0.03
罗德·福·摩西	0.03
但特里斯坦	0.03
民主党派	0.03
金初秀	0.03
德锐	0.03
霍利斯·艾尔莫	0.03
褥套	0.03
苏琪·德那利	0.03
鸟兽	0.03
拉谭莫尼	0.03
增芳	0.03
同比	0.03
山德森	0.03
马魁	0.03
扎特	0.03
卡尔·卡穆勒	0.03
查理·斯本瑟·泰伯	0.03
杰拉德真	0.03
营业部	0.03
帕米拉·玛莎·福克尔	0.03
布莱登·金	0.03
乐冰	0.03
艾伯丝·戴维兹	0.03
捋捋	0.03
索玛·赫南德兹·卡瓦尔斯基	0.03
霍扎克	0.03
选歌	0.03
厂址	0.03
小山里	0.03
何为乐	0.03
沙琪	0.03
登革热病	0.03
狭义	0.03
卡瑟波	0.03
沙瑞	0.03
奥尼凡	0.03
奥尔加让	0.03
鲜味	0.03
周一才	0.03
科瓦尔	0.03
斯维亚	0.03
生存链	0.03
王星	0.03
雷默	0.03
尼古拉斯尼法克	0.03
让卡尔	0.03
李俊泽	0.03
史密斯韦森	0.03
别买阿斯顿·马丁	0.03
李朴	0.03
让埃尔维斯	0.03
凯罗派	0.03
杰夫·罗森博格	0.03
贝娅特丽兹	0.03
毕达哥斯	0.03
民享	0.03
德·普罗旺斯	0.03
苏菲亚索莉娜	0.03
加努恩市	0.03
润笔	0.03
裔家庭	0.03
余悸	0.03
拉奇奥	0.03
法兆	0.03
量体裁衣	0.03
奥援	0.03
金亨植	0.03
璨	0.03
红领巾	0.03
费手脚	0.03
奇珍	0.03
罗森霍	0.03
他马儿	0.03
爱桑	0.03
威慑性	0.03
桑托林	0.03
物欲横流	0.03
中途岛	0.03
泰勒斯	0.03
伊戈尔斯达各尔	0.03
爱米兰达	0.03
班比诺	0.03
凤凤	0.03
伊诺·莫索普	0.03
罗志祥	0.03
七点二十	0.03
高尔福德	0.03
墨菲·毕	0.03
理查德·布兰森	0.03
日化	0.03
皱皱巴巴	0.03
赫莱布	0.03
蓝雷	0.03
佛洛诺	0.03
毕灵	0.03
莫莎	0.03
苏珊·诺拉	0.03
默罗	0.03
收心	0.03
莱曼·托什	0.03
穆雷	0.03
汉恩	0.03
项舒英	0.03
南天门	0.03
本题	0.03
克里斯·多特里	0.03
马里那	0.03
胰岛	0.03
豆芽菜	0.03
温泉市	0.03
纪立根	0.03
斯·尼曲迪	0.03
强克	0.03
贝恩醒	0.03
法华	0.03
丹尼·艾里班	0.03
里宾特洛甫	0.03
理查德·赫姆斯	0.03
驱寒	0.03
生分	0.03
水儿	0.03
马雷	0.03
帕玛森	0.03
艾德华马拉	0.03
法号	0.03
崔哲	0.03
赛恩特	0.03
特修斯	0.03
强击	0.03
萨尔蒙	0.03
默罕默德·艾哈迈德	0.03
阿勒莱	0.03
三十六分	0.03
古家君	0.03
拉奇娜	0.03
兴味	0.03
约坦生	0.03
海盗号	0.03
拜斯托	0.03
牧楚	0.03
四十又九	0.03
新中野	0.03
杰维斯	0.03
久保田	0.03
行文	0.03
埃莉诺·肖	0.03
汉兹·霍洛威	0.03
圣博尼费斯	0.03
格雅	0.03
榫眼	0.03
本·拉	0.03
满汉全	0.03
二等功	0.03
卡尔文·柯立兹	0.03
两手抓	0.03
薴	0.03
布伦兹维克	0.03
安提普洛里福提	0.03
玛斯	0.03
克里斯托佛	0.03
伏斯	0.03
达斯·摩尔	0.03
格陵	0.03
塞塔	0.03
玄孙	0.03
阿兰·巴尔德	0.03
爱布丽奇特	0.03
泰勒来	0.03
斯班纳	0.03
霍克斯拉图	0.03
莫瑞诺	0.03
日冕	0.03
干法	0.03
巴格乐	0.03
蒂芬妮·托马斯	0.03
塞得	0.03
分化瓦解	0.03
莱斯莉·牛顿	0.03
褐家鼠	0.03
夏洛特·勃朗特	0.03
四千八	0.03
增补	0.03
艾维士	0.03
橄	0.03
杰克·瓦伦丁	0.03
玛托	0.03
酒足饭饱	0.03
冯特拉普	0.03
西拉特拉	0.03
水培	0.03
中野薰	0.03
布卢门伯根斯坦奥	0.03
伍比·戈登博格	0.03
柯尔岱斯	0.03
帕宁顿	0.03
丹尼尔·罗杰斯	0.03
爱米丽亚·奥斯本	0.03
漱口液	0.03
卡西米尔	0.03
方丁之子	0.03
扦子	0.03
尼尔·帕特立克·哈里斯	0.03
周才来	0.03
总揽	0.03
普莱森特·柯蒂斯	0.03
寥	0.03
阿卡古特拉	0.03
簸箕	0.03
史图德	0.03
高进	0.03
有勇有谋	0.03
文拉法辛	0.03
克里斯托夫·凯德维尔	0.03
大卫·艾伦·雷诺尔	0.03
运动学	0.03
泰德提	0.03
艾琳娃	0.03
儿正	0.03
富兰克林·皮尔斯	0.03
本尼托真	0.03
彩礼	0.03
今昔	0.03
上城区	0.03
安吉尔·莫瑟	0.03
王水	0.03
翩然	0.03
教本	0.03
王氏	0.03
汉摩	0.03
法场	0.03
阐	0.03
欧文·保罗·拉扎尔	0.03
巴勃罗·毕加索	0.03
西尔维娅·罗雅思	0.03
蒂维	0.03
花苞	0.03
让斯麦利	0.03
诺亚·迪特里希	0.03
吉米·史蒂文森	0.03
塞巴	0.03
德尔弗尼克斯	0.03
杰哈德	0.03
佯称	0.03
杰克·韦勒	0.03
汉朝	0.03
哲太	0.03
塞斯·托宾	0.03
史蒂芬他	0.03
切内斯基	0.03
圪塔	0.03
西蒙·冈瑟尔	0.03
比邦	0.03
兹怀伊特	0.03
米罗拉·库彻	0.03
弹拨乐器	0.03
垫被	0.03
但恺撒	0.03
彼得柯尔特	0.03
郎万	0.03
贝斯杜斯	0.03
但莱斯利	0.03
也非	0.03
牧浦	0.03
强吻	0.03
路易斯·康福特	0.03
蒂琦	0.03
莱昂那多	0.03
高足	0.03
莫蕾	0.03
亚拉帕拉卡	0.03
晚景	0.03
让凯尔	0.03
法器	0.03
但纳尔逊	0.03
牧洞	0.03
鸟声	0.03
玛慧	0.03
布雷特·帕克	0.03
塞尚	0.03
钒	0.03
亨利·齐格勒	0.03
纳克斯堡	0.03
比量	0.03
爱德华·玛格瑞姆	0.03
詹米·福克斯	0.03
索里尼	0.03
良材	0.03
努尔丹	0.03
莫瑞迪	0.03
阿拉卡	0.03
杰尔琳	0.03
政企	0.03
荷洛里奥斯	0.03
鰈	0.03
默罕默	0.03
斯维奥	0.03
也行	0.03
德芳斯	0.03
毗连	0.03
纳迪雅	0.03
克列布	0.03
华特·费兹吉拉德	0.03
斯维奇	0.03
桑托纳	0.03
汉弗莱干	0.03
佩斯维尤	0.03
联谊赛	0.03
朱颖	0.03
伊丽莎白·费歇尔	0.03
山姆·福勒	0.03
洛伦佐·康斯尔	0.03
雷西	0.03
克利斯托弗·西恩	0.03
艾什顿·库奇	0.03
奇泽姆	0.03
布莱恩来考菲	0.03
磁力计	0.03
维勒瑞斯	0.03
珀尔塞福涅	0.03
自觉自愿	0.03
和奇温顿	0.03
美体照	0.03
木山政子	0.03
吉里斯皮	0.03
邦乔夫	0.03
马克波伦	0.03
麦克凯比	0.03
坦尼娅·麦克布莱德	0.03
福特·格拉摩根	0.03
比尔·威尔逊	0.03
痛痒	0.03
塞莫皮莱	0.03
亨利楚斯基	0.03
玛缇	0.03
强心甘	0.03
重办	0.03
拉米西斯	0.03
乔丹·科利儿	0.03
富兰克林他	0.03
温城定	0.03
德根·马歇尔	0.03
马里诺	0.03
鹿野	0.03
穆尼西堡	0.03
青尼	0.03
单株	0.03
克·安德森	0.03
惠勒顿	0.03
威斯雷	0.03
贾斯丁·德瑞顿	0.03
李承福	0.03
补语	0.03
太阳灯	0.03
马越	0.03
施皮格尔曼·菲舍	0.03
梅特尼希	0.03
马文·巴里	0.03
让内森	0.03
本·希瓦	0.03
寇艾	0.03
阿菲瑞克来卡默洛特	0.03
摩根·费柴迪	0.03
福塔雷萨市	0.03
穆恩·米尔德斯	0.03
二十一二	0.03
李济恩	0.03
迪布瓦	0.03
哈德林	0.03
威金斯	0.03
高邑	0.03
格罗斯基	0.03
毕加莱	0.03
皮斯克皮克斯	0.03
比谦	0.03
克拉拉·麦克	0.03
苏达龙	0.03
金亨珠	0.03
劳伦斯·德利	0.03
民咏	0.03
乔治湖	0.03
布朗生	0.03
畸胎	0.03
理学院	0.03
佩尼洛普	0.03
六六年	0.03
緊	0.03
萨米多·阿芒	0.03
干爸	0.03
格拉索尔	0.03
格拉瓦迪尔	0.03
西蒙·斯泰因	0.03
和琳兹	0.03
塔法	0.03
苏特恩	0.03
饭田	0.03
阿付尔达	0.03
斯利姆·皮肯斯	0.03
丽芙·乌尔曼	0.03
早春	0.03
歪风	0.03
下巴颏	0.03
三十分之一	0.03
蓝尔	0.03
思帕拉达·帕斯	0.03
大卫·帕默	0.03
盘活	0.03
麦古菲	0.03
鶴	0.03
令行禁止	0.03
艾莫雷	0.03
弗罗	0.03
王爷	0.03
詹妮佛留	0.03
让布里格斯	0.03
吉米佩吉	0.03
阿隆索	0.03
埃蒙	0.03
纪伯伦	0.03
燕鸥	0.03
斯黛夫尼·波切斯特	0.03
接待站	0.03
海港区	0.03
露琪亚	0.03
窝窝	0.03
波米	0.03
圆溜溜	0.03
陈叙	0.03
汉迪斯	0.03
同祥	0.03
东珠	0.03
增速	0.03
布里克斯顿	0.03
奥斯多普	0.03
西莉亚·帕森斯	0.03
立方根	0.03
朱利亚斯	0.03
雷吉纳德·霍普莱斯涅斯	0.03
六分之五	0.03
六分之二	0.03
榚	0.03
浓缩剂	0.03
罗伊·布朗	0.03
百分之千	0.03
贾拉拉巴德	0.03
濒	0.03
擂鼓	0.03
卡尔·本斯	0.03
斯科特·贝克	0.03
卡卢瑟斯	0.03
扎恩	0.03
居安	0.03
有门道	0.03
布加迪	0.03
库伯尼亚斯	0.03
洛斯·德	0.03
坐标系	0.03
阿玛里洛	0.03
屈尊来	0.03
千河俊	0.03
韦斯特贝利	0.03
和刚铎	0.03
伏笔	0.03
比诺	0.03
皮得洛	0.03
罗蒙诺索夫	0.03
贝斯达市	0.03
埃迪·麦尔	0.03
七点二十二	0.03
卡迪亚	0.03
珍妮弗·洛佩斯	0.03
强令	0.03
杰克金波	0.03
沙景	0.03
五百七十万	0.03
路易斯·莱恩	0.03
向兰博	0.03
圣田	0.03
娜沃	0.03
克雷高夫	0.03
胡克·沃特斯	0.03
奥尔巴尼市	0.03
斯克斯	0.03
榨油	0.03
鳇	0.03
耳闻目睹	0.03
麦克莫芬	0.03
阿比道斯	0.03
潘可维兹	0.03
七万四千	0.03
投送	0.03
凯文·菲德林	0.03
巧劲	0.03
阿尔索普	0.03
谢林	0.03
威廉·斯特朗	0.03
查尔斯伯顿	0.03
麦卡维蒂	0.03
饰演者	0.03
路易丝安娜	0.03
钟会响	0.03
方能舒	0.03
惠勒敦让	0.03
王真	0.03
大卫·哈斯霍夫	0.03
吉伯特·柯南	0.03
四郎	0.03
波斯基	0.03
渦	0.03
玛瑞娜西	0.03
温耐	0.03
牧畜	0.03
天鹰	0.03
凯罗德	0.03
玛祖	0.03
病故	0.03
细巧	0.03
亨利华金	0.03
土族	0.03
玛苟丽思	0.03
史瓦利	0.03
他尼波勒	0.03
扎戈	0.03
桑塔莫妮卡	0.03
浮士提诺	0.03
李济日	0.03
玛克西玛	0.03
奇沙	0.03
萨波	0.03
打谷机	0.03
波斯坎	0.03
阿瑟·米勒	0.03
乔治·法布尔	0.03
扎拉	0.03
土改	0.03
格伦代尔	0.03
萨克斯·科堡	0.03
马诺	0.03
波斯坦	0.03
让马文	0.03
总社	0.03
生佑	0.03
蒂法	0.03
多纳·朱丽亚	0.03
希尔德布兰达·桑切斯	0.03
史坦·法兰克夫斯基	0.03
攻城掠地	0.03
蒂泽	0.03
汉斯拜姆	0.03
和莎伦	0.03
小提西	0.03
珍尼·瑞哥特	0.03
万卡·鲍里索夫	0.03
比斯坦	0.03
他班尼特	0.03
艾莉克拉的艾莉	0.03
海德鲁	0.03
沃特·埃利特	0.03
溶岩	0.03
马歇王	0.03
謊	0.03
胶木	0.03
穆托姆博	0.03
正当年	0.03
民庭	0.03
沙比	0.03
有线广播	0.03
斯托拉德	0.03
七天之	0.03
三十一秒	0.03
扎洛	0.03
绿头鸭	0.03
王祥	0.03
频出	0.03
贝莲达	0.03
史丹力	0.03
虚虚实实	0.03
古库基亚	0.03
汤玛斯兰特	0.03
海斯顿	0.03
瑞阿达尔	0.03
临海	0.03
孭	0.03
沃革尔	0.03
席奥多	0.03
影机	0.03
蒂戈	0.03
萨克门托	0.03
马里莎	0.03
蒙斯特	0.03
鲙	0.03
同理	0.03
丽芙正	0.03
拉姆西·艾克曼	0.03
和斗浩	0.03
乌格哈	0.03
林肯·柯尔斯坦	0.03
舍尔曼	0.03
奇托	0.03
比尔·伯格	0.03
本诺	0.03
劳莱	0.03
吉姆·戴维斯	0.03
被子植物	0.03
哈斯通	0.03
成说	0.03
蒂拉	0.03
斯奇尼德	0.03
文英勋	0.03
奇拉	0.03
甲安菲他	0.03
大塔科玛	0.03
抽税	0.03
艾恩兰德	0.03
灵召	0.03
赋诗	0.03
西奥·安	0.03
奥利弗腾	0.03
弧光	0.03
阿杰尔农	0.03
航迹	0.03
同眠	0.03
英格林	0.03
尼·佛恩	0.03
杰克·皮尔斯	0.03
让卡丽	0.03
蓬巴	0.03
玛琦	0.03
启斯	0.03
康维家	0.03
埃尔思金	0.03
爱德加	0.03
斯多葛派	0.03
高景民	0.03
克里斯塔·沃尔夫	0.03
斯德	0.03
莺歌燕舞	0.03
布拉基·希尔	0.03
李圭植	0.03
詹尼芙	0.03
选登	0.03
金伯利·伊莉斯	0.03
第三十八	0.03
维敏娜·琼斯	0.03
于一根	0.03
赫维	0.03
李成	0.03
莫那	0.03
帕合斯特	0.03
崔常寿	0.03
陳	0.03
道格·佩里	0.03
劳合社	0.03
选矿	0.03
亚莉莎史特林	0.03
左邻	0.03
卤化物	0.03
林斯市	0.03
交通运输业	0.03
凯文斯图尔	0.03
达瑞克	0.03
吉米马克姆	0.03
郎宁	0.03
干管	0.03
梅贝里·杰瑞	0.03
圣·伯特	0.03
蓝蓓	0.03
戈特霍尔德·埃夫莱姆·莱辛	0.03
比利·爱德华	0.03
百万亿	0.03
詹姆斯·黑曼	0.03
波菲里奥·迪亚斯	0.03
代际	0.03
斯坦费尔德·特纳	0.03
夏洛特斯维尔	0.03
达什尔·罗伯特·帕尔	0.03
雅各普莱兹	0.03
马克思卡尔特	0.03
歪道	0.03
盘整	0.03
拉哇不拉图斯	0.03
德雷姆勒	0.03
杜兰格	0.03
卓古拉	0.03
奇朵	0.03
埃德·克兰普	0.03
布里克斯通	0.03
桂妮薇	0.03
纳生	0.03
爱相宇	0.03
泽尔瓦吉斯	0.03
奥列路易斯·卡萨·安东尼	0.03
瓜尔特里奥·马拉特斯塔	0.03
奥斯卡影	0.03
扬·迪特	0.03
米里利	0.03
比利·乔尔	0.03
比尔·勒尔比	0.03
圣·里吉斯	0.03
二零六	0.03
正骨	0.03
车来运	0.03
穆丽尔	0.03
童音	0.03
毕费尔德	0.03
维罗妮卡·查尔斯	0.03
亚伯拉罕·塞皮恩	0.03
土温	0.03
塞伦	0.03
让波莉	0.03
优秀奖	0.03
伯特·弗里格	0.03
贝蒂·苏	0.03
罗森维格	0.03
马修·米尔顿伯格	0.03
山东省	0.03
雷克斯龙	0.03
讲习	0.03
燕雀	0.03
主航道	0.03
康纳·巴里	0.03
恩诺克	0.03
润湿	0.03
一如我	0.03
一九五八年	0.03
德拉甘	0.03
布托当	0.03
凯丝·勒兹	0.03
克曼尼斯	0.03
谶	0.03
胡子会	0.03
莫霍	0.03
馒	0.03
波利·贝利	0.03
因纳斯波	0.03
海尔格	0.03
卡尔斯	0.03
博比·兰迪	0.03
多特克希	0.03
阿托塞科	0.03
乔治·海特	0.03
迪阿玛多	0.03
马切尔	0.03
艾瑞克·费吉贝尔	0.03
塞丹	0.03
莫利·温特	0.03
庆尚道	0.03
泰比里厄斯·杰斐逊·希克斯	0.03
克莱伦斯麦克尔赫尼	0.03
纳尔逊·洛克菲勒	0.03
汉瑞	0.03
流出入	0.03
熄灯号	0.03
出新	0.03
罗曼尼·康蒂	0.03
超钢	0.03
尔滋	0.03
阿罕布	0.03
达斯茅斯	0.03
蓓姬	0.03
贝蒂福镇	0.03
斯曼克	0.03
让戈雅	0.03
成谟	0.03
克里斯蒂·厄尔	0.03
金俊浩	0.03
杜布克	0.03
卡厄斯	0.03
帕米拉·米尔森	0.03
格罗西斯	0.03
绰约	0.03
超霸	0.03
称许	0.03
马里尤斯	0.03
哈斯霍	0.03
康尼留斯	0.03
南尼	0.03
奇斯	0.03
去污粉	0.03
黛安娜·施坦森	0.03
沙流	0.03
蒂崔得	0.03
润润	0.03
葛丽莎	0.03
二八分	0.03
庞贝来	0.03
都比海明威	0.03
叽叽嘎嘎	0.03
克莱门泰	0.03
沙海	0.03
频器	0.03
格芬	0.03
艾弗生	0.03
靖宝	0.03
弗兰基·齐克斯	0.03
贰	0.03
代总统	0.03
王统	0.03
塞缪尔汉	0.03
狄迪耶	0.03
马丁·斯科费尔	0.03
卡梅隆比贾斯汀	0.03
苏西那	0.03
吾爱诺亚	0.03
九十秒	0.03
拉图斯卡	0.03
四百五十万	0.03
接火	0.03
洛根让杰克	0.03
马莉	0.03
土浦	0.03
心必会	0.03
泰特姆	0.03
弥勒	0.03
罗纳德·萨姆纳	0.03
歌珊地	0.03
新世纪	0.03
乔士华	0.03
幔	0.03
波多因	0.03
坎贝尔·丹	0.03
塞班	0.03
斯多姆·斯汀	0.03
拉克斯高地	0.03
杰克·道金斯	0.03
民智	0.03
蒂安	0.03
吉士球	0.03
阿修罗不阿修罗	0.03
豪斯威尔	0.03
日立	0.03
民秀都	0.03
刘易斯才	0.03
德·西卡	0.03
排污口	0.03
玛什	0.03
埃尔斯沃思	0.03
吉米·迈耶斯	0.03
泽维尔·柯提斯·史密斯	0.03
石门	0.03
满额	0.03
吉历让	0.03
海芬赫斯特	0.03
郑生禄	0.03
李斯特·费伦茨	0.03
奇威	0.03
莫里斯·法布林斯基	0.03
老相	0.03
斯多尼亚	0.03
克劳蒂亚兴	0.03
迈克马克德	0.03
杰迪狗	0.03
约翰·帕尔默	0.03
用兵一时	0.03
鱈	0.03
罗拉·雷弗里	0.03
七子之	0.03
李素妍	0.03
罗伯特非	0.03
京士柏	0.03
弗林德斯	0.03
远洋轮	0.03
伦泰	0.03
威苏塔湖	0.03
奇多	0.03
二锅头	0.03
巴西利亚	0.03
米克·杰格	0.03
选任	0.03
水禽	0.03
皮福	0.03
蒂夫	0.03
涂刷	0.03
梅威瑟	0.03
容耀永存	0.03
吉姆·汤普森	0.03
苏考斯基	0.03
卡洛斯·雨果·卡特兰	0.03
水秀	0.03
范伦卡	0.03
塔奎因	0.03
万民之	0.03
黄梁一梦	0.03
布里奇沃特	0.03
露希	0.03
鴕	0.03
高斯伍德	0.03
嘹亮	0.03
让隆巴顿	0.03
比佛利山真	0.03
比洛基	0.03
埃伦·平斯基	0.03
七百亿	0.03
金智英	0.03
莫里斯那	0.03
骊	0.03
朱利亚·伊格尔顿	0.03
胡起	0.03
尤伯·连纳	0.03
张吉博	0.03
拜伦·布鲁克	0.03
迈克尔·安德森	0.03
克里奥佩特拉	0.03
班艾尔	0.03
路易斯·雷	0.03
继梦和	0.03
佈	0.03
若杰克	0.03
香气扑鼻	0.03
兑换处	0.03
圣伯纳迪诺	0.03
汤姆·爱迪生	0.03
水超人	0.03
德维安·埃利桑多·蒙多	0.03
弗兰克·希纳特拉	0.03
泰特斯	0.03
爱滋来	0.03
监视哨	0.03
马道夫·麦格拜因	0.03
屎壳郎	0.03
背包袱	0.03
熊野	0.03
伽拉蒂亚·封南德兹	0.03
努美诺埃尔	0.03
和琳恩	0.03
伯恩他	0.03
安德鲁·汉密尔顿	0.03
大卫·韦伯	0.03
權	0.03
芭拉洛	0.03
汉诺威	0.03
鬼伏身	0.03
秦豪	0.03
安东尼·福奎亚	0.03
托得盖勒	0.03
抗灾	0.03
阿卡塔	0.03
开信器	0.03
李英	0.03
荷美尔·查韦斯	0.03
亚历山大·巴鲁·帕楚武	0.03
日经	0.03
针鼹	0.03
脸软	0.03
猜拜伦	0.03
越高	0.03
于吉	0.03
雷隆·夏普顿	0.03
奥利弗尔	0.03
苏永爱	0.03
水网	0.03
麦克格林	0.03
推车人	0.03
甲信	0.03
布隆迪人	0.03
辇	0.03
熊朝秀	0.03
休姆拉	0.03
正面图	0.03
佯动	0.03
水红	0.03
胡子真	0.03
网络版	0.03
甲乙	0.03
阿布多·阿津	0.03
孙膑	0.03
埃瑟雷奇	0.03
水绿	0.03
狗群	0.03
奥伯阿默尔高	0.03
帕特里克·斯韦兹	0.03
萁	0.03
让里德	0.03
布卢姆菲尔德	0.03
武大	0.03
卡斯泰克	0.03
斯隆得	0.03
武备	0.03
拉蒙纳·卡斯卡特·琳斯考特	0.03
迪瓦尔	0.03
楊	0.03
土坑	0.03
能乐	0.03
卡迪纳	0.03
约翰·图	0.03
土坡	0.03
埃杜瓦多	0.03
那苏芝	0.03
克别什	0.03
市川	0.03
被罩	0.03
胡格	0.03
良人	0.03
伊朗人	0.03
让珍妮斯	0.03
伯恩茅斯	0.03
朴怡素	0.03
多元论	0.03
伊娃·布劳恩	0.03
约翰·奇佛	0.03
審	0.03
布兰奇·迪布瓦	0.03
泾	0.03
卡努卡	0.03
塔西	0.03
良一	0.03
古德博格	0.03
二亿五千万	0.03
李胜	0.03
民怨	0.03
布雷恩·迈尔	0.03
罗特斯	0.03
豆腐乳	0.03
康有达	0.03
议和	0.03
默写	0.03
涂在	0.03
碎嘴子	0.03
尤金才	0.03
沙哈	0.03
杰尼佛·洛佩茨	0.03
福谷森	0.03
克里希纳	0.03
坦克兵	0.03
大卫·爱波特	0.03
安德鲁来	0.03
汉代	0.03
格洛安纳	0.03
汤姆·班奈杰克	0.03
安·法兰克	0.03
多娜特拉	0.03
亚穆纳	0.03
蒋华	0.03
杰瑞派克	0.03
奥尼娅·德米娅	0.03
引航道	0.03
杰里科	0.03
坦克师	0.03
戴斯·奎克力	0.03
和超	0.03
节流	0.03
九十七	0.03
九十三	0.03
剖面图	0.03
伊诺克	0.03
武品	0.03
奇卡	0.03
阿佛莱	0.03
马库斯·坎特	0.03
居昌	0.03
撈	0.03
酸雾	0.03
马林科夫	0.03
稔熟	0.03
埃尔莎·兰彻	0.03
彩屏	0.03
吉尔·马林	0.03
九十二	0.03
庞贝先	0.03
就席	0.03
卡尔西法让	0.03
九十亿	0.03
马维斯·门德斯	0.03
傑	0.03
胡蝶	0.03
卡普奇诺	0.03
古川俊子	0.03
尼亚萨	0.03
草开花	0.03
科特·科	0.03
鲹	0.03
加莱特	0.03
柯立芝	0.03
尼祖	0.03
马吉娜	0.03
埃文·派特森	0.03
爱弗兰克斯坦	0.03
约翰斯敦	0.03
救难船	0.03
邸第来	0.03
和莉斯	0.03
小斯普林特	0.03
智睿	0.03
少待	0.03
收罗	0.03
日珥	0.03
库卡蒙加	0.03
海关总署	0.03
霍根森	0.03
米德尔顿	0.03
和克莱尔	0.03
大卫不让杰菲	0.03
瑞阳	0.03
蛌	0.03
刀远胜	0.03
金珍实	0.03
金顺宰	0.03
福尼亚的斯托克顿	0.03
罗切斯特市	0.03
罗德艾兰	0.03
毛里求斯	0.03
皮克林	0.03
艾米·布特林	0.03
诺瓦迪埃	0.03
曳	0.03
奎日尔	0.03
蹄筋	0.03
苏萨	0.03
瑞奇余	0.03
锕	0.03
布理德	0.03
雷马蒂	0.03
潘普洛纳市	0.03
央格鲁	0.03
圣米迦勒	0.03
心心相连	0.03
裁纸机	0.03
特里夫卡斯里顿	0.03
六千八百	0.03
朴文雄	0.03
安特洛尼克斯	0.03
比尔·怀特	0.03
他罗德	0.03
于一堂	0.03
复音	0.03
迪莫伊市	0.03
卡拉瓦齐	0.03
让史蒂夫	0.03
约翰·福布斯	0.03
新沂市	0.03
菲尔腾	0.03
罗莎妮	0.03
科洛尼亚安那帕	0.03
灵力	0.03
难舍难离	0.03
艾琳娜·史帕	0.03
奥萨卡	0.03
畏难	0.03
柯许纳	0.03
桑耐	0.03
虹鳟鱼	0.03
敬一	0.03
锡拉丘兹的本·施瓦兹瓦德	0.03
沙堤	0.03
瓦勒迪泽尔	0.03
秦莉	0.03
释迦摩尼	0.03
简捷	0.03
拉若斯	0.03
桑特拉斯·约翰逊	0.03
赤羽	0.03
哲基尔	0.03
伊基他	0.03
安特瓦	0.03
塔菲	0.03
丽塔丽塔丽塔	0.03
格路里	0.03
朱利耶斯	0.03
特伯利	0.03
克西	0.03
白斑病	0.03
克罗拉多	0.03
艾菲·施莱格	0.03
马格鲁德	0.03
潘西亚斯	0.03
苏苏	0.03
贝碧好	0.03
吉夫斯	0.03
莫歇尔	0.03
尔德	0.03
食槽	0.03
丹·加布尔	0.03
娜·蒙塔娜	0.03
摩德兹	0.03
史都利史基	0.03
化武	0.03
贝芙·奈斯特	0.03
阿利克斯	0.03
乌利亚派	0.03
安德洛尼克斯	0.03
沃尔佛特	0.03
普乐斯	0.03
盘剥	0.03
新机	0.03
蒂基	0.03
布列特马	0.03
保罗·莫利托	0.03
国界线	0.03
小卢卡斯	0.03
爱伦美	0.03
庞贝和	0.03
霍鲁斯	0.03
桑蚕	0.03
鲁帕格林	0.03
哈腰	0.03
塞纳	0.03
潜伏性	0.03
阿斯伯理	0.03
畏避	0.03
朱莉·格林	0.03
法瑞	0.03
丹里勒	0.03
但凯茜	0.03
武之人	0.03
克里斯托夫·韦伯斯特	0.03
汉克抛	0.03
斯特门	0.03
满门	0.03
梅莱恩的尼克·波斯	0.03
哈姆斯特丹	0.03
六十九万	0.03
鼓动性	0.03
苏茵	0.03
议席	0.03
摩多克	0.03
艾米丽·博伊德	0.03
政派	0.03
贝松人	0.03
詹姆斯布朗	0.03
三十五秒	0.03
比多米尼克·卡塔诺	0.03
恺撒瑞欧	0.03
克拉里斯·怀特	0.03
水淋淋	0.03
洪博	0.03
百二万	0.03
查布罗尔	0.03
朴浩泰	0.03
埃德加·爱伦	0.03
勒格利	0.03
沙幼	0.03
歌林多	0.03
涂布	0.03
祥子时	0.03
抗税	0.03
韩登	0.03
安吉丽雅·塞克斯	0.03
临安	0.03
一语惊人	0.03
沃巴克尔	0.03
莫布·迪普	0.03
菲比·费罗夫	0.03
软磁盘	0.03
金初元	0.03
康满玉一	0.03
各家各户	0.03
摩拉斯	0.03
泰勒·伊玛根	0.03
七点十五	0.03
爱伯	0.03
安提戈都	0.03
黄汉雄	0.03
基丝康尼	0.03
达克·盖博	0.03
凯贝斯	0.03
马蒂·史辛格	0.03
莞	0.03
丁花	0.03
诏书	0.03
伊桑·莱纳尔	0.03
理罗伯托	0.03
顺力	0.03
诺斯·温斯洛	0.03
久石让	0.03
黛拉·安特怀恩	0.03
戴文波特	0.03
圣路易斯的路易斯	0.03
刻度尺	0.03
勒穆瓦纳	0.03
他亨特	0.03
卡拉欧丘	0.03
沃德堡	0.03
张曼雅	0.03
麦克他	0.03
拉杰夫	0.03
厄多·玛斯	0.03
约纳斯	0.03
尼科莱·特斯拉	0.03
哈荣	0.03
索马里人	0.03
戴恩·库克	0.03
赫姆达尔	0.03
比利·布什	0.03
会永存	0.03
抢购一空	0.03
伊兹	0.03
法兰克米勒	0.03
王二	0.03
区划	0.03
布隆方丹	0.03
麦克斯·高登	0.03
爱他	0.03
克罗特	0.03
分类学	0.03
瑞逸	0.03
史丹斯	0.03
圣·詹姆斯	0.03
龙须面	0.03
捞饭	0.03
法盲	0.03
哈莎	0.03
他连奥斯汀	0.03
王万	0.03
黄金国	0.03
克莱泽米尔	0.03
艾美·德·侯理	0.03
奇哥	0.03
哈维·佩尔	0.03
丹泽·埃尔文	0.03
亚弗列多	0.03
迪克·邦尔	0.03
斯卡帕	0.03
枢机主教	0.03
罗克来	0.03
胡子才	0.03
艾尔沃斯	0.03
茨木	0.03
里克·贝克	0.03
呼救声	0.03
那瓦克	0.03
鲁米诺	0.03
琳达·华盛顿	0.03
马纳皮亚	0.03
文艺界	0.03
英基尼奥村	0.03
茍	0.03
福瑞德	0.03
麦可书	0.03
那京子	0.03
王元	0.03
尼克莱·沃斯考夫	0.03
殉国	0.03
怒冲冲	0.03
纳乔康瑞拉	0.03
他弗利克	0.03
海伦·贝索	0.03
能学	0.03
汉奸	0.03
玛延	0.03
张群照	0.03
特雷·斯托克斯	0.03
阿拉西奥	0.03
胶乳	0.03
比利·博比	0.03
桑骐	0.03
布兰达·马丁	0.03
斯特拉思莫尔	0.03
奥纳利	0.03
别家来	0.03
因赛诺	0.03
交通网	0.03
雨后春笋	0.03
二点二十五	0.03
杰佛瑞·丹	0.03
收杆	0.03
霍德瑞吉城	0.03
珠光	0.03
佛布恩	0.03
石蒜	0.03
普罗沃	0.03
让珍妮特	0.03
玛娜罗伊	0.03
狗仗人势	0.03
森德莱德	0.03
让卡斯	0.03
克里斯布朗	0.03
尚法兰柯理	0.03
周一周	0.03
爱大龙	0.03
海力	0.03
拉斯维加斯加	0.03
山茱萸	0.03
团组织	0.03
洛海普诺	0.03
弗朗高	0.03
英格里	0.03
季冠军	0.03
维吉尔·凯恩	0.03
罗伯特·兰	0.03
管制法	0.03
让汤米	0.03
德雷克·杰特	0.03
葛鲁克	0.03
菲尔顿	0.03
挑肥拣瘦	0.03
托马斯·古奇	0.03
皮特·罗根	0.03
哈默	0.03
瑞贝	0.03
堇	0.03
杰迪戴亚杰迪戴亚	0.03
路卡诺夫	0.03
卡拉迪加	0.03
波斯特	0.03
忧国忧民	0.03
桑迪·考夫克斯	0.03
余威	0.03
卢修斯维勒斯	0.03
根吉米·迪安	0.03
涛黎	0.03
阿博杜	0.03
奇花异卉	0.03
布鲁菲尔德	0.03
武侠	0.03
杰西詹姆斯	0.03
弗德	0.03
雷罗宾逊	0.03
良家	0.03
拉莫利	0.03
彈	0.03
平板车	0.03
弗里茨·弗戈	0.03
比尔·帕弗瑞	0.03
克拉特巴克	0.03
变得和	0.03
二进位	0.03
爱利	0.03
史丹福	0.03
爱勒	0.03
选录	0.03
汉娅	0.03
单相	0.03
博格道夫	0.03
召男	0.03
伊迪让安迪	0.03
让沙克	0.03
邦巴达	0.03
表针	0.03
尼可基曼	0.03
林业部	0.03
皮特·哈	0.03
斯尔文	0.03
街垒	0.03
威奇托	0.03
佐雷拉·菲格罗拉	0.03
凯文科斯特纳	0.03
塔马拉·马科夫柯娅	0.03
笊	0.03
蚕食鲸吞	0.03
哈顿	0.03
西蒙·德·波	0.03
萨达姆的逊尼派	0.03
埃玛·汤普森	0.03
潘杰希尔	0.03
爱朱莉娅	0.03
山福德	0.03
日清	0.03
三顾茅庐	0.03
伏娃	0.03
干呕	0.03
良将	0.03
用武	0.03
艾维思	0.03
易溶	0.03
欧尔森	0.03
当代人	0.03
弗塞	0.03
奥尼尔真	0.03
罗丽	0.03
孙金	0.03
杰尔他	0.03
兰姆博	0.03
塔高	0.03
堂德罗	0.03
克丽丝丁	0.03
制药学	0.03
牧地	0.03
贡帝	0.03
科纳·理查德·格鲁根	0.03
道格拉斯·克朗波	0.03
艾尔斯伯里	0.03
马尔科姆·雷纳德	0.03
水清	0.03
冯利顿斯坦	0.03
拉巴尼	0.03
让科扎克	0.03
顿休斯顿	0.03
帕特纳姆	0.03
潮呼呼	0.03
辞旧迎新	0.03
六万二千	0.03
巴马科	0.03
查尔斯·舒兹	0.03
今川	0.03
水涝	0.03
斯汤达	0.03
拉夫尔提	0.03
菲利普·斯威特	0.03
助理员	0.03
桂和壮	0.03
阿伯基尔	0.03
曼瑟珊苏丹	0.03
良庵	0.03
侠佐罗	0.03
铺面	0.03
靖狗	0.03
查理兹·塞隆	0.03
八万七	0.03
郑柔真	0.03
大卫威恩	0.03
布莱曼	0.03
萨其亚	0.03
丹朱儿	0.03
赫伯特·马尔库塞	0.03
查理斯·阿什福德	0.03
余年	0.03
斯科特·布雷	0.03
布朗克	0.03
泰贝特	0.03
风量	0.03
富尔达	0.03
几经周折	0.03
邦乔维	0.03
玛多	0.03
科特·柯	0.03
安德鲁真	0.03
范克龙	0.03
肯尼娅留	0.03
並	0.03
朴相范	0.03
一又四分之一	0.03
奇克斯	0.03
揭短	0.03
伏天	0.03
多曲奇	0.03
崔泰永	0.03
水泽	0.03
沃尔特·弗雷德里克·莫里森	0.03
海云台	0.03
皮兹堡	0.03
比霍华·休斯	0.03
乔麦克库勒	0.03
他里普	0.03
洋白菜	0.03
九千两百零一万六千	0.03
里一秀	0.03
迈尔斯·戴劳尔	0.03
圣安东尼奥城	0.03
刘易斯留	0.03
格罗斯特	0.03
爱因	0.03
赤子之心	0.03
纳库	0.03
阿莫沙义姆	0.03
瑞弗顿市	0.03
詹尼克	0.03
换气扇	0.03
萨斯的托皮卡	0.03
施特菲	0.03
迪兰·麦克	0.03
零五亿	0.03
吾郎	0.03
抨	0.03
雷根斯	0.03
草种	0.03
里普·范凯尔	0.03
弥生	0.03
夏卡尔	0.03
丹尼·波斯	0.03
约翰·洛克菲勒	0.03
五万亿	0.03
吕萨克	0.03
金智顺	0.03
甲卡	0.03
五万二	0.03
美术纸	0.03
今午	0.03
塔非	0.03
海恩尼斯	0.03
津安	0.03
单倍体	0.03
帕吉姆	0.03
云生雨	0.03
鲁斯兰	0.03
桑齐斯	0.03
伊玛尼什	0.03
哈维尔·门德斯	0.03
玛吉·麦佛莱	0.03
五万一	0.03
陈昌禄	0.03
超额利润	0.03
考迪瑞·塞维尔	0.03
独木难支	0.03
达斯·维德的杰迪	0.03
哈镇	0.03
简·波特	0.03
练字	0.03
索尔顿	0.03
斯特克顿	0.03
代夫诺	0.03
海夫拉夫	0.03
王墨	0.03
弗龙斯基	0.03
斯威德	0.03
戴尔的麦狄卡	0.03
郎福	0.03
弗宁坦	0.03
二十一日	0.03
林场	0.03
水战	0.03
瑞丝·斯洛金	0.03
杰克·特尼	0.03
博斯沃斯	0.03
武装部	0.03
欧比基勒	0.03
鳮	0.03
李·迈尔斯	0.03
优利亚的盖乌斯	0.03
奥纳多	0.03
宋飞正	0.03
萨凡那的梅宝·卡鲁泽	0.03
蒋介	0.03
伯恩斯·福克尔	0.03
辛阿丽	0.03
巴的尔摩	0.03
沃尔特·谢尔曼	0.03
真能生	0.03
怼	0.03
克里普尼	0.03
镊	0.03
比佛利拜金	0.03
奥曼德	0.03
伊莱亚斯·凯利森	0.03
颂赞	0.03
哈阿	0.03
易思	0.03
盳	0.03
玛格丽娜	0.03
埃林加	0.03
爱尔康	0.03
善从善	0.03
萍奇	0.03
社会心理学	0.03
王孙	0.03
圣费尔南	0.03
李维特	0.03
格莱萨	0.03
干娘	0.03
小杜威	0.03
余利	0.03
斯蒂沃特	0.03
汉卡	0.03
总后	0.03
尔珍娜	0.03
一笔带过	0.03
龙须菜	0.03
维尔吉纳	0.03
猜托格	0.03
斯特莱	0.03
风华绝代	0.03
和克里斯琴	0.03
让·巴普提斯	0.03
水患	0.03
爱娜	0.03
赵成河	0.03
四万分之一	0.03
怀特霍尔	0.03
莫拉博斯	0.03
双福	0.03
和塞巴斯蒂安	0.03
芭芭拉·沃特兹	0.03
科林·法雷尔	0.03
兰姆巴	0.03
卡洛斯·奥利维拉	0.03
杜飞丝	0.03
何为爱	0.03
科尔维特	0.03
六六点	0.03
爱雷克斯雷克斯拉夫	0.03
布莱恩·斯通	0.03
艾尔文·兰兹里斯	0.03
米拉·霍基奇斯	0.03
渊薮	0.03
水柜	0.03
让马丁	0.03
圣安德烈斯	0.03
良品	0.03
鲍勃·马利	0.03
石西	0.03
普斯毛斯罗克	0.03
格林才	0.03
麦迪新洛奇克里克	0.03
鞘翅目	0.03
斯莫奇·罗宾逊	0.03
格纳德	0.03
朴正洙	0.03
格温妮丝	0.03
苏珊·肖恩	0.03
斯蒂芬·克里	0.03
混合式	0.03
尼利厄斯	0.03
泰德斯科	0.03
杂居	0.03
胡安·伊斯特	0.03
太平门	0.03
莱尼塔	0.03
肖恩干	0.03
海格罗夫	0.03
世界贸易组织	0.03
贝基·莫顿	0.03
乐段	0.03
罗伯特·布	0.03
哈科尔	0.03
桑雅	0.03
合作方	0.03
劳瑞尔·雷顿	0.03
多姆撒	0.03
沙丝	0.03
兰尼文斯	0.03
卡西米洛	0.03
冲压机	0.03
沙丽	0.03
纳哥	0.03
王尧	0.03
伟科夫	0.03
芬克斯塔	0.03
红彤彤	0.03
亚利桑	0.03
王小	0.03
崔炳武	0.03
钱万年	0.03
法本	0.03
政绩	0.03
特里维亚	0.03
弗劳	0.03
布朗妮	0.03
乐棋	0.03
扫黄打非	0.03
圣威贝纳	0.03
转义	0.03
汉基	0.03
蓧	0.03
戴瑞克·撒	0.03
歌伦德	0.03
金守鲁	0.03
艾马拉	0.03
亚历山大·格兰·贝尔	0.03
郑镇旭	0.03
县级	0.03
萨姆·冈德森	0.03
查尔斯·索普	0.03
何为真	0.03
无公害	0.03
王开	0.03
偏食	0.03
卡迪斯	0.03
塞浦	0.03
弗罗里达马林	0.03
女体盛	0.03
沙贾汗	0.03
刚直不阿	0.03
王廷	0.03
埃萨·德·克罗兹	0.03
道力顿	0.03
伏兰	0.03
民科	0.03
格林斯维尔	0.03
佛格斯	0.03
鲍勃·冈顿	0.03
詹姆斯威廉帕	0.03
安东尼克拉克	0.03
肯华斯基	0.03
尼龙袋	0.03
尤卡丹	0.03
九点十七	0.03
梅·韦斯	0.03
罗伯特·奥古斯	0.03
喀吉斯坦	0.03
贾皮	0.03
玛蒂涅兹	0.03
整风	0.03
卡森博格	0.03
史崔克都	0.03
噱	0.03
那东西	0.03
自流井	0.03
松本惠美	0.03
葛莱妮丝	0.03
枞	0.03
黑乔先	0.03
希德利克	0.03
特布莱	0.03
莎拉·伯切南	0.03
迈克格恩	0.03
科瑞恩	0.03
艾尔皮托利	0.03
塔适	0.03
赫蕾	0.03
惠丁堡	0.03
利欲	0.03
锎	0.03
曾用来	0.03
法拉根	0.03
凯文史派西	0.03
让巴迪·霍利	0.03
支链	0.03
来凤	0.03
躲懒	0.03
埃文·雷恩	0.03
圣里尼	0.03
证据法	0.03
罗纳德·塔文纳	0.03
杰克·霍金斯	0.03
扬琴	0.03
福瑞拉	0.03
俵	0.03
乘数	0.03
哈泽德镇	0.03
二四	0.03
新喜	0.03
曼尼·帕瑞	0.03
朱惠承	0.03
查尔斯·杜蒙特	0.03
乔治·辛德斯	0.03
张超赞	0.03
强盗窝	0.03
艾莉西娅·玛库娃	0.03
史旺达	0.03
拉克曼尼诺夫	0.03
阿皮亚	0.03
黄书放	0.03
罗斯·佩罗	0.03
罗伯特·德·尼罗	0.03
班克劳	0.03
吉斯卡尔·德斯坦	0.03
猎具	0.03
比尔·库巴拉	0.03
泥疗	0.03
防御战	0.03
崔瑞莎	0.03
中文版	0.03
让杰克斯	0.03
乔·卡波特	0.03
异香	0.03
德奥伦	0.03
同室操戈	0.03
瓦莱里·纳波科夫	0.03
让甘道夫	0.03
格兰市	0.03
苟安	0.03
格兰帕	0.03
他斯巴达	0.03
走马灯	0.03
西兰弗兰德	0.03
布赖恩·道格拉斯	0.03
让迪乔奇	0.03
米莉亚姆	0.03
健身球	0.03
比利·葛培理	0.03
克利斯朵	0.03
每桶	0.03
詹金	0.03
巴克·登特	0.03
担不是	0.03
若阿尔梅达	0.03
安吉拉·哈维斯	0.03
古得斯娜	0.03
唐·亨利	0.03
麦克·麦古菲	0.03
搜括	0.03
爱丽亚斯	0.03
游牧民	0.03
维特摩尔	0.03
开工率	0.03
罗缎	0.03
朱娜都	0.03
七万三千三百一十三	0.03
敦士	0.03
若山姆	0.03
塔斯科	0.03
弗兰克·博伊兰	0.03
过薇	0.03
简宾斯	0.03
子买花	0.03
比蒙克	0.03
洛克裴勒	0.03
窗棂	0.03
声气	0.03
曼三世	0.03
奥克丽	0.03
布斯提	0.03
里德高	0.03
槽牙	0.03
徐大山	0.03
一站站	0.03
麦克曼纳斯	0.03
罗伯特·肖恩·伦纳德	0.03
丘吉尔席瑟	0.03
贝克斯菲尔德市	0.03
催逼	0.03
侧后	0.03
罗吉斯	0.03
洛仙	0.03
扬眉	0.03
辛克	0.03
雪莉马胡兰	0.03
一名名	0.03
格兰尼	0.03
莫斯加	0.03
迪安·德朗姆	0.03
兑换券	0.03
阿瑟·丹	0.03
瑟维斯	0.03
戈特曼	0.03
女之子	0.03
埃米莉·普拉特	0.03
塔勒维拉	0.03
波多韦德	0.03
阿尔曼多	0.03
卡莱尔的艾丽诺	0.03
斯蒂夫·布拉迪	0.03
金敏善	0.03
耐药性	0.03
泥煤	0.03
哈特斯戴尔	0.03
支部	0.03
作鬼	0.03
锦州	0.03
李尔他	0.03
爱西德	0.03
夾	0.03
菅	0.03
杜波夫	0.03
让邦妮	0.03
维丽莎	0.03
基布叶	0.03
格温多林·班尼	0.03
林康路	0.03
年富力强	0.03
亚海中	0.03
恬然	0.03
雨果·查韦斯	0.03
贝特西	0.03
斯坦福维尔	0.03
兰德尔·派帕里奇	0.03
检疫员	0.03
十一点三	0.03
铠	0.03
拉里让	0.03
阿尔·夏普顿	0.03
交公	0.03
声母	0.03
纳斯镇	0.03
侧刀	0.03
库库鲁	0.03
迈勒维特斯	0.03
帕特莎·特曼	0.03
彼得加勒	0.03
反潮流	0.03
乔·佩西	0.03
葛维奇	0.03
乔伊真	0.03
莫斯拉	0.03
圣马日恩	0.03
瘍	0.03
格塞斯	0.03
哈佐斯特	0.03
果丹皮	0.03
让查理	0.03
卡罗塔	0.03
企标	0.03
柯南道尔	0.03
费达	0.03
伊莫森·卡特斯	0.03
巍巍	0.03
斑羚	0.03
一叶兰	0.03
恼恨	0.03
新区	0.03
戏剧家	0.03
食不甘味	0.03
格兰多	0.03
参股	0.03
巴纳纳	0.03
柯温嘉会	0.03
和卢卡斯	0.03
文炯熙	0.03
崔英淑	0.03
圣里夫波特	0.03
泰路莱德镇	0.03
真无礼	0.03
捻线机	0.03
格里弗斯	0.03
皮特博	0.03
普罗沃城	0.03
海伦·麦克卡特	0.03
哈得孙	0.03
圣基爱朱娜	0.03
米丽放	0.03
卡丽·玛	0.03
辛摩	0.03
四百八十万	0.03
谢伊	0.03
和理查德	0.03
基布兹	0.03
斯蒂尔斯基	0.03
韩柏烈	0.03
埃利森	0.03
肺心病	0.03
维托亚	0.03
阿玛斯	0.03
比阿特丽丝	0.03
人夫	0.03
谢他	0.03
塔比·史密斯	0.03
盖丽	0.03
阿尔伯特·莫里	0.03
奥莉佛·埃拉德	0.03
范妮·罗宾	0.03
理查基尔	0.03
他斯帕克	0.03
染毒	0.03
相熙	0.03
玛丽布伦	0.03
费路	0.03
鹿儿	0.03
和贤洙	0.03
七八百	0.03
杰·迪	0.03
考取	0.03
生莉贾娜	0.03
冚	0.03
萨瓦	0.03
新加	0.03
泰迪·特耐	0.03
句型	0.03
金敏军	0.03
格罗兹	0.03
博兹佩提	0.03
华帕哈	0.03
补发	0.03
德弗利	0.03
罗伯特·唐利	0.03
乌纱	0.03
培班纳迪克	0.03
唐娜凯伦	0.03
测量学	0.03
收购站	0.03
艾露易	0.03
罗素哈威尔	0.03
相纸	0.03
考尔	0.03
沈善大	0.03
人本	0.03
卡利顿	0.03
臭熏熏	0.03
马切罗·德马斯	0.03
通俗性	0.03
维兰德	0.03
博卓来	0.03
魏玛	0.03
绊马索	0.03
米奴哀	0.03
里德都	0.03
贝弗莉·希尔	0.03
新州	0.03
矮墙	0.03
练习本	0.03
费卢杰城	0.03
汤姆·马丁	0.03
德妮丝·劳拉比	0.03
芳草地	0.03
阿尔弗莱德·惠特尼	0.03
库布里克	0.03
安吉拉·杰纳罗	0.03
航空队	0.03
彤	0.03
规约	0.03
罗琳	0.03
贝卡里亚	0.03
杰·杰·理查德	0.03
酣饮	0.03
十点二十四	0.03
哈瑞尔	0.03
彼得·塞特拉	0.03
劳里	0.03
涕泣	0.03
法兰斯堡	0.03
奇莫尔	0.03
城管	0.03
麺	0.03
炳云	0.03
熊笑	0.03
气昂昂	0.03
梁大柱	0.03
安身之地	0.03
纽道尔	0.03
雪貂弄来	0.03
耳针	0.03
拉齐夫·苏卜拉莫尼安	0.03
新异	0.03
贝里·贝克	0.03
历年来	0.03
科西科亚斯科	0.03
班克塞	0.03
凤生凤	0.03
谷粉	0.03
泰格·吾兹	0.03
赫曼尼亚·康查	0.03
黎文凤	0.03
塔可钟	0.03
吉尔·约翰逊	0.03
安娜科尔曼	0.03
安吉拉·尼尔森	0.03
法定人数	0.03
西伯	0.03
让莫伦奈克斯	0.03
展性	0.03
克利斯汀	0.03
子非	0.03
阿叶	0.03
麦克斯让弗兰基	0.03
杜伊斯堡	0.03
阿施塔特	0.03
金戈铁马	0.03
杜福德	0.03
丹尼·巴贝罗	0.03
布斯比	0.03
一两百	0.03
洪永泰	0.03
西井	0.03
萧墙	0.03
芭菲	0.03
雷金纳德·冯·贝利·巴特	0.03
施瓦伦	0.03
爱凯特	0.03
李维乌斯·杜路苏斯·克劳迪乌斯	0.03
西仕	0.03
约翰麦克劳	0.03
胡安卡洛斯塔皮亚	0.03
研钵	0.03
新庄	0.03
八亿五千万	0.03
比安比恩	0.03
威尔克斯·贝什福德	0.03
拉尔夫·劳伦	0.03
苟全	0.03
马修·佩里	0.03
老熊	0.03
牛斗	0.03
英帕拉	0.03
苏里奥提斯	0.03
哪科	0.03
日雄	0.03
安迪·罗	0.03
坑人	0.03
黑灵干	0.03
群亚马逊	0.03
约翰·邦·乔夫	0.03
波波来	0.03
罗穆勒斯·奥格斯特·凯撒	0.03
有龙	0.03
平野	0.03
英斯布鲁克	0.03
太象真	0.03
德·弗兰克林	0.03
愉	0.03
珍芮	0.03
弗农·沃森	0.03
侧室	0.03
茶精	0.03
伊玛目	0.03
安妮·弗兰克比	0.03
孟宗	0.03
让伊迪	0.03
毛瑞斯	0.03
南努克	0.03
乔伊约	0.03
莱昂纳多·迪卡普里奥	0.03
一百三十	0.03
萨格勒布	0.03
斯卡波罗	0.03
钱以备	0.03
比夏佩尔丘	0.03
布莱斯特	0.03
许泰坤	0.03
徐熙克	0.03
兰姆考特	0.03
顺民	0.03
玛丽·罗斯	0.03
艾尔·多拉	0.03
苏赛克斯	0.03
克里夫·艾尔文	0.03
唐·米勒	0.03
诺贝利	0.03
克利佛德	0.03
钟奎	0.03
杰弗逊·戴维斯	0.03
妮基嘉	0.03
高尔科夫	0.03
聚酯纤维	0.03
玛莉丝卡·哈吉塔	0.03
参议	0.03
冰冠正	0.03
参访	0.03
厚甲	0.03
拉尔夫·班宁	0.03
伊婷	0.03
御茶	0.03
哇金块	0.03
利波莱斯	0.03
展期	0.03
顺流	0.03
外省人	0.03
杰克·吉伦哈尔	0.03
身处牢笼	0.03
家丁	0.03
狗比人	0.03
斯维特兰娜	0.03
考斯图	0.03
普莱斯·马歇尔·本森	0.03
银行法	0.03
十分之一千	0.03
曲巴尼尔斯	0.03
斯特范·布赖安	0.03
堂尼·兰蒂斯	0.03
巴勒斯坦人	0.03
童哲东	0.03
向阳路	0.03
法戈	0.03
巴里夫	0.03
卡曼尼	0.03
约翰·亨利·史密斯	0.03
巴内特	0.03
斯塔希辛克豪斯	0.03
福理达	0.03
特雷弗·梅森	0.03
见教	0.03
默罕默德	0.03
约法	0.03
保尔奎恩	0.03
伊迪丝·乔瓦纳·嘉斯森	0.03
授业	0.03
欧普提	0.03
马瑟·拉斯卡	0.03
染房	0.03
三万七千六百	0.03
申克	0.03
斯得哥尔摩	0.03
让特瑞	0.03
巴东	0.03
三通	0.03
若愚	0.03
克莱兰	0.03
埃斯里奇	0.03
珍尼福·洛佩茨	0.03
疾步	0.03
安纳波里斯	0.03
泰佐干	0.03
让亚瑟	0.03
康山中	0.03
茶缸	0.03
山姆·布鲁克斯	0.03
马科斯·朱尼厄斯·布鲁图斯	0.03
敬正焕	0.03
德尔伍兹	0.03
相秀	0.03
求英勋	0.03
弗朗西斯·福特·科波拉	0.03
乔恩考林斯	0.03
克劳兹	0.03
眼疾手快	0.03
句式	0.03
索德那	0.03
美沙芬	0.03
克劳克	0.03
格罗斯彭特	0.03
围聚	0.03
瀕	0.03
乔尔·麦可里	0.03
利撒	0.03
绿孔雀	0.03
冬训	0.03
斯坦利库布利克	0.03
乐天堂	0.03
托马斯·富尔顿	0.03
唐纳迪罗	0.03
堂璜	0.03
无际	0.03
约翰·贝茨·克拉克	0.03
都瑞	0.03
坎波维尔	0.03
潜热	0.03
生活化	0.03
但蒂尔尼	0.03
苏利亚	0.03
子路	0.03
宝琳米歇尔	0.03
新万锦	0.03
琳达·汉米顿	0.03
让罗森	0.03
油坊	0.03
桑德拉·费拉	0.03
泽普斯	0.03
向善之	0.03
爱史旺达	0.03
声级	0.03
奥尔图斯基	0.03
水磨坊	0.03
欧文让	0.03
罗淑	0.03
让克拉克	0.03
本特福德	0.03
弗朗科·马可尼	0.03
吉恩·西蒙斯	0.03
奥克尼	0.03
安巴尔	0.03
挂羊头卖狗肉	0.03
让法兰克	0.03
埃巴	0.03
杰克森威里	0.03
叶慈曾	0.03
罗求	0.03
吉姆桑达克	0.03
兰迪·怀特	0.03
巴凯	0.03
英菲尼迪	0.03
麦克连	0.03
罗氏	0.03
格兰丁	0.03
外耳	0.03
平平稳稳	0.03
过细	0.03
蒸腾	0.03
西哥	0.03
亚哥拉山	0.03
史罗伯	0.03
一身正气	0.03
单品	0.03
奥古斯·洛克伍德	0.03
梅根·凡德高	0.03
尼·戴蒙	0.03
艾思伯格	0.03
三轮	0.03
达尔马	0.03
莎伦·戴维	0.03
丹提摩尔	0.03
道克·吉布斯	0.03
滑跑	0.03
波顿史密斯	0.03
隆妮·威廉姆丝	0.03
卜瑞斯	0.03
罗河	0.03
戴顿尼	0.03
周德雷曼	0.03
塔比比	0.03
子连	0.03
拉瑟福德	0.03
罗丝·费勒	0.03
鲶	0.03
朴吕玉	0.03
雷哥里多	0.03
希瑟·麦克基恩	0.03
布鲁斯·艾伦	0.03
大卫鲍曼	0.03
烘炉	0.03
佛洛依	0.03
哈玛蒂	0.03
马修·斯托克斯	0.03
保罗·杜威	0.03
生镛	0.03
菲德里柯	0.03
谢子	0.03
牛年	0.03
省却	0.03
萨兹	0.03
弈	0.03
胡生	0.03
让罗比	0.03
卡巴利	0.03
斯卡邦	0.03
翁布利亚	0.03
让卡斯特罗	0.03
不肖子孙	0.03
桑巴里	0.03
现在时	0.03
铜壶	0.03
制假	0.03
哈特福特	0.03
卓奇	0.03
染缸	0.03
金太植	0.03
梅伦·史塔克	0.03
洛市	0.03
萨姆·库克	0.03
金无克	0.03
小莉娜	0.03
金素华	0.03
战兢兢	0.03
炳哥	0.03
丹肯	0.03
黄叶来	0.03
马黛恩	0.03
氣	0.03
头猛龙	0.03
杰克卡拉汉	0.03
贝尔利	0.03
霍索恩斯通	0.03
卡瓦奇	0.03
精诚团结	0.03
科研所	0.03
大保罗	0.03
尼拔市	0.03
几百几千	0.03
特德·格林	0.03
西勒万	0.03
杜博桑	0.03
奥兹·雅斯伯	0.03
梅纳德	0.03
丹尼尔·莫里森	0.03
黑斯浩夫	0.03
助产婆	0.03
纳尼亚律法	0.03
康诺尔斯	0.03
硕果累累	0.03
塞蒙德	0.03
坎立	0.03
罗杰·泰勒	0.03
利群	0.03
骄横	0.03
查理斯·布鲁森	0.03
施耐克曼	0.03
能级	0.03
西兰	0.03
小伯尼	0.03
海迪·耐	0.03
罝	0.03
查尔斯·霍奇	0.03
贝蒂真	0.03
千太郎	0.03
门霍伦贝克	0.03
西克	0.03
乔伊来	0.03
出手不凡	0.03
济济	0.03
智友	0.03
威廉姆莫利斯	0.03
拉戈巴村	0.03
哪有	0.03
孔纯美	0.03
比米勒	0.03
大百科全书	0.03
严师	0.03
杰克·格林布拉特	0.03
融水	0.03
班德拉	0.03
奥瑞纳拉	0.03
筴	0.03
老千	0.03
盖瑞·哈特	0.03
约翰·库柏·克拉克	0.03
凯特刚	0.03
苏珊·史密斯	0.03
老卫	0.03
西玮	0.03
圣·凯瑟琳	0.03
周复健	0.03
特里·琳恩·莱蒙	0.03
伊维特	0.03
支脉	0.03
瑟曼·莱斯	0.03
格菲尔德	0.03
伊凡比洛奇	0.03
八三年	0.03
施蒂芬斯	0.03
慕义	0.03
约翰·克里	0.03
布拉蒂	0.03
贝尔埃	0.03
若·弗林	0.03
鲁道夫·朱利昂尼	0.03
谷的斯鲁巴	0.03
贝尔·威廉姆斯	0.03
老僧	0.03
扬扬	0.03
辛西雅·阿彻	0.03
伯里兹	0.03
企管	0.03
柯林布莱克利	0.03
停表	0.03
郑云哲	0.03
帛	0.03
贝尔坦	0.03
条桌	0.03
蒙特森	0.03
钱尼克	0.03
人祸	0.03
区波	0.03
威廉·杰弗逊·克林顿	0.03
杰拉德·迪克森	0.03
寞	0.03
核糖	0.03
雅各·布瑞尔	0.03
巴格斯	0.03
佛瑞斯特湖	0.03
卡普齐诺	0.03
汶川	0.03
一撮撮	0.03
芭芭拉·伊	0.03
巍伟	0.03
寄生蟹	0.03
雷保斯	0.03
三无	0.03
亨克·范·德·伯格	0.03
斯班得克斯	0.03
西勒	0.03
莫西芬	0.03
单列	0.03
鲲	0.03
活版	0.03
艾伯特·卡斯提罗	0.03
音容	0.03
生活版	0.03
班威廉斯	0.03
谢帖	0.03
莱福士	0.03
达特默思	0.03
迪林格	0.03
米丝莉	0.03
马尔奥利欧	0.03
戈壁滩	0.03
阿里卡拉	0.03
玛丽玛丽	0.03
雷默特	0.03
十万亿	0.03
弗朗斯瓦·布什曼	0.03
贝鲁斯科尼	0.03
盖儿	0.03
价目表	0.03
基希曼	0.03
马胡兰	0.03
罗伯特·多纳特	0.03
茶桌	0.03
比尔彼·斯坎	0.03
阿尔伯特·菲尔蒂	0.03
麦小爱	0.03
乔希·希尔曼	0.03
十万一	0.03
订价	0.03
拉的海伦	0.03
蓝农	0.03
阿莫斯·迪戈里	0.03
笃己	0.03
老幼	0.03
见珂	0.03
查可·朗	0.03
安德烈·斯	0.03
拉阿	0.03
梅莱恩的波比	0.03
石油气	0.03
约翰娜·古腾	0.03
达斯·瓦德	0.03
除锈剂	0.03
布赖恩·派恩斯	0.03
德雷克·达米安	0.03
喇叭花	0.03
吉米因	0.03
葛雷那多山	0.03
鲁多夫	0.03
皮特·迪克斯	0.03
罗摩	0.03
韩特汤普森	0.03
瑞奇·萨利	0.03
让贝蒂·戴维丝	0.03
一七九二年	0.03
稳输	0.03
巴拉克斯	0.03
洛哈	0.03
三十一万	0.03
斯提詹	0.03
山姆·卡迈克尔	0.03
西尼	0.03
阿匡刚	0.03
乔治娜	0.03
契科夫	0.03
西尔	0.03
缯	0.03
见状	0.03
萨宾	0.03
格特鲁德·斯泰因	0.03
亚纪来	0.03
周前才	0.03
马克·祖潘	0.03
山姆卫斯	0.03
卡提娅·戴瑞沃克	0.03
杜杰克	0.03
解有理	0.03
排比	0.03
巴里仑	0.03
沃尔特·博克曼	0.03
西屋	0.03
坏账	0.03
克罗埃西亚	0.03
安格士	0.03
莱斯利·班克斯	0.03
马成淑	0.03
新传	0.03
韦辛格托里克斯	0.03
澹	0.03
克利夫罗	0.03
钟九	0.03
川崎市	0.03
得先	0.03
洛埃	0.03
时调	0.03
决策人	0.03
唐·采尼	0.03
苏里亚克	0.03
黧	0.03
金永安	0.03
吉姆·邓巴	0.03
考丽	0.03
尼姆金斯	0.03
远祖	0.03
家常话	0.03
神山贤	0.03
亨德逊的皮特·曼利斯	0.03
尤菲	0.03
秦爷敬香	0.03
中国字	0.03
让韦斯利	0.03
巴威	0.03
饯	0.03
一起飚	0.03
华尔特	0.03
乔叟都	0.03
新东	0.03
何运东	0.03
三藏	0.03
罗普	0.03
巴利斯	0.03
卡尔德隆	0.03
比罗宾·威廉姆斯	0.03
法尼亚	0.03
沃尔多沙拉里	0.03
条施	0.03
林奇堡	0.03
莐	0.03
冼达鲁	0.03
过琴	0.03
穆哈拉巴	0.03
蘩	0.03
西帕	0.03
史戴维·温	0.03
卡恩斯	0.03
新交	0.03
贝尔娜	0.03
卓凡	0.03
贾宁刚	0.03
珍闻	0.03
圣史蒂	0.03
伊特兰斯	0.03
门秋藩	0.03
过境费	0.03
他查杜巴伊兹伊丹	0.03
法兰克·辛纳塔	0.03
迪波奇尼	0.03
编辑家	0.03
一刀刀	0.03
正敏	0.03
利眠	0.03
道升仙	0.03
未竟	0.03
保罗·瑞威尔	0.03
阿门阿门	0.03
登攀	0.03
狗性来	0.03
爱特洛伊	0.03
毛奇小	0.03
康妮·贝克	0.03
朴海日	0.03
崔西会	0.03
皮埃尔·马拉克斯	0.03
萨布	0.03
测度	0.03
虾酱	0.03
卡加玛卡城	0.03
蒙特拉	0.03
桑斯维特	0.03
费雷	0.03
西多	0.03
法勒斯	0.03
爱凯文	0.03
拉斐提	0.03
杰克·马泽斯基	0.03
玛索热	0.03
靡靡之音	0.03
那道格	0.03
张丽美	0.03
源源而来	0.03
同温层	0.03
荣恩以	0.03
格斯·雅格布斯	0.03
克里曼汀	0.03
罗伯特·蒂皮特	0.03
艾米特·提尔	0.03
阿加福山	0.03
普策利	0.03
霍斯勒	0.03
大卫·莱特	0.03
阿帕卢萨	0.03
谢哈	0.03
高斗心	0.03
拉夫特里	0.03
亚尔·帕克	0.03
北极狐	0.03
但亨利	0.03
肯尼拉	0.03
蒂尼斯	0.03
詹姆士·博斯威尔	0.03
孀居	0.03
作芝	0.03
普罗维登斯市	0.03
迪·伯克	0.03
维克·布罗迪	0.03
科佩尔	0.03
后事之师	0.03
爱德华·弗朗	0.03
安妮·韦斯特	0.03
熊聪明	0.03
石沉大海	0.03
科马提	0.03
詹姆斯·莱利	0.03
桑德拉·丹比	0.03
阿纳托里·克劳斯基	0.03
威联达	0.03
参预	0.03
特隆赫姆	0.03
路克·比尔	0.03
李东柱	0.03
岁末	0.03
瓦达拉	0.03
如获至宝	0.03
魏斯	0.03
艾丽·雷顿	0.03
马克·麦茨	0.03
文有贞	0.03
风起云涌	0.03
珍妮肯	0.03
里斯·科尔曼	0.03
杰夫古德布赖恩	0.03
约翰尼·帕切科	0.03
拉弗索	0.03
商佛瑞	0.03
弗利普斯	0.03
金志河	0.03
老姜	0.03
罗托	0.03
摩擦系数	0.03
维妙维肖	0.03
防地	0.03
马林·瓦·萨万特	0.03
戴夫拉	0.03
蔼	0.03
凯蒂·巴伦·瓦塞尔	0.03
隐身术	0.03
大分子	0.03
萨巴	0.03
贪便宜	0.03
汉阳来	0.03
亚林敦	0.03
初雪	0.03
楚罗镇民	0.03
特等奖	0.03
一又三分之一	0.03
拉里都	0.03
北野武	0.03
吉勒斯	0.03
斯班哲	0.03
丹·达利	0.03
关暴民	0.03
斑斓	0.03
汤米·唐纳戈	0.03
岁暮	0.03
阿阿阿	0.03
格利迪	0.03
奥利弗·沃特斯	0.03
奈克辛	0.03
微重力	0.03
中路传	0.03
甲强龙	0.03
西文	0.03
杰克·拉斐提	0.03
扎克雷	0.03
曼德森	0.03
新界	0.03
塞莉	0.03
若罗勃	0.03
宫津弘	0.03
乔伊刚	0.03
西放	0.03
肯尼弗	0.03
飞进	0.03
雷·朱尼奥	0.03
加布哈	0.03
博恩·卡	0.03
瓜达拉哈	0.03
贝蒂·罗斯	0.03
花轿	0.03
老普	0.03
马克费什	0.03
哈维干	0.03
格兰美	0.03
韩丁	0.03
麦勒迪·西蒙	0.03
竹篓	0.03
老星	0.03
杰米里斯通	0.03
科尔弗市	0.03
猜吉米	0.03
戴维尼	0.03
布里西尼科夫	0.03
基列山	0.03
高等级	0.03
提姆图斯·凯普斯	0.03
让德雷伯格	0.03
德罗萨	0.03
瓦特哈根	0.03
第三百十	0.03
伊森·托马斯	0.03
龙凤呈祥	0.03
克拉斯特	0.03
埃利亚	0.03
路易·斯蒙巴顿	0.03
条形	0.03
老李	0.03
车轱辘	0.03
巴密安	0.03
奥托·普雷明格	0.03
蠱	0.03
式微	0.03
麦克·雷纳德斯	0.03
吉米·芬尼迪	0.03
莎莉丝·沃特斯	0.03
罗岭	0.03
老朱	0.03
藤泽	0.03
老朴	0.03
收款员	0.03
萨恩	0.03
黄基善	0.03
贝露	0.03
西林	0.03
范伦提诺	0.03
罗彬	0.03
谢比	0.03
斯文森	0.03
两千二百万	0.03
希拉里来	0.03
迪·弗里克	0.03
马克思·施姆林	0.03
理查德·贝克	0.03
川吉雄	0.03
阿塞伯	0.03
单机	0.03
达林翰	0.03
巴扎	0.03
业非	0.03
波特·兰道夫·苏加	0.03
北流	0.03
麦克镇	0.03
麦尔斯堡	0.03
杰夫·特纳	0.03
列治文	0.03
他波卡	0.03
储藏量	0.03
屉子	0.03
罗得	0.03
一裔	0.03
洛维德	0.03
小村子	0.03
摯	0.03
序章	0.03
七点三十一	0.03
南照山	0.03
罗干	0.03
斯文文	0.03
西特雷顿	0.03
格拉瓦	0.03
杰弗逊城	0.03
切克·佛雷德	0.03
民族性	0.03
安睿真	0.03
费古洛	0.03
老方	0.03
让罗宾	0.03
智斗	0.03
威尔·张伯伦	0.03
柯布西耶	0.03
那守侯	0.03
承兑	0.03
波赛东	0.03
布里格汉姆	0.03
潘纳西林	0.03
一览	0.03
刀剑能	0.03
巴格兰	0.03
丝量	0.03
人有旦夕祸福	0.03
山墙	0.03
比薇	0.03
芭芝礼	0.03
帕特·奥布赖恩	0.03
万户千家	0.03
布朗科斯	0.03
贝尔文	0.03
同正雄	0.03
多爱鲍勃	0.03
茨林克劳	0.03
哈里森·莱特	0.03
朴怡	0.03
奉必会	0.03
威廉通	0.03
李永珠	0.03
梅迪纳	0.03
圣·彼德堡	0.03
尤洛夫斯基	0.03
罗杰·威尔逊	0.03
歌特让	0.03
艾·莱文	0.03
制图员	0.03
头名	0.03
阿塔路斯	0.03
安旺斯顿	0.03
小洋	0.03
基尔迈尔	0.03
仅只	0.03
让罗尼	0.03
知识性	0.03
罗伯特·里特·冯·格莱姆	0.03
过令媛	0.03
一架架	0.03
科佐夫斯基	0.03
嘎纳得	0.03
佩妮刚	0.03
曼特普利顿	0.03
泰利·哥	0.03
露西·麦克约瑟夫	0.03
谜面	0.03
结缔组织	0.03
切利尼	0.03
弥西斯	0.03
心硬	0.03
克拉瑞克	0.03
克雷西	0.03
辛迪坎贝尔	0.03
活塞杆	0.03
见于	0.03
漂洗	0.03
迈锡尼	0.03
和摩根	0.03
美骏	0.03
玛克达格斯	0.03
继配	0.03
乔·马特奥	0.03
岁岁	0.03
恩戈齐	0.03
阿蒂博尼	0.03
基拉尼市	0.03
艾瑞莎·罗宾逊	0.03
织女	0.03
和弘科	0.03
萨林	0.03
八四年	0.03
盖泽	0.03
罗法尼亚	0.03
劳伦斯·贝尔	0.03
伊瓦卡	0.03
迈克戴斯	0.03
罗吉里奥	0.03
冻猪肉	0.03
杜塞特	0.03
黛拉·比伊·安特怀恩	0.03
格拉德巴赫	0.03
拉米格拉	0.03
爱西丽娅	0.03
施特里兹	0.03
但芬利	0.03
沃基根	0.03
美贝琳	0.03
艾伦·德詹尼丝	0.03
平装本	0.03
格哈德·施维德	0.03
欧玛莉	0.03
奇斯威克	0.03
则福	0.03
唇裂	0.03
和松井	0.03
減	0.03
七十六万	0.03
迪恩·马丁	0.03
古兰尼	0.03
奥托·晋瑟	0.03
美香	0.03
斯帕克斯	0.03
范登博格	0.03
五分之	0.03
斯科蒂·哈考特	0.03
轧辊	0.03
対	0.03
娜美娃	0.03
锦绣	0.03
化装师	0.03
丝锥	0.03
珍珠鸡	0.03
盖伯都	0.03
评论性	0.03
汽修厂	0.03
皮尔卡丹	0.03
里卡多·阿赛斯	0.03
和敏珠	0.03
茶坊	0.03
武君先	0.03
麦克·克斯	0.03
远期	0.03
米克诺斯	0.03
金素杨	0.03
黄蓝	0.03
学非	0.03
柜式	0.03
吉姆·莫里森	0.03
罗德·诺伍德	0.03
托得	0.03
班沙星	0.03
哈里·汉克尔	0.03
索韦	0.03
塔纳	0.03
麦克逊	0.03
一七三九年	0.03
央子来	0.03
金永明	0.03
金素月	0.03
福瑞斯特希尔	0.03
灰浆	0.03
史达魏德	0.03
吉米查	0.03
阿威尼达的朱丽叶斯·尼雷尔	0.03
巴森	0.03
报价单	0.03
艾里克·萨蒂	0.03
招莱	0.03
比利·卡尔·汉森	0.03
美非	0.03
席维雅·里卡多	0.03
马克·费依	0.03
殂	0.03
莱缪尔	0.03
子才能	0.03
收购价	0.03
阿弗莱姆	0.03
还愿	0.03
金井勇	0.03
卡利德·谢科·穆罕默德	0.03
液汁	0.03
美音	0.03
生死观	0.03
绮莲	0.03
李永美	0.03
让克里斯	0.03
沧海横流	0.03
佐治亚迪凯特镇	0.03
瑞弗拉	0.03
播发	0.03
弗雷德·赫利	0.03
部首	0.03
约伯特	0.03
况士	0.03
定影剂	0.03
抽检	0.03
和哲秀	0.03
雷维尼	0.03
二十六日	0.03
哈兰·巴克	0.03
布洛菲	0.03
阿娜斯塔西亚	0.03
小茜	0.03
贝鲁	0.03
康普敦城	0.03
六点七	0.03
赵薇	0.03
扩胸器	0.03
春从朴	0.03
洛兹	0.03
萨耶德	0.03
圣·托德	0.03
罗斯洛贝兹	0.03
诬	0.03
贝尔格	0.03
戴斯特史迈	0.03
皮普斯	0.03
爱德华·温莱特	0.03
克劳琪	0.03
金志妍	0.03
让格列登科	0.03
珍妮都	0.03
彼得·拉尔	0.03
凯德琳	0.03
展团	0.03
希瓦·马龙·约翰逊	0.03
萨根	0.03
繁密	0.03
麦艾佩	0.03
罗圈	0.03
马特·科尔	0.03
魏克	0.03
梅格·吉里	0.03
何洛易兹	0.03
岩画	0.03
寇迪斯	0.03
由仁	0.03
千钟	0.03
托马斯·惠勒	0.03
封南茜	0.03
斯特拉文斯基	0.03
琼·布朗德温	0.03
阿凡诺	0.03
内森尼尔·戴维斯	0.03
詹森·舒瓦兹曼	0.03
寇德威	0.03
莎丽·罗森博格	0.03
会亲	0.03
沃多夫	0.03
温情脉脉	0.03
爱凯利	0.03
亚兰生	0.03
卡特来	0.03
蓬蓬勃勃	0.03
格洛里亚·安戈	0.03
远比	0.03
杰夫·布朗	0.03
威尔·唐·哈斯金斯	0.03
合成酶	0.03
洛曼	0.03
莫里希	0.03
萨拉·梅拉斯	0.03
邋里邋遢	0.03
陈水扁	0.03
负离子	0.03
吴延洙	0.03
新线	0.03
克兰斯顿	0.03
六正胜	0.03
科埃略	0.03
阿里安妮·弗西古	0.03
瑞查曼尼	0.03
弗兰克·维查德	0.03
盖拉	0.03
卡丹高	0.03
宋冶真	0.03
康力龙	0.03
老洪	0.03
新绿	0.03
藴	0.03
巴法	0.03
爱艾拉	0.03
晚节	0.03
卡甘那	0.03
玛丽·莱斯	0.03
乔伊干	0.03
申珂	0.03
怀尔德·史达林	0.03
辅翼	0.03
格列登科刚	0.03
迈尔斯·本尼特·戴森	0.03
布莱斯勒	0.03
克劳特	0.03
旱冰场	0.03
归化居	0.03
金素沃	0.03
蒙特利	0.03
郑宪朝	0.03
敬子	0.03
波妮丝	0.03
金永浩	0.03
黄连	0.03
夫木聪	0.03
福摩萨	0.03
伍尔茨	0.03
马修·莫里斯	0.03
罗内	0.03
盖瑟斯堡	0.03
娜海姆	0.03
梅和凤	0.03
紫田	0.03
金永洙	0.03
彭颖伍	0.03
艾伦·瓦特曼	0.03
赛西莉亚	0.03
十万五千	0.03
老毕	0.03
他特利	0.03
陈安生	0.03
辛娜塔	0.03
卓有	0.03
尹世珍	0.03
西森	0.03
帝位	0.03
连安	0.03
相宜	0.03
道里	0.03
丝龙	0.03
麦可·索罗	0.03
卡普西尼	0.03
蒙特古	0.03
吉米才	0.03
名演员	0.03
悻悻	0.03
茶巾	0.03
荷莉贝瑞	0.03
子那	0.03
房利美	0.03
乔伊得	0.03
古伊普兹科阿	0.03
奥玛巴	0.03
亦特	0.03
排尾	0.03
顺代	0.03
艾尔·马里亚奇	0.03
十点二十一	0.03
奥许维	0.03
缶	0.03
萨姆都	0.03
一霎	0.03
路德·金	0.03
单比	0.03
埃布	0.03
得数	0.03
阿诺德·比克曼	0.03
扎布	0.03
藩篱	0.03
查奥德莉	0.03
盖林	0.03
济困	0.03
十点二十五	0.03
柯比来	0.03
悴	0.03
远渡	0.03
十点二十二	0.03
老树	0.03
疏落	0.03
李熊兆	0.03
利列恩	0.03
嘉手纳	0.03
肖菲尔德	0.03
乔治沃	0.03
蒂姆·麦凯	0.03
阿津山	0.03
以此为戒	0.03
内德拉·戴维斯	0.03
卡瓦拉	0.03
哈里·伊格尔顿	0.03
卓斯	0.03
喜顺真	0.03
芽孢	0.03
亚历克斯生	0.03
拉门	0.03
麦克·高斯林	0.03
吉姆·斯特吉斯	0.03
切维亚	0.03
千里	0.03
曼丁哥	0.03
格兰达·米切尔	0.03
和莫里斯	0.03
克里夫兰·希普	0.03
出点子	0.03
一非	0.03
远点	0.03
坎迪斯基	0.03
皮特斯	0.03
汉米什阿姆斯特朗	0.03
克伦皮特	0.03
大客车	0.03
培柏	0.03
摩根费里曼	0.03
亚速尔群岛	0.03
大井川一	0.03
马肯基	0.03
布斯克	0.03
李永月	0.03
苏利温	0.03
利安	0.03
还礼	0.03
阿兰·凯斯	0.03
罗尼·坦斯	0.03
让谭莫尼	0.03
小妮斯佳	0.03
布鲁诺·费拉	0.03
瓦尔特彭迪安尼	0.03
禄莱福莱	0.03
考斯比	0.03
桑妮娅·索兰德斯	0.03
洁米·桑摩斯得	0.03
亚玛逊	0.03
新日	0.03
居斯塔夫·福	0.03
敖特奥	0.03
西尔维斯特·史泰龙	0.03
凯丽·库特	0.03
椐	0.03
尼古拉斯·盖斯基埃	0.03
美利坚·维古娜	0.03
苏米	0.03
吉米·康诺尔斯	0.03
斯尼德	0.03
稲	0.03
鲍勃来	0.03
马克西米	0.03
弗洛多	0.03
艾克思罗德	0.03
玛丽珀平斯	0.03
点染	0.03
记叙文	0.03
六点四	0.03
抄查	0.03
坎丁斯基	0.03
贾尼尔	0.03
黄粱梦	0.03
玛丽琳雷克斯拉夫道尔	0.03
安姬得先	0.03
阿塞尔	0.03
阿毕达	0.03
科琳·梅亨	0.03
艾帕索市	0.03
考文	0.03
卡尔松	0.03
合成词	0.03
斯派列特	0.03
迈克·道尔	0.03
艾伯特·福特	0.03
弘会	0.03
过平	0.03
康纳斯·基思	0.03
穆罕默德·布迪亚	0.03
金格斯德	0.03
亚历山大邓恩	0.03
格雷琴·博伊德	0.03
异乡人	0.03
谅必	0.03
罗伯特·杜博桑	0.03
珠希	0.03
斯塔拉戈维奇	0.03
吉赛佩·巴尔迪尼	0.03
华盛顿史密森尼	0.03
麦克里奥德	0.03
和豪斯	0.03
滓	0.03
岑木	0.03
駝	0.03
罗布特	0.03
中上层	0.03
敬永生	0.03
昧心	0.03
新来	0.03
瑞娜塔·林	0.03
单眼	0.03
曼斯布里奇	0.03
一槌定音	0.03
褐斑	0.03
罗敦	0.03
谢尔登·帕林顿	0.03
艾德华诺顿	0.03
克劳泽	0.03
储贷	0.03
艾迪·伊根	0.03
明青成	0.03
斯贝尔	0.03
未名	0.03
考瑞·魏尔斯	0.03
史提夫·利维	0.03
露易斯塔·马尔多娜多	0.03
喜瑞拉梅斯特拉	0.03
五点五十	0.03
罗乐	0.03
盖瑞·法恩	0.03
美谈	0.03
比阿道夫	0.03
链霉素	0.03
罗三	0.03
鹤西	0.03
墨根斯特恩	0.03
罗严	0.03
戴奥尼夏	0.03
成交量	0.03
钟来	0.03
埃尔维斯·阿伦·普莱斯利	0.03
维斯伍德	0.03
胶合	0.03
阿瑟·马什	0.03
莫斯哥	0.03
宣传月	0.03
罗迪力格	0.03
比德鲁·巴里莫尔	0.03
哥帝	0.03
张艺谋	0.03
布朗斯丁	0.03
哈楚恩	0.03
盖端	0.03
德列斯基	0.03
松五郎	0.03
诺维镇	0.03
珍珠贝	0.03
哈里斯·亚登	0.03
圣诺斯	0.03
过宏	0.03
捫	0.03
连超人	0.03
钫	0.03
海辛	0.03
税额	0.03
玛赛拉萨贝拉	0.03
灘	0.03
瑞泽	0.03
顺和	0.03
波萨诺沃	0.03
但大卫	0.03
试航	0.03
官兵们	0.03
费茨吉本	0.03
海顿·巴特	0.03
罗博特·亚瑟	0.03
范德霍	0.03
牵牛星	0.03
炳玉	0.03
隆巴迪	0.03
查克·马科尔	0.03
古克林	0.03
查理不朗	0.03
钟意	0.03
贝耳	0.03
黑泽进	0.03
瑞贝特	0.03
利布	0.03
让列尼	0.03
克·曼吉欧尼	0.03
塔布曼	0.03
鲁伊特	0.03
百分率	0.03
布莱纳格	0.03
禅房	0.03
行为人	0.03
黄雪	0.03
黑兹尔	0.03
波利·弗	0.03
戴维斯·邓恩	0.03
第五两	0.03
韦斯特霍芬	0.03
约翰·加菲尔德	0.03
一首首	0.03
内达莱达	0.03
小丝	0.03
汤姆·唐纳森	0.03
过婷	0.03
士迪	0.03
李中浩	0.03
正话	0.03
韩知佑	0.03
塔布斯	0.03
起运	0.03
埃迪·伯顿	0.03
贝拉鲁斯	0.03
坐吃山空	0.03
盖罗	0.03
叁十	0.03
阿斯特纳	0.03
企宣	0.03
瑞德法	0.03
杰勒米·皮尔斯	0.03
融会	0.03
埃利奥	0.03
莫如	0.03
汤妮雅·哈汀	0.03
德斯提尼	0.03
贝莎	0.03
若雷恩	0.03
靠背椅	0.03
煅	0.03
阿列克斯·诺斯特	0.03
连石头	0.03
人好	0.03
艾伦·巴尔金	0.03
利川	0.03
贝菲	0.03
展展	0.03
史蒂芬·卢明斯	0.03
斯拉维克	0.03
赛·扬	0.03
山鹬	0.03
关居来	0.03
乘号	0.03
马太烈	0.03
安内尚	0.03
普莱欧	0.03
李永恩	0.03
杰克逊威尔	0.03
李那德	0.03
鲁波尔	0.03
毕亚尔	0.03
霍布森	0.03
塊	0.03
纳维勒	0.03
泽迦利亚	0.03
胡皮·哥得堡	0.03
佩奥拉	0.03
帕迪·哈斯特	0.03
济会	0.03
伊莲·佩姬	0.03
厄斯莉亚	0.03
乔伊·麦纳利	0.03
丹尼斯·麦肯奇	0.03
万般无奈	0.03
查克·克劳斯曼	0.03
雷辛顿	0.03
苏珊·赛贝塔	0.03
皴裂	0.03
莫里斯·拉塞尔	0.03
宽以待人	0.03
情报源	0.03
卡塔利纳	0.03
污七八糟	0.03
一言堂	0.03
科迪·切斯纳特	0.03
钟民	0.03
睡相	0.03
斯基纳德	0.03
盖然	0.03
鲁伯特·默多克	0.03
泰德·加里奇	0.03
奥斯卡·伯纳维纳	0.03
兰德里	0.03
凯瑞·维尔肯斯	0.03
维纶	0.03
实像	0.03
皮特洛	0.03
安佩瑞托	0.03
高斯维特希金斯	0.03
赫伊津赫	0.03
四万三千	0.03
超标准	0.03
艾伦·范·斯坦森博格贝肯	0.03
迪克·杜尔宾	0.03
白菊	0.03
许·乌戈尔	0.03
吉米真	0.03
比雅芙	0.03
波若波罗密	0.03
莫斯德	0.03
愐	0.03
伊丽莎白·蒙哥马利	0.03
恩齐特·施朗朵	0.03
武君会	0.03
斯洛斯	0.03
零点十七	0.03
施密特镇	0.03
和贤友	0.03
爱西拉	0.03
晓之以理	0.03
德怀恩·莫格若夫	0.03
康康泰泰	0.03
钟浩	0.03
藤森	0.03
那雅利安	0.03
巴赛隆纳	0.03
玛丽曼德拉	0.03
骨董	0.03
鶘	0.03
当间儿	0.03
金克郎	0.03
洛琴	0.03
密封条	0.03
让艾格	0.03
许大瑛	0.03
魏士全	0.03
皇马	0.03
罗莎曼德·派克	0.03
吉姆·英格曼	0.03
若汤尼	0.03
声场	0.03
展卖	0.03
债务额	0.03
斯普林克	0.03
范·沃	0.03
人心所向	0.03
罗瑞我	0.03
二十二日	0.03
沮	0.03
结素	0.03
马大哈	0.03
韩在喜	0.03
辛格	0.03
塞伯坦	0.03
门庭若市	0.03
金江月	0.03
申相翰	0.03
倒班	0.03
威尔基	0.03
吉纳罗	0.03
厄耳	0.03
格瑞塔	0.03
科里奥兰纳斯	0.03
尼克斯的斯蒂芬·马布里	0.03
柳兰	0.03
扩展名	0.03
人种学	0.03
则文	0.03
斯坦高英斯	0.03
劳里·贝尔	0.03
帕迪·基	0.03
浊音	0.03
光仪	0.03
入赘	0.03
李焕庆	0.03
雷隆来	0.03
德雷克·蒂莫西·法雷尔	0.03
丹尼·珀尔	0.03
莫珊德	0.03
鲁斯·布朗	0.03
麦克贝	0.03
斯坦博格	0.03
阿雷卡	0.03
辛森	0.03
只见树木不见森林	0.03
艾斯库莱托	0.03
卓然	0.03
西纬	0.03
尽孝	0.03
伊安·麦金利	0.03
鲍比·杜威	0.03
格拉泽	0.03
阿莉欣	0.03
豪普斯查弗	0.03
嗟	0.03
拉斯特法里	0.03
贝尔维	0.03
顺宗	0.03
大剑	0.03
查利·罗斯	0.03
西奥多西亚	0.03
鼯鼠	0.03
谢特	0.03
芬纳	0.03
正离子	0.03
合同法	0.03
染坊	0.03
汤姆士·杰斐逊	0.03
克里斯蒂娜·希尔琳	0.03
路德维希·斯通普费格	0.03
鲁郡长	0.03
比吉姆	0.03
佛依特	0.03
正三角形	0.03
猜杰克·罗德戴尔	0.03
夏秋之	0.03
美荣	0.03
查尔斯·罗伯逊	0.03
泰德·卡辛斯基	0.03
安德鲁·米凯恩	0.03
国库券	0.03
沃尔索尔	0.03
利坦	0.03
沙滩装	0.03
全智贤	0.03
黄鼬	0.03
潘帕拉诺	0.03
科索	0.03
脱颖出	0.03
占夏柏	0.03
威利·韦顿	0.03
智穷	0.03
凯萨琳普契尔	0.03
威斯特法利亚	0.03
乔伊他	0.03
杰希卡	0.03
寄费	0.03
凯拉·麦奎恩	0.03
上传下达	0.03
卡拉斯·恩古尔	0.03
马可奥勒利乌斯	0.03
和雷克斯	0.03
顺差	0.03
阿纳斯塔西娅	0.03
黄鹂	0.03
西碧	0.03
黩武	0.03
及至	0.03
盖琳	0.03
随机数	0.03
多维尔	0.03
佩林老	0.03
阿鲁西斯	0.03
约根森	0.03
荔	0.03
逼良为娼	0.03
祝文斯	0.03
巴兹镇	0.03
光亮亮	0.03
罗恩罗克	0.03
邹易开	0.03
袜筒	0.03
卡尔戴顿	0.03
布莱恩·奥斯汀	0.03
美芸	0.03
桑塔伊莲娜	0.03
弗里托·兰德·乔	0.03
谢瑞	0.03
潘喜顺	0.03
亚历克斯来	0.03
双人跳	0.03
玛丽·罗杰斯	0.03
千瓦小时	0.03
丹·莫里斯	0.03
二四五	0.03
训练场地	0.03
辛氏	0.03
帝尼	0.03
比马丁	0.03
塞西尔·杰维斯	0.03
安妮塔·希尔	0.03
凡哥拉真	0.03
威廉·安瑟罗斯	0.03
皮特比	0.03
防癌	0.03
束波	0.03
费伊·波罗格斯	0.03
夏克立顿	0.03
阿玛尔	0.03
巴加托夫	0.03
杰夫·麦克莱恩特	0.03
圣弗朗西丝	0.03
赖史恩	0.03
发案率	0.03
阿马迪奥·格里姆博格	0.03
哈利·波信	0.03
熊叫来	0.03
埃德沃德	0.03
毒副作用	0.03
贝诺	0.03
高垣	0.03
卫奇塔市	0.03
美耿	0.03
吉姆·埃利斯	0.03
费蒙特	0.03
但罗杰	0.03
他···他	0.03
小弗勒	0.03
西端	0.03
阿兰德	0.03
赛德尔斯	0.03
格拉森	0.03
顺德	0.03
奥利·威克斯	0.03
元甘绳藩	0.03
张旭熙	0.03
奉必君	0.03
格拉格	0.03
格威里	0.03
角马	0.03
基思·帕蒂治	0.03
孙旺书	0.03
杰拉德·默多克	0.03
变质岩	0.03
顺当	0.03
阿道克	0.03
圣塔卡瑞塔	0.03
盖里斯·卡里	0.03
昆得斯	0.03
赫若尼姆	0.03
外行话	0.03
猢	0.02
踟	0.02
蜮	0.02
轳	0.02
佚	0.02
韪	0.02
榫	0.02
陕	0.02
鸶	0.02
翊	0.02
憷	0.02
搋	0.02
偃	0.02
鑫	0.02
啭	0.02
疳	0.02
阈	0.02
钊	0.02
砭	0.02
餮	0.02
钰	0.02
茔	0.02
咤	0.02
嘹	0.02
柘	0.02
矍	0.02
啶	0.02
唢	0.02
蹰	0.02
椴	0.02
圪	0.02
浚	0.02
遒	0.02
喑	0.02
驸	0.02
狯	0.02
玮	0.02
涧	0.02
礴	0.02
酰	0.02
鼯	0.02
葩	0.02
桢	0.02
臾	0.02
鹂	0.02
皲	0.02
辋	0.02
玢	0.02
髑	0.02
葚	0.02
碓	0.02
荃	0.02
稷	0.02
趄	0.02
冼	0.02
匾	0.02
苷	0.02
趔	0.02
颀	0.02
啉	0.02
狲	0.02
氤	0.02
棣	0.02
陇	0.02
苕	0.02
璇	0.02
煊	0.02
黩	0.02
谵	0.02
嫔	0.02
氲	0.02
镌	0.02
沂	0.02
枥	0.02
谪	0.02
苡	0.02
蚍	0.02
茏	0.02
苎	0.02
滦	0.02
膑	0.02
鹄	0.02
桠	0.02
俣	0.02
洌	0.02
